post_id,post_date,platform,content_type,campaign,category,posting_hour,followers,impressions,reach,likes,comments,shares,saves
POST00001,2025-01-01 00:00:00,Instagram,Image,Seasonal Campaign,Promotional,11,179009,259495,216756,9518.0,365,1130,2226
POST00002,2025-01-01 03:00:00,LinkedIn,Image,Special Campaign,Community,21,40563,30635,21156,869.0,9,92,142
POST00003,2025-01-01 06:00:00,Facebook,Video,Event Promotion,Event,11,488084,708783,528462,41638.0,1497,7825,9800
POST00004,2025-01-01 09:00:00,YouTube,Reel,Product Launch,Brand,7,319719,665700,407114,41376.0,1055,6227,1501
POST00005,2025-01-01 12:00:00,Instagram,Video,Educational Series,Entertainment,9,279605,581072,506782,29591.0,380,8190,9533
POST00006,2025-01-01 15:00:00,Instagram,Reel,Special Campaign,Community,15,27386,25651,20405,540.0,17,251,179
POST00007,2025-01-01 18:00:00,Instagram,Video,Community Campaign,Community,19,120244,250172,212796,14242.0,364,3487,1529
POST00008,2025-01-01 21:00:00,LinkedIn,Video,Festival Campaign,Promotional,7,79150,98456,61313,4358.0,88,172,695
POST00009,2025-01-02 00:00:00,Facebook,Reel,Festival Campaign,Brand,8,180644,270037,154917,14033.0,385,1067,865
POST00010,2025-01-02 03:00:00,Facebook,Image,Festival Campaign,Community,12,408197,195119,130344,3749.0,71,1461,1493
POST00011,2025-01-02 06:00:00,Instagram,Reel,Seasonal Campaign,Brand,19,186343,197531,144363,9657.0,241,1408,758
POST00012,2025-01-02 09:00:00,LinkedIn,Carousel,Community Campaign,Community,16,200882,248920,206810,10168.0,160,1110,2820
POST00013,2025-01-02 12:00:00,Facebook,Image,Brand Awareness,Promotional,18,477476,275899,190150,10245.0,145,2113,1307
POST00014,2025-01-02 15:00:00,Instagram,Carousel,Community Campaign,Entertainment,16,96566,81405,52464,1313.0,72,699,307
POST00015,2025-01-02 18:00:00,Instagram,Reel,Brand Awareness,Promotional,6,164210,220906,150302,14271.0,786,1549,2365
POST00016,2025-01-02 21:00:00,Instagram,Reel,Festival Campaign,Community,0,149549,329730,262551,17294.0,888,2752,4399
POST00017,2025-01-03 00:00:00,Instagram,Reel,Event Promotion,Brand,19,198441,302198,201770,19049.0,409,3187,629
POST00018,2025-01-03 03:00:00,YouTube,Reel,Event Promotion,Education,13,166718,338676,302338,15884.0,735,4727,3485
POST00019,2025-01-03 06:00:00,YouTube,Image,Special Campaign,Promotional,16,48812,40318,24644,1313.0,51,294,116
POST00020,2025-01-03 09:00:00,Instagram,Video,Brand Awareness,Brand,12,108958,113991,92741,8614.0,108,1156,1785
POST00021,2025-01-03 12:00:00,Facebook,Carousel,Festival Campaign,Promotional,1,358325,336992,254835,20497.0,1126,1181,4585
POST00022,2025-01-03 15:00:00,Instagram,Image,Community Campaign,Community,13,296772,357525,225806,15576.0,932,1858,924
POST00023,2025-01-03 18:00:00,Instagram,Text,Event Promotion,Brand,0,44486,35693,29045,491.0,22,151,688
POST00024,2025-01-03 21:00:00,Instagram,Carousel,Brand Awareness,Entertainment,4,406078,432878,305888,14190.0,306,755,7377
POST00025,2025-01-04 00:00:00,YouTube,Text,Special Campaign,Brand,6,281290,166635,131448,2331.0,87,449,1362
POST00026,2025-01-04 03:00:00,Facebook,Image,Community Campaign,Event,18,321410,201766,157738,5475.0,84,663,926
POST00027,2025-01-04 06:00:00,Instagram,Reel,Festival Campaign,Education,13,370412,677877,399083,15810.0,394,1592,2201
POST00028,2025-01-04 09:00:00,YouTube,Reel,Product Launch,Community,23,66557,82791,69875,5196.0,238,716,1502
POST00029,2025-01-04 12:00:00,YouTube,Carousel,Festival Campaign,Brand,13,236033,158052,124626,8747.0,219,1125,1632
POST00030,2025-01-04 15:00:00,Instagram,Reel,Seasonal Campaign,Community,14,228803,227778,187508,12383.0,214,1564,601
POST00031,2025-01-04 18:00:00,Facebook,Reel,Festival Campaign,Promotional,4,235330,240197,169751,14946.0,155,1624,3965
POST00032,2025-01-04 21:00:00,Instagram,Image,Special Campaign,Promotional,4,36494,56144,34712,648.0,25,285,556
POST00033,2025-01-05 00:00:00,Instagram,Image,Community Campaign,Brand,20,434787,412766,274148,17080.0,998,879,4986
POST00034,2025-01-05 03:00:00,LinkedIn,Carousel,Special Campaign,Event,23,316630,149113,129059,4160.0,142,1261,2725
POST00035,2025-01-05 06:00:00,LinkedIn,Reel,Community Campaign,Brand,1,239508,228661,200834,12442.0,256,2931,4219
POST00036,2025-01-05 09:00:00,Facebook,Image,Educational Series,Entertainment,17,81635,77287,55542,2327.0,77,668,259
POST00037,2025-01-05 12:00:00,Instagram,Carousel,Educational Series,Event,23,151197,208339,136374,10365.0,415,847,2131
POST00038,2025-01-05 15:00:00,Instagram,Text,Community Campaign,Community,8,68814,48233,38856,2271.0,113,341,711
POST00039,2025-01-05 18:00:00,Facebook,Carousel,Community Campaign,Brand,9,143141,160710,131476,4874.0,159,1363,642
POST00040,2025-01-05 21:00:00,YouTube,Text,Product Launch,Community,17,432534,403452,337049,6078.0,113,2157,2660
POST00041,2025-01-06 00:00:00,instagram,Video,Product Launch,Education,3,82363,79721,44713,3167.0,61,748,523
POST00042,2025-01-06 03:00:00,YouTube,Image,Festival Campaign,Event,7,63162,41404,22913,1034.0,56,207,515
POST00043,2025-01-06 06:00:00,Instagram,Reel,Special Campaign,Brand,17,267364,436767,294819,20674.0,450,2590,6401
POST00044,2025-01-06 09:00:00,LinkedIn,Carousel,Seasonal Campaign,Education,19,147083,143248,86432,2067.0,95,1022,1746
POST00045,2025-01-06 12:00:00,Instagram,Carousel,Special Campaign,Brand,16,27590,50820,42269,2952.0,69,642,1047
POST00046,2025-01-06 15:00:00,Facebook,Carousel,Event Promotion,Entertainment,15,316994,276172,203399,7248.0,333,2976,1696
POST00047,2025-01-06 18:00:00,Instagram,Image,Special Campaign,Promotional,17,425350,581085,487455,17590.0,244,6468,6479
POST00048,2025-01-06 21:00:00,YouTube,Image,Seasonal Campaign,Community,6,412235,251609,153964,4669.0,95,448,1975
POST00049,2025-01-07 00:00:00,YouTube,Reel,Product Launch,Brand,0,307374,610795,470023,46900.0,1427,4744,8430
POST00050,2025-01-07 03:00:00,Instagram,Image,Festival Campaign,Event,0,297202,363702,273889,7425.0,265,1879,5944
POST00051,2025-01-07 06:00:00,LinkedIn,Reel,Seasonal Campaign,Brand,17,99837,117227,78440,6520.0,180,712,1083
POST00052,2025-01-07 09:00:00,Facebook,Video,Special Campaign,Brand,3,123397,85617,62584,2609.0,100,324,864
POST00053,2025-01-07 12:00:00,LinkedIn,Reel,Brand Awareness,Brand,22,309183,173503,131195,7759.0,203,2186,2149
POST00054,2025-01-07 15:00:00,LinkedIn,Reel,Educational Series,Brand,19,272903,340994,293705,30455.0,1337,4104,5678
POST00055,2025-01-07 18:00:00,YouTube,Image,Seasonal Campaign,Event,20,216892,132496,75452,1767.0,62,670,560
POST00056,2025-01-07 21:00:00,LinkedIn,Carousel,Event Promotion,Event,19,320478,168781,141469,10826.0,489,1159,3418
POST00057,2025-01-08 00:00:00,Instagram,Image,Festival Campaign,Brand,3,63525,47167,42122,2910.0,91,267,211
POST00058,2025-01-08 03:00:00,Instagram,Reel,Seasonal Campaign,Promotional,5,146681,136777,110258,8871.0,477,1752,386
POST00059,2025-01-08 06:00:00,Instagram,Image,Community Campaign,Brand,2,104194,126639,102333,1897.0,55,814,1114
POST00060,2025-01-08 09:00:00,Instagram,Reel,Special Campaign,Community,5,179515,258201,161708,14557.0,369,2081,2980
POST00061,2025-01-08 12:00:00,Instagram,Text,Brand Awareness,Community,12,286116,197273,144616,7910.0,299,357,3545
POST00062,2025-01-08 15:00:00,Instagram,Text,Educational Series,Event,22,84936,71913,57320,3390.0,120,349,1348
POST00063,2025-01-08 18:00:00,Facebook,Image,Brand Awareness,Community,6,373847,407027,309665,19608.0,704,1029,5619
POST00064,2025-01-08 21:00:00,Instagram,Reel,Festival Campaign,Community,23,492431,1096271,750722,45610.0,2271,2634,9462
POST00065,2025-01-09 00:00:00,Instagram,Carousel,Special Campaign,Entertainment,3,129877,161595,142048,9145.0,360,1634,2288
POST00066,2025-01-09 03:00:00,YouTube,Reel,Product Launch,Brand,0,311663,475428,347012,22153.0,1202,2513,8436
POST00067,2025-01-09 06:00:00,Instagram,Image,Educational Series,Brand,5,384561,314484,279719,10367.0,424,3661,2473
POST00068,2025-01-09 09:00:00,Facebook,Reel,Special Campaign,Brand,23,493130,584809,437060,32718.0,362,5608,5910
POST00069,2025-01-09 12:00:00,Instagram,Text,Brand Awareness,Brand,4,358008,402153,332855,16523.0,884,2593,6072
POST00070,2025-01-09 15:00:00,LinkedIn,Reel,Product Launch,Education,12,75881,78295,63396,4792.0,249,375,204
POST00071,2025-01-09 18:00:00,Facebook,Image,Event Promotion,Brand,18,306876,199370,155765,9756.0,121,515,1773
POST00072,2025-01-09 21:00:00,Instagram,Carousel,Festival Campaign,Event,3,168745,230060,127697,4100.0,66,1183,1978
POST00073,2025-01-10 00:00:00,Instagram,Image,Festival Campaign,Event,23,95909,149847,86476,3301.0,124,1092,1973
POST00074,2025-01-10 03:00:00,Facebook,Reel,Educational Series,Education,5,268271,435656,328275,16539.0,200,1162,8149
POST00075,2025-01-10 06:00:00,Facebook,Text,Brand Awareness,Brand,12,25720,22035,19151,454.0,13,123,291
POST00076,2025-01-10 09:00:00,Facebook,Image,Event Promotion,Promotional,4,341259,214559,163150,6841.0,402,672,3879
POST00077,2025-01-10 12:00:00,Facebook,Carousel,Community Campaign,Brand,12,397987,278898,176430,14240.0,265,2253,914
POST00078,2025-01-10 15:00:00,Instagram,Reel,Educational Series,Event,9,71940,150219,99456,6759.0,137,1404,1832
POST00079,2025-01-10 18:00:00,Instagram,Image,Special Campaign,Entertainment,2,418369,307845,236457,7913.0,346,694,2793
POST00080,2025-01-10 21:00:00,Instagram,Image,Community Campaign,Community,22,91762,109569,83159,3086.0,37,749,1623
POST00081,2025-01-11 00:00:00,LinkedIn,Reel,Educational Series,Entertainment,12,219584,214420,189653,14000.0,714,3645,4189
POST00082,2025-01-11 03:00:00,Facebook,Reel,Brand Awareness,Promotional,11,189091,214153,157440,8425.0,168,1814,658
POST00083,2025-01-11 06:00:00,Instagram,Video,Event Promotion,Brand,3,104833,144097,97158,6097.0,223,665,2291
POST00084,2025-01-11 09:00:00,Instagram,Reel,Brand Awareness,Education,9,429803,938656,688736,32635.0,732,3561,3098
POST00085,2025-01-11 12:00:00,Instagram,Reel,Festival Campaign,Brand,2,300350,275080,226991,12026.0,516,4386,4443
POST00086,2025-01-11 15:00:00,Instagram,Image,Community Campaign,Promotional,16,373615,517656,382613,21468.0,844,3212,1729
POST00087,2025-01-11 18:00:00,Facebook,Video,Product Launch,Promotional,8,377313,544015,361290,23878.0,1368,2978,7932
POST00088,2025-01-11 21:00:00,Facebook,Reel,Seasonal Campaign,Community,0,292880,494430,330535,11004.0,355,2056,2482
POST00089,2025-01-12 00:00:00,LinkedIn,Image,Special Campaign,Promotional,17,389081,266859,217459,15342.0,824,2808,2729
POST00090,2025-01-12 03:00:00,YouTube,Reel,Festival Campaign,Entertainment,8,158043,226016,129565,3867.0,150,1709,3047
POST00091,2025-01-12 06:00:00,Instagram,Reel,Festival Campaign,Community,20,338721,772154,498938,16200.0,902,1783,10191
POST00092,2025-01-12 09:00:00,Facebook,Reel,Community Campaign,Brand,19,488259,547527,330467,26671.0,655,1191,6704
POST00093,2025-01-12 12:00:00,Facebook,Video,Special Campaign,Brand,8,277989,301293,265329,19893.0,745,4525,5251
POST00094,2025-01-12 15:00:00,YouTube,Reel,Educational Series,Education,1,438940,522392,303788,8347.0,246,4435,4717
POST00095,2025-01-12 18:00:00,Facebook,Reel,Festival Campaign,Promotional,18,151003,93924,76582,5830.0,77,332,1832
POST00096,2025-01-12 21:00:00,YouTube,Image,Seasonal Campaign,Promotional,15,369846,341635,263280,5211.0,201,2395,5606
POST00097,2025-01-13 00:00:00,YouTube,Video,Event Promotion,Event,2,360838,550177,424451,39548.0,1965,3795,5384
POST00098,2025-01-13 03:00:00,YouTube,Reel,Festival Campaign,Community,15,273686,465710,380578,30560.0,1155,6062,7358
POST00099,2025-01-13 06:00:00,Instagram,Image,Event Promotion,Event,20,373454,204290,140994,3958.0,94,705,3518
POST00100,2025-01-13 09:00:00,Instagram,Reel,Brand Awareness,Community,12,75155,152537,105290,4035.0,93,954,2333
POST00101,2025-01-13 12:00:00,Instagram,Image,Special Campaign,Entertainment,2,148491,159153,103616,5052.0,110,389,313
POST00102,2025-01-13 15:00:00,Facebook,Image,Educational Series,Community,9,162180,134091,101803,5315.0,313,483,1958
POST00103,2025-01-13 18:00:00,Instagram,Image,Event Promotion,Brand,21,97613,154100,134904,8483.0,254,541,3069
POST00104,2025-01-13 21:00:00,YouTube,Reel,Festival Campaign,Education,17,482927,541737,473149,45639.0,1179,1424,4831
POST00105,2025-01-14 00:00:00,LinkedIn,Reel,Educational Series,Community,5,76938,100951,80360,4549.0,140,271,1969
POST00106,2025-01-14 03:00:00,Instagram,Reel,Seasonal Campaign,Community,5,121163,203148,176162,16178.0,255,2945,2083
POST00107,2025-01-14 06:00:00,YouTube,Image,Educational Series,Community,17,350642,416839,369832,17488.0,346,4143,4536
POST00108,2025-01-14 09:00:00,Facebook,Reel,Event Promotion,Education,5,492368,528727,437937,27461.0,973,2180,2863
POST00109,2025-01-14 12:00:00,Instagram,Video,Special Campaign,Promotional,5,248861,279236,193438,14377.0,718,2479,991
POST00110,2025-01-14 15:00:00,Instagram,Text,Event Promotion,Education,21,37751,35543,25559,502.0,27,224,378
POST00111,2025-01-14 18:00:00,Instagram,Text,Product Launch,Promotional,12,393305,309706,271283,7309.0,389,542,4411
POST00112,2025-01-14 21:00:00,Instagram,Video,Product Launch,Brand,13,221818,230910,181149,15000.0,858,684,2005
POST00113,2025-01-15 00:00:00,LinkedIn,Carousel,Educational Series,Education,20,314534,353837,296247,15629.0,254,2898,4842
POST00114,2025-01-15 03:00:00,Facebook,Carousel,Community Campaign,Promotional,6,383357,353516,208800,16329.0,196,1504,2439
POST00115,2025-01-15 06:00:00,Facebook,Reel,Special Campaign,Brand,12,128712,202896,125362,4126.0,63,1807,2770
POST00116,2025-01-15 09:00:00,LinkedIn,Carousel,Community Campaign,Brand,14,429209,351173,235439,9592.0,384,2286,5646
POST00117,2025-01-15 12:00:00,Facebook,Image,Product Launch,Promotional,11,80403,68825,42388,1576.0,59,91,680
POST00118,2025-01-15 15:00:00,Instagram,Image,Festival Campaign,Promotional,20,309003,499009,432771,17668.0,769,4240,9317
POST00119,2025-01-15 18:00:00,LinkedIn,Video,Brand Awareness,Entertainment,0,434094,604885,378604,35986.0,1027,2113,8246
POST00120,2025-01-15 21:00:00,YouTube,Reel,Educational Series,Brand,2,493675,544778,405867,20387.0,603,3199,7590
POST00121,2025-01-16 00:00:00,Facebook,Reel,Brand Awareness,Promotional,17,119124,190756,110621,7351.0,274,1664,799
POST00122,2025-01-16 03:00:00,LinkedIn,Text,Product Launch,Brand,21,145940,77967,47110,1843.0,25,424,301
POST00123,2025-01-16 06:00:00,Instagram,Reel,Event Promotion,Education,7,309244,275582,175434,15108.0,755,1481,4075
POST00124,2025-01-16 09:00:00,Instagram,Image,Seasonal Campaign,Event,1,213356,247886,221613,10186.0,571,630,1957
POST00125,2025-01-16 12:00:00,Instagram,Text,Educational Series,Event,3,473192,629036,521453,22035.0,647,4695,4390
POST00126,2025-01-16 15:00:00,YouTube,Carousel,Product Launch,Community,17,453239,771790,606429,41515.0,1950,8476,4035
POST00127,2025-01-16 18:00:00,Facebook,Image,Special Campaign,Promotional,12,399494,202718,176504,4140.0,155,2309,2577
POST00128,2025-01-16 21:00:00,LinkedIn,Reel,Festival Campaign,Promotional,14,460925,609382,539103,54530.0,1188,4297,9646
POST00129,2025-01-17 00:00:00,Instagram,Reel,Seasonal Campaign,Brand,1,403936,820967,581860,53537.0,716,2730,10401
POST00130,2025-01-17 03:00:00,YouTube,Video,Educational Series,Community,9,249179,285744,189931,9874.0,220,3234,1660
POST00131,2025-01-17 06:00:00,YouTube,Image,Educational Series,Promotional,1,489769,561769,370969,21269.0,855,2402,1886
POST00132,2025-01-17 09:00:00,Instagram,Image,Special Campaign,Brand,20,336668,359296,202105,11957.0,143,584,1985
POST00133,2025-01-17 12:00:00,Instagram,Reel,Community Campaign,Promotional,11,122757,139392,90308,8337.0,431,996,1271
POST00134,2025-01-17 15:00:00,Instagram,Reel,Event Promotion,Brand,4,105049,206691,139364,5670.0,331,811,2295
POST00135,2025-01-17 18:00:00,LinkedIn,Text,Educational Series,Promotional,11,64974,29735,16738,781.0,11,83,149
POST00136,2025-01-17 21:00:00,Instagram,Image,Event Promotion,Entertainment,22,197550,179312,154013,3049.0,68,854,1082
POST00137,2025-01-18 00:00:00,YouTube,Carousel,Product Launch,Brand,0,335912,267712,226685,,280,3530,4877
POST00138,2025-01-18 03:00:00,Facebook,Reel,Festival Campaign,Entertainment,1,231468,330200,210675,18230.0,917,2824,4608
POST00139,2025-01-18 06:00:00,Instagram,Carousel,Seasonal Campaign,Entertainment,15,486838,588096,488646,35289.0,963,4306,4475
POST00140,2025-01-18 09:00:00,LinkedIn,Text,Seasonal Campaign,Entertainment,21,330688,187177,155108,6461.0,231,1009,2376
POST00141,2025-01-18 12:00:00,LinkedIn,Image,Festival Campaign,Entertainment,1,431266,342979,228854,11307.0,617,2029,2900
POST00142,2025-01-18 15:00:00,Instagram,Reel,Educational Series,Education,15,170856,175183,139090,11747.0,343,2413,851
POST00143,2025-01-18 18:00:00,YouTube,Image,Educational Series,Community,19,31774,43980,28650,1917.0,26,100,678
POST00144,2025-01-18 21:00:00,Instagram,Video,Product Launch,Event,15,186040,258550,148561,8069.0,482,1746,477
POST00145,2025-01-19 00:00:00,Instagram,Image,Community Campaign,Education,5,471452,441207,320615,7758.0,147,1785,2284
POST00146,2025-01-19 03:00:00,Instagram,Video,Community Campaign,Promotional,12,97678,88147,62003,5233.0,65,701,657
POST00147,2025-01-19 06:00:00,Facebook,Carousel,Community Campaign,Promotional,11,332279,209740,125498,5336.0,162,1150,2741
POST00148,2025-01-19 09:00:00,YouTube,Video,Event Promotion,Community,22,436223,817863,590246,19851.0,319,1692,12011
POST00149,2025-01-19 12:00:00,Instagram,Carousel,Community Campaign,Event,9,45158,54430,48022,2867.0,168,482,756
POST00150,2025-01-19 15:00:00,Instagram,Reel,Festival Campaign,Event,4,91587,174620,140741,10005.0,290,2052,2574
POST00151,2025-01-19 18:00:00,LinkedIn,Reel,Seasonal Campaign,Event,7,417331,251958,203734,12833.0,658,1376,2139
POST00152,2025-01-19 21:00:00,Instagram,Reel,Seasonal Campaign,Entertainment,5,497776,887935,723793,67359.0,1268,3189,17148
POST00153,2025-01-20 00:00:00,Instagram,Text,Event Promotion,Education,4,79317,101475,82257,2241.0,37,293,295
POST00154,2025-01-20 03:00:00,YouTube,Video,Product Launch,Promotional,19,26371,27846,15509,386.0,16,191,80
POST00155,2025-01-20 06:00:00,LinkedIn,Carousel,Festival Campaign,Education,21,376370,341171,298061,12333.0,684,2533,6963
POST00156,2025-01-20 09:00:00,Instagram,Reel,Seasonal Campaign,Education,5,321499,722325,607148,16245.0,255,10457,14444
POST00157,2025-01-20 12:00:00,Facebook,Reel,Festival Campaign,Education,21,380100,542253,350351,23964.0,945,2598,4832
POST00158,2025-01-20 15:00:00,Facebook,Video,Seasonal Campaign,Event,16,194447,118089,87794,4498.0,64,710,1376
POST00159,2025-01-20 18:00:00,Instagram,Image,Brand Awareness,Community,5,133538,126732,96981,6008.0,304,773,2216
POST00160,2025-01-20 21:00:00,Facebook,Reel,Product Launch,Community,16,487832,334337,199325,17582.0,975,2067,4340
POST00161,2025-01-21 00:00:00,Instagram,Carousel,Product Launch,Event,4,218491,374768,239434,11584.0,480,2293,5258
POST00162,2025-01-21 03:00:00,Facebook,Reel,Special Campaign,Promotional,22,221429,290591,162189,6955.0,308,1277,1813
POST00163,2025-01-21 06:00:00,Facebook,Reel,Brand Awareness,Promotional,16,122126,208098,177379,10456.0,133,960,3773
POST00164,2025-01-21 09:00:00,YouTube,Image,Event Promotion,Promotional,16,28338,14581,8146,428.0,5,91,36
POST00165,2025-01-21 12:00:00,Instagram,Reel,Seasonal Campaign,Community,12,173079,249236,164880,6733.0,127,538,2261
POST00166,2025-01-21 15:00:00,Facebook,Text,Special Campaign,Community,21,284621,116109,67039,3337.0,79,342,551
POST00167,2025-01-21 18:00:00,Instagram,Reel,Seasonal Campaign,Education,6,229743,304814,251011,12998.0,623,1023,950
POST00168,2025-01-21 21:00:00,Instagram,Reel,Seasonal Campaign,Event,21,324567,335129,292816,28903.0,918,4405,4854
POST00169,2025-01-22 00:00:00,Instagram,Reel,Community Campaign,Entertainment,20,358117,463016,345866,22801.0,317,3035,1617
POST00170,2025-01-22 03:00:00,YouTube,Video,Community Campaign,Education,5,461316,803347,481083,40888.0,2152,1380,2714
POST00171,2025-01-22 06:00:00,Facebook,Image,Community Campaign,Brand,13,488254,261297,194759,9982.0,595,523,934
POST00172,2025-01-22 09:00:00,Instagram,Image,Community Campaign,Community,15,311380,327434,268371,12867.0,421,1106,6561
POST00173,2025-01-22 12:00:00,YouTube,Reel,Community Campaign,Education,2,151440,307856,246729,19542.0,695,3922,953
POST00174,2025-01-22 15:00:00,Instagram,Reel,Brand Awareness,Event,8,307983,720093,582988,52058.0,724,9389,5208
POST00175,2025-01-22 18:00:00,Facebook,Image,Product Launch,Brand,14,137537,83625,54164,2860.0,83,729,939
POST00176,2025-01-22 21:00:00,Instagram,Video,Event Promotion,Education,20,131902,272670,157005,12780.0,365,966,3315
POST00177,2025-01-23 00:00:00,Facebook,Video,Festival Campaign,Event,17,383195,315101,189734,7155.0,417,634,3107
POST00178,2025-01-23 03:00:00,Instagram,Reel,Community Campaign,Event,9,486314,693048,612950,29204.0,1256,4526,15006
POST00179,2025-01-23 06:00:00,LinkedIn,Image,Brand Awareness,Community,9,27139,26924,20589,626.0,30,80,214
POST00180,2025-01-23 09:00:00,Instagram,Text,Special Campaign,Entertainment,22,178213,206291,166015,8454.0,138,1398,2221
POST00181,2025-01-23 12:00:00,Instagram,Image,Special Campaign,Education,2,390458,572445,494977,11211.0,345,6504,10428
POST00182,2025-01-23 15:00:00,Instagram,Video,Seasonal Campaign,Event,0,346406,648600,550313,44741.0,875,3664,9904
POST00183,2025-01-23 18:00:00,LinkedIn,Reel,Event Promotion,Promotional,2,157776,120613,75556,4257.0,225,616,582
POST00184,2025-01-23 21:00:00,LinkedIn,Text,Special Campaign,Event,4,152959,97171,55418,1029.0,18,272,774
POST00185,2025-01-24 00:00:00,Instagram,Video,Event Promotion,Entertainment,6,294119,374931,327612,17874.0,570,5165,8017
POST00186,2025-01-24 03:00:00,Facebook,Text,Event Promotion,Event,2,151616,98217,87765,2503.0,31,626,1929
POST00187,2025-01-24 06:00:00,Facebook,Carousel,Brand Awareness,Community,3,104984,64878,48565,2830.0,118,747,350
POST00188,2025-01-24 09:00:00,YouTube,Image,Festival Campaign,Education,16,108366,87517,75346,3278.0,111,688,524
POST00189,2025-01-24 12:00:00,YouTube,Text,Community Campaign,Community,2,197395,221094,139540,3956.0,138,1169,2961
POST00190,2025-01-24 15:00:00,Instagram,Reel,Event Promotion,Education,22,140491,306297,180367,16820.0,253,740,1330
POST00191,2025-01-24 18:00:00,Instagram,Reel,Brand Awareness,Brand,3,70382,121890,88362,5101.0,182,1650,1145
POST00192,2025-01-24 21:00:00,LinkedIn,Carousel,Seasonal Campaign,Education,1,306070,256653,214026,10841.0,414,2284,1493
POST00193,2025-01-25 00:00:00,LinkedIn,Video,Product Launch,Brand,13,116538,135688,105718,8981.0,522,1111,351
POST00194,2025-01-25 03:00:00,Facebook,Text,Seasonal Campaign,Community,4,133117,99634,77023,1464.0,17,406,1714
POST00195,2025-01-25 06:00:00,Instagram,Reel,Brand Awareness,Promotional,20,295477,683891,380319,21454.0,1204,1484,7658
POST00196,2025-01-25 09:00:00,Instagram,Video,Brand Awareness,Entertainment,1,299086,297210,196492,10415.0,353,880,2623
POST00197,2025-01-25 12:00:00,Facebook,Carousel,Brand Awareness,Promotional,14,231292,207433,182297,9522.0,195,411,1186
POST00198,2025-01-25 15:00:00,LinkedIn,Reel,Event Promotion,Brand,10,435663,642589,383622,13149.0,569,7472,7956
POST00199,2025-01-25 18:00:00,LinkedIn,Image,Brand Awareness,Event,21,94397,96153,77328,1820.0,65,850,843
POST00200,2025-01-25 21:00:00,Facebook,Reel,Product Launch,Event,9,175905,204851,167109,9772.0,208,2686,2934
POST00201,2025-01-26 00:00:00,Facebook,Reel,Event Promotion,Promotional,19,234062,173844,140203,4006.0,165,2094,1397
POST00202,2025-01-26 03:00:00,Instagram,Text,Seasonal Campaign,Event,0,479802,567827,508914,13473.0,453,3165,6366
POST00203,2025-01-26 06:00:00,Instagram,Carousel,Product Launch,Brand,18,499174,682524,473141,15932.0,708,1563,6993
POST00204,2025-01-26 09:00:00,LinkedIn,Carousel,Special Campaign,Community,13,303674,324767,256165,13277.0,590,790,5062
POST00205,2025-01-26 12:00:00,Facebook,Text,Educational Series,Entertainment,22,67060,43569,26916,417.0,14,280,573
POST00206,2025-01-26 15:00:00,Instagram,Image,Seasonal Campaign,Education,21,101292,77001,53122,2894.0,85,95,677
POST00207,2025-01-26 18:00:00,Instagram,Video,Brand Awareness,Brand,13,220630,166475,120202,10289.0,135,1599,976
POST00208,2025-01-26 21:00:00,Facebook,Image,Community Campaign,Brand,0,61104,52421,32773,1840.0,63,300,209
POST00209,2025-01-27 00:00:00,Instagram,Video,Community Campaign,Education,8,22634,21545,18687,1549.0,34,190,196
POST00210,2025-01-27 03:00:00,Instagram,Reel,Event Promotion,Education,16,216282,231840,185627,14140.0,179,3541,3831
POST00211,2025-01-27 06:00:00,YouTube,Text,Community Campaign,Entertainment,13,243753,188287,122257,4625.0,122,419,1103
POST00212,2025-01-27 09:00:00,Facebook,Reel,Seasonal Campaign,Entertainment,12,289432,319020,190529,8208.0,117,3023,770
POST00213,2025-01-27 12:00:00,Facebook,Reel,Event Promotion,Entertainment,12,225600,204401,133014,6359.0,247,1862,2050
POST00214,2025-01-27 15:00:00,Instagram,Video,Seasonal Campaign,Event,5,54253,49368,37916,1777.0,62,667,141
POST00215,2025-01-27 18:00:00,Facebook,Image,Brand Awareness,Brand,6,408772,478431,401519,8051.0,399,5110,9021
POST00216,2025-01-27 21:00:00,Instagram,Carousel,Festival Campaign,Community,1,47005,37409,27163,2132.0,49,104,486
POST00217,2025-01-28 00:00:00,Instagram,Image,Festival Campaign,Education,7,268583,246783,144583,9631.0,275,780,1250
POST00218,2025-01-28 03:00:00,Facebook,Carousel,Product Launch,Brand,23,331968,252494,160904,4471.0,198,2206,2143
POST00219,2025-01-28 06:00:00,Facebook,Reel,Brand Awareness,Brand,5,359846,575255,385881,26788.0,1597,2494,7433
POST00220,2025-01-28 09:00:00,Facebook,Reel,Community Campaign,Entertainment,2,244673,260521,201290,12575.0,694,1811,4658
POST00221,2025-01-28 12:00:00,Facebook,Reel,Brand Awareness,Entertainment,17,466790,340817,216870,17199.0,619,2858,4822
POST00222,2025-01-28 15:00:00,YouTube,Image,Educational Series,Brand,17,37798,19093,12064,609.0,26,101,54
POST00223,2025-01-28 18:00:00,Instagram,Reel,Festival Campaign,Entertainment,21,473928,903421,587377,20967.0,767,7886,2810
POST00224,2025-01-28 21:00:00,Instagram,Image,Community Campaign,Event,22,180373,236588,179188,9612.0,305,1818,2893
POST00225,2025-01-29 00:00:00,Instagram,Image,Seasonal Campaign,Education,5,75267,74605,53896,2742.0,109,556,750
POST00226,2025-01-29 03:00:00,Instagram,Reel,Seasonal Campaign,Brand,10,417110,407533,344191,23210.0,680,5185,3250
POST00227,2025-01-29 06:00:00,LinkedIn,Image,Festival Campaign,Education,2,23846,14965,11886,472.0,11,159,290
POST00228,2025-01-29 09:00:00,Instagram,Video,Brand Awareness,Event,15,83571,131158,102747,9530.0,431,818,1995
POST00229,2025-01-29 12:00:00,LinkedIn,Reel,Community Campaign,Entertainment,4,296625,371404,224375,20700.0,1109,750,4065
POST00230,2025-01-29 15:00:00,Facebook,Image,Product Launch,Promotional,23,144908,67871,38640,1916.0,46,227,270
POST00231,2025-01-29 18:00:00,Facebook,Carousel,Seasonal Campaign,Event,21,62154,62042,45197,967.0,43,657,417
POST00232,2025-01-29 21:00:00,YouTube,Image,Brand Awareness,Promotional,1,202248,155399,89366,3693.0,117,248,1457
POST00233,2025-01-30 00:00:00,YouTube,Carousel,Product Launch,Education,14,149447,192852,130639,8507.0,213,1427,2678
POST00234,2025-01-30 03:00:00,YouTube,Image,Special Campaign,Brand,15,469844,534052,298609,7266.0,298,2015,7012
POST00235,2025-01-30 06:00:00,Instagram,Image,Community Campaign,Entertainment,6,264372,402758,246440,9846.0,560,3100,4522
POST00236,2025-01-30 09:00:00,Facebook,Reel,Festival Campaign,Event,15,28048,29875,17585,720.0,19,321,214
POST00237,2025-01-30 12:00:00,Instagram,Carousel,Special Campaign,Entertainment,23,47386,61950,51439,2176.0,104,659,936
POST00238,2025-01-30 15:00:00,Instagram,Carousel,Educational Series,Promotional,3,184408,178497,119797,2717.0,69,412,541
POST00239,2025-01-30 18:00:00,Facebook,Reel,Special Campaign,Promotional,15,124794,114844,66333,2380.0,119,200,1074
POST00240,2025-01-30 21:00:00,Instagram,Image,Event Promotion,Community,16,437069,257746,165709,7052.0,338,563,3758
POST00241,2025-01-31 00:00:00,LinkedIn,Text,Festival Campaign,Brand,1,316857,149442,117907,6534.0,315,546,2005
POST00242,2025-01-31 03:00:00,LinkedIn,Image,Product Launch,Promotional,15,470906,191167,155031,6897.0,413,716,490
POST00243,2025-01-31 06:00:00,LinkedIn,Image,Brand Awareness,Brand,3,167863,176930,104734,4447.0,75,641,1914
POST00244,2025-01-31 09:00:00,Instagram,Text,Special Campaign,Community,6,482980,488696,401951,20274.0,596,1163,7629
POST00245,2025-01-31 12:00:00,Instagram,Carousel,Seasonal Campaign,Event,17,97481,82680,56197,2128.0,88,695,837
POST00246,2025-01-31 15:00:00,LinkedIn,Image,Community Campaign,Community,5,454789,201958,159099,3680.0,145,1859,3333
POST00247,2025-01-31 18:00:00,YouTube,Video,Special Campaign,Brand,17,322043,369886,290370,11350.0,556,2907,2163
POST00248,2025-01-31 21:00:00,LinkedIn,Video,Festival Campaign,Promotional,6,110217,85455,70736,5727.0,70,1225,848
POST00249,2025-02-01 00:00:00,LinkedIn,Image,Seasonal Campaign,Education,1,297119,166702,132363,7221.0,326,424,2748
POST00250,2025-02-01 03:00:00,LinkedIn,Image,Seasonal Campaign,Brand,18,264985,184721,104109,2388.0,111,316,1695
POST00251,2025-02-01 06:00:00,Instagram,Image,Educational Series,Entertainment,8,93247,142285,104126,5625.0,73,431,2590
POST00252,2025-02-01 09:00:00,Instagram,Text,Community Campaign,Education,3,130295,125245,76169,4335.0,160,843,344
POST00253,2025-02-01 12:00:00,LinkedIn,Carousel,Special Campaign,Brand,13,401189,344153,306119,7295.0,162,2383,2563
POST00254,2025-02-01 15:00:00,Instagram,Reel,Product Launch,Entertainment,4,294249,599742,383560,28414.0,1423,6987,2830
POST00255,2025-02-01 18:00:00,Instagram,Video,Community Campaign,Community,6,69645,50548,35233,1807.0,22,195,862
POST00256,2025-02-01 21:00:00,YouTube,Image,Special Campaign,Education,7,412435,284749,176215,7939.0,137,2061,3898
POST00257,2025-02-02 00:00:00,LinkedIn,Reel,Community Campaign,Brand,14,312290,323542,193188,12981.0,197,1514,1145
POST00258,2025-02-02 03:00:00,Facebook,Image,Brand Awareness,Event,18,231846,226351,172100,10263.0,136,1788,1855
POST00259,2025-02-02 06:00:00,YouTube,Image,Event Promotion,Community,10,417084,406731,293909,14130.0,565,3879,1221
POST00260,2025-02-02 09:00:00,Instagram,Video,Special Campaign,Entertainment,19,466753,446099,303851,20267.0,1082,5151,5140
POST00261,2025-02-02 12:00:00,Facebook,Reel,Seasonal Campaign,Event,22,326438,546156,316714,,585,5273,3257
POST00262,2025-02-02 15:00:00,LinkedIn,Video,Product Launch,Promotional,3,474480,377457,304828,10080.0,206,970,2641
POST00263,2025-02-02 18:00:00,Instagram,Image,Special Campaign,Community,17,357740,497713,274762,15075.0,409,2448,3986
POST00264,2025-02-02 21:00:00,YouTube,Reel,Special Campaign,Community,13,418649,832994,591576,15403.0,431,9890,12128
POST00265,2025-02-03 00:00:00,LinkedIn,Text,Brand Awareness,Brand,5,42612,21641,16693,497.0,16,90,198
POST00266,2025-02-03 03:00:00,Facebook,Image,Seasonal Campaign,Brand,15,431038,469703,329143,9800.0,304,3408,6472
POST00267,2025-02-03 06:00:00,Facebook,Reel,Event Promotion,Entertainment,17,54120,76666,45552,2564.0,111,224,583
POST00268,2025-02-03 09:00:00,Facebook,Image,Brand Awareness,Community,0,192076,218480,179675,6254.0,168,695,1386
POST00269,2025-02-03 12:00:00,Instagram,Video,Event Promotion,Brand,7,41294,44675,29636,2213.0,95,368,379
POST00270,2025-02-03 15:00:00,Instagram,Reel,Event Promotion,Promotional,0,104300,232880,139067,6438.0,240,1388,2063
POST00271,2025-02-03 18:00:00,Facebook,Reel,Event Promotion,Brand,0,221168,146282,108627,7575.0,94,683,1428
POST00272,2025-02-03 21:00:00,Facebook,Reel,Brand Awareness,Community,18,364263,551346,306939,18892.0,1057,2265,2773
POST00273,2025-02-04 00:00:00,LinkedIn,Reel,Community Campaign,Education,20,363240,353465,234496,20748.0,392,3062,1658
POST00274,2025-02-04 03:00:00,LinkedIn,Video,Special Campaign,Event,9,155496,101192,82241,4508.0,146,1127,1960
POST00275,2025-02-04 06:00:00,YouTube,Image,Event Promotion,Community,17,60615,34769,30229,1954.0,112,127,288
POST00276,2025-02-04 09:00:00,YouTube,Reel,Community Campaign,Promotional,11,46863,59612,45132,1173.0,26,845,835
POST00277,2025-02-04 12:00:00,Facebook,Reel,Special Campaign,Community,16,263571,274247,171723,12566.0,139,470,1802
POST00278,2025-02-04 15:00:00,Facebook,Reel,Seasonal Campaign,Promotional,0,49469,42249,26490,709.0,24,382,644
POST00279,2025-02-04 18:00:00,Facebook,Text,Special Campaign,Community,7,123101,59454,45265,2133.0,45,196,1119
POST00280,2025-02-04 21:00:00,Facebook,Reel,Seasonal Campaign,Event,9,174256,183392,126974,5627.0,220,1356,2685
POST00281,2025-02-05 00:00:00,LinkedIn,Text,Product Launch,Event,9,371590,202913,124191,3986.0,202,876,1961
POST00282,2025-02-05 03:00:00,Instagram,Image,Educational Series,Promotional,17,132613,134967,111427,4294.0,152,932,1663
POST00283,2025-02-05 06:00:00,Instagram,Reel,Community Campaign,Community,8,137456,293504,181997,16747.0,707,2860,1863
POST00284,2025-02-05 09:00:00,Instagram,Video,Special Campaign,Event,1,186247,298033,197469,6190.0,268,3011,1122
POST00285,2025-02-05 12:00:00,YouTube,Image,Seasonal Campaign,Entertainment,2,467865,241057,137764,7440.0,379,366,652
POST00286,2025-02-05 15:00:00,Instagram,Carousel,Educational Series,Community,1,83872,107697,85670,7095.0,314,1002,1134
POST00287,2025-02-05 18:00:00,YouTube,Text,Event Promotion,Event,5,482543,502579,324840,5199.0,305,1751,7969
POST00288,2025-02-05 21:00:00,YouTube,Reel,Educational Series,Education,22,52208,41540,26232,2658.0,87,431,221
POST00289,2025-02-06 00:00:00,Instagram,Reel,Educational Series,Education,11,203517,292915,192203,5273.0,65,2477,2314
POST00290,2025-02-06 03:00:00,YouTube,Carousel,Event Promotion,Entertainment,21,71998,79100,67705,5009.0,148,151,1158
POST00291,2025-02-06 06:00:00,Instagram,Reel,Community Campaign,Event,18,339138,769257,562562,56805.0,2953,7798,6032
POST00292,2025-02-06 09:00:00,Instagram,Reel,Special Campaign,Education,14,263783,401495,243008,25140.0,418,4433,748
POST00293,2025-02-06 12:00:00,Facebook,Reel,Event Promotion,Community,18,203535,297646,244387,15105.0,706,978,2863
POST00294,2025-02-06 15:00:00,Instagram,Reel,Product Launch,Brand,11,79895,100070,62339,5836.0,214,682,1290
POST00295,2025-02-06 18:00:00,Instagram,Video,Festival Campaign,Event,17,488381,899696,624718,20496.0,1127,7598,14847
POST00296,2025-02-06 21:00:00,YouTube,Reel,Special Campaign,Entertainment,15,52894,62224,46594,2757.0,128,275,421
POST00297,2025-02-07 00:00:00,Facebook,Image,Brand Awareness,Event,1,41990,31631,23867,826.0,35,224,555
POST00298,2025-02-07 03:00:00,Instagram,Carousel,Event Promotion,Promotional,10,455796,562519,322976,14823.0,805,897,7130
POST00299,2025-02-07 06:00:00,Facebook,Image,Event Promotion,Promotional,11,93230,107713,90789,5075.0,281,1125,1084
POST00300,2025-02-07 09:00:00,Instagram,Reel,Educational Series,Education,4,56087,48424,34758,1140.0,33,538,107
POST00301,2025-02-07 12:00:00,Instagram,Video,Product Launch,Promotional,23,290817,291831,261550,25074.0,1413,4467,5646
POST00302,2025-02-07 15:00:00,YouTube,Reel,Seasonal Campaign,Entertainment,5,189271,326343,261434,19747.0,251,2528,2433
POST00303,2025-02-07 18:00:00,YouTube,Video,Seasonal Campaign,Education,10,314331,447105,401231,34864.0,1677,1177,7875
POST00304,2025-02-07 21:00:00,Facebook,Video,Educational Series,Entertainment,20,483130,392134,277911,23271.0,624,2147,4327
POST00305,2025-02-08 00:00:00,Facebook,Image,Community Campaign,Community,9,305697,195417,117108,6951.0,238,917,922
POST00306,2025-02-08 03:00:00,LinkedIn,Image,Special Campaign,Entertainment,3,267881,167281,134587,2707.0,140,1715,2323
POST00307,2025-02-08 06:00:00,YouTube,Image,Event Promotion,Promotional,8,203359,191328,157312,7218.0,302,1908,3118
POST00308,2025-02-08 09:00:00,Instagram,Image,Special Campaign,Community,11,325924,463942,393651,14061.0,462,3444,5289
POST00309,2025-02-08 12:00:00,Facebook,Video,Special Campaign,Promotional,9,124794,69250,45393,1458.0,26,625,883
POST00310,2025-02-08 15:00:00,Instagram ,Video,Event Promotion,Entertainment,13,259939,523295,381345,18569.0,1057,6589,4541
POST00311,2025-02-08 18:00:00,YouTube,Reel,Educational Series,Promotional,4,102158,133380,113389,8650.0,230,1924,2785
POST00312,2025-02-08 21:00:00,Instagram,Carousel,Special Campaign,Promotional,0,21420,19715,16810,597.0,8,186,139
POST00313,2025-02-09 00:00:00,Instagram,Text,Event Promotion,Promotional,4,198512,180163,100709,3525.0,134,681,2025
POST00314,2025-02-09 03:00:00,LinkedIn,Text,Community Campaign,Event,15,216948,150952,118470,3933.0,119,727,2309
POST00315,2025-02-09 06:00:00,Facebook,Image,Special Campaign,Community,4,64310,28376,21582,449.0,17,229,316
POST00316,2025-02-09 09:00:00,Facebook,Image,Festival Campaign,Community,4,256896,252985,146520,7606.0,164,1650,1568
POST00317,2025-02-09 12:00:00,YouTube,Reel,Brand Awareness,Community,17,63953,115300,100950,7497.0,216,633,1292
POST00318,2025-02-09 15:00:00,Instagram,Text,Brand Awareness,Entertainment,5,287131,172153,121519,7107.0,416,743,2047
POST00319,2025-02-09 18:00:00,Instagram,Reel,Brand Awareness,Brand,20,242670,252836,198726,9786.0,556,3106,2914
POST00320,2025-02-09 21:00:00,Instagram,Image,Festival Campaign,Entertainment,17,196589,149424,128352,5214.0,277,1245,2535
POST00321,2025-02-10 00:00:00,YouTube,Reel,Event Promotion,Community,9,52456,97262,57923,3329.0,162,729,633
POST00322,2025-02-10 03:00:00,Facebook,Reel,Educational Series,Education,14,138763,125336,106478,10407.0,185,859,570
POST00323,2025-02-10 06:00:00,Facebook,Image,Seasonal Campaign,Promotional,23,189252,198659,159623,6395.0,213,1425,2254
POST00324,2025-02-10 09:00:00,Instagram,Text,Product Launch,Promotional,21,475453,445248,375725,13121.0,608,2806,3268
POST00325,2025-02-10 12:00:00,LinkedIn,Reel,Event Promotion,Brand,10,241916,318810,230560,10532.0,243,2284,3819
POST00326,2025-02-10 15:00:00,Facebook,Image,Festival Campaign,Education,18,105398,89954,50528,912.0,10,658,729
POST00327,2025-02-10 18:00:00,YouTube,Reel,Special Campaign,Event,12,470721,562581,441446,15280.0,472,6020,8887
POST00328,2025-02-10 21:00:00,Facebook,Reel,Community Campaign,Entertainment,19,224278,370178,252123,20397.0,637,4280,3946
POST00329,2025-02-11 00:00:00,YouTube,Image,Festival Campaign,Event,2,137183,165050,114024,6254.0,82,377,1422
POST00330,2025-02-11 03:00:00,Instagram,Image,Special Campaign,Education,15,371926,395275,278448,9861.0,256,2966,1569
POST00331,2025-02-11 06:00:00,Instagram,Reel,Seasonal Campaign,Brand,6,492518,873918,631421,39712.0,2218,8064,3563
POST00332,2025-02-11 09:00:00,Facebook,Reel,Brand Awareness,Education,11,404884,528590,413186,20326.0,457,3226,7060
POST00333,2025-02-11 12:00:00,Instagram,Reel,Event Promotion,Brand,14,280360,375307,301886,25060.0,963,1480,6755
POST00334,2025-02-11 15:00:00,Instagram,Reel,Seasonal Campaign,Event,7,49681,71594,58842,5396.0,185,530,713
POST00335,2025-02-11 18:00:00,Instagram,Text,Brand Awareness,Event,22,290467,213908,167931,9313.0,494,974,2464
POST00336,2025-02-11 21:00:00,Instagram,Text,Product Launch,Education,16,349537,471723,392104,8949.0,381,1126,6276
POST00337,2025-02-12 00:00:00,LinkedIn,Reel,Special Campaign,Education,0,198295,222738,132028,10590.0,189,1838,1782
POST00338,2025-02-12 03:00:00,Facebook,Image,Special Campaign,Promotional,20,116123,55688,46938,3285.0,56,253,202
POST00339,2025-02-12 06:00:00,YouTube,Text,Community Campaign,Brand,7,111354,93622,64182,2841.0,107,600,1024
POST00340,2025-02-12 09:00:00,Instagram,Reel,Brand Awareness,Promotional,13,474048,406705,298957,15957.0,196,4052,1798
POST00341,2025-02-12 12:00:00,YouTube,Video,Product Launch,Entertainment,9,176319,183551,128820,8990.0,266,933,1961
POST00342,2025-02-12 15:00:00,YouTube,Text,Special Campaign,Entertainment,18,380952,297301,213016,9794.0,293,1067,4272
POST00343,2025-02-12 18:00:00,Instagram,Reel,Festival Campaign,Education,7,235148,379402,246573,14047.0,278,4567,769
POST00344,2025-02-12 21:00:00,YouTube,Reel,Brand Awareness,Event,18,242445,511786,311924,10640.0,266,5809,3889
POST00345,2025-02-13 00:00:00,Instagram,Text,Brand Awareness,Entertainment,3,290628,387697,227466,9621.0,254,1269,4414
POST00346,2025-02-13 03:00:00,Facebook,Image,Educational Series,Entertainment,9,181754,88048,62337,3822.0,40,607,911
POST00347,2025-02-13 06:00:00,Facebook,Reel,Community Campaign,Promotional,22,90459,109872,65246,6773.0,340,1250,533
POST00348,2025-02-13 09:00:00,Instagram,Reel,Community Campaign,Promotional,2,147162,302372,192231,8342.0,482,3729,3526
POST00349,2025-02-13 12:00:00,Instagram,Image,Seasonal Campaign,Entertainment,3,455235,362699,216446,12082.0,295,572,4380
POST00350,2025-02-13 15:00:00,Facebook,Carousel,Festival Campaign,Education,15,363600,429695,252743,5754.0,89,2440,2773
POST00351,2025-02-13 18:00:00,YouTube,Carousel,Educational Series,Promotional,23,456479,726853,624265,51251.0,2956,7502,5957
POST00352,2025-02-13 21:00:00,LinkedIn,Text,Seasonal Campaign,Entertainment,3,173010,120673,94838,1476.0,69,315,1421
POST00353,2025-02-14 00:00:00,Facebook,Reel,Product Launch,Event,19,74890,72524,63336,3419.0,186,1044,699
POST00354,2025-02-14 03:00:00,Instagram,Image,Seasonal Campaign,Promotional,19,33319,51210,39708,878.0,24,289,849
POST00355,2025-02-14 06:00:00,Instagram,Image,Product Launch,Entertainment,12,389841,582501,492436,25376.0,867,3754,9917
POST00356,2025-02-14 09:00:00,Facebook,Image,Festival Campaign,Brand,20,146193,143973,107166,3893.0,220,536,1056
POST00357,2025-02-14 12:00:00,Instagram,Reel,Special Campaign,Promotional,16,341576,460212,327634,27249.0,898,2513,4276
POST00358,2025-02-14 15:00:00,YouTube,Text,Community Campaign,Brand,22,473988,505183,371292,13695.0,597,861,8379
POST00359,2025-02-14 18:00:00,LinkedIn,Video,Special Campaign,Promotional,15,420116,329146,217920,11810.0,534,3689,1360
POST00360,2025-02-14 21:00:00,YouTube,Image,Product Launch,Promotional,16,87696,65370,51007,1878.0,97,319,999
POST00361,2025-02-15 00:00:00,Instagram,Carousel,Festival Campaign,Community,5,429452,549233,474543,12540.0,736,2047,4731
POST00362,2025-02-15 03:00:00,Facebook,Reel,Special Campaign,Community,2,477471,836361,689014,28922.0,773,3449,3878
POST00363,2025-02-15 06:00:00,YouTube,Image,Seasonal Campaign,Brand,19,338629,437264,311200,16341.0,365,2043,1734
POST00364,2025-02-15 09:00:00,YouTube,Carousel,Product Launch,Education,23,142359,202208,178725,9346.0,129,1917,1622
POST00365,2025-02-15 12:00:00,LinkedIn,Image,Event Promotion,Entertainment,3,213365,146250,130878,2851.0,150,1426,1970
POST00366,2025-02-15 15:00:00,Instagram,Text,Brand Awareness,Education,7,157293,114942,83055,3278.0,80,873,1908
POST00367,2025-02-15 18:00:00,LinkedIn,Carousel,Seasonal Campaign,Education,19,45294,51587,43984,1073.0,13,474,425
POST00368,2025-02-15 21:00:00,LinkedIn,Image,Community Campaign,Community,8,161110,123856,68327,3117.0,166,459,504
POST00369,2025-02-16 00:00:00,Instagram,Video,Special Campaign,Entertainment,21,498403,942523,540376,50512.0,1792,4853,7311
POST00370,2025-02-16 03:00:00,Instagram,Reel,Seasonal Campaign,Community,0,204721,315453,175971,8793.0,456,2165,1134
POST00371,2025-02-16 06:00:00,Instagram,Image,Event Promotion,Community,12,436576,591243,485178,27688.0,1044,3927,4355
POST00372,2025-02-16 09:00:00,Instagram,Reel,Festival Campaign,Community,1,28255,60287,34841,2931.0,75,467,860
POST00373,2025-02-16 12:00:00,Instagram,Image,Festival Campaign,Event,22,219307,211127,117379,4679.0,77,902,1793
POST00374,2025-02-16 15:00:00,Facebook,Video,Seasonal Campaign,Education,9,129429,71788,43187,2881.0,91,143,874
POST00375,2025-02-16 18:00:00,Instagram,Image,Event Promotion,Education,22,107464,87617,57582,2504.0,28,440,441
POST00376,2025-02-16 21:00:00,Instagram,Video,Special Campaign,Education,18,461385,940061,669929,29746.0,1193,1843,9674
POST00377,2025-02-17 00:00:00,Facebook,Image,Seasonal Campaign,Event,16,413588,397834,227915,13391.0,420,891,3243
POST00378,2025-02-17 03:00:00,Instagram,Reel,Brand Awareness,Promotional,23,466395,900170,652302,52719.0,900,5966,13619
POST00379,2025-02-17 06:00:00,Facebook,Video,Brand Awareness,Brand,12,470865,419687,267265,23743.0,866,2940,928
POST00380,2025-02-17 09:00:00,INSTAGRAM,Reel,Educational Series,Brand,13,132848,248955,160832,11935.0,597,920,3527
POST00381,2025-02-17 12:00:00,INSTAGRAM,Reel,Product Launch,Event,10,432114,772706,647269,36454.0,2141,4705,3075
POST00382,2025-02-17 15:00:00,Facebook,Image,Educational Series,Education,9,201155,110531,98972,5597.0,203,611,2292
POST00383,2025-02-17 18:00:00,Facebook,Reel,Special Campaign,Brand,6,43855,75359,53682,3987.0,65,318,329
POST00384,2025-02-17 21:00:00,LinkedIn,Reel,Brand Awareness,Event,9,54758,48635,32226,2387.0,120,627,474
POST00385,2025-02-18 00:00:00,Facebook,Carousel,Event Promotion,Community,23,269416,211134,184954,13786.0,617,2420,959
POST00386,2025-02-18 03:00:00,Facebook,Image,Product Launch,Entertainment,0,422823,297676,215861,14498.0,836,2436,2771
POST00387,2025-02-18 06:00:00,Instagram,Image,Special Campaign,Brand,13,281272,179748,144809,4015.0,147,1224,1387
POST00388,2025-02-18 09:00:00,Instagram,Text,Event Promotion,Entertainment,2,125094,126653,87999,2563.0,71,956,1077
POST00389,2025-02-18 12:00:00,Facebook,Image,Special Campaign,Education,12,356233,213129,132330,7028.0,408,1371,1983
POST00390,2025-02-18 15:00:00,Facebook,Video,Educational Series,Brand,1,287527,404716,315358,20220.0,746,2384,4133
POST00391,2025-02-18 18:00:00,LinkedIn,Reel,Festival Campaign,Event,16,264951,246383,192842,14825.0,160,2491,676
POST00392,2025-02-18 21:00:00,YouTube,Image,Event Promotion,Promotional,20,80112,76024,54057,2237.0,75,441,1189
POST00393,2025-02-19 00:00:00,Instagram,Video,Educational Series,Brand,2,413931,683337,440398,23647.0,239,5043,2241
POST00394,2025-02-19 03:00:00,Facebook,Image,Educational Series,Brand,14,160909,164467,138338,3368.0,157,1572,3399
POST00395,2025-02-19 06:00:00,Instagram,Carousel,Educational Series,Brand,7,471102,433981,280508,16911.0,647,2540,6095
POST00396,2025-02-19 09:00:00,LinkedIn,Image,Festival Campaign,Brand,5,463915,489769,382342,10511.0,162,3947,5869
POST00397,2025-02-19 12:00:00,LinkedIn,Reel,Festival Campaign,Event,8,99486,116121,79472,6225.0,315,543,667
POST00398,2025-02-19 15:00:00,YouTube,Image,Seasonal Campaign,Event,10,93528,46818,33492,2351.0,86,425,164
POST00399,2025-02-19 18:00:00,Facebook,Image,Festival Campaign,Promotional,21,440033,326352,203640,6485.0,101,572,3620
POST00400,2025-02-19 21:00:00,Facebook,Video,Product Launch,Event,1,200875,203237,157979,5408.0,97,2827,1174
POST00401,2025-02-20 00:00:00,Instagram,Reel,Festival Campaign,Event,8,119354,243756,153332,4275.0,218,2038,2933
POST00402,2025-02-20 03:00:00,LinkedIn,Text,Festival Campaign,Education,17,229965,111092,79986,2563.0,71,486,1704
POST00403,2025-02-20 06:00:00,YouTube,Text,Festival Campaign,Education,18,352422,241677,160705,3962.0,202,728,3978
POST00404,2025-02-20 09:00:00,Facebook,Reel,Special Campaign,Entertainment,21,473561,316091,280455,18051.0,243,2649,3952
POST00405,2025-02-20 12:00:00,Instagram,Reel,Event Promotion,Promotional,17,33369,40787,36454,2438.0,54,576,891
POST00406,2025-02-20 15:00:00,LinkedIn,Video,Festival Campaign,Education,4,80428,93962,76458,3758.0,181,349,480
POST00407,2025-02-20 18:00:00,Instagram,Text,Product Launch,Promotional,17,156116,159438,142596,6950.0,292,565,3051
POST00408,2025-02-20 21:00:00,Instagram,Image,Special Campaign,Promotional,11,85123,53449,31521,2107.0,53,102,344
POST00409,2025-02-21 00:00:00,LinkedIn,Reel,Educational Series,Brand,3,489040,312634,280530,11922.0,677,2752,3093
POST00410,2025-02-21 03:00:00,Instagram,Image,Event Promotion,Community,14,373058,353315,207129,13082.0,268,1311,1845
POST00411,2025-02-21 06:00:00,Instagram,Carousel,Brand Awareness,Community,10,158333,248129,172550,5049.0,265,1890,1175
POST00412,2025-02-21 09:00:00,LinkedIn,Reel,Special Campaign,Community,18,260222,360728,228568,10020.0,448,4440,2909
POST00413,2025-02-21 12:00:00,LinkedIn,Carousel,Festival Campaign,Promotional,4,300208,129775,114701,6465.0,103,1638,2835
POST00414,2025-02-21 15:00:00,YouTube,Reel,Special Campaign,Brand,5,488551,579169,447423,22332.0,843,7820,4589
POST00415,2025-02-21 18:00:00,Facebook,Reel,Seasonal Campaign,Entertainment,12,220130,238045,180674,5285.0,298,2441,2374
POST00416,2025-02-21 21:00:00,YouTube,Image,Seasonal Campaign,Entertainment,22,295834,413286,371586,12605.0,516,1845,2982
POST00417,2025-02-22 00:00:00,Instagram,Image,Special Campaign,Community,9,415273,449125,343288,22953.0,836,2160,3575
POST00418,2025-02-22 03:00:00,Instagram,Reel,Educational Series,Entertainment,23,383169,460083,357096,14137.0,400,2437,1504
POST00419,2025-02-22 06:00:00,Facebook,Image,Educational Series,Brand,13,450805,325002,183844,10891.0,538,621,4418
POST00420,2025-02-22 09:00:00,Facebook,Reel,Event Promotion,Community,3,383011,419637,356971,29392.0,1635,3558,5074
POST00421,2025-02-22 12:00:00,Facebook,Reel,Seasonal Campaign,Brand,19,34559,47307,42081,1442.0,68,747,804
POST00422,2025-02-22 15:00:00,Facebook,Reel,Brand Awareness,Entertainment,22,426908,270263,239482,12380.0,572,3633,3422
POST00423,2025-02-22 18:00:00,Instagram,Text,Community Campaign,Community,11,330573,264625,166022,3905.0,76,1843,3311
POST00424,2025-02-22 21:00:00,YouTube,Image,Seasonal Campaign,Brand,14,478954,543655,341997,6583.0,340,1395,5044
POST00425,2025-02-23 00:00:00,Instagram,Image,Special Campaign,Event,9,299116,253048,171596,4692.0,56,1313,3163
POST00426,2025-02-23 03:00:00,YouTube,Image,Seasonal Campaign,Event,10,61530,66503,43797,1265.0,60,485,791
POST00427,2025-02-23 06:00:00,YouTube,Text,Product Launch,Brand,8,226145,159942,105076,2360.0,48,629,1548
POST00428,2025-02-23 09:00:00,LinkedIn,Reel,Community Campaign,Brand,10,143297,187585,142907,4731.0,162,1229,1153
POST00429,2025-02-23 12:00:00,Instagram,Carousel,Educational Series,Education,1,218250,154161,128256,6945.0,310,1697,982
POST00430,2025-02-23 15:00:00,Instagram,Carousel,Community Campaign,Education,12,283509,506526,444663,18376.0,881,3545,9886
POST00431,2025-02-23 18:00:00,Instagram,Carousel,Seasonal Campaign,Promotional,21,256932,217424,124747,9757.0,530,1816,705
POST00432,2025-02-23 21:00:00,Facebook,Reel,Educational Series,Community,7,478760,368884,238775,9694.0,233,1703,3654
POST00433,2025-02-24 00:00:00,Facebook,Carousel,Community Campaign,Promotional,20,331827,420394,268738,15850.0,336,3852,3777
POST00434,2025-02-24 03:00:00,Instagram,Reel,Educational Series,Promotional,20,114356,244273,164909,15872.0,949,1204,3391
POST00435,2025-02-24 06:00:00,Instagram,Image,Educational Series,Entertainment,7,411550,263561,184101,3782.0,77,955,1100
POST00436,2025-02-24 09:00:00,Facebook,Carousel,Event Promotion,Event,0,78896,105029,72071,3857.0,166,565,1305
POST00437,2025-02-24 12:00:00,Instagram,Reel,Brand Awareness,Entertainment,5,381483,460199,406471,24856.0,1432,4600,6637
POST00438,2025-02-24 15:00:00,Facebook,Video,Educational Series,Community,12,431217,520958,366230,33280.0,1824,3268,6748
POST00439,2025-02-24 18:00:00,Facebook,Reel,Product Launch,Brand,8,419938,279365,207584,16144.0,519,3564,3459
POST00440,2025-02-24 21:00:00,Instagram,Video,Seasonal Campaign,Education,5,302244,383291,311240,15294.0,640,4609,4785
POST00441,2025-02-25 00:00:00,Instagram,Image,Seasonal Campaign,Community,14,402907,413697,332521,18761.0,683,1804,7773
POST00442,2025-02-25 03:00:00,LinkedIn,Reel,Product Launch,Brand,22,430676,492615,371450,26538.0,725,4176,3963
POST00443,2025-02-25 06:00:00,Instagram,Reel,Festival Campaign,Community,15,240595,384813,327587,17388.0,299,3238,2313
POST00444,2025-02-25 09:00:00,Instagram,Text,Educational Series,Brand,3,81645,70650,54291,2732.0,137,111,1112
POST00445,2025-02-25 12:00:00,Facebook,Reel,Special Campaign,Education,16,89551,152933,130935,10228.0,148,1995,766
POST00446,2025-02-25 15:00:00,LinkedIn,Reel,Educational Series,Brand,8,219570,156426,102610,2711.0,109,581,1842
POST00447,2025-02-25 18:00:00,LinkedIn,Reel,Educational Series,Promotional,11,286984,196387,117087,10945.0,434,2152,1766
POST00448,2025-02-25 21:00:00,Facebook,Carousel,Special Campaign,Community,21,463280,531234,444553,20456.0,547,3347,1346
POST00449,2025-02-26 00:00:00,Instagram,Image,Community Campaign,Education,18,106069,65817,45011,2379.0,39,408,372
POST00450,2025-02-26 03:00:00,Instagram,Reel,Educational Series,Brand,19,368134,564463,439084,25004.0,1249,7213,6107
POST00451,2025-02-26 06:00:00,Facebook,Reel,Educational Series,Promotional,11,68105,78412,63361,6003.0,198,357,649
POST00452,2025-02-26 09:00:00,YouTube,Reel,Product Launch,Promotional,21,25699,29768,19776,1518.0,70,232,245
POST00453,2025-02-26 12:00:00,YouTube,Reel,Brand Awareness,Event,5,419138,857361,623136,44362.0,480,4120,10112
POST00454,2025-02-26 15:00:00,LinkedIn,Image,Brand Awareness,Promotional,11,438135,246858,213093,15115.0,207,1654,4065
POST00455,2025-02-26 18:00:00,Instagram,Carousel,Festival Campaign,Entertainment,8,209608,208232,178647,6910.0,129,1788,1130
POST00456,2025-02-26 21:00:00,YouTube,Reel,Product Launch,Education,19,439724,461731,375052,11660.0,182,2047,3459
POST00457,2025-02-27 00:00:00,Instagram,Image,Educational Series,Education,4,369344,257599,210447,9652.0,189,1808,3578
POST00458,2025-02-27 03:00:00,YouTube,Image,Brand Awareness,Education,20,379950,324998,280859,11486.0,509,2000,4478
POST00459,2025-02-27 06:00:00,Instagram,Text,Event Promotion,Brand,2,438494,466030,376420,13341.0,164,2480,7231
POST00460,2025-02-27 09:00:00,Instagram,Text,Event Promotion,Community,1,428078,478568,320092,13733.0,163,3304,5470
POST00461,2025-02-27 12:00:00,Instagram,Video,Event Promotion,Brand,7,164670,311444,184460,12596.0,145,1834,1893
POST00462,2025-02-27 15:00:00,Facebook,Reel,Educational Series,Entertainment,9,480650,392271,273671,15488.0,695,2913,3826
POST00463,2025-02-27 18:00:00,Facebook,Reel,Educational Series,Community,14,239547,150121,87155,8131.0,299,919,1957
POST00464,2025-02-27 21:00:00,YouTube,Reel,Special Campaign,Promotional,8,146473,308882,182400,14010.0,399,2394,1293
POST00465,2025-02-28 00:00:00,LinkedIn,Reel,Festival Campaign,Brand,9,175846,94061,83014,7920.0,346,731,937
POST00466,2025-02-28 03:00:00,Instagram,Image,Seasonal Campaign,Community,10,203456,320958,252452,16992.0,640,2821,5432
POST00467,2025-02-28 06:00:00,Instagram,Video,Festival Campaign,Promotional,8,284966,545280,462431,16669.0,172,3173,5092
POST00468,2025-02-28 09:00:00,LinkedIn,Video,Festival Campaign,Community,13,450468,610650,473262,34548.0,1793,3347,5711
POST00469,2025-02-28 12:00:00,Instagram,Video,Community Campaign,Promotional,4,110585,141277,98397,4610.0,126,1139,986
POST00470,2025-02-28 15:00:00,LinkedIn,Image,Event Promotion,Community,8,107420,53923,30132,1903.0,57,145,686
POST00471,2025-02-28 18:00:00,Instagram,Carousel,Educational Series,Brand,3,295196,411545,364029,24451.0,1200,1211,6404
POST00472,2025-02-28 21:00:00,LinkedIn,Reel,Event Promotion,Brand,1,103574,133703,76856,3189.0,61,466,583
POST00473,2025-03-01 00:00:00,Instagram,Reel,Festival Campaign,Entertainment,18,495727,487866,372513,36961.0,388,6720,7261
POST00474,2025-03-01 03:00:00,LinkedIn,Carousel,Educational Series,Event,0,150171,163686,95882,6142.0,340,215,368
POST00475,2025-03-01 06:00:00,YouTube,Reel,Product Launch,Education,20,251224,254562,165325,16531.0,583,802,1937
POST00476,2025-03-01 09:00:00,LinkedIn,Image,Special Campaign,Brand,0,139879,99874,61426,1775.0,48,655,1413
POST00477,2025-03-01 12:00:00,Instagram,Reel,Brand Awareness,Brand,11,426485,902490,671272,62990.0,3209,12861,12200
POST00478,2025-03-01 15:00:00,YouTube,Carousel,Brand Awareness,Promotional,10,481793,385870,332032,20947.0,237,3816,6789
POST00479,2025-03-01 18:00:00,LinkedIn,Video,Festival Campaign,Event,0,298695,212733,164329,10478.0,210,2758,3859
POST00480,2025-03-01 21:00:00,YouTube,Reel,Seasonal Campaign,Brand,13,89915,72360,56619,5095.0,90,965,1134
POST00481,2025-03-02 00:00:00,Facebook,Video,Event Promotion,Community,10,289805,202383,175693,12222.0,573,1737,869
POST00482,2025-03-02 03:00:00,Facebook,Reel,Product Launch,Event,6,215619,163101,132486,10364.0,265,1091,1069
POST00483,2025-03-02 06:00:00,YouTube,Image,Educational Series,Education,1,354647,246973,210688,6678.0,324,1937,2949
POST00484,2025-03-02 09:00:00,Facebook,Carousel,Seasonal Campaign,Community,14,115406,85741,59653,4323.0,52,559,197
POST00485,2025-03-02 12:00:00,YouTube,Carousel,Event Promotion,Promotional,7,211686,321509,274206,16992.0,686,672,4590
POST00486,2025-03-02 15:00:00,LinkedIn,Text,Festival Campaign,Entertainment,21,273043,231938,179995,9539.0,247,1950,3142
POST00487,2025-03-02 18:00:00,Instagram,Reel,Event Promotion,Community,19,261575,369814,220950,11802.0,228,2703,4048
POST00488,2025-03-02 21:00:00,Instagram,Carousel,Festival Campaign,Education,14,232282,183861,103614,4341.0,220,1454,1577
POST00489,2025-03-03 00:00:00,LinkedIn,Carousel,Community Campaign,Community,7,368074,223789,142198,3200.0,97,1724,1841
POST00490,2025-03-03 03:00:00,LinkedIn,Text,Brand Awareness,Event,9,164603,122089,83316,4131.0,159,401,1818
POST00491,2025-03-03 06:00:00,YouTube,Reel,Seasonal Campaign,Event,18,434586,731720,616948,31936.0,372,10999,12265
POST00492,2025-03-03 09:00:00,Facebook,Video,Brand Awareness,Education,2,281697,446372,361309,17183.0,851,5322,5951
POST00493,2025-03-03 12:00:00,Instagram,Image,Event Promotion,Event,19,466216,259051,229099,12643.0,307,1564,919
POST00494,2025-03-03 15:00:00,Instagram,Reel,Product Launch,Community,13,431781,842484,628249,28725.0,1283,10557,11475
POST00495,2025-03-03 18:00:00,YouTube,Image,Educational Series,Entertainment,8,406678,404943,328696,22051.0,1058,1635,5022
POST00496,2025-03-03 21:00:00,Instagram,Reel,Festival Campaign,Community,8,414048,906020,585605,39803.0,631,8160,10691
POST00497,2025-03-04 00:00:00,YouTube,Image,Educational Series,Entertainment,20,460194,490292,386277,27175.0,673,1213,3805
POST00498,2025-03-04 03:00:00,Instagram,Video,Brand Awareness,Event,5,496157,676361,539163,15916.0,734,8575,10833
POST00499,2025-03-04 06:00:00,LinkedIn,Image,Special Campaign,Community,7,161257,135361,114643,4148.0,89,1184,1398
POST00500,2025-03-04 09:00:00,LinkedIn,Carousel,Product Launch,Event,10,154564,173136,127729,5751.0,301,534,2896
POST00501,2025-03-04 12:00:00,Facebook,Image,Product Launch,Entertainment,7,209310,132665,103100,5922.0,151,211,545
POST00502,2025-03-04 15:00:00,YouTube,Reel,Educational Series,Event,11,78859,68509,42548,1813.0,54,390,581
POST00503,2025-03-04 18:00:00,Instagram,Reel,Brand Awareness,Brand,9,326774,475622,384238,21239.0,318,5383,2891
POST00504,2025-03-04 21:00:00,Facebook,Image,Special Campaign,Promotional,22,216896,125530,105877,7112.0,123,541,1373
POST00505,2025-03-05 00:00:00,Facebook,Reel,Educational Series,Community,3,191656,208438,157956,5518.0,131,3008,1703
POST00506,2025-03-05 03:00:00,Instagram,Reel,Event Promotion,Brand,15,21076,49023,28947,2435.0,30,532,598
POST00507,2025-03-05 06:00:00,LinkedIn,Image,Product Launch,Event,19,133868,103529,68277,3819.0,75,600,455
POST00508,2025-03-05 09:00:00,Facebook,Reel,Product Launch,Event,5,185211,258649,185303,6704.0,204,1470,2996
POST00509,2025-03-05 12:00:00,LinkedIn,Reel,Event Promotion,Promotional,8,217682,266670,209871,16727.0,485,3724,2506
POST00510,2025-03-05 15:00:00,Facebook,Image,Brand Awareness,Event,22,188774,201944,133710,6520.0,129,1497,1925
POST00511,2025-03-05 18:00:00,Facebook,Reel,Product Launch,Promotional,4,282041,476545,402252,19479.0,273,1631,7528
POST00512,2025-03-05 21:00:00,YouTube,Text,Seasonal Campaign,Community,20,178607,170752,116132,3367.0,87,713,1260
POST00513,2025-03-06 00:00:00,LinkedIn,Video,Special Campaign,Entertainment,23,118343,110893,62653,5261.0,248,1109,693
POST00514,2025-03-06 03:00:00,LinkedIn,Carousel,Community Campaign,Promotional,5,476953,327656,271265,9644.0,342,2250,1272
POST00515,2025-03-06 06:00:00,Instagram,Reel,Community Campaign,Promotional,16,345849,464139,359929,23754.0,1362,6610,5450
POST00516,2025-03-06 09:00:00,Instagram,Video,Community Campaign,Brand,16,483026,580429,482153,35217.0,598,8507,5868
POST00517,2025-03-06 12:00:00,Instagram,Video,Festival Campaign,Event,23,179270,212834,143048,4771.0,97,1207,2985
POST00518,2025-03-06 15:00:00,Facebook,Video,Seasonal Campaign,Community,21,397014,512225,284884,25961.0,623,4970,3607
POST00519,2025-03-06 18:00:00,LinkedIn,Reel,Festival Campaign,Entertainment,12,377539,427078,245917,11393.0,121,1212,5989
POST00520,2025-03-06 21:00:00,Instagram,Carousel,Brand Awareness,Education,16,210185,185911,109525,4500.0,257,469,742
POST00521,2025-03-07 00:00:00,YouTube,Video,Event Promotion,Promotional,13,385944,748695,622765,44814.0,1446,4181,5527
POST00522,2025-03-07 03:00:00,Instagram,Image,Educational Series,Education,1,327904,328541,215359,4785.0,163,1565,2502
POST00523,2025-03-07 06:00:00,LinkedIn,Carousel,Seasonal Campaign,Event,18,208912,187083,168237,10185.0,182,769,1135
POST00524,2025-03-07 09:00:00,Facebook,Image,Special Campaign,Promotional,2,143476,139760,113965,7688.0,412,658,2779
POST00525,2025-03-07 12:00:00,Facebook,Image,Brand Awareness,Education,1,317420,286337,217731,6847.0,305,655,3723
POST00526,2025-03-07 15:00:00,YouTube,Reel,Educational Series,Brand,1,490770,569197,509013,27603.0,871,5022,1652
POST00527,2025-03-07 18:00:00,YouTube,Carousel,Brand Awareness,Education,21,81913,122775,81118,2890.0,155,1086,1275
POST00528,2025-03-07 21:00:00,Instagram,Reel,Festival Campaign,Brand,6,471244,448548,272701,24505.0,1354,3451,5505
POST00529,2025-03-08 00:00:00,Instagram,Image,Community Campaign,Entertainment,3,355752,410721,331881,8977.0,111,3743,1370
POST00530,2025-03-08 03:00:00,LinkedIn,Reel,Event Promotion,Event,16,33348,26820,17361,920.0,14,84,272
POST00531,2025-03-08 06:00:00,Facebook,Image,Festival Campaign,Community,5,328822,297178,263407,13290.0,151,1705,2959
POST00532,2025-03-08 09:00:00,LinkedIn,Reel,Event Promotion,Education,6,165024,123225,110387,6353.0,248,360,1743
POST00533,2025-03-08 12:00:00,LinkedIn,Carousel,Seasonal Campaign,Promotional,19,134369,143593,125534,3153.0,65,897,1074
POST00534,2025-03-08 15:00:00,YouTube,Video,Educational Series,Event,5,20318,19512,17183,1584.0,82,205,303
POST00535,2025-03-08 18:00:00,Facebook,Reel,Brand Awareness,Education,8,359498,584816,447664,23438.0,780,5467,7954
POST00536,2025-03-08 21:00:00,LinkedIn,Reel,Product Launch,Promotional,19,308155,436352,345696,21004.0,1089,1251,5140
POST00537,2025-03-09 00:00:00,Facebook,Reel,Product Launch,Promotional,3,300931,303639,177017,6915.0,261,645,4128
POST00538,2025-03-09 03:00:00,Instagram,Video,Event Promotion,Community,4,394430,503127,411088,35479.0,1767,2943,9458
POST00539,2025-03-09 06:00:00,YouTube,Image,Community Campaign,Community,18,391304,465451,288915,9747.0,278,3127,1168
POST00540,2025-03-09 09:00:00,Instagram,Image,Community Campaign,Promotional,9,476644,303909,256533,4892.0,280,523,2405
POST00541,2025-03-09 12:00:00,LinkedIn,Reel,Event Promotion,Community,17,425732,257208,228024,11556.0,501,2966,2511
POST00542,2025-03-09 15:00:00,Facebook,Carousel,Festival Campaign,Promotional,14,381176,229211,143103,11876.0,472,659,603
POST00543,2025-03-09 18:00:00,Instagram,Video,Product Launch,Education,0,185127,283237,163515,5653.0,156,2801,2374
POST00544,2025-03-09 21:00:00,Facebook,Video,Festival Campaign,Entertainment,4,384449,269468,193844,5087.0,289,1766,686
POST00545,2025-03-10 00:00:00,Facebook,Carousel,Educational Series,Community,4,271366,199412,164922,9470.0,254,454,2954
POST00546,2025-03-10 03:00:00,Instagram,Reel,Product Launch,Brand,7,290896,520465,426637,23460.0,1215,6254,1305
POST00547,2025-03-10 06:00:00,Instagram,Reel,Educational Series,Brand,21,217983,175339,139199,12250.0,370,1501,515
POST00548,2025-03-10 09:00:00,Facebook,Reel,Brand Awareness,Brand,21,406489,323515,270860,22505.0,1088,4738,5780
POST00549,2025-03-10 12:00:00,YouTube,Reel,Festival Campaign,Entertainment,21,362650,741547,453267,18340.0,1019,6171,3878
POST00550,2025-03-10 15:00:00,Facebook,Reel,Event Promotion,Promotional,19,210922,287146,223450,15650.0,520,3196,1069
POST00551,2025-03-10 18:00:00,YouTube,Reel,Product Launch,Promotional,14,392526,452165,344544,9829.0,356,5363,4061
POST00552,2025-03-10 21:00:00,LinkedIn,Image,Festival Campaign,Event,16,118328,46457,28046,1170.0,31,188,115
POST00553,2025-03-11 00:00:00,YouTube,Text,Event Promotion,Brand,18,168610,151072,105002,4948.0,63,968,2048
POST00554,2025-03-11 03:00:00,YouTube,Carousel,Brand Awareness,Brand,12,294801,246132,208814,9843.0,419,582,2896
POST00555,2025-03-11 06:00:00,LinkedIn,Video,Product Launch,Promotional,21,431059,604244,537856,17476.0,279,7714,8144
POST00556,2025-03-11 09:00:00,YouTube,Carousel,Educational Series,Brand,20,101119,138628,108531,2699.0,74,1170,2123
POST00557,2025-03-11 12:00:00,Instagram,Reel,Brand Awareness,Promotional,9,303635,698249,609347,56416.0,1550,7419,12344
POST00558,2025-03-11 15:00:00,Instagram,Carousel,Community Campaign,Promotional,16,123010,209069,124650,9617.0,168,803,747
POST00559,2025-03-11 18:00:00,Facebook,Reel,Event Promotion,Community,4,197503,227156,202457,10681.0,462,916,1855
POST00560,2025-03-11 21:00:00,Facebook,Carousel,Special Campaign,Promotional,17,148801,164460,92381,2895.0,54,1010,634
POST00561,2025-03-12 00:00:00,Facebook,Reel,Product Launch,Education,16,214547,329365,241932,24757.0,1211,2557,1013
POST00562,2025-03-12 03:00:00,Instagram,Text,Product Launch,Education,3,324324,314711,205145,8116.0,182,743,3041
POST00563,2025-03-12 06:00:00,Instagram,Reel,Seasonal Campaign,Education,21,300684,263375,219883,13892.0,338,732,1868
POST00564,2025-03-12 09:00:00,Instagram,Reel,Seasonal Campaign,Education,6,222587,336973,210992,17690.0,480,2469,1347
POST00565,2025-03-12 12:00:00,Instagram,Text,Brand Awareness,Entertainment,4,473851,268918,148990,3367.0,59,406,2119
POST00566,2025-03-12 15:00:00,YouTube,Reel,Product Launch,Event,7,27943,48543,33742,2403.0,76,617,571
POST00567,2025-03-12 18:00:00,Instagram,Carousel,Event Promotion,Event,7,140730,209348,119838,9237.0,129,498,2395
POST00568,2025-03-12 21:00:00,YouTube,Carousel,Brand Awareness,Promotional,10,291055,501868,326983,7341.0,230,829,1106
POST00569,2025-03-13 00:00:00,LinkedIn,Video,Educational Series,Brand,8,453470,491406,380992,27603.0,745,2471,5554
POST00570,2025-03-13 03:00:00,Instagram,Text,Brand Awareness,Education,18,250481,293093,191432,7621.0,205,613,1699
POST00571,2025-03-13 06:00:00,YouTube,Text,Brand Awareness,Event,18,345144,218765,139140,8040.0,345,1282,3452
POST00572,2025-03-13 09:00:00,Facebook,Reel,Special Campaign,Event,8,89305,87771,53050,2449.0,118,397,342
POST00573,2025-03-13 12:00:00,Instagram,Video,Educational Series,Education,22,22479,45868,27397,2351.0,65,170,346
POST00574,2025-03-13 15:00:00,Facebook,Carousel,Community Campaign,Entertainment,19,30112,35717,26218,1060.0,24,411,638
POST00575,2025-03-13 18:00:00,LinkedIn,Carousel,Seasonal Campaign,Entertainment,16,391719,380134,299746,14412.0,500,1243,2304
POST00576,2025-03-13 21:00:00,LinkedIn,Reel,Event Promotion,Event,15,483483,379141,268604,11452.0,565,1084,5574
POST00577,2025-03-14 00:00:00,Instagram,Carousel,Community Campaign,Entertainment,6,213684,322707,191449,14436.0,609,1200,1597
POST00578,2025-03-14 03:00:00,LinkedIn,Text,Community Campaign,Community,21,490113,407802,316745,7536.0,89,1726,1474
POST00579,2025-03-14 06:00:00,YouTube,Text,Community Campaign,Education,2,252548,152263,113434,6086.0,206,1011,446
POST00580,2025-03-14 09:00:00,Instagram,Image,Seasonal Campaign,Event,20,66809,87026,59477,2533.0,150,771,1419
POST00581,2025-03-14 12:00:00,YouTube,Reel,Festival Campaign,Education,18,280462,358425,238537,21739.0,601,3698,1832
POST00582,2025-03-14 15:00:00,LinkedIn,Image,Seasonal Campaign,Entertainment,7,52205,23257,14282,461.0,14,147,134
POST00583,2025-03-14 18:00:00,YouTube,Video,Community Campaign,Education,4,223676,373039,224272,7525.0,183,4006,5443
POST00584,2025-03-14 21:00:00,Instagram,Carousel,Festival Campaign,Entertainment,5,419773,352857,235909,13202.0,460,2960,4119
POST00585,2025-03-15 00:00:00,Facebook,Image,Educational Series,Entertainment,1,187170,114144,64442,2932.0,52,221,885
POST00586,2025-03-15 03:00:00,Instagram,Reel,Seasonal Campaign,Education,23,452006,904640,635798,34215.0,764,6612,7997
POST00587,2025-03-15 06:00:00,Instagram,Image,Event Promotion,Entertainment,18,130947,175665,133602,7186.0,327,1027,543
POST00588,2025-03-15 09:00:00,Instagram,Image,Community Campaign,Community,12,316970,258177,227087,5254.0,88,1218,4872
POST00589,2025-03-15 12:00:00,Instagram,Text,Product Launch,Promotional,5,435290,564513,434132,18663.0,1050,1346,8580
POST00590,2025-03-15 15:00:00,Instagram,Carousel,Educational Series,Education,5,146201,131765,101251,3477.0,88,1196,505
POST00591,2025-03-15 18:00:00,Instagram,Reel,Festival Campaign,Promotional,1,369835,861734,586879,21161.0,820,4278,6324
POST00592,2025-03-15 21:00:00,Facebook,Image,Seasonal Campaign,Education,23,136558,136926,81698,5483.0,143,744,1836
POST00593,2025-03-16 00:00:00,Instagram,Reel,Event Promotion,Entertainment,4,384069,534743,377757,23369.0,792,3041,3098
POST00594,2025-03-16 03:00:00,Instagram,Text,Brand Awareness,Entertainment,10,258713,146771,111477,5501.0,303,717,1833
POST00595,2025-03-16 06:00:00,LinkedIn,Image,Event Promotion,Event,10,253367,149680,120254,2743.0,36,690,1651
POST00596,2025-03-16 09:00:00,YouTube,Image,Event Promotion,Community,23,116320,79888,67036,1414.0,74,443,1408
POST00597,2025-03-16 12:00:00,Facebook,Image,Community Campaign,Event,13,314545,285823,182805,8175.0,309,1894,693
POST00598,2025-03-16 15:00:00,Instagram,Carousel,Community Campaign,Promotional,12,424781,458609,290953,11894.0,514,4121,6096
POST00599,2025-03-16 18:00:00,Instagram,Carousel,Seasonal Campaign,Entertainment,7,110236,110424,82581,1759.0,22,746,494
POST00600,2025-03-16 21:00:00,Instagram,Carousel,Seasonal Campaign,Event,14,257879,408477,305583,9945.0,478,3187,1018
POST00601,2025-03-17 00:00:00,Instagram,Reel,Special Campaign,Entertainment,11,84702,96537,60459,2603.0,42,1040,973
POST00602,2025-03-17 03:00:00,Instagram,Reel,Festival Campaign,Education,2,463142,785279,593369,28780.0,1676,2978,5156
POST00603,2025-03-17 06:00:00,Instagram,Reel,Special Campaign,Event,20,231945,251328,168655,15929.0,795,900,3137
POST00604,2025-03-17 09:00:00,Instagram,Carousel,Seasonal Campaign,Promotional,22,162184,248246,192082,9123.0,316,1345,2561
POST00605,2025-03-17 12:00:00,Instagram,Reel,Festival Campaign,Event,4,99297,174285,113610,8974.0,504,888,1854
POST00606,2025-03-17 15:00:00,YouTube,Image,Community Campaign,Entertainment,5,390471,501822,380030,7218.0,133,5069,6906
POST00607,2025-03-17 18:00:00,Instagram,Video,Community Campaign,Brand,1,422101,345546,282970,23374.0,1392,3169,6619
POST00608,2025-03-17 21:00:00,Instagram,Video,Product Launch,Brand,7,414592,423941,378602,15637.0,716,4002,7991
POST00609,2025-03-18 00:00:00,YouTube,Image,Product Launch,Community,4,157011,101729,88389,3066.0,45,757,1227
POST00610,2025-03-18 03:00:00,Facebook,Image,Educational Series,Entertainment,21,193021,107967,78409,1602.0,59,943,990
POST00611,2025-03-18 06:00:00,Instagram,Reel,Community Campaign,Education,16,153918,144790,104382,6049.0,275,701,1816
POST00612,2025-03-18 09:00:00,Facebook,Carousel,Brand Awareness,Event,1,92353,92691,65179,4869.0,197,591,1247
POST00613,2025-03-18 12:00:00,Facebook,Video,Product Launch,Brand,10,27430,32392,18130,929.0,28,120,123
POST00614,2025-03-18 15:00:00,Instagram,Reel,Festival Campaign,Education,3,177400,371802,226086,21901.0,490,3570,840
POST00615,2025-03-18 18:00:00,LinkedIn,Image,Event Promotion,Entertainment,10,162223,107192,61176,3966.0,86,666,795
POST00616,2025-03-18 21:00:00,LinkedIn,Video,Seasonal Campaign,Education,8,473013,468798,372096,10590.0,596,6450,1930
POST00617,2025-03-19 00:00:00,Instagram,Video,Seasonal Campaign,Entertainment,5,178691,383734,266553,12255.0,266,2497,2399
POST00618,2025-03-19 03:00:00,Instagram,Reel,Educational Series,Community,23,316628,509669,291693,28297.0,1644,1540,4627
POST00619,2025-03-19 06:00:00,Facebook,Image,Product Launch,Event,1,144506,125661,99485,1950.0,39,1222,629
POST00620,2025-03-19 09:00:00,Facebook,Reel,Event Promotion,Education,14,178736,312827,242613,20799.0,607,4282,879
POST00621,2025-03-19 12:00:00,Instagram,Reel,Event Promotion,Event,4,157852,367928,295073,28533.0,302,1937,4485
POST00622,2025-03-19 15:00:00,Instagram,Text,Product Launch,Education,11,219939,182907,138998,6904.0,380,582,1842
POST00623,2025-03-19 18:00:00,Instagram,Video,Brand Awareness,Entertainment,12,48604,79434,48179,3736.0,56,351,469
POST00624,2025-03-19 21:00:00,YouTube,Video,Brand Awareness,Entertainment,16,127385,164920,94249,7984.0,222,890,1254
POST00625,2025-03-20 00:00:00,Facebook,Reel,Educational Series,Education,3,37762,53933,45087,3513.0,183,748,813
POST00626,2025-03-20 03:00:00,Instagram,Video,Special Campaign,Community,9,401416,831443,520095,28325.0,1404,2419,2807
POST00627,2025-03-20 06:00:00,YouTube,Image,Brand Awareness,Entertainment,0,174837,140142,103688,2217.0,115,1036,894
POST00628,2025-03-20 09:00:00,Facebook,Reel,Educational Series,Promotional,10,214798,331451,238587,20867.0,1162,2042,4888
POST00629,2025-03-20 12:00:00,Instagram,Image,Special Campaign,Promotional,15,188115,234623,204677,13689.0,760,836,3631
POST00630,2025-03-20 15:00:00,Instagram,Reel,Special Campaign,Event,10,238530,290312,215804,14222.0,690,1795,1911
POST00631,2025-03-20 18:00:00,Facebook,Video,Festival Campaign,Promotional,8,472267,661685,498252,31061.0,1215,5340,5859
POST00632,2025-03-20 21:00:00,LinkedIn,Image,Special Campaign,Promotional,1,371374,247905,164070,6526.0,248,2064,924
POST00633,2025-03-21 00:00:00,YouTube,Reel,Product Launch,Community,6,161628,143391,126978,11788.0,125,1678,1088
POST00634,2025-03-21 03:00:00,YouTube,Reel,Special Campaign,Community,18,361235,771448,589641,16011.0,738,7582,12680
POST00635,2025-03-21 06:00:00,Instagram,Reel,Event Promotion,Brand,17,134919,194824,107492,8031.0,171,477,1363
POST00636,2025-03-21 09:00:00,INSTAGRAM,Reel,Educational Series,Brand,19,150731,224501,167169,16178.0,832,660,2856
POST00637,2025-03-21 12:00:00,YouTube,Image,Seasonal Campaign,Community,6,30004,38851,26315,620.0,23,87,171
POST00638,2025-03-21 15:00:00,Instagram,Video,Brand Awareness,Brand,22,210028,441827,247970,23076.0,1369,964,1743
POST00639,2025-03-21 18:00:00,Instagram,Reel,Seasonal Campaign,Community,8,385870,826419,579354,58792.0,1206,7149,13730
POST00640,2025-03-21 21:00:00,Instagram,Reel,Educational Series,Brand,11,171882,274853,225585,22225.0,1026,2312,4852
POST00641,2025-03-22 00:00:00,Instagram,Image,Community Campaign,Entertainment,2,475216,536686,389809,16753.0,626,724,7947
POST00642,2025-03-22 03:00:00,Instagram,Video,Educational Series,Community,22,227796,256151,198212,10222.0,578,1561,2031
POST00643,2025-03-22 06:00:00,Instagram,Reel,Brand Awareness,Event,21,20247,30410,23534,1907.0,44,111,361
POST00644,2025-03-22 09:00:00,Instagram,Reel,Community Campaign,Event,15,433978,979518,768781,39098.0,507,14836,10633
POST00645,2025-03-22 12:00:00,Instagram,Image,Community Campaign,Community,6,394046,522148,358015,7765.0,288,2571,8605
POST00646,2025-03-22 15:00:00,LinkedIn,Reel,Special Campaign,Promotional,22,65995,35132,23872,2299.0,82,233,197
POST00647,2025-03-22 18:00:00,YouTube,Reel,Brand Awareness,Event,4,341567,301127,166103,12543.0,320,2240,3959
POST00648,2025-03-22 21:00:00,Facebook,Carousel,Community Campaign,Promotional,22,230419,310029,187250,6375.0,378,1305,3473
POST00649,2025-03-23 00:00:00,Facebook,Carousel,Product Launch,Event,6,220349,280843,247923,5493.0,74,2942,3000
POST00650,2025-03-23 03:00:00,YouTube,Image,Event Promotion,Education,18,81969,80026,67609,3858.0,148,837,599
POST00651,2025-03-23 06:00:00,Instagram,Carousel,Seasonal Campaign,Education,16,311196,437974,283057,21151.0,486,2522,5565
POST00652,2025-03-23 09:00:00,YouTube,Carousel,Product Launch,Community,15,331358,302212,208652,9713.0,98,1528,4403
POST00653,2025-03-23 12:00:00,YouTube,Reel,Product Launch,Event,20,269983,499130,438721,14175.0,841,5010,4766
POST00654,2025-03-23 15:00:00,Facebook,Image,Brand Awareness,Entertainment,23,185391,165681,105647,5601.0,190,936,716
POST00655,2025-03-23 18:00:00,YouTube,Reel,Special Campaign,Promotional,20,485058,828770,610295,30002.0,1585,10329,8440
POST00656,2025-03-23 21:00:00,Instagram,Reel,Brand Awareness,Event,18,219613,299740,167173,6223.0,323,1549,2224
POST00657,2025-03-24 00:00:00,Instagram,Carousel,Seasonal Campaign,Community,17,88858,104172,79890,4246.0,214,223,1514
POST00658,2025-03-24 03:00:00,Instagram,Video,Event Promotion,Promotional,18,494760,504191,441432,25908.0,853,5402,10775
POST00659,2025-03-24 06:00:00,Facebook,Text,Educational Series,Brand,3,60765,59393,51057,1953.0,107,567,749
POST00660,2025-03-24 09:00:00,YouTube,Carousel,Product Launch,Community,0,438086,731942,531162,38725.0,1098,7308,10144
POST00661,2025-03-24 12:00:00,Instagram,Reel,Community Campaign,Event,3,163538,336183,261340,16672.0,507,4028,2799
POST00662,2025-03-24 15:00:00,LinkedIn,Reel,Event Promotion,Entertainment,3,327428,488842,366352,35258.0,803,2045,5931
POST00663,2025-03-24 18:00:00,Facebook,Video,Product Launch,Brand,8,332178,418064,239735,20284.0,657,3375,1327
POST00664,2025-03-24 21:00:00,Instagram,Image,Educational Series,Community,7,315305,250170,151491,8053.0,477,417,3170
POST00665,2025-03-25 00:00:00,Instagram,Carousel,Special Campaign,Event,1,481491,764542,678405,16676.0,644,5998,7174
POST00666,2025-03-25 03:00:00,Instagram,Video,Community Campaign,Education,22,211883,251801,161049,13894.0,716,1318,766
POST00667,2025-03-25 06:00:00,Instagram,Carousel,Product Launch,Event,5,253543,300450,205675,16053.0,371,2973,5099
POST00668,2025-03-25 09:00:00,Instagram,Video,Festival Campaign,Education,22,73565,82029,59727,3046.0,176,292,1364
POST00669,2025-03-25 12:00:00,Instagram,Reel,Seasonal Campaign,Education,10,343458,494871,441769,29616.0,315,7038,3244
POST00670,2025-03-25 15:00:00,Instagram,Carousel,Event Promotion,Community,3,401522,596637,472236,18277.0,1032,1304,5190
POST00671,2025-03-25 18:00:00,Instagram,Video,Seasonal Campaign,Event,13,204698,179986,138653,3474.0,190,1850,3273
POST00672,2025-03-25 21:00:00,LinkedIn,Reel,Brand Awareness,Event,20,491946,309638,227131,14399.0,192,1718,4660
POST00673,2025-03-26 00:00:00,Instagram,Carousel,Product Launch,Education,21,220839,329392,261944,7635.0,307,4039,6009
POST00674,2025-03-26 03:00:00,YouTube,Reel,Community Campaign,Promotional,8,334073,611287,478274,19274.0,949,6673,7353
POST00675,2025-03-26 06:00:00,YouTube,Text,Community Campaign,Brand,1,244876,212420,183954,6738.0,203,829,1535
POST00676,2025-03-26 09:00:00,LinkedIn,Reel,Event Promotion,Entertainment,0,480153,340383,251761,23572.0,343,1656,2012
POST00677,2025-03-26 12:00:00,Instagram,Image,Event Promotion,Event,3,28086,28232,19692,1252.0,64,182,286
POST00678,2025-03-26 15:00:00,Instagram,Reel,Seasonal Campaign,Brand,11,475798,933874,777456,78737.0,2623,5604,18136
POST00679,2025-03-26 18:00:00,LinkedIn,Carousel,Community Campaign,Brand,4,381353,379833,315232,16205.0,375,1465,5325
POST00680,2025-03-26 21:00:00,LinkedIn,Reel,Community Campaign,Promotional,8,479281,303988,185263,12793.0,173,2509,695
POST00681,2025-03-27 00:00:00,Facebook,Reel,Community Campaign,Brand,21,453995,780373,493880,44510.0,1869,7329,7571
POST00682,2025-03-27 03:00:00,Instagram,Image,Product Launch,Event,3,174534,136351,120741,6735.0,81,553,1978
POST00683,2025-03-27 06:00:00,Instagram,Text,Community Campaign,Community,15,198841,128918,90943,2112.0,104,611,1436
POST00684,2025-03-27 09:00:00,Facebook,Reel,Brand Awareness,Community,1,138409,155437,113761,6490.0,315,1571,2070
POST00685,2025-03-27 12:00:00,LinkedIn,Reel,Community Campaign,Brand,15,206950,178045,117252,11546.0,301,2171,1108
POST00686,2025-03-27 15:00:00,YouTube,Video,Brand Awareness,Event,15,168028,329143,236448,8162.0,274,3531,1457
POST00687,2025-03-27 18:00:00,YouTube,Image,Product Launch,Event,20,364707,208147,168635,4941.0,214,1133,3288
POST00688,2025-03-27 21:00:00,Instagram,Text,Event Promotion,Education,23,395356,286947,206263,6812.0,394,2007,1509
POST00689,2025-03-28 00:00:00,Facebook,Reel,Special Campaign,Promotional,23,499207,515573,340368,33802.0,1217,3425,1875
POST00690,2025-03-28 03:00:00,Instagram,Carousel,Brand Awareness,Entertainment,21,273831,342770,200040,5635.0,337,775,2181
POST00691,2025-03-28 06:00:00,Instagram,Reel,Product Launch,Education,10,125317,100954,88323,6932.0,182,738,1883
POST00692,2025-03-28 09:00:00,YouTube,Reel,Special Campaign,Entertainment,0,258860,215572,184331,6692.0,243,2986,885
POST00693,2025-03-28 12:00:00,YouTube,Carousel,Special Campaign,Event,14,457771,400673,331347,17907.0,282,5018,2419
POST00694,2025-03-28 15:00:00,Instagram,Image,Community Campaign,Community,23,65602,74676,59212,2781.0,105,787,796
POST00695,2025-03-28 18:00:00,Instagram,Video,Product Launch,Education,3,156677,286028,208922,5655.0,208,2584,1948
POST00696,2025-03-28 21:00:00,Facebook,Reel,Special Campaign,Brand,17,358357,497471,429859,43166.0,2263,4592,8114
POST00697,2025-03-29 00:00:00,Instagram,Image,Community Campaign,Brand,16,168010,193612,160135,9857.0,589,591,2858
POST00698,2025-03-29 03:00:00,YouTube,Image,Seasonal Campaign,Entertainment,6,132355,117565,98237,3374.0,200,294,2115
POST00699,2025-03-29 06:00:00,Instagram,Text,Product Launch,Event,17,472718,583156,383916,8015.0,174,2516,2873
POST00700,2025-03-29 09:00:00,YouTube,Reel,Special Campaign,Community,12,334689,459352,320724,16985.0,457,4778,5540
POST00701,2025-03-29 12:00:00,YouTube,Reel,Event Promotion,Entertainment,19,194606,222421,177354,16982.0,403,1432,3554
POST00702,2025-03-29 15:00:00,Instagram,Image,Brand Awareness,Community,19,390864,476729,324114,8156.0,162,3141,1419
POST00703,2025-03-29 18:00:00,Instagram,Image,Seasonal Campaign,Promotional,9,35009,45073,32582,1201.0,21,276,124
POST00704,2025-03-29 21:00:00,Instagram,Reel,Event Promotion,Community,0,312390,437850,339893,21942.0,780,6287,5201
POST00705,2025-03-30 00:00:00,Instagram,Text,Festival Campaign,Brand,1,48185,22903,16105,265.0,14,57,256
POST00706,2025-03-30 03:00:00,LinkedIn,Reel,Community Campaign,Education,16,407012,251491,208124,9762.0,385,2620,2422
POST00707,2025-03-30 06:00:00,Instagram,Video,Special Campaign,Education,21,242127,469160,277131,18536.0,994,2454,1051
POST00708,2025-03-30 09:00:00,Facebook,Reel,Brand Awareness,Education,2,368632,240038,192347,9861.0,571,1350,2277
POST00709,2025-03-30 12:00:00,Instagram,Carousel,Event Promotion,Community,16,66642,91695,55092,4178.0,121,384,943
POST00710,2025-03-30 15:00:00,Facebook,Text,Brand Awareness,Brand,11,29185,13468,11828,676.0,35,51,218
POST00711,2025-03-30 18:00:00,Facebook,Reel,Festival Campaign,Community,23,84366,71951,47481,2869.0,36,546,657
POST00712,2025-03-30 21:00:00,YouTube,Text,Educational Series,Event,11,433059,276291,228879,8912.0,303,1588,3330
POST00713,2025-03-31 00:00:00,YouTube,Image,Community Campaign,Brand,19,299649,159685,116968,6089.0,173,1395,2081
POST00714,2025-03-31 03:00:00,YouTube,Text,Community Campaign,Brand,9,310166,173295,100836,4527.0,91,919,1299
POST00715,2025-03-31 06:00:00,Instagram,Carousel,Product Launch,Community,6,474825,688320,518928,12965.0,413,3232,4565
POST00716,2025-03-31 09:00:00,LinkedIn,Reel,Special Campaign,Community,9,205333,213272,185389,5596.0,180,3399,1465
POST00717,2025-03-31 12:00:00,Facebook,Reel,Community Campaign,Education,17,167511,254260,153835,14386.0,725,2657,3009
POST00718,2025-03-31 15:00:00,LinkedIn,Reel,Community Campaign,Brand,21,362340,211494,140105,6045.0,323,1846,1923
POST00719,2025-03-31 18:00:00,Instagram,Reel,Event Promotion,Education,5,94385,204502,143909,10298.0,441,419,2407
POST00720,2025-03-31 21:00:00,Facebook,Reel,Seasonal Campaign,Event,6,246236,431106,278610,20818.0,867,1709,3723
POST00721,2025-04-01 00:00:00,LinkedIn,Reel,Community Campaign,Promotional,16,241443,129502,114003,4426.0,68,1817,2395
POST00722,2025-04-01 03:00:00,Instagram,Image,Community Campaign,Education,11,90272,143085,97601,,223,693,1359
POST00723,2025-04-01 06:00:00,Instagram,Video,Special Campaign,Community,16,186449,197569,154167,13312.0,315,672,3813
POST00724,2025-04-01 09:00:00,Facebook,Reel,Festival Campaign,Entertainment,17,23909,33359,20961,1011.0,25,199,174
POST00725,2025-04-01 12:00:00,YouTube,Reel,Seasonal Campaign,Promotional,13,165939,188050,117887,11136.0,164,728,712
POST00726,2025-04-01 15:00:00,Facebook,Carousel,Festival Campaign,Event,10,215757,208337,127407,3326.0,139,1819,1429
POST00727,2025-04-01 18:00:00,Instagram,Reel,Special Campaign,Community,1,414010,652584,458234,40524.0,1588,8077,10635
POST00728,2025-04-01 21:00:00,Facebook,Reel,Brand Awareness,Promotional,20,365625,368364,271300,20599.0,432,2480,5901
POST00729,2025-04-02 00:00:00,Instagram,Reel,Brand Awareness,Community,0,78527,149152,82594,5904.0,136,406,697
POST00730,2025-04-02 03:00:00,Instagram,Text,Community Campaign,Education,10,166441,164722,138617,3514.0,170,692,2244
POST00731,2025-04-02 06:00:00,Instagram,Video,Community Campaign,Community,1,260209,377802,275592,13794.0,684,1214,4397
POST00732,2025-04-02 09:00:00,Facebook,Image,Product Launch,Event,15,305951,367477,222332,14931.0,517,1191,2102
POST00733,2025-04-02 12:00:00,Facebook,Carousel,Brand Awareness,Entertainment,21,30856,41989,24082,1212.0,21,304,196
POST00734,2025-04-02 15:00:00,YouTube,Image,Event Promotion,Education,2,157867,227467,130138,6519.0,83,678,1507
POST00735,2025-04-02 18:00:00,Instagram,Carousel,Community Campaign,Education,19,245993,428142,274085,21915.0,516,2611,5577
POST00736,2025-04-02 21:00:00,LinkedIn,Carousel,Event Promotion,Event,0,182135,115533,83732,4219.0,196,311,604
POST00737,2025-04-03 00:00:00,Instagram,Carousel,Community Campaign,Event,20,212023,227070,193255,8785.0,351,1322,2474
POST00738,2025-04-03 03:00:00,Facebook,Reel,Special Campaign,Promotional,19,451476,386162,334430,31994.0,1468,1093,4547
POST00739,2025-04-03 06:00:00,YouTube,Reel,Event Promotion,Entertainment,7,423365,899749,756972,73463.0,2467,8980,17910
POST00740,2025-04-03 09:00:00,Instagram,Image,Educational Series,Community,18,374349,263869,175472,6518.0,311,1029,1698
POST00741,2025-04-03 12:00:00,YouTube,Video,Event Promotion,Promotional,0,177400,202909,133371,8885.0,302,2134,457
POST00742,2025-04-03 15:00:00,Instagram,Image,Seasonal Campaign,Community,4,385447,291000,260622,,259,1666,4759
POST00743,2025-04-03 18:00:00,Facebook,Video,Brand Awareness,Community,0,271958,212488,167535,4689.0,65,1859,3288
POST00744,2025-04-03 21:00:00,YouTube,Text,Community Campaign,Community,10,254573,156905,103044,1730.0,89,1135,1902
POST00745,2025-04-04 00:00:00,Instagram,Reel,Brand Awareness,Promotional,20,89098,158406,105368,6985.0,289,1418,1940
POST00746,2025-04-04 03:00:00,LinkedIn,Carousel,Seasonal Campaign,Education,8,136382,65992,46334,1823.0,43,413,631
POST00747,2025-04-04 06:00:00,Instagram,Carousel,Seasonal Campaign,Event,4,446839,603852,463536,26725.0,1279,1594,1580
POST00748,2025-04-04 09:00:00,YouTube,Text,Event Promotion,Education,1,455471,495739,428463,20391.0,342,4072,8165
POST00749,2025-04-04 12:00:00,LinkedIn,Text,Festival Campaign,Entertainment,12,401587,305171,189025,3422.0,144,1467,4461
POST00750,2025-04-04 15:00:00,Facebook,Carousel,Festival Campaign,Promotional,17,449605,276667,160339,12280.0,730,574,1036
POST00751,2025-04-04 18:00:00,Instagram,Reel,Seasonal Campaign,Entertainment,11,417422,921242,637511,30343.0,531,4304,2865
POST00752,2025-04-04 21:00:00,LinkedIn,Video,Festival Campaign,Event,13,214637,261704,166420,8563.0,146,1795,1470
POST00753,2025-04-05 00:00:00,Facebook,Reel,Community Campaign,Event,4,385044,227639,171096,8946.0,298,575,3712
POST00754,2025-04-05 03:00:00,Instagram,Video,Product Launch,Brand,23,411755,733672,583067,49250.0,2075,7932,3110
POST00755,2025-04-05 06:00:00,Instagram,Text,Educational Series,Entertainment,9,303041,337490,222324,5042.0,57,827,4164
POST00756,2025-04-05 09:00:00,Facebook,Image,Event Promotion,Education,19,492903,397980,314367,6145.0,214,2367,1378
POST00757,2025-04-05 12:00:00,Facebook,Carousel,Product Launch,Entertainment,1,155442,80200,53742,4418.0,62,290,199
POST00758,2025-04-05 15:00:00,YouTube,Image,Festival Campaign,Promotional,3,175117,187218,144577,10258.0,226,1087,3268
POST00759,2025-04-05 18:00:00,LinkedIn,Image,Event Promotion,Event,11,107236,97728,75404,2406.0,109,303,1504
POST00760,2025-04-05 21:00:00,Facebook,Reel,Product Launch,Event,10,383895,346243,224142,5991.0,281,2832,3624
POST00761,2025-04-06 00:00:00,Instagram,Video,Brand Awareness,Entertainment,3,404062,679057,524573,36985.0,1719,8709,3558
POST00762,2025-04-06 03:00:00,Instagram,Text,Festival Campaign,Entertainment,10,465800,357982,244621,10807.0,143,2292,2234
POST00763,2025-04-06 06:00:00,Instagram,Text,Special Campaign,Community,8,68671,66368,44317,2540.0,125,170,180
POST00764,2025-04-06 09:00:00,Facebook,Reel,Product Launch,Entertainment,9,428542,443516,288840,14234.0,449,3182,4967
POST00765,2025-04-06 12:00:00,Instagram,Video,Special Campaign,Community,5,385677,446388,299515,11275.0,380,2695,5419
POST00766,2025-04-06 15:00:00,YouTube,Carousel,Community Campaign,Promotional,14,218849,342735,282880,16925.0,524,4322,2882
POST00767,2025-04-06 18:00:00,Facebook,Reel,Brand Awareness,Promotional,9,181711,266568,169487,11858.0,626,2728,1770
POST00768,2025-04-06 21:00:00,LinkedIn,Reel,Festival Campaign,Education,21,80874,71109,56083,,202,247,944
POST00769,2025-04-07 00:00:00,Instagram,Reel,Educational Series,Entertainment,20,452982,660459,571440,54309.0,1900,3113,13602
POST00770,2025-04-07 03:00:00,Facebook,Text,Seasonal Campaign,Education,5,172350,138638,93254,3747.0,193,778,1089
POST00771,2025-04-07 06:00:00,Instagram,Carousel,Festival Campaign,Brand,0,390603,645260,361558,11011.0,553,1548,5010
POST00772,2025-04-07 09:00:00,Facebook,Carousel,Special Campaign,Promotional,20,485196,543032,303344,17800.0,182,4572,5570
POST00773,2025-04-07 12:00:00,Instagram,Reel,Community Campaign,Event,21,219623,356635,213562,11784.0,399,4139,2249
POST00774,2025-04-07 15:00:00,Instagram,Carousel,Educational Series,Community,23,493655,904635,532391,26365.0,319,6774,11773
POST00775,2025-04-07 18:00:00,Facebook,Reel,Educational Series,Brand,19,190655,284218,230736,23267.0,590,704,4987
POST00776,2025-04-07 21:00:00,Instagram,Image,Educational Series,Event,20,375823,249861,163208,7828.0,392,1215,2910
POST00777,2025-04-08 00:00:00,Instagram,Carousel,Event Promotion,Brand,3,408894,545160,424340,12911.0,738,3243,6285
POST00778,2025-04-08 03:00:00,Facebook,Reel,Event Promotion,Education,22,90400,96201,54340,3291.0,72,875,1338
POST00779,2025-04-08 06:00:00,Facebook,Video,Special Campaign,Education,21,29676,41502,27121,1096.0,12,186,500
POST00780,2025-04-08 09:00:00,Facebook,Reel,Seasonal Campaign,Community,13,286378,182496,115328,4217.0,127,1052,1977
POST00781,2025-04-08 12:00:00,Facebook,Carousel,Educational Series,Promotional,19,434556,373993,241939,15936.0,426,816,5392
POST00782,2025-04-08 15:00:00,YouTube,Image,Seasonal Campaign,Community,21,132451,107297,66175,3437.0,150,384,1006
POST00783,2025-04-08 18:00:00,Instagram,Image,Brand Awareness,Event,19,366403,253727,194423,8725.0,303,2565,1622
POST00784,2025-04-08 21:00:00,Instagram,Reel,Educational Series,Brand,7,159598,218798,171085,10096.0,302,3168,1031
POST00785,2025-04-09 00:00:00,Instagram,Reel,Product Launch,Community,10,485594,888427,534800,27345.0,587,8171,7146
POST00786,2025-04-09 03:00:00,LinkedIn,Text,Educational Series,Entertainment,14,316770,163772,132557,2513.0,129,1371,1901
POST00787,2025-04-09 06:00:00,YouTube,Reel,Special Campaign,Entertainment,18,21207,32752,20879,1030.0,23,128,442
POST00788,2025-04-09 09:00:00,YouTube,Video,Event Promotion,Promotional,7,411474,593556,385231,32499.0,413,4661,2337
POST00789,2025-04-09 12:00:00,YouTube,Text,Event Promotion,Community,12,102844,92237,77486,3894.0,148,493,1393
POST00790,2025-04-09 15:00:00,LinkedIn,Reel,Product Launch,Event,17,475636,509269,440725,44883.0,1161,4294,4270
POST00791,2025-04-09 18:00:00,Instagram,Reel,Product Launch,Entertainment,21,72097,69393,58197,4491.0,204,470,1376
POST00792,2025-04-09 21:00:00,YouTube,Carousel,Festival Campaign,Promotional,23,140069,116231,69938,3908.0,54,973,933
POST00793,2025-04-10 00:00:00,YouTube,Text,Brand Awareness,Community,16,477630,512284,460924,13054.0,761,2868,7694
POST00794,2025-04-10 03:00:00,Facebook,Text,Brand Awareness,Promotional,5,418645,283253,222425,4105.0,79,1903,3848
POST00795,2025-04-10 06:00:00,Instagram,Image,Special Campaign,Event,14,335735,437315,318686,16371.0,455,3205,1594
POST00796,2025-04-10 09:00:00,LinkedIn,Video,Special Campaign,Entertainment,12,420807,432216,382163,22604.0,769,1728,8311
POST00797,2025-04-10 12:00:00,LinkedIn,Reel,Special Campaign,Entertainment,17,131248,73530,61477,5238.0,285,210,406
POST00798,2025-04-10 15:00:00,YouTube,Text,Special Campaign,Entertainment,10,451876,483225,382767,12835.0,592,3708,4494
POST00799,2025-04-10 18:00:00,Facebook,Text,Special Campaign,Education,12,97313,37068,31264,1855.0,31,196,556
POST00800,2025-04-10 21:00:00,LinkedIn,Reel,Special Campaign,Entertainment,0,386393,579937,397206,22646.0,723,6470,1674
POST00801,2025-04-11 00:00:00,Facebook,Reel,Brand Awareness,Brand,17,60459,50603,39953,2076.0,77,304,630
POST00802,2025-04-11 03:00:00,Instagram,Reel,Community Campaign,Education,4,491300,775936,478522,44950.0,2027,8213,5750
POST00803,2025-04-11 06:00:00,YouTube,Reel,Event Promotion,Community,5,384475,309860,277572,15779.0,608,4619,1222
POST00804,2025-04-11 09:00:00,Facebook,Video,Brand Awareness,Education,0,261832,394456,298265,25860.0,849,2491,5661
POST00805,2025-04-11 12:00:00,YouTube,Image,Special Campaign,Education,6,213171,312325,260786,5079.0,245,1725,3658
POST00806,2025-04-11 15:00:00,Facebook,Reel,Festival Campaign,Education,3,122599,92704,64203,5137.0,148,547,621
POST00807,2025-04-11 18:00:00,LinkedIn,Reel,Festival Campaign,Promotional,8,476064,393999,321308,10154.0,602,1024,1560
POST00808,2025-04-11 21:00:00,LinkedIn,Text,Brand Awareness,Brand,14,248663,76967,52767,1143.0,65,432,793
POST00809,2025-04-12 00:00:00,YouTube,Carousel,Product Launch,Event,5,98405,146273,110655,7204.0,326,644,1076
POST00810,2025-04-12 03:00:00,Instagram,Image,Festival Campaign,Entertainment,16,109399,95875,78842,2652.0,143,957,1878
POST00811,2025-04-12 06:00:00,LinkedIn,Reel,Seasonal Campaign,Education,19,417877,473200,279550,11856.0,351,4966,4476
POST00812,2025-04-12 09:00:00,Facebook,Text,Product Launch,Event,17,326946,118999,80309,4101.0,160,686,744
POST00813,2025-04-12 12:00:00,Instagram,Video,Seasonal Campaign,Promotional,21,300926,526699,390140,35943.0,849,2041,5707
POST00814,2025-04-12 15:00:00,LinkedIn,Reel,Event Promotion,Event,3,462395,495030,330135,14567.0,790,1356,4908
POST00815,2025-04-12 18:00:00,LinkedIn,Reel,Community Campaign,Education,8,392590,500151,329203,16704.0,560,5398,6251
POST00816,2025-04-12 21:00:00,YouTube,Reel,Festival Campaign,Community,13,152970,282088,182957,14947.0,550,3237,4180
POST00817,2025-04-13 00:00:00,YouTube,Reel,Product Launch,Brand,2,491671,414290,260889,23373.0,1244,2230,6307
POST00818,2025-04-13 03:00:00,Instagram,Image,Special Campaign,Event,0,191140,222551,188526,13565.0,676,1117,3543
POST00819,2025-04-13 06:00:00,Instagram,Text,Seasonal Campaign,Education,10,87963,91037,79501,2170.0,56,421,1193
POST00820,2025-04-13 09:00:00,Instagram,Image,Brand Awareness,Education,0,358447,393594,312930,15038.0,216,3593,2487
POST00821,2025-04-13 12:00:00,Facebook,Video,Seasonal Campaign,Entertainment,11,103956,76615,42942,1444.0,26,576,509
POST00822,2025-04-13 15:00:00,Instagram,Image,Seasonal Campaign,Community,8,209726,293458,242156,8685.0,234,781,3330
POST00823,2025-04-13 18:00:00,Instagram,Carousel,Event Promotion,Entertainment,4,56123,105892,77955,1857.0,46,839,454
POST00824,2025-04-13 21:00:00,Instagram,Carousel,Educational Series,Community,14,338342,626365,510699,17508.0,208,1140,4412
POST00825,2025-04-14 00:00:00,YouTube,Reel,Educational Series,Brand,17,263429,481249,338350,22165.0,700,4941,8343
POST00826,2025-04-14 03:00:00,LinkedIn,Image,Brand Awareness,Entertainment,8,335016,221458,125001,3355.0,51,1343,2455
POST00827,2025-04-14 06:00:00,Instagram,Carousel,Event Promotion,Brand,12,24902,26271,20717,1595.0,33,273,281
POST00828,2025-04-14 09:00:00,Instagram,Reel,Event Promotion,Promotional,12,177922,157804,111322,9062.0,447,1466,887
POST00829,2025-04-14 12:00:00,Facebook,Image,Special Campaign,Promotional,23,68554,50880,43548,849.0,29,170,680
POST00830,2025-04-14 15:00:00,YouTube,Image,Event Promotion,Community,12,194106,126069,101907,6658.0,190,1129,825
POST00831,2025-04-14 18:00:00,Instagram,Text,Event Promotion,Community,9,215915,146584,99068,5842.0,112,1017,718
POST00832,2025-04-14 21:00:00,YouTube,Image,Educational Series,Entertainment,9,159352,219581,176417,7956.0,424,1625,893
POST00833,2025-04-15 00:00:00,Instagram,Video,Product Launch,Promotional,21,362634,766853,554682,25877.0,1428,3711,5884
POST00834,2025-04-15 03:00:00,Instagram,Image,Event Promotion,Event,6,261372,408901,253439,8167.0,293,988,3780
POST00835,2025-04-15 06:00:00,YouTube,Video,Product Launch,Event,21,197886,181111,126227,3823.0,214,758,821
POST00836,2025-04-15 09:00:00,YouTube,Image,Seasonal Campaign,Event,4,77465,107435,67458,3005.0,99,134,499
POST00837,2025-04-15 12:00:00,LinkedIn,Video,Seasonal Campaign,Promotional,19,460189,283405,156366,4317.0,66,400,1814
POST00838,2025-04-15 15:00:00,Instagram,Image,Event Promotion,Event,6,188801,205467,130754,5911.0,64,689,1800
POST00839,2025-04-15 18:00:00,YouTube,Carousel,Festival Campaign,Brand,19,52800,69745,43474,1604.0,26,638,859
POST00840,2025-04-15 21:00:00,Facebook,Carousel,Community Campaign,Education,9,254074,231088,127449,6501.0,267,1348,1971
POST00841,2025-04-16 00:00:00,Instagram,Image,Festival Campaign,Community,9,225495,353572,291475,11831.0,308,1841,4835
POST00842,2025-04-16 03:00:00,Facebook,Reel,Seasonal Campaign,Entertainment,20,117143,114197,65885,3281.0,139,183,1206
POST00843,2025-04-16 06:00:00,Instagram,Reel,Community Campaign,Brand,23,138529,222021,157006,9576.0,338,3034,2028
POST00844,2025-04-16 09:00:00,LinkedIn,Reel,Festival Campaign,Event,12,248749,148868,103650,6527.0,173,1067,1093
POST00845,2025-04-16 12:00:00,Instagram,Video,Event Promotion,Education,14,258092,502557,308315,25906.0,542,5508,6354
POST00846,2025-04-16 15:00:00,YouTube,Reel,Product Launch,Entertainment,5,98871,129136,114724,8940.0,125,1694,2434
POST00847,2025-04-16 18:00:00,Instagram,Reel,Community Campaign,Brand,19,353857,662714,504528,30163.0,1481,1748,3222
POST00848,2025-04-16 21:00:00,LinkedIn,Carousel,Educational Series,Entertainment,11,323350,321114,268043,20915.0,1065,3705,6426
POST00849,2025-04-17 00:00:00,YouTube,Reel,Brand Awareness,Community,18,286070,481185,348209,29579.0,1096,4026,8168
POST00850,2025-04-17 03:00:00,Instagram ,Image,Community Campaign,Promotional,10,133682,133263,107008,2363.0,42,759,2371
POST00851,2025-04-17 06:00:00,Instagram,Reel,Community Campaign,Event,5,473661,574517,510988,19413.0,449,7873,6284
POST00852,2025-04-17 09:00:00,Facebook,Text,Educational Series,Brand,0,63056,47887,32177,600.0,34,291,692
POST00853,2025-04-17 12:00:00,Instagram,Video,Event Promotion,Brand,1,488906,1029137,747660,35108.0,747,11083,12573
POST00854,2025-04-17 15:00:00,instagram,Video,Festival Campaign,Education,22,88495,113325,82737,4580.0,58,1180,622
POST00855,2025-04-17 18:00:00,Instagram,Image,Festival Campaign,Education,14,104147,68473,61433,2778.0,104,571,1231
POST00856,2025-04-17 21:00:00,Instagram,Video,Seasonal Campaign,Education,3,185233,139552,88138,7518.0,173,1140,1051
POST00857,2025-04-18 00:00:00,Instagram,Reel,Product Launch,Entertainment,4,472467,736290,578987,15864.0,918,9906,5458
POST00858,2025-04-18 03:00:00,YouTube,Reel,Event Promotion,Event,14,169479,309203,185021,10991.0,425,2640,4130
POST00859,2025-04-18 06:00:00,YouTube,Reel,Educational Series,Entertainment,10,491777,572369,500522,29059.0,1693,2158,10996
POST00860,2025-04-18 09:00:00,Instagram,Image,Event Promotion,Event,9,222672,288880,218576,15117.0,744,2044,4812
POST00861,2025-04-18 12:00:00,Facebook,Image,Event Promotion,Brand,16,76714,88977,75701,2347.0,108,286,1658
POST00862,2025-04-18 15:00:00,YouTube,Image,Festival Campaign,Entertainment,1,149613,142041,122628,3017.0,155,241,1863
POST00863,2025-04-18 18:00:00,YouTube,Reel,Educational Series,Entertainment,19,157711,167827,125029,4638.0,186,777,2072
POST00864,2025-04-18 21:00:00,YouTube,Image,Special Campaign,Entertainment,23,284622,399489,315077,14521.0,153,1136,7522
POST00865,2025-04-19 00:00:00,YouTube,Carousel,Brand Awareness,Promotional,9,273134,306719,243704,11119.0,329,851,1424
POST00866,2025-04-19 03:00:00,YouTube,Image,Community Campaign,Community,19,84546,75986,54038,3173.0,66,233,1120
POST00867,2025-04-19 06:00:00,Instagram,Carousel,Festival Campaign,Event,2,486681,523296,367454,15198.0,482,3598,5356
POST00868,2025-04-19 09:00:00,Instagram,Reel,Educational Series,Event,18,248934,358441,220500,7933.0,265,1137,5407
POST00869,2025-04-19 12:00:00,LinkedIn,Video,Product Launch,Entertainment,4,213948,241057,164972,8554.0,140,1115,2814
POST00870,2025-04-19 15:00:00,LinkedIn,Image,Community Campaign,Promotional,2,401291,269779,241928,15890.0,177,2840,1590
POST00871,2025-04-19 18:00:00,Instagram,Reel,Community Campaign,Entertainment,7,370517,476406,307020,17693.0,299,5406,6429
POST00872,2025-04-19 21:00:00,Instagram,Reel,Special Campaign,Event,4,455157,883038,721313,65656.0,3471,5935,12838
POST00873,2025-04-20 00:00:00,Facebook,Carousel,Special Campaign,Community,11,49974,33198,18948,841.0,40,272,118
POST00874,2025-04-20 03:00:00,YouTube,Video,Festival Campaign,Community,13,64183,59468,42437,1878.0,93,489,135
POST00875,2025-04-20 06:00:00,Instagram,Image,Seasonal Campaign,Brand,6,421634,544814,310785,18598.0,442,1382,4649
POST00876,2025-04-20 09:00:00,Instagram,Reel,Product Launch,Promotional,10,496402,1058359,758345,32093.0,699,11638,6303
POST00877,2025-04-20 12:00:00,Facebook,Video,Festival Campaign,Community,7,120361,96349,53921,2194.0,26,905,1190
POST00878,2025-04-20 15:00:00,Facebook,Carousel,Event Promotion,Promotional,4,339292,221596,169444,4090.0,137,1880,1443
POST00879,2025-04-20 18:00:00,Instagram,Image,Seasonal Campaign,Entertainment,7,394151,498179,376263,10589.0,308,1563,6615
POST00880,2025-04-20 21:00:00,Instagram,Image,Educational Series,Brand,11,493135,596923,494995,19035.0,985,1388,5243
POST00881,2025-04-21 00:00:00,Instagram,Reel,Special Campaign,Event,14,394383,582785,439507,25125.0,1107,2846,4705
POST00882,2025-04-21 03:00:00,Facebook,Carousel,Product Launch,Community,18,128747,72495,63367,3009.0,51,425,443
POST00883,2025-04-21 06:00:00,Instagram,Image,Community Campaign,Community,15,444924,284363,234339,10288.0,610,1336,3294
POST00884,2025-04-21 09:00:00,Instagram,Text,Festival Campaign,Education,13,121245,139384,83132,3386.0,164,528,1308
POST00885,2025-04-21 12:00:00,Facebook,Image,Special Campaign,Event,6,183996,141848,91196,2574.0,118,703,1439
POST00886,2025-04-21 15:00:00,Instagram,Image,Community Campaign,Community,7,305526,448085,250560,12816.0,266,1833,5473
POST00887,2025-04-21 18:00:00,Facebook,Image,Product Launch,Community,6,46649,40609,27823,1006.0,55,162,482
POST00888,2025-04-21 21:00:00,Instagram,Text,Special Campaign,Event,17,247748,249448,181682,8726.0,294,461,3503
POST00889,2025-04-22 00:00:00,Instagram,Video,Special Campaign,Brand,23,392703,811025,714578,45817.0,1140,6378,7228
POST00890,2025-04-22 03:00:00,Instagram,Image,Community Campaign,Promotional,5,118099,84769,62118,2977.0,127,828,761
POST00891,2025-04-22 06:00:00,Facebook,Carousel,Festival Campaign,Event,18,50373,49650,40879,2623.0,54,450,139
POST00892,2025-04-22 09:00:00,LinkedIn,Image,Seasonal Campaign,Promotional,3,233752,93935,60476,2176.0,120,420,286
POST00893,2025-04-22 12:00:00,Facebook,Image,Festival Campaign,Brand,22,225573,156937,94728,3900.0,205,263,1086
POST00894,2025-04-22 15:00:00,Instagram,Reel,Brand Awareness,Brand,2,42791,43263,36072,2577.0,85,223,274
POST00895,2025-04-22 18:00:00,Facebook,Image,Special Campaign,Entertainment,16,209968,116983,74471,3035.0,59,634,1555
POST00896,2025-04-22 21:00:00,Instagram,Reel,Community Campaign,Education,21,43115,96503,82506,5004.0,174,908,1475
POST00897,2025-04-23 00:00:00,Instagram,Text,Brand Awareness,Brand,18,168413,168348,102599,2797.0,48,173,2497
POST00898,2025-04-23 03:00:00,LinkedIn,Reel,Seasonal Campaign,Brand,14,395253,572264,485311,23496.0,551,1969,10926
POST00899,2025-04-23 06:00:00,Instagram,Text,Brand Awareness,Promotional,5,429853,365017,299495,13912.0,474,1488,7340
POST00900,2025-04-23 09:00:00,Instagram,Image,Community Campaign,Brand,11,437485,518618,396186,7222.0,79,1365,4372
POST00901,2025-04-23 12:00:00,Instagram,Carousel,Product Launch,Event,18,103489,69383,58807,1587.0,76,892,803
POST00902,2025-04-23 15:00:00,Instagram,Image,Event Promotion,Entertainment,5,306021,320423,213321,14769.0,293,469,2388
POST00903,2025-04-23 18:00:00,Instagram,Reel,Seasonal Campaign,Entertainment,10,322417,535189,325454,13209.0,704,6203,7880
POST00904,2025-04-23 21:00:00,YouTube,Image,Festival Campaign,Event,19,76035,38900,23533,954.0,10,223,279
POST00905,2025-04-24 00:00:00,YouTube,Reel,Educational Series,Community,19,163477,301446,194319,17930.0,656,1842,1082
POST00906,2025-04-24 03:00:00,LinkedIn,Carousel,Seasonal Campaign,Brand,9,244420,163310,115326,2422.0,118,1091,981
POST00907,2025-04-24 06:00:00,Facebook,Image,Brand Awareness,Education,15,131141,101177,86669,5889.0,128,571,1070
POST00908,2025-04-24 09:00:00,Instagram,Video,Product Launch,Brand,17,270766,403795,234741,6537.0,296,2662,3818
POST00909,2025-04-24 12:00:00,Instagram,Reel,Community Campaign,Entertainment,13,213381,496714,432307,17001.0,782,2234,7175
POST00910,2025-04-24 15:00:00,Instagram,Reel,Product Launch,Education,3,61767,57735,50455,1426.0,59,233,993
POST00911,2025-04-24 18:00:00,YouTube,Image,Product Launch,Community,11,140456,146738,118055,5436.0,153,942,2036
POST00912,2025-04-24 21:00:00,Instagram,Text,Community Campaign,Promotional,19,423189,392522,339570,19504.0,960,745,4690
POST00913,2025-04-25 00:00:00,Facebook,Carousel,Educational Series,Promotional,22,78565,42238,34613,2556.0,105,210,126
POST00914,2025-04-25 03:00:00,YouTube,Image,Community Campaign,Brand,20,109461,122880,90305,4745.0,187,1141,1651
POST00915,2025-04-25 06:00:00,YouTube,Image,Educational Series,Brand,7,410721,319945,243242,6814.0,347,2931,1187
POST00916,2025-04-25 09:00:00,YouTube,Reel,Community Campaign,Education,6,130159,112377,86516,8117.0,180,1440,1151
POST00917,2025-04-25 12:00:00,Instagram,Text,Brand Awareness,Education,8,305235,186430,110816,5426.0,117,714,2517
POST00918,2025-04-25 15:00:00,LinkedIn,Carousel,Educational Series,Community,23,301728,335469,207175,7833.0,229,513,3342
POST00919,2025-04-25 18:00:00,Facebook,Reel,Brand Awareness,Brand,16,387005,273545,200557,17808.0,243,932,1479
POST00920,2025-04-25 21:00:00,Instagram,Image,Seasonal Campaign,Entertainment,9,404379,422285,249287,16294.0,437,3130,5178
POST00921,2025-04-26 00:00:00,LinkedIn,Reel,Educational Series,Promotional,2,487823,352737,313139,25195.0,763,5240,3008
POST00922,2025-04-26 03:00:00,YouTube,Text,Educational Series,Community,20,221696,121137,88126,1719.0,59,455,1383
POST00923,2025-04-26 06:00:00,LinkedIn,Reel,Community Campaign,Education,7,396832,291250,198932,20444.0,464,2968,3379
POST00924,2025-04-26 09:00:00,Facebook,Carousel,Educational Series,Entertainment,13,36550,34290,20750,535.0,29,285,396
POST00925,2025-04-26 12:00:00,YouTube,Reel,Brand Awareness,Brand,6,415279,438134,304847,23488.0,569,3988,1350
POST00926,2025-04-26 15:00:00,Instagram,Carousel,Special Campaign,Event,15,112816,84824,55631,1555.0,81,764,1212
POST00927,2025-04-26 18:00:00,Instagram,Video,Seasonal Campaign,Education,17,487055,912749,530101,47279.0,1524,3295,2918
POST00928,2025-04-26 21:00:00,YouTube,Carousel,Special Campaign,Community,10,293775,352821,313464,13494.0,619,2635,1592
POST00929,2025-04-27 00:00:00,Facebook,Carousel,Community Campaign,Event,5,283269,175832,113014,6015.0,93,1130,1474
POST00930,2025-04-27 03:00:00,Instagram,Video,Festival Campaign,Entertainment,19,448625,627563,496819,18318.0,682,6084,5558
POST00931,2025-04-27 06:00:00,Instagram,Reel,Seasonal Campaign,Promotional,20,70581,62580,36419,2499.0,145,702,153
POST00932,2025-04-27 09:00:00,Facebook,Reel,Special Campaign,Entertainment,13,304629,385082,334870,33228.0,1439,5658,2227
POST00933,2025-04-27 12:00:00,LinkedIn,Reel,Seasonal Campaign,Promotional,20,390683,341424,258377,24888.0,1269,913,3271
POST00934,2025-04-27 15:00:00,YouTube,Text,Special Campaign,Entertainment,12,229402,114221,89081,1592.0,36,280,1892
POST00935,2025-04-27 18:00:00,Instagram,Image,Brand Awareness,Education,3,103554,76457,62971,2419.0,120,597,356
POST00936,2025-04-27 21:00:00,Instagram,Carousel,Special Campaign,Education,19,94398,100589,76655,2901.0,79,412,406
POST00937,2025-04-28 00:00:00,Instagram,Carousel,Seasonal Campaign,Community,19,152762,251457,144541,7418.0,254,617,2992
POST00938,2025-04-28 03:00:00,LinkedIn,Reel,Festival Campaign,Event,10,297884,208729,146184,13307.0,258,2027,2021
POST00939,2025-04-28 06:00:00,Instagram,Reel,Product Launch,Entertainment,17,264470,251531,161410,13498.0,462,1882,1763
POST00940,2025-04-28 09:00:00,YouTube,Reel,Community Campaign,Entertainment,0,199715,290144,209005,11041.0,395,3387,2748
POST00941,2025-04-28 12:00:00,Instagram,Image,Product Launch,Event,11,108560,124126,85834,3318.0,136,475,1033
POST00942,2025-04-28 15:00:00,YouTube,Reel,Community Campaign,Brand,17,105877,89364,75002,5777.0,308,612,1515
POST00943,2025-04-28 18:00:00,Facebook,Reel,Seasonal Campaign,Community,6,291300,267368,170170,7002.0,176,875,545
POST00944,2025-04-28 21:00:00,Facebook,Video,Community Campaign,Entertainment,11,397112,327134,202972,6372.0,377,2552,2543
POST00945,2025-04-29 00:00:00,Instagram,Text,Special Campaign,Community,0,450430,278185,246285,6382.0,334,2071,1599
POST00946,2025-04-29 03:00:00,Instagram,Reel,Brand Awareness,Entertainment,21,116589,148347,130891,4669.0,140,646,1280
POST00947,2025-04-29 06:00:00,Instagram,Reel,Festival Campaign,Entertainment,3,345533,289518,259903,13893.0,296,1791,1421
POST00948,2025-04-29 09:00:00,LinkedIn,Reel,Community Campaign,Brand,17,488910,585524,438518,43470.0,590,2283,5434
POST00949,2025-04-29 12:00:00,LinkedIn,Carousel,Festival Campaign,Education,14,416024,520166,306690,8764.0,190,3774,5260
POST00950,2025-04-29 15:00:00,YouTube,Video,Community Campaign,Community,2,476203,712848,611665,50718.0,2750,3463,10737
POST00951,2025-04-29 18:00:00,Facebook,Reel,Festival Campaign,Event,6,353082,355715,213710,14468.0,355,1105,4387
POST00952,2025-04-29 21:00:00,Facebook,Reel,Product Launch,Community,5,349644,477772,288793,21765.0,367,1091,6044
POST00953,2025-04-30 00:00:00,Instagram,Video,Brand Awareness,Brand,14,475383,733507,453079,16422.0,182,6963,7317
POST00954,2025-04-30 03:00:00,LinkedIn,Carousel,Community Campaign,Promotional,14,342878,387889,302047,9223.0,229,1145,3252
POST00955,2025-04-30 06:00:00,YouTube,Reel,Event Promotion,Promotional,5,168278,269965,158609,6137.0,127,491,654
POST00956,2025-04-30 09:00:00,Instagram,Carousel,Festival Campaign,Brand,7,422845,604218,496908,31317.0,473,1479,1882
POST00957,2025-04-30 12:00:00,YouTube,Reel,Festival Campaign,Brand,7,314481,324538,185112,15610.0,898,1628,1016
POST00958,2025-04-30 15:00:00,Instagram,Image,Special Campaign,Education,21,251437,248640,146363,9907.0,231,1285,3607
POST00959,2025-04-30 18:00:00,Instagram,Video,Event Promotion,Community,0,107095,130223,91425,4815.0,49,787,1855
POST00960,2025-04-30 21:00:00,Facebook,Video,Brand Awareness,Community,12,281522,155495,106157,6078.0,347,1008,1264
POST00961,2025-05-01 00:00:00,Instagram,Image,Festival Campaign,Promotional,22,345973,303883,272400,11810.0,459,3420,3611
POST00962,2025-05-01 03:00:00,Facebook,Text,Brand Awareness,Event,23,220473,146745,130368,3538.0,50,1160,2505
POST00963,2025-05-01 06:00:00,Instagram,Image,Festival Campaign,Community,20,351974,418087,257704,9206.0,106,1492,3689
POST00964,2025-05-01 09:00:00,Instagram,Video,Seasonal Campaign,Entertainment,12,66939,138281,121871,10355.0,159,585,1331
POST00965,2025-05-01 12:00:00,Instagram,Image,Educational Series,Entertainment,10,295109,235568,186638,6823.0,270,1971,1995
POST00966,2025-05-01 15:00:00,Instagram,Video,Seasonal Campaign,Education,3,294372,276561,191683,16594.0,217,2175,1459
POST00967,2025-05-01 18:00:00,Facebook,Text,Festival Campaign,Education,6,68419,63244,51156,1470.0,56,556,1150
POST00968,2025-05-01 21:00:00,Instagram,Reel,Educational Series,Promotional,11,379057,852606,737546,38729.0,1650,13240,8932
POST00969,2025-05-02 00:00:00,YouTube,Text,Community Campaign,Event,12,275416,224481,137617,5533.0,96,962,2690
POST00970,2025-05-02 03:00:00,YouTube,Video,Brand Awareness,Event,21,69229,56219,34776,1092.0,37,121,543
POST00971,2025-05-02 06:00:00,Facebook,Video,Festival Campaign,Brand,11,251535,267688,185521,16768.0,975,534,3634
POST00972,2025-05-02 09:00:00,LinkedIn,Reel,Special Campaign,Education,15,163894,103879,63285,5695.0,295,1060,636
POST00973,2025-05-02 12:00:00,Facebook,Video,Product Launch,Community,5,50070,74796,50572,3655.0,168,672,988
POST00974,2025-05-02 15:00:00,Instagram,Video,Special Campaign,Entertainment,13,219795,382385,296727,28232.0,1013,3305,6047
POST00975,2025-05-02 18:00:00,Instagram,Reel,Product Launch,Community,18,144045,166541,138976,3786.0,112,1979,735
POST00976,2025-05-02 21:00:00,Instagram,Text,Event Promotion,Entertainment,15,289279,361026,236716,7929.0,258,1600,1186
POST00977,2025-05-03 00:00:00,YouTube,Reel,Product Launch,Promotional,3,230116,374444,242866,22574.0,1088,3005,5994
POST00978,2025-05-03 03:00:00,Instagram,Reel,Educational Series,Entertainment,4,381237,864298,711239,42514.0,1603,4564,3979
POST00979,2025-05-03 06:00:00,YouTube,Image,Product Launch,Community,8,381770,559550,382373,6990.0,337,2726,6908
POST00980,2025-05-03 09:00:00,YouTube,Image,Product Launch,Community,23,262763,130921,109511,2904.0,169,211,2130
POST00981,2025-05-03 12:00:00,Instagram,Carousel,Product Launch,Event,2,321585,251308,225594,10906.0,458,2533,991
POST00982,2025-05-03 15:00:00,Facebook,Reel,Festival Campaign,Event,21,280195,343210,306446,23933.0,961,2517,5952
POST00983,2025-05-03 18:00:00,Instagram,Text,Event Promotion,Education,9,398334,521924,408113,9108.0,276,3223,4990
POST00984,2025-05-03 21:00:00,Instagram,Reel,Brand Awareness,Community,16,190956,445119,303270,18483.0,366,5536,2742
POST00985,2025-05-04 00:00:00,Facebook,Reel,Event Promotion,Promotional,18,242675,303068,173634,4687.0,134,2187,3062
POST00986,2025-05-04 03:00:00,YouTube,Reel,Special Campaign,Entertainment,9,169115,162948,131713,8330.0,299,1072,2809
POST00987,2025-05-04 06:00:00,Facebook,Image,Educational Series,Education,11,116108,62358,55641,3693.0,43,235,868
POST00988,2025-05-04 09:00:00,YouTube,Text,Festival Campaign,Brand,22,95043,99099,56862,2379.0,80,224,1259
POST00989,2025-05-04 12:00:00,Instagram,Carousel,Community Campaign,Brand,6,23062,31729,17519,854.0,45,272,61
POST00990,2025-05-04 15:00:00,Facebook,Video,Festival Campaign,Entertainment,17,110236,124861,105023,3747.0,220,1260,2021
POST00991,2025-05-04 18:00:00,Facebook,Reel,Seasonal Campaign,Entertainment,18,72214,81597,47798,1997.0,105,480,321
POST00992,2025-05-04 21:00:00,Facebook,Image,Product Launch,Entertainment,14,497206,493406,285468,6317.0,117,1285,2653
POST00993,2025-05-05 00:00:00,Instagram,Image,Special Campaign,Event,6,73409,107668,93522,5432.0,96,1014,1457
POST00994,2025-05-05 03:00:00,YouTube,Image,Product Launch,Entertainment,11,161940,128730,74386,1648.0,48,471,672
POST00995,2025-05-05 06:00:00,Instagram,Reel,Educational Series,Brand,21,88089,99067,58440,3269.0,69,449,391
POST00996,2025-05-05 09:00:00,Instagram,Carousel,Community Campaign,Entertainment,6,114047,168156,126007,8598.0,376,646,2832
POST00997,2025-05-05 12:00:00,LinkedIn,Image,Special Campaign,Community,9,37428,38124,31066,1754.0,24,123,712
POST00998,2025-05-05 15:00:00,Instagram,Video,Seasonal Campaign,Promotional,23,390427,476846,328952,21573.0,694,2192,1250
POST00999,2025-05-05 18:00:00,LinkedIn,Image,Festival Campaign,Brand,21,222565,123782,86301,4215.0,101,788,1208
POST01000,2025-05-05 21:00:00,YouTube,Reel,Community Campaign,Promotional,19,483330,501862,387145,12793.0,508,2575,2896
POST01001,2025-05-06 00:00:00,Instagram,Carousel,Brand Awareness,Brand,9,189461,180112,130923,4192.0,208,383,2879
POST01002,2025-05-06 03:00:00,YouTube,Reel,Event Promotion,Education,22,54734,49695,27656,1872.0,105,239,364
POST01003,2025-05-06 06:00:00,LinkedIn,Video,Festival Campaign,Community,4,227156,239174,141053,6920.0,402,1625,1907
POST01004,2025-05-06 09:00:00,Facebook,Carousel,Community Campaign,Brand,17,347251,256229,193083,4285.0,118,564,3244
POST01005,2025-05-06 12:00:00,Facebook,Reel,Brand Awareness,Community,8,369033,481397,398491,35169.0,1856,4084,1683
POST01006,2025-05-06 15:00:00,Facebook,Text,Brand Awareness,Brand,15,132168,52014,42499,1887.0,74,85,246
POST01007,2025-05-06 18:00:00,Facebook,Image,Seasonal Campaign,Promotional,6,104170,51930,42012,1495.0,66,453,586
POST01008,2025-05-06 21:00:00,Facebook,Reel,Seasonal Campaign,Promotional,9,424895,515094,422348,14216.0,747,7321,10249
POST01009,2025-05-07 00:00:00,Instagram,Carousel,Event Promotion,Brand,4,460959,587505,332266,19353.0,319,5069,7163
POST01010,2025-05-07 03:00:00,YouTube,Reel,Brand Awareness,Brand,6,437933,483153,417099,22184.0,1272,5957,9412
POST01011,2025-05-07 06:00:00,Instagram,Video,Special Campaign,Event,4,263543,503648,433766,18386.0,687,5318,2610
POST01012,2025-05-07 09:00:00,LinkedIn,Video,Educational Series,Community,14,176651,116512,85773,6514.0,174,1134,2066
POST01013,2025-05-07 12:00:00,LinkedIn,Text,Brand Awareness,Community,18,215174,111115,70781,2106.0,56,695,1349
POST01014,2025-05-07 15:00:00,Instagram,Image,Community Campaign,Community,9,54782,62448,47289,1198.0,56,531,480
POST01015,2025-05-07 18:00:00,Facebook,Image,Seasonal Campaign,Community,7,90160,99846,74411,3274.0,143,515,1638
POST01016,2025-05-07 21:00:00,LinkedIn,Video,Educational Series,Education,23,138296,121950,76588,6406.0,297,961,1488
POST01017,2025-05-08 00:00:00,Instagram,Reel,Special Campaign,Education,8,436319,611639,465515,42954.0,972,2484,8939
POST01018,2025-05-08 03:00:00,YouTube,Image,Seasonal Campaign,Entertainment,10,73077,78100,64749,4135.0,76,642,1240
POST01019,2025-05-08 06:00:00,LinkedIn,Image,Special Campaign,Brand,21,310678,182685,152019,6191.0,285,1573,3134
POST01020,2025-05-08 09:00:00,Instagram,Reel,Seasonal Campaign,Brand,1,320780,605090,345442,30292.0,754,5576,8244
POST01021,2025-05-08 12:00:00,Facebook,Image,Seasonal Campaign,Brand,2,264002,160102,99104,6333.0,133,1126,595
POST01022,2025-05-08 15:00:00,Instagram,Video,Brand Awareness,Brand,12,381252,726438,569438,32507.0,673,5274,14229
POST01023,2025-05-08 18:00:00,LinkedIn,Video,Product Launch,Community,10,332630,246631,209868,9853.0,171,3461,4657
POST01024,2025-05-08 21:00:00,LinkedIn,Reel,Brand Awareness,Community,9,114096,177123,129729,10476.0,328,2487,1649
POST01025,2025-05-09 00:00:00,LinkedIn,Reel,Seasonal Campaign,Education,14,53435,45372,36190,3494.0,80,692,233
POST01026,2025-05-09 03:00:00,YouTube,Reel,Educational Series,Promotional,5,53152,104800,58412,5947.0,325,730,758
POST01027,2025-05-09 06:00:00,LinkedIn,Video,Brand Awareness,Event,0,129620,111662,85192,3824.0,170,948,1714
POST01028,2025-05-09 09:00:00,Facebook,Reel,Seasonal Campaign,Community,13,341096,297737,263993,26552.0,1253,2726,4290
POST01029,2025-05-09 12:00:00,Instagram,Carousel,Seasonal Campaign,Community,17,301782,276120,215747,11316.0,341,1335,1974
POST01030,2025-05-09 15:00:00,Facebook,Reel,Brand Awareness,Community,23,252816,399379,348576,17383.0,695,2872,4165
POST01031,2025-05-09 18:00:00,Instagram,Carousel,Brand Awareness,Promotional,10,399580,407183,304614,25364.0,888,1536,7309
POST01032,2025-05-09 21:00:00,YouTube,Image,Educational Series,Promotional,7,36396,30215,25537,1670.0,30,331,528
POST01033,2025-05-10 00:00:00,Instagram,Video,Special Campaign,Education,21,191566,192269,114103,8426.0,104,1377,653
POST01034,2025-05-10 03:00:00,Instagram,Reel,Brand Awareness,Community,2,177855,405450,240524,23043.0,1017,4423,3607
POST01035,2025-05-10 06:00:00,Instagram,Carousel,Event Promotion,Event,13,156475,146832,86933,5557.0,89,641,2041
POST01036,2025-05-10 09:00:00,Facebook,Reel,Community Campaign,Brand,1,477268,417375,300968,18163.0,233,2299,1130
POST01037,2025-05-10 12:00:00,Instagram,Carousel,Event Promotion,Community,15,43838,79754,53083,4285.0,137,207,208
POST01038,2025-05-10 15:00:00,Facebook,Video,Educational Series,Education,5,321063,485758,389439,36355.0,1705,2758,7309
POST01039,2025-05-10 18:00:00,Instagram,Reel,Product Launch,Education,0,360039,420633,364233,18395.0,891,6426,5704
POST01040,2025-05-10 21:00:00,Instagram,Video,Event Promotion,Event,13,330139,648790,497479,24633.0,1322,5712,1995
POST01041,2025-05-11 00:00:00,YouTube,Image,Special Campaign,Entertainment,9,276097,204953,128018,4950.0,98,908,3189
POST01042,2025-05-11 03:00:00,Facebook,Reel,Seasonal Campaign,Education,5,435830,298030,261016,23524.0,1394,3185,4114
POST01043,2025-05-11 06:00:00,Instagram,Image,Community Campaign,Promotional,8,95593,136314,100156,6081.0,292,1226,1384
POST01044,2025-05-11 09:00:00,Facebook,Reel,Festival Campaign,Promotional,6,151172,224902,180367,18520.0,330,1056,2317
POST01045,2025-05-11 12:00:00,LinkedIn,Carousel,Community Campaign,Brand,1,376335,251211,216462,10889.0,566,3307,3986
POST01046,2025-05-11 15:00:00,Facebook,Video,Event Promotion,Education,10,212792,135623,121578,9367.0,327,1555,1590
POST01047,2025-05-11 18:00:00,Instagram,Reel,Festival Campaign,Brand,13,90514,99750,72530,6732.0,89,1237,1269
POST01048,2025-05-11 21:00:00,Instagram,Image,Educational Series,Education,4,293132,402394,335122,10035.0,166,2663,4605
POST01049,2025-05-12 00:00:00,LinkedIn,Video,Special Campaign,Event,8,231139,325017,243243,16705.0,529,1481,3997
POST01050,2025-05-12 03:00:00,Instagram,Text,Community Campaign,Community,6,255910,174812,125909,4991.0,182,885,2608
POST01051,2025-05-12 06:00:00,LinkedIn,Image,Product Launch,Education,13,401536,381116,281339,16349.0,938,730,5901
POST01052,2025-05-12 09:00:00,YouTube,Text,Festival Campaign,Entertainment,15,135137,81155,58390,2703.0,56,572,1265
POST01053,2025-05-12 12:00:00,LinkedIn,Image,Festival Campaign,Promotional,21,490383,416488,290442,17975.0,605,2730,2168
POST01054,2025-05-12 15:00:00,Facebook,Image,Community Campaign,Event,15,359373,169885,136469,4749.0,101,697,592
POST01055,2025-05-12 18:00:00,LinkedIn,Video,Event Promotion,Community,6,121471,126558,80666,3192.0,121,538,1725
POST01056,2025-05-12 21:00:00,Instagram,Image,Festival Campaign,Community,9,320292,266074,203741,12526.0,694,2518,800
POST01057,2025-05-13 00:00:00,Facebook,Image,Educational Series,Promotional,20,427039,493202,394332,14775.0,567,4589,3035
POST01058,2025-05-13 03:00:00,YouTube,Image,Community Campaign,Community,5,306840,239903,206851,6935.0,246,2219,3015
POST01059,2025-05-13 06:00:00,YouTube,Video,Educational Series,Brand,16,31629,37510,24987,1205.0,57,221,545
POST01060,2025-05-13 09:00:00,Facebook,Video,Community Campaign,Event,0,154928,224325,190947,5494.0,95,3057,4340
POST01061,2025-05-13 12:00:00,LinkedIn,Image,Educational Series,Entertainment,1,51051,34487,30377,1815.0,100,142,510
POST01062,2025-05-13 15:00:00,LinkedIn,Reel,Event Promotion,Promotional,13,479827,368482,286324,23416.0,910,861,6948
POST01063,2025-05-13 18:00:00,Facebook,Image,Community Campaign,Education,3,265131,224966,184472,8826.0,391,1266,3515
POST01064,2025-05-13 21:00:00,YouTube,Image,Special Campaign,Education,8,237405,314939,217936,12350.0,629,2736,3184
POST01065,2025-05-14 00:00:00,YouTube,Reel,Seasonal Campaign,Education,22,315613,421167,371994,20498.0,855,4558,2215
POST01066,2025-05-14 03:00:00,Facebook,Video,Product Launch,Event,5,224793,153650,120584,5458.0,229,720,1499
POST01067,2025-05-14 06:00:00,Instagram,Image,Event Promotion,Entertainment,16,92372,88098,58017,3745.0,174,546,1223
POST01068,2025-05-14 09:00:00,Instagram,Reel,Educational Series,Community,20,459288,1042115,720613,42481.0,535,10946,6658
POST01069,2025-05-14 12:00:00,Instagram,Reel,Special Campaign,Entertainment,10,63406,56580,43352,1789.0,52,515,681
POST01070,2025-05-14 15:00:00,Instagram,Reel,Community Campaign,Entertainment,3,369898,524210,331273,27967.0,1626,5578,8161
POST01071,2025-05-14 18:00:00,Instagram,Text,Event Promotion,Promotional,20,55017,56844,46263,1393.0,31,336,316
POST01072,2025-05-14 21:00:00,Instagram,Reel,Educational Series,Event,8,292849,264292,166145,7065.0,262,701,869
POST01073,2025-05-15 00:00:00,Instagram,Reel,Brand Awareness,Education,15,170678,224975,170334,4790.0,89,2773,3492
POST01074,2025-05-15 03:00:00,Instagram,Image,Brand Awareness,Promotional,2,369055,574184,455874,32099.0,839,1601,1617
POST01075,2025-05-15 06:00:00,LinkedIn,Reel,Festival Campaign,Community,3,258750,142794,121505,7587.0,347,2128,2084
POST01076,2025-05-15 09:00:00,YouTube,Reel,Product Launch,Entertainment,23,112469,201318,162436,6272.0,264,1854,1687
POST01077,2025-05-15 12:00:00,Instagram,Reel,Brand Awareness,Education,2,93654,195975,162578,13836.0,424,2433,3076
POST01078,2025-05-15 15:00:00,Facebook,Image,Seasonal Campaign,Event,12,448535,282316,245481,16185.0,920,3233,1385
POST01079,2025-05-15 18:00:00,Instagram,Image,Educational Series,Brand,18,374329,288941,219369,10202.0,497,1503,2250
POST01080,2025-05-15 21:00:00,LinkedIn,Image,Event Promotion,Entertainment,20,470470,479254,405543,7920.0,185,2911,1368
POST01081,2025-05-16 00:00:00,Facebook,Image,Community Campaign,Entertainment,0,65318,66875,42208,1591.0,52,483,344
POST01082,2025-05-16 03:00:00,Instagram,Text,Event Promotion,Entertainment,22,274423,151493,126520,3281.0,176,325,1724
POST01083,2025-05-16 06:00:00,YouTube,Image,Festival Campaign,Entertainment,22,153286,108078,67828,3551.0,39,144,468
POST01084,2025-05-16 09:00:00,LinkedIn,Reel,Special Campaign,Education,5,280895,327582,287328,19098.0,746,3681,4652
POST01085,2025-05-16 12:00:00,LinkedIn,Reel,Event Promotion,Event,21,277177,265034,176377,9479.0,204,957,987
POST01086,2025-05-16 15:00:00,YouTube,Image,Brand Awareness,Promotional,2,94070,93518,57059,3025.0,39,273,1106
POST01087,2025-05-16 18:00:00,Facebook,Video,Event Promotion,Education,2,332013,520485,313258,20699.0,1151,5522,7291
POST01088,2025-05-16 21:00:00,Instagram,Reel,Brand Awareness,Event,15,448444,643771,396270,38321.0,1947,5404,4553
POST01089,2025-05-17 00:00:00,LinkedIn,Carousel,Brand Awareness,Promotional,9,195768,227210,160555,9408.0,181,2212,2347
POST01090,2025-05-17 03:00:00,Instagram,Reel,Product Launch,Entertainment,16,285399,516789,378678,24841.0,1287,6730,5205
POST01091,2025-05-17 06:00:00,LinkedIn,Image,Festival Campaign,Event,6,402622,180199,156741,9792.0,169,504,3178
POST01092,2025-05-17 09:00:00,Facebook,Video,Seasonal Campaign,Entertainment,12,47841,64301,43940,1694.0,57,741,1092
POST01093,2025-05-17 12:00:00,Facebook,Reel,Seasonal Campaign,Event,10,281121,335558,210099,9454.0,437,3622,4030
POST01094,2025-05-17 15:00:00,YouTube,Image,Educational Series,Community,9,25334,18185,14735,888.0,32,34,113
POST01095,2025-05-17 18:00:00,Instagram,Reel,Seasonal Campaign,Brand,6,228889,281921,168343,10185.0,535,3217,3082
POST01096,2025-05-17 21:00:00,Instagram,Carousel,Brand Awareness,Entertainment,23,387278,515946,444899,20813.0,850,3717,7361
POST01097,2025-05-18 00:00:00,Instagram,Reel,Community Campaign,Entertainment,5,60522,104016,72113,6864.0,216,1375,549
POST01098,2025-05-18 03:00:00,Instagram,Video,Festival Campaign,Entertainment,23,190780,403342,308493,20955.0,1178,4705,2560
POST01099,2025-05-18 06:00:00,Facebook,Reel,Educational Series,Community,0,478366,758220,466430,41338.0,488,4682,8097
POST01100,2025-05-18 09:00:00,Instagram,Video,Seasonal Campaign,Education,16,50697,51528,30964,2548.0,87,321,643
POST01101,2025-05-18 12:00:00,Instagram,Image,Seasonal Campaign,Promotional,11,423938,583301,483902,11846.0,509,2428,9568
POST01102,2025-05-18 15:00:00,LinkedIn,Carousel,Community Campaign,Entertainment,3,384080,163988,114856,7142.0,369,1004,1876
POST01103,2025-05-18 18:00:00,LinkedIn,Reel,Event Promotion,Entertainment,2,478696,313546,280736,28156.0,1043,1239,6632
POST01104,2025-05-18 21:00:00,LinkedIn,Text,Festival Campaign,Education,5,143935,60426,44322,1622.0,88,459,845
POST01105,2025-05-19 00:00:00,LinkedIn,Reel,Community Campaign,Education,15,36029,41112,34779,2890.0,90,509,518
POST01106,2025-05-19 03:00:00,Instagram,Reel,Seasonal Campaign,Brand,12,347694,376798,336475,23622.0,610,5453,7051
POST01107,2025-05-19 06:00:00,Instagram,Image,Festival Campaign,Event,8,260957,243862,158120,4595.0,269,1267,1484
POST01108,2025-05-19 09:00:00,Facebook,Reel,Festival Campaign,Entertainment,10,263533,229023,190159,7839.0,339,898,1672
POST01109,2025-05-19 12:00:00,Facebook,Reel,Seasonal Campaign,Event,19,490258,480343,267888,16030.0,501,3128,6528
POST01110,2025-05-19 15:00:00,Instagram,Text,Event Promotion,Education,20,421424,547095,431063,15834.0,853,2030,10300
POST01111,2025-05-19 18:00:00,Facebook,Text,Event Promotion,Education,12,357651,361488,293101,11032.0,487,468,6557
POST01112,2025-05-19 21:00:00,Instagram,Image,Seasonal Campaign,Brand,22,257648,329938,236591,16459.0,689,2128,1825
POST01113,2025-05-20 00:00:00,Instagram,Text,Festival Campaign,Promotional,18,108719,104922,63660,1242.0,57,625,1014
POST01114,2025-05-20 03:00:00,YouTube,Image,Community Campaign,Community,2,108499,129804,99410,3832.0,179,1005,1468
POST01115,2025-05-20 06:00:00,YouTube,Reel,Product Launch,Community,11,121383,220730,190740,12614.0,437,1216,1424
POST01116,2025-05-20 09:00:00,YouTube,Carousel,Brand Awareness,Community,18,159199,227823,199564,16299.0,504,2650,2564
POST01117,2025-05-20 12:00:00,Instagram,Carousel,Event Promotion,Education,7,460998,337996,274160,14467.0,802,1733,3628
POST01118,2025-05-20 15:00:00,LinkedIn,Text,Seasonal Campaign,Entertainment,13,297790,144778,92990,4639.0,161,337,771
POST01119,2025-05-20 18:00:00,Instagram,Reel,Special Campaign,Brand,21,234816,308959,264040,22296.0,463,4975,6338
POST01120,2025-05-20 21:00:00,Instagram,Carousel,Product Launch,Promotional,8,304857,333897,287514,16298.0,588,668,3979
POST01121,2025-05-21 00:00:00,LinkedIn,Reel,Event Promotion,Community,23,314411,276080,187329,6780.0,79,1017,2725
POST01122,2025-05-21 03:00:00,LinkedIn,Reel,Special Campaign,Brand,16,286008,382843,235082,10123.0,467,2466,3800
POST01123,2025-05-21 06:00:00,LinkedIn,Reel,Festival Campaign,Education,5,96197,124816,106858,4779.0,78,579,2405
POST01124,2025-05-21 09:00:00,Facebook,Text,Seasonal Campaign,Community,3,445775,151833,130543,2185.0,34,408,1923
POST01125,2025-05-21 12:00:00,Facebook,Video,Product Launch,Promotional,3,137201,118005,69070,3543.0,203,849,1029
POST01126,2025-05-21 15:00:00,YouTube,Video,Seasonal Campaign,Event,18,226930,336590,299041,20321.0,988,4538,2477
POST01127,2025-05-21 18:00:00,Instagram,Image,Community Campaign,Promotional,11,92246,61794,45516,1173.0,36,434,740
POST01128,2025-05-21 21:00:00,YouTube,Reel,Community Campaign,Entertainment,1,444578,363137,326026,12927.0,284,1406,3711
POST01129,2025-05-22 00:00:00,Instagram,Reel,Educational Series,Community,16,314524,651788,460001,37326.0,1947,8156,7925
POST01130,2025-05-22 03:00:00,Instagram,Reel,Brand Awareness,Community,14,478210,710709,523543,20523.0,1199,9525,5034
POST01131,2025-05-22 06:00:00,Facebook,Image,Brand Awareness,Event,9,61284,67296,43280,1095.0,38,220,811
POST01132,2025-05-22 09:00:00,YouTube,Video,Event Promotion,Event,2,400322,699398,604721,57088.0,2226,6669,10047
POST01133,2025-05-22 12:00:00,Instagram,Image,Brand Awareness,Community,19,230994,347609,245168,4608.0,102,1833,3294
POST01134,2025-05-22 15:00:00,Instagram,Reel,Seasonal Campaign,Entertainment,3,492090,420888,351489,18060.0,712,4883,1802
POST01135,2025-05-22 18:00:00,Facebook,Reel,Seasonal Campaign,Event,21,143556,115242,66599,1913.0,57,1273,1118
POST01136,2025-05-22 21:00:00,Instagram,Reel,Educational Series,Education,0,75277,93492,77213,7054.0,368,1487,1691
POST01137,2025-05-23 00:00:00,LinkedIn,Image,Special Campaign,Community,0,35316,16177,11673,577.0,16,90,78
POST01138,2025-05-23 03:00:00,YouTube,Text,Community Campaign,Promotional,17,437679,355838,196384,3369.0,142,470,955
POST01139,2025-05-23 06:00:00,YouTube,Carousel,Special Campaign,Promotional,3,226811,340288,214106,12796.0,258,1427,828
POST01140,2025-05-23 09:00:00,YouTube,Video,Special Campaign,Entertainment,22,418104,800903,494802,16260.0,236,4379,1830
POST01141,2025-05-23 12:00:00,Facebook,Image,Product Launch,Education,21,244800,275535,224042,10030.0,120,1804,4822
POST01142,2025-05-23 15:00:00,Instagram,Image,Product Launch,Event,14,31325,32387,23222,1257.0,38,302,441
POST01143,2025-05-23 18:00:00,Facebook,Reel,Community Campaign,Community,22,170160,226260,137091,5152.0,93,964,1021
POST01144,2025-05-23 21:00:00,YouTube,Video,Festival Campaign,Promotional,20,357066,344396,220372,13175.0,786,2373,5107
POST01145,2025-05-24 00:00:00,Instagram,Video,Community Campaign,Promotional,21,133949,174178,126527,7203.0,359,878,756
POST01146,2025-05-24 03:00:00,LinkedIn,Reel,Product Launch,Promotional,9,413000,588950,327970,31953.0,1427,5949,3683
POST01147,2025-05-24 06:00:00,Facebook,Image,Special Campaign,Promotional,16,386708,165762,115775,8308.0,416,1549,1498
POST01148,2025-05-24 09:00:00,Facebook,Image,Event Promotion,Brand,21,96803,80979,63756,3400.0,78,764,297
POST01149,2025-05-24 12:00:00,LinkedIn,Carousel,Educational Series,Entertainment,11,297563,343134,250904,,1013,1687,2670
POST01150,2025-05-24 15:00:00,LinkedIn,Text,Special Campaign,Event,19,242088,90348,68604,3026.0,180,288,359
POST01151,2025-05-24 18:00:00,Facebook,Image,Community Campaign,Community,11,204821,245961,163395,10672.0,261,1118,3329
POST01152,2025-05-24 21:00:00,Facebook,Image,Festival Campaign,Community,15,327998,136131,83594,3460.0,204,881,336
POST01153,2025-05-25 00:00:00,Facebook,Reel,Special Campaign,Community,4,416120,674846,562423,41294.0,1074,1550,1899
POST01154,2025-05-25 03:00:00,Facebook,Reel,Event Promotion,Event,15,129796,129639,112393,10331.0,109,2182,2148
POST01155,2025-05-25 06:00:00,Facebook,Reel,Community Campaign,Entertainment,16,119427,88405,64425,6288.0,178,1129,1300
POST01156,2025-05-25 09:00:00,Facebook,Reel,Event Promotion,Education,22,492182,378541,248612,6942.0,415,746,3456
POST01157,2025-05-25 12:00:00,Instagram,Carousel,Special Campaign,Entertainment,14,476772,721587,525980,14490.0,605,3847,5256
POST01158,2025-05-25 15:00:00,LinkedIn,Carousel,Community Campaign,Promotional,12,362679,417590,358143,28531.0,1277,4114,2937
POST01159,2025-05-25 18:00:00,LinkedIn,Reel,Event Promotion,Promotional,7,108855,129179,102308,7196.0,157,683,570
POST01160,2025-05-25 21:00:00,Instagram,Video,Seasonal Campaign,Entertainment,20,171772,353397,300569,28642.0,495,1391,4103
POST01161,2025-05-26 00:00:00,Facebook,Reel,Brand Awareness,Entertainment,1,309777,486566,323533,28414.0,1542,4282,4466
POST01162,2025-05-26 03:00:00,Instagram,Reel,Event Promotion,Event,7,136958,108756,86917,7806.0,239,1553,1132
POST01163,2025-05-26 06:00:00,Instagram,Reel,Seasonal Campaign,Event,9,235716,430019,334798,18788.0,191,6277,6736
POST01164,2025-05-26 09:00:00,Facebook,Image,Special Campaign,Brand,6,257497,167824,125879,4016.0,99,241,653
POST01165,2025-05-26 12:00:00,Instagram,Reel,Brand Awareness,Community,9,306199,455936,335057,24346.0,481,5822,5943
POST01166,2025-05-26 15:00:00,Facebook,Image,Product Launch,Brand,3,431858,207794,154358,10105.0,406,1290,1826
POST01167,2025-05-26 18:00:00,Facebook,Image,Brand Awareness,Community,10,204086,129288,109556,6265.0,299,501,909
POST01168,2025-05-26 21:00:00,YouTube,Text,Event Promotion,Promotional,8,471490,440591,383577,13903.0,484,2882,6902
POST01169,2025-05-27 00:00:00,Instagram,Reel,Educational Series,Brand,3,416862,467167,275395,23339.0,450,5350,2023
POST01170,2025-05-27 03:00:00,Instagram,Reel,Educational Series,Brand,2,164245,294024,220244,17586.0,226,1600,1779
POST01171,2025-05-27 06:00:00,Facebook,Reel,Product Launch,Education,10,27025,44995,39210,3811.0,97,285,978
POST01172,2025-05-27 09:00:00,LinkedIn,Carousel,Event Promotion,Entertainment,2,294693,124993,74640,2806.0,141,868,1683
POST01173,2025-05-27 12:00:00,Facebook,Reel,Brand Awareness,Event,17,34853,52431,36413,1285.0,39,121,667
POST01174,2025-05-27 15:00:00,Instagram,Video,Educational Series,Brand,18,201495,331156,192460,11132.0,251,2925,1914
POST01175,2025-05-27 18:00:00,Facebook,Image,Community Campaign,Event,13,343300,152003,89638,3361.0,37,845,1327
POST01176,2025-05-27 21:00:00,YouTube,Image,Festival Campaign,Community,23,246560,314922,272860,19275.0,670,3176,1578
POST01177,2025-05-28 00:00:00,Facebook,Image,Event Promotion,Brand,10,424542,249147,175938,3238.0,143,791,1820
POST01178,2025-05-28 03:00:00,Instagram,Reel,Seasonal Campaign,Community,23,416679,497798,393787,38907.0,759,6661,1770
POST01179,2025-05-28 06:00:00,Facebook,Reel,Seasonal Campaign,Brand,1,309307,214786,128575,12921.0,476,1309,2112
POST01180,2025-05-28 09:00:00,YouTube,Reel,Community Campaign,Promotional,1,380280,562496,313693,9402.0,291,1519,6858
POST01181,2025-05-28 12:00:00,LinkedIn,Image,Community Campaign,Education,1,143296,102989,88742,5860.0,264,1095,1846
POST01182,2025-05-28 15:00:00,Instagram,Reel,Event Promotion,Community,9,34075,45033,33823,2121.0,112,490,738
POST01183,2025-05-28 18:00:00,Facebook,Reel,Festival Campaign,Entertainment,22,376389,294502,164036,14067.0,356,893,1122
POST01184,2025-05-28 21:00:00,LinkedIn,Text,Educational Series,Entertainment,14,325459,261269,234441,4352.0,240,915,4056
POST01185,2025-05-29 00:00:00,Instagram,Reel,Festival Campaign,Promotional,21,123245,264625,191129,19209.0,871,1365,4596
POST01186,2025-05-29 03:00:00,LinkedIn,Video,Product Launch,Promotional,11,36010,35972,25775,1746.0,20,449,521
POST01187,2025-05-29 06:00:00,Facebook,Video,Brand Awareness,Entertainment,10,217505,174822,134144,11899.0,589,2176,412
POST01188,2025-05-29 09:00:00,Instagram,Reel,Brand Awareness,Community,16,388692,361457,199801,15682.0,544,1688,4477
POST01189,2025-05-29 12:00:00,Instagram,Reel,Community Campaign,Entertainment,17,282749,603649,452252,30694.0,1757,4742,8378
POST01190,2025-05-29 15:00:00,Facebook,Reel,Educational Series,Education,13,187517,130770,100734,3974.0,104,747,572
POST01191,2025-05-29 18:00:00,Instagram,Carousel,Festival Campaign,Brand,16,319459,206564,135079,4351.0,172,1652,1337
POST01192,2025-05-29 21:00:00,YouTube,Carousel,Community Campaign,Education,14,290796,325590,261904,13297.0,768,1126,1462
POST01193,2025-05-30 00:00:00,Instagram,Video,Event Promotion,Entertainment,11,445445,789787,538714,46691.0,1099,4138,10265
POST01194,2025-05-30 03:00:00,Facebook,Text,Community Campaign,Brand,15,443746,286809,229797,4638.0,155,1702,707
POST01195,2025-05-30 06:00:00,Instagram,Carousel,Event Promotion,Entertainment,22,462317,321207,192833,16178.0,770,2714,2549
POST01196,2025-05-30 09:00:00,LinkedIn,Reel,Event Promotion,Education,5,402323,497927,433094,40849.0,1820,5777,10825
POST01197,2025-05-30 12:00:00,LinkedIn,Reel,Product Launch,Education,1,237022,281588,241549,13676.0,710,4464,5247
POST01198,2025-05-30 15:00:00,LinkedIn,Video,Product Launch,Community,1,375583,426011,256765,10841.0,390,4344,4087
POST01199,2025-05-30 18:00:00,Facebook,Reel,Event Promotion,Community,15,100266,83432,73291,7176.0,186,1080,1338
POST01200,2025-05-30 21:00:00,Instagram,Reel,Special Campaign,Education,1,451140,911884,679557,24199.0,889,4967,11063
POST01201,2025-05-31 00:00:00,Facebook,Carousel,Educational Series,Brand,7,58541,54168,43094,1847.0,50,492,898
POST01202,2025-05-31 03:00:00,Instagram,Image,Product Launch,Community,6,346802,388161,327647,7382.0,138,1328,7369
POST01203,2025-05-31 06:00:00,Instagram,Text,Product Launch,Community,0,76327,71842,41614,2409.0,90,197,826
POST01204,2025-05-31 09:00:00,Instagram,Carousel,Brand Awareness,Event,3,113434,112455,68513,4104.0,50,852,479
POST01205,2025-05-31 12:00:00,YouTube,Reel,Community Campaign,Event,10,63654,68281,44494,2323.0,27,755,498
POST01206,2025-05-31 15:00:00,Facebook,Text,Brand Awareness,Community,19,35930,12241,8777,240.0,3,48,177
POST01207,2025-05-31 18:00:00,Facebook,Reel,Educational Series,Entertainment,6,412826,433068,290640,17624.0,768,3326,6135
POST01208,2025-05-31 21:00:00,YouTube,Reel,Product Launch,Brand,17,154590,217770,158328,5245.0,159,1444,2665
POST01209,2025-06-01 00:00:00,Instagram,Image,Seasonal Campaign,Promotional,3,182054,244357,150296,9923.0,344,1113,2812
POST01210,2025-06-01 03:00:00,LinkedIn,Reel,Special Campaign,Community,16,26775,15778,12444,819.0,22,140,85
POST01211,2025-06-01 06:00:00,YouTube,Image,Product Launch,Event,10,437206,616350,351015,20062.0,455,3473,3930
POST01212,2025-06-01 09:00:00,YouTube,Reel,Festival Campaign,Brand,10,25378,27724,18755,829.0,23,286,276
POST01213,2025-06-01 12:00:00,Instagram,Image,Educational Series,Brand,19,328546,307538,188416,8516.0,167,2488,4642
POST01214,2025-06-01 15:00:00,Facebook,Image,Seasonal Campaign,Event,10,452657,201058,161947,4761.0,209,1120,3333
POST01215,2025-06-01 18:00:00,Facebook,Video,Community Campaign,Brand,14,485196,604256,519224,42970.0,648,1919,3757
POST01216,2025-06-01 21:00:00,Instagram,Video,Community Campaign,Brand,13,99712,173583,100257,8002.0,286,1316,1078
POST01217,2025-06-02 00:00:00,Instagram,Reel,Seasonal Campaign,Event,16,307204,684731,564740,21211.0,717,6223,4389
POST01218,2025-06-02 03:00:00,Facebook,Image,Community Campaign,Education,1,147067,99686,86079,1895.0,47,1001,546
POST01219,2025-06-02 06:00:00,Facebook,Image,Special Campaign,Community,17,488131,299453,266779,16675.0,252,937,1504
POST01220,2025-06-02 09:00:00,Instagram,Reel,Seasonal Campaign,Entertainment,15,253103,484108,364429,12591.0,568,4919,8835
POST01221,2025-06-02 12:00:00,LinkedIn,Video,Educational Series,Promotional,11,410478,475550,316044,20065.0,772,3022,7251
POST01222,2025-06-02 15:00:00,Instagram,Carousel,Seasonal Campaign,Entertainment,9,400828,725809,480986,26296.0,1327,3762,6556
POST01223,2025-06-02 18:00:00,YouTube,Reel,Seasonal Campaign,Education,15,198065,199769,136370,5704.0,124,1656,2054
POST01224,2025-06-02 21:00:00,LinkedIn,Image,Festival Campaign,Education,2,113104,98152,75030,3746.0,185,735,1609
POST01225,2025-06-03 00:00:00,YouTube,Reel,Festival Campaign,Brand,7,304909,247165,178349,11631.0,286,3028,3080
POST01226,2025-06-03 03:00:00,Facebook,Carousel,Brand Awareness,Entertainment,21,210125,194669,151602,8046.0,125,804,2898
POST01227,2025-06-03 06:00:00,Instagram,Reel,Educational Series,Education,21,436412,421682,237727,12850.0,215,1795,4850
POST01228,2025-06-03 09:00:00,Instagram,Text,Educational Series,Entertainment,23,398821,413908,242988,12812.0,269,1664,3311
POST01229,2025-06-03 12:00:00,LinkedIn,Video,Festival Campaign,Education,1,166540,176100,157044,4723.0,208,1225,3839
POST01230,2025-06-03 15:00:00,YouTube,Image,Event Promotion,Promotional,21,114385,62150,55834,2327.0,51,471,939
POST01231,2025-06-03 18:00:00,LinkedIn,Image,Event Promotion,Education,0,384793,227075,184232,5900.0,237,763,3120
POST01232,2025-06-03 21:00:00,Instagram,Text,Brand Awareness,Entertainment,13,290318,233859,149608,7956.0,181,673,913
POST01233,2025-06-04 00:00:00,Instagram,Image,Special Campaign,Brand,3,65820,53176,46990,1416.0,40,263,1162
POST01234,2025-06-04 03:00:00,Instagram,Reel,Event Promotion,Entertainment,3,146518,123122,76926,6602.0,359,1490,350
POST01235,2025-06-04 06:00:00,Facebook,Image,Event Promotion,Event,8,170170,112864,90968,4641.0,162,1073,2245
POST01236,2025-06-04 09:00:00,Instagram,Video,Event Promotion,Entertainment,2,354726,660279,389789,33905.0,1356,6029,8977
POST01237,2025-06-04 12:00:00,LinkedIn,Carousel,Special Campaign,Promotional,4,155258,112172,87170,5091.0,99,794,1903
POST01238,2025-06-04 15:00:00,YouTube,Carousel,Product Launch,Community,0,36722,34922,28490,1597.0,26,241,507
POST01239,2025-06-04 18:00:00,LinkedIn,Video,Brand Awareness,Promotional,21,390301,540208,459648,37544.0,1151,1605,7535
POST01240,2025-06-04 21:00:00,Instagram,Video,Festival Campaign,Promotional,18,91504,71368,57594,3714.0,195,315,1435
POST01241,2025-06-05 00:00:00,LinkedIn,Text,Event Promotion,Education,0,130760,99426,86820,4601.0,101,888,2120
POST01242,2025-06-05 03:00:00,Facebook,Reel,Community Campaign,Promotional,9,60452,69533,50920,1519.0,62,584,1062
POST01243,2025-06-05 06:00:00,Facebook,Image,Seasonal Campaign,Entertainment,21,310414,363188,285865,12789.0,685,3817,1403
POST01244,2025-06-05 09:00:00,Facebook,Carousel,Product Launch,Community,11,199383,168345,114363,8256.0,468,1163,1279
POST01245,2025-06-05 12:00:00,Facebook,Video,Special Campaign,Brand,9,323273,421769,233506,19867.0,1185,1935,5148
POST01246,2025-06-05 15:00:00,Facebook,Carousel,Special Campaign,Promotional,1,255881,137814,112296,8258.0,397,655,2072
POST01247,2025-06-05 18:00:00,Instagram,Reel,Special Campaign,Entertainment,15,26387,58813,50252,3675.0,50,910,285
POST01248,2025-06-05 21:00:00,Instagram,Video,Event Promotion,Education,7,44394,53989,32980,3151.0,168,269,351
POST01249,2025-06-06 00:00:00,LinkedIn,Carousel,Seasonal Campaign,Education,13,409257,352028,197144,6392.0,346,807,675
POST01250,2025-06-06 03:00:00,Facebook,Reel,Seasonal Campaign,Brand,14,358971,268159,162926,6453.0,244,1189,3688
POST01251,2025-06-06 06:00:00,Facebook,Image,Product Launch,Brand,15,393254,460461,397539,7860.0,105,3718,7725
POST01252,2025-06-06 09:00:00,YouTube,Reel,Brand Awareness,Entertainment,10,443309,743583,485878,50127.0,1695,2355,6116
POST01253,2025-06-06 12:00:00,Instagram,Reel,Special Campaign,Brand,11,272236,235254,148632,7899.0,162,616,2932
POST01254,2025-06-06 15:00:00,Instagram,Reel,Community Campaign,Brand,1,207708,212303,117850,10069.0,323,1217,2773
POST01255,2025-06-06 18:00:00,Facebook,Image,Community Campaign,Education,3,481362,350848,229443,4869.0,224,637,2101
POST01256,2025-06-06 21:00:00,YouTube,Image,Community Campaign,Entertainment,2,55241,39199,31377,1070.0,46,200,291
POST01257,2025-06-07 00:00:00,Instagram,Carousel,Special Campaign,Community,8,467623,474089,419891,25320.0,1240,2731,5718
POST01258,2025-06-07 03:00:00,YouTube,Carousel,Event Promotion,Brand,17,48337,83603,55132,2980.0,100,410,1022
POST01259,2025-06-07 06:00:00,Instagram,Video,Product Launch,Entertainment,18,383136,639244,405434,15794.0,561,4058,10073
POST01260,2025-06-07 09:00:00,YouTube,Reel,Special Campaign,Promotional,6,24804,50445,43424,2692.0,152,248,285
POST01261,2025-06-07 12:00:00,Instagram,Reel,Community Campaign,Education,3,447274,652950,553947,19102.0,793,5582,5831
POST01262,2025-06-07 15:00:00,Facebook,Video,Seasonal Campaign,Community,5,488979,639146,424940,26802.0,1269,3416,4672
POST01263,2025-06-07 18:00:00,Instagram,Reel,Special Campaign,Education,18,77450,115951,66565,2234.0,96,1067,1262
POST01264,2025-06-07 21:00:00,YouTube,Text,Seasonal Campaign,Education,0,464975,317710,285048,12432.0,522,2358,6415
POST01265,2025-06-08 00:00:00,Instagram,Video,Educational Series,Event,15,79529,116717,92001,3237.0,180,1473,648
POST01266,2025-06-08 03:00:00,Instagram,Image,Special Campaign,Entertainment,10,142766,142979,125006,5943.0,165,1203,2337
POST01267,2025-06-08 06:00:00,Instagram,Text,Educational Series,Promotional,21,313478,417705,279718,5821.0,182,749,6436
POST01268,2025-06-08 09:00:00,YouTube,Reel,Product Launch,Brand,3,476750,679138,527479,30201.0,875,5891,2990
POST01269,2025-06-08 12:00:00,Facebook,Reel,Special Campaign,Promotional,17,83452,128015,100629,5377.0,259,1524,1707
POST01270,2025-06-08 15:00:00,Instagram,Carousel,Event Promotion,Entertainment,22,267448,393200,336389,23094.0,1233,4571,2506
POST01271,2025-06-08 18:00:00,Facebook,Image,Event Promotion,Education,4,419727,333052,298937,15730.0,438,1172,3798
POST01272,2025-06-08 21:00:00,LinkedIn,Text,Brand Awareness,Event,21,192037,112243,66002,3773.0,64,242,382
POST01273,2025-06-09 00:00:00,Facebook,Reel,Brand Awareness,Entertainment,5,389162,383329,295504,28932.0,1004,5074,5330
POST01274,2025-06-09 03:00:00,Instagram,Image,Community Campaign,Community,1,59440,38965,26019,1486.0,87,194,307
POST01275,2025-06-09 06:00:00,YouTube,Image,Festival Campaign,Community,11,345262,431182,359640,21438.0,432,2551,5567
POST01276,2025-06-09 09:00:00,Instagram,Carousel,Seasonal Campaign,Entertainment,21,105263,188083,153090,9241.0,301,1354,2222
POST01277,2025-06-09 12:00:00,Instagram,Reel,Brand Awareness,Brand,8,146775,164389,141766,11334.0,267,783,2589
POST01278,2025-06-09 15:00:00,LinkedIn,Image,Event Promotion,Promotional,19,69217,71050,47624,2444.0,137,435,1081
POST01279,2025-06-09 18:00:00,Instagram,Video,Seasonal Campaign,Promotional,11,444355,468580,287982,13375.0,502,4320,2636
POST01280,2025-06-09 21:00:00,YouTube,Reel,Festival Campaign,Brand,12,236402,348223,194179,10360.0,403,3251,3125
POST01281,2025-06-10 00:00:00,Facebook,Video,Brand Awareness,Event,21,88517,80648,51568,3371.0,35,148,805
POST01282,2025-06-10 03:00:00,Facebook,Image,Product Launch,Education,22,163857,81560,55339,3148.0,134,562,549
POST01283,2025-06-10 06:00:00,YouTube,Video,Educational Series,Education,16,74740,54541,48057,2558.0,64,183,672
POST01284,2025-06-10 09:00:00,Instagram,Carousel,Brand Awareness,Community,4,493418,537991,388418,11647.0,415,5941,1510
POST01285,2025-06-10 12:00:00,Instagram,Reel,Special Campaign,Event,19,121119,103418,77020,4762.0,174,827,954
POST01286,2025-06-10 15:00:00,YouTube,Image,Brand Awareness,Brand,12,221704,132615,113789,7966.0,315,1237,1018
POST01287,2025-06-10 18:00:00,Instagram,Video,Special Campaign,Entertainment,12,33950,31400,26996,1064.0,54,326,594
POST01288,2025-06-10 21:00:00,Instagram,Image,Product Launch,Promotional,9,477858,259031,190328,10096.0,251,2462,2069
POST01289,2025-06-11 00:00:00,Instagram,Text,Event Promotion,Entertainment,14,202241,118902,70127,4152.0,94,770,506
POST01290,2025-06-11 03:00:00,Instagram,Image,Community Campaign,Promotional,14,92209,107281,69161,2650.0,131,350,1013
POST01291,2025-06-11 06:00:00,Instagram,Reel,Product Launch,Entertainment,17,87278,179657,127540,12148.0,558,1372,2658
POST01292,2025-06-11 09:00:00,Instagram,Image,Community Campaign,Brand,17,58488,43801,35606,2302.0,48,274,384
POST01293,2025-06-11 12:00:00,YouTube,Text,Brand Awareness,Brand,1,318421,152593,121935,3689.0,37,394,2637
POST01294,2025-06-11 15:00:00,Facebook,Reel,Event Promotion,Event,22,196113,282114,218623,7364.0,318,3908,2224
POST01295,2025-06-11 18:00:00,Facebook,Video,Festival Campaign,Entertainment,10,272146,149358,128162,4723.0,84,1006,2458
POST01296,2025-06-11 21:00:00,Instagram,Video,Brand Awareness,Entertainment,12,285678,507705,421865,21234.0,1228,1588,2335
POST01297,2025-06-12 00:00:00,Instagram,Image,Product Launch,Event,10,100221,68311,61052,4261.0,171,220,266
POST01298,2025-06-12 03:00:00,Instagram,Reel,Festival Campaign,Event,3,221744,251928,216961,10285.0,539,2446,4171
POST01299,2025-06-12 06:00:00,Facebook,Carousel,Educational Series,Brand,14,91121,53393,33022,2621.0,131,466,366
POST01300,2025-06-12 09:00:00,Facebook,Reel,Festival Campaign,Brand,21,356234,311485,177598,7129.0,270,2347,2068
POST01301,2025-06-12 12:00:00,Instagram,Video,Product Launch,Community,22,129777,242601,168626,15821.0,504,969,2635
POST01302,2025-06-12 15:00:00,LinkedIn,Image,Seasonal Campaign,Entertainment,10,469526,213837,163826,5546.0,193,863,4048
POST01303,2025-06-12 18:00:00,Instagram,Image,Festival Campaign,Brand,17,21634,34910,27058,1412.0,70,357,183
POST01304,2025-06-12 21:00:00,YouTube,Video,Product Launch,Brand,15,299052,326495,210141,6097.0,256,677,2016
POST01305,2025-06-13 00:00:00,Facebook,Image,Seasonal Campaign,Entertainment,9,434526,500484,425891,14557.0,295,5721,7355
POST01306,2025-06-13 03:00:00,LinkedIn,Image,Brand Awareness,Event,11,362797,180246,119906,3522.0,142,1486,2208
POST01307,2025-06-13 06:00:00,Facebook,Image,Seasonal Campaign,Entertainment,12,349402,194685,169704,3085.0,93,1652,3145
POST01308,2025-06-13 09:00:00,Facebook,Image,Event Promotion,Education,8,225219,194346,138969,3677.0,48,1783,2237
POST01309,2025-06-13 12:00:00,Instagram,Image,Educational Series,Entertainment,20,469297,279066,154501,7729.0,224,553,2463
POST01310,2025-06-13 15:00:00,Facebook,Video,Seasonal Campaign,Education,12,212644,298782,181275,9439.0,201,3100,1134
POST01311,2025-06-13 18:00:00,Instagram,Image,Event Promotion,Entertainment,5,271917,275937,161647,9216.0,478,693,3453
POST01312,2025-06-13 21:00:00,LinkedIn,Image,Event Promotion,Education,5,351544,303530,171618,9308.0,141,1405,548
POST01313,2025-06-14 00:00:00,YouTube,Carousel,Event Promotion,Education,10,217675,169612,135673,9681.0,271,1190,1653
POST01314,2025-06-14 03:00:00,Facebook,Reel,Seasonal Campaign,Entertainment,18,242584,324227,200148,18739.0,839,2253,1548
POST01315,2025-06-14 06:00:00,YouTube,Reel,Product Launch,Community,10,255814,400226,337597,30365.0,1666,2403,1787
POST01316,2025-06-14 09:00:00,Facebook,Text,Special Campaign,Brand,9,136107,115360,74126,2606.0,69,675,743
POST01317,2025-06-14 12:00:00,YouTube,Carousel,Product Launch,Promotional,22,486023,447626,251258,10163.0,409,3074,4386
POST01318,2025-06-14 15:00:00,Facebook,Image,Educational Series,Brand,14,411612,477825,400052,18052.0,517,5185,5575
POST01319,2025-06-14 18:00:00,Instagram,Carousel,Product Launch,Education,12,228436,420605,299954,16411.0,330,2705,6664
POST01320,2025-06-14 21:00:00,Instagram,Reel,Community Campaign,Entertainment,22,132436,282654,214768,10830.0,284,2547,3477
POST01321,2025-06-15 00:00:00,Instagram,Carousel,Product Launch,Entertainment,7,313275,423160,282535,15545.0,649,4077,2421
POST01322,2025-06-15 03:00:00,Instagram,Image,Product Launch,Entertainment,4,433602,430961,243973,5785.0,265,3063,3497
POST01323,2025-06-15 06:00:00,LinkedIn,Image,Product Launch,Entertainment,1,462997,186011,126406,3852.0,109,1188,1011
POST01324,2025-06-15 09:00:00,Instagram,Image,Brand Awareness,Community,15,343904,537524,393145,22915.0,403,4481,2724
POST01325,2025-06-15 12:00:00,LinkedIn,Reel,Educational Series,Promotional,12,349514,527714,292401,11772.0,199,3256,7020
POST01326,2025-06-15 15:00:00,Instagram,Reel,Community Campaign,Event,18,411985,333359,250353,9224.0,467,2293,3328
POST01327,2025-06-15 18:00:00,Instagram,Text,Product Launch,Education,8,74470,57431,49537,1383.0,59,491,858
POST01328,2025-06-15 21:00:00,Facebook,Image,Special Campaign,Promotional,14,401832,449179,281295,10699.0,496,3064,6249
POST01329,2025-06-16 00:00:00,Facebook,Image,Educational Series,Brand,5,335427,157815,137988,4931.0,169,639,1392
POST01330,2025-06-16 03:00:00,YouTube,Reel,Festival Campaign,Event,7,150263,149675,87434,4828.0,158,297,1780
POST01331,2025-06-16 06:00:00,YouTube,Reel,Brand Awareness,Event,23,153425,324418,272155,10046.0,206,3309,5539
POST01332,2025-06-16 09:00:00,Facebook,Carousel,Seasonal Campaign,Entertainment,13,296022,376891,318138,9995.0,184,4322,6721
POST01333,2025-06-16 12:00:00,Instagram,Image,Special Campaign,Promotional,4,399887,609839,390428,11999.0,212,1831,2798
POST01334,2025-06-16 15:00:00,LinkedIn,Image,Product Launch,Brand,16,96668,44694,39565,1571.0,93,426,956
POST01335,2025-06-16 18:00:00,LinkedIn,Reel,Special Campaign,Entertainment,21,28203,20863,14516,757.0,38,139,131
POST01336,2025-06-16 21:00:00,Facebook,Carousel,Community Campaign,Entertainment,6,30322,31674,18986,1345.0,55,126,381
POST01337,2025-06-17 00:00:00,Instagram,Reel,Brand Awareness,Community,8,358975,560974,424713,28451.0,589,2344,2790
POST01338,2025-06-17 03:00:00,Facebook,Reel,Community Campaign,Education,15,471991,440957,396338,28102.0,755,7288,9247
POST01339,2025-06-17 06:00:00,Instagram,Image,Seasonal Campaign,Event,17,55925,83582,72277,3488.0,96,320,897
POST01340,2025-06-17 09:00:00,Instagram,Reel,Seasonal Campaign,Brand,12,42247,92358,59802,3414.0,115,437,1059
POST01341,2025-06-17 12:00:00,Instagram,Reel,Special Campaign,Event,17,127930,157997,118805,12174.0,378,974,2578
POST01342,2025-06-17 15:00:00,YouTube,Carousel,Brand Awareness,Promotional,9,430556,326100,192522,4495.0,254,1152,1773
POST01343,2025-06-17 18:00:00,LinkedIn,Carousel,Festival Campaign,Education,0,236850,129139,91901,3179.0,146,397,1062
POST01344,2025-06-17 21:00:00,Facebook,Video,Special Campaign,Entertainment,20,401640,427015,313033,13928.0,195,2482,3097
POST01345,2025-06-18 00:00:00,Facebook,Image,Educational Series,Education,17,173594,88995,58767,3854.0,107,430,542
POST01346,2025-06-18 03:00:00,YouTube,Reel,Brand Awareness,Entertainment,18,195666,272342,195940,19137.0,318,2336,2787
POST01347,2025-06-18 06:00:00,Instagram,Reel,Event Promotion,Education,1,359775,539884,470767,43308.0,1037,2469,7074
POST01348,2025-06-18 09:00:00,Instagram,Text,Seasonal Campaign,Entertainment,3,328479,409186,296679,10016.0,580,2699,1391
POST01349,2025-06-18 12:00:00,LinkedIn,Image,Festival Campaign,Event,10,274192,157186,132169,8906.0,403,719,2354
POST01350,2025-06-18 15:00:00,Instagram,Carousel,Special Campaign,Event,2,371105,495952,327867,8919.0,92,4796,4013
POST01351,2025-06-18 18:00:00,LinkedIn,Reel,Seasonal Campaign,Event,8,54723,70769,62983,4842.0,128,514,1421
POST01352,2025-06-18 21:00:00,YouTube,Image,Event Promotion,Event,9,488956,530495,309125,21209.0,677,3677,6949
POST01353,2025-06-19 00:00:00,YouTube,Reel,Festival Campaign,Education,1,24991,51964,39230,3329.0,133,335,739
POST01354,2025-06-19 03:00:00,Facebook,Image,Seasonal Campaign,Entertainment,6,450049,401823,332090,10960.0,383,2563,7233
POST01355,2025-06-19 06:00:00,YouTube,Text,Event Promotion,Event,14,167139,193302,161390,7631.0,102,828,3759
POST01356,2025-06-19 09:00:00,LinkedIn,Text,Event Promotion,Education,18,33763,15093,9348,264.0,9,49,146
POST01357,2025-06-19 12:00:00,LinkedIn,Image,Seasonal Campaign,Entertainment,9,465171,355270,245340,5894.0,97,2217,5981
POST01358,2025-06-19 15:00:00,YouTube,Image,Special Campaign,Education,23,64863,66995,51483,2920.0,105,510,1236
POST01359,2025-06-19 18:00:00,Instagram,Text,Seasonal Campaign,Community,19,299552,401551,265248,6117.0,136,2649,1436
POST01360,2025-06-19 21:00:00,YouTube,Carousel,Community Campaign,Event,13,176248,143413,111920,3133.0,53,1104,1622
POST01361,2025-06-20 00:00:00,LinkedIn,Reel,Brand Awareness,Promotional,3,186169,124106,84711,5848.0,142,530,467
POST01362,2025-06-20 03:00:00,Instagram,Image,Brand Awareness,Education,10,202922,243629,163914,8443.0,126,2192,2958
POST01363,2025-06-20 06:00:00,Facebook,Reel,Festival Campaign,Event,2,204918,173508,101992,3057.0,73,1443,2023
POST01364,2025-06-20 09:00:00,Facebook,Image,Educational Series,Brand,22,134177,123807,69794,1273.0,67,431,1567
POST01365,2025-06-20 12:00:00,Facebook,Image,Seasonal Campaign,Entertainment,16,186866,222878,187740,12321.0,312,2464,3247
POST01366,2025-06-20 15:00:00,Instagram,Image,Special Campaign,Community,6,214396,334935,241602,5852.0,196,3144,3137
POST01367,2025-06-20 18:00:00,Facebook,Image,Community Campaign,Event,10,371911,220243,164522,8148.0,293,449,1057
POST01368,2025-06-20 21:00:00,LinkedIn,Reel,Brand Awareness,Brand,17,471702,329121,223893,22473.0,425,657,1287
POST01369,2025-06-21 00:00:00,Instagram,Image,Brand Awareness,Education,13,283155,324381,193934,8851.0,284,449,2653
POST01370,2025-06-21 03:00:00,Instagram,Video,Special Campaign,Education,13,174499,273083,193165,6580.0,346,2528,4117
POST01371,2025-06-21 06:00:00,LinkedIn,Carousel,Community Campaign,Brand,5,58392,57007,35922,1644.0,23,424,701
POST01372,2025-06-21 09:00:00,Instagram,Reel,Product Launch,Community,8,275055,532706,449171,33541.0,1883,6663,10051
POST01373,2025-06-21 12:00:00,LinkedIn,Text,Community Campaign,Brand,21,78990,52178,46718,2304.0,123,357,973
POST01374,2025-06-21 15:00:00,YouTube,Text,Special Campaign,Entertainment,2,464068,234213,201700,8534.0,450,863,1516
POST01375,2025-06-21 18:00:00,Instagram,Reel,Brand Awareness,Education,16,428445,862308,633706,18172.0,362,3437,4693
POST01376,2025-06-21 21:00:00,LinkedIn,Reel,Educational Series,Brand,11,360924,217528,167463,6223.0,212,3061,2189
POST01377,2025-06-22 00:00:00,YouTube,Carousel,Product Launch,Promotional,3,495354,297505,262352,11654.0,475,3820,1890
POST01378,2025-06-22 03:00:00,YouTube,Video,Special Campaign,Promotional,19,241070,404020,298384,22322.0,334,1844,2125
POST01379,2025-06-22 06:00:00,Instagram,Text,Special Campaign,Brand,15,176374,166412,128720,5315.0,201,403,1144
POST01380,2025-06-22 09:00:00,YouTube,Video,Event Promotion,Entertainment,23,43536,68880,53053,1443.0,75,437,185
POST01381,2025-06-22 12:00:00,Instagram,Carousel,Community Campaign,Education,9,369890,411414,328243,23372.0,1328,906,5110
POST01382,2025-06-22 15:00:00,Instagram,Image,Event Promotion,Promotional,6,287729,158820,122942,6230.0,148,454,1441
POST01383,2025-06-22 18:00:00,LinkedIn,Reel,Product Launch,Brand,9,462346,399585,313573,29851.0,729,2830,2578
POST01384,2025-06-22 21:00:00,Instagram,Reel,Product Launch,Brand,6,263481,455477,366232,21452.0,504,2429,2180
POST01385,2025-06-23 00:00:00,Facebook,Image,Product Launch,Event,22,475173,279315,232720,10349.0,182,2425,3032
POST01386,2025-06-23 03:00:00,Instagram,Carousel,Festival Campaign,Brand,17,77210,115555,79856,3717.0,117,1154,1297
POST01387,2025-06-23 06:00:00,Facebook,Image,Community Campaign,Entertainment,8,233803,245134,198813,11334.0,557,2472,4853
POST01388,2025-06-23 09:00:00,Instagram,Carousel,Special Campaign,Promotional,21,231445,278284,162815,11133.0,507,1684,1397
POST01389,2025-06-23 12:00:00,LinkedIn,Reel,Seasonal Campaign,Event,17,263769,377387,323294,26643.0,1465,4684,1157
POST01390,2025-06-23 15:00:00,YouTube,Image,Educational Series,Promotional,16,418672,561551,365859,12346.0,343,2773,7021
POST01391,2025-06-23 18:00:00,Instagram,Reel,Educational Series,Promotional,10,404509,869601,601077,45447.0,1754,3052,4913
POST01392,2025-06-23 21:00:00,Instagram,Image,Special Campaign,Entertainment,0,270669,339397,282128,10235.0,494,2604,3852
POST01393,2025-06-24 00:00:00,Instagram,Video,Event Promotion,Brand,16,204933,237496,183571,15431.0,847,1442,3814
POST01394,2025-06-24 03:00:00,YouTube,Carousel,Special Campaign,Entertainment,3,450505,510577,335969,8221.0,440,732,1281
POST01395,2025-06-24 06:00:00,Instagram,Text,Event Promotion,Brand,3,29775,32438,20399,340.0,11,144,124
POST01396,2025-06-24 09:00:00,Facebook,Reel,Seasonal Campaign,Event,13,215953,179534,158923,5392.0,298,945,820
POST01397,2025-06-24 12:00:00,YouTube,Image,Event Promotion,Entertainment,8,296243,363328,210992,6103.0,196,2568,1717
POST01398,2025-06-24 15:00:00,Instagram,Reel,Community Campaign,Entertainment,12,384485,628639,346705,10032.0,553,6373,2359
POST01399,2025-06-24 18:00:00,Facebook,Image,Brand Awareness,Community,15,323986,156412,122865,2686.0,131,454,1224
POST01400,2025-06-24 21:00:00,Facebook,Video,Event Promotion,Education,0,263362,300724,230073,10591.0,223,657,4467
POST01401,2025-06-25 00:00:00,Instagram,Carousel,Product Launch,Entertainment,2,339307,242312,195828,5343.0,301,422,769
POST01402,2025-06-25 03:00:00,Instagram,Video,Event Promotion,Community,18,233423,172873,139348,11391.0,252,2319,644
POST01403,2025-06-25 06:00:00,Instagram,Reel,Product Launch,Education,7,228834,496070,422721,12766.0,707,2185,6516
POST01404,2025-06-25 09:00:00,Facebook,Video,Festival Campaign,Brand,17,142863,152736,133298,11912.0,485,1225,1925
POST01405,2025-06-25 12:00:00,Facebook,Reel,Brand Awareness,Brand,5,377752,461102,378683,35567.0,1542,1350,5085
POST01406,2025-06-25 15:00:00,YouTube,Video,Brand Awareness,Brand,19,487891,502292,317098,12367.0,191,2607,4550
POST01407,2025-06-25 18:00:00,Facebook,Reel,Seasonal Campaign,Community,5,458083,558866,398037,12569.0,167,6318,7692
POST01408,2025-06-25 21:00:00,Facebook,Reel,Community Campaign,Community,4,423075,331088,256460,8779.0,512,2429,4019
POST01409,2025-06-26 00:00:00,YouTube,Image,Special Campaign,Education,11,129478,159670,117960,5684.0,152,1282,1539
POST01410,2025-06-26 03:00:00,LinkedIn,Text,Community Campaign,Brand,8,75700,60106,36401,1530.0,79,299,174
POST01411,2025-06-26 06:00:00,Instagram,Reel,Educational Series,Promotional,8,22539,47673,36052,1824.0,82,408,881
POST01412,2025-06-26 09:00:00,Instagram,Image,Festival Campaign,Entertainment,16,128609,84262,72489,2466.0,99,756,599
POST01413,2025-06-26 12:00:00,Instagram,Video,Seasonal Campaign,Community,18,360879,549678,382840,23838.0,1055,6169,8468
POST01414,2025-06-26 15:00:00,Instagram,Image,Community Campaign,Community,16,184230,260400,204186,7045.0,101,2262,2314
POST01415,2025-06-26 18:00:00,YouTube,Reel,Product Launch,Community,21,216690,194663,149029,14735.0,451,2129,2689
POST01416,2025-06-26 21:00:00,LinkedIn,Image,Festival Campaign,Education,15,463370,200016,136403,5273.0,212,1365,1771
POST01417,2025-06-27 00:00:00,Instagram,Image,Brand Awareness,Brand,11,77824,110688,82777,2472.0,131,305,893
POST01418,2025-06-27 03:00:00,Instagram,Text,Special Campaign,Promotional,2,258344,301503,188009,4055.0,185,2024,3104
POST01419,2025-06-27 06:00:00,YouTube,Video,Special Campaign,Entertainment,13,273156,342066,253517,17615.0,398,1421,3750
POST01420,2025-06-27 09:00:00,LinkedIn,Image,Product Launch,Entertainment,16,294425,129250,107224,3821.0,226,630,869
POST01421,2025-06-27 12:00:00,Instagram,Text,Seasonal Campaign,Brand,21,428336,391717,319496,7506.0,316,2092,3321
POST01422,2025-06-27 15:00:00,YouTube,Image,Seasonal Campaign,Promotional,15,29946,26527,17913,589.0,20,58,67
POST01423,2025-06-27 18:00:00,Instagram,Reel,Festival Campaign,Education,20,144128,229009,134938,6748.0,331,1704,979
POST01424,2025-06-27 21:00:00,Instagram,Reel,Brand Awareness,Community,11,406160,595526,494274,36979.0,1484,2811,5134
POST01425,2025-06-28 00:00:00,LinkedIn,Image,Community Campaign,Community,23,96427,74184,47682,1308.0,59,600,1162
POST01426,2025-06-28 03:00:00,LinkedIn,Reel,Product Launch,Brand,1,498392,636055,361638,30073.0,1228,6371,5278
POST01427,2025-06-28 06:00:00,Instagram,Text,Product Launch,Entertainment,7,46111,52906,37341,1072.0,20,254,687
POST01428,2025-06-28 09:00:00,LinkedIn,Video,Brand Awareness,Community,11,203468,224429,181521,10738.0,399,1708,3234
POST01429,2025-06-28 12:00:00,Facebook,Reel,Product Launch,Entertainment,20,315434,257949,214864,16561.0,400,931,5281
POST01430,2025-06-28 15:00:00,LinkedIn,Image,Special Campaign,Entertainment,15,247212,159681,142718,6758.0,260,1631,2172
POST01431,2025-06-28 18:00:00,YouTube,Carousel,Community Campaign,Brand,7,185534,122408,75439,4731.0,76,549,1198
POST01432,2025-06-28 21:00:00,YouTube,Text,Community Campaign,Event,15,497388,390514,254938,7524.0,162,994,2447
POST01433,2025-06-29 00:00:00,YouTube,Video,Community Campaign,Event,9,286981,556986,425159,39696.0,2002,7621,7131
POST01434,2025-06-29 03:00:00,Facebook,Image,Brand Awareness,Event,19,31801,29409,24526,1049.0,31,235,482
POST01435,2025-06-29 06:00:00,Instagram,Video,Event Promotion,Promotional,14,411486,387883,245113,11564.0,505,870,1292
POST01436,2025-06-29 09:00:00,Instagram,Image,Event Promotion,Brand,3,174782,145080,100608,3421.0,119,1124,1364
POST01437,2025-06-29 12:00:00,Instagram,Image,Seasonal Campaign,Entertainment,14,117157,71435,49500,1005.0,27,523,607
POST01438,2025-06-29 15:00:00,Facebook,Reel,Seasonal Campaign,Community,3,265907,212306,174202,13834.0,480,1634,957
POST01439,2025-06-29 18:00:00,Instagram,Reel,Special Campaign,Promotional,10,60916,93873,59546,2767.0,140,279,625
POST01440,2025-06-29 21:00:00,Facebook,Image,Product Launch,Event,5,426281,291718,259356,18098.0,435,1976,3831
POST01441,2025-06-30 00:00:00,LinkedIn,Reel,Community Campaign,Education,3,82546,60433,44035,1867.0,58,682,761
POST01442,2025-06-30 03:00:00,Instagram,Reel,Product Launch,Promotional,8,327618,330466,214381,14427.0,290,832,2005
POST01443,2025-06-30 06:00:00,Facebook,Carousel,Brand Awareness,Promotional,8,276537,302113,196222,13212.0,364,849,2644
POST01444,2025-06-30 09:00:00,YouTube,Reel,Product Launch,Brand,2,375910,568784,316474,29707.0,1611,4133,6060
POST01445,2025-06-30 12:00:00,LinkedIn,Image,Educational Series,Community,22,56388,54510,43191,1142.0,56,360,530
POST01446,2025-06-30 15:00:00,Instagram,Image,Event Promotion,Promotional,4,96167,70962,58301,4151.0,119,722,1381
POST01447,2025-06-30 18:00:00,Facebook,Text,Product Launch,Community,14,377508,343490,192818,10759.0,178,1821,708
POST01448,2025-06-30 21:00:00,Facebook,Image,Product Launch,Brand,8,94667,82654,62410,4368.0,135,783,544
POST01449,2025-07-01 00:00:00,LinkedIn,Reel,Festival Campaign,Education,1,361987,288457,237568,21977.0,1067,2488,1409
POST01450,2025-07-01 03:00:00,Facebook,Image,Special Campaign,Entertainment,2,285853,179109,122095,7984.0,97,1345,1820
POST01451,2025-07-01 06:00:00,YouTube,Video,Product Launch,Entertainment,20,68754,80806,56682,3804.0,179,179,391
POST01452,2025-07-01 09:00:00,Facebook,Text,Educational Series,Event,11,263291,170635,115446,6123.0,269,504,2230
POST01453,2025-07-01 12:00:00,LinkedIn,Image,Event Promotion,Event,15,368401,154508,102049,4779.0,63,952,2367
POST01454,2025-07-01 15:00:00,YouTube,Reel,Festival Campaign,Education,4,248802,477465,344681,23431.0,978,5344,2605
POST01455,2025-07-01 18:00:00,Instagram,Text,Special Campaign,Entertainment,9,287238,160677,97713,3939.0,98,690,2242
POST01456,2025-07-01 21:00:00,LinkedIn,Reel,Brand Awareness,Event,14,160487,164145,115597,11988.0,226,1239,1953
POST01457,2025-07-02 00:00:00,Facebook,Carousel,Seasonal Campaign,Community,13,462062,385546,339141,9352.0,273,1792,2481
POST01458,2025-07-02 03:00:00,Facebook,Image,Brand Awareness,Promotional,13,264852,217166,121524,7474.0,151,466,2333
POST01459,2025-07-02 06:00:00,Instagram,Reel,Event Promotion,Brand,22,492282,1065530,647480,30637.0,1569,11263,3236
POST01460,2025-07-02 09:00:00,Facebook,Reel,Seasonal Campaign,Event,12,27472,47862,39351,2131.0,100,196,717
POST01461,2025-07-02 12:00:00,Instagram,Reel,Brand Awareness,Education,15,214802,174338,103943,3355.0,198,1034,2281
POST01462,2025-07-02 15:00:00,Facebook,Carousel,Special Campaign,Entertainment,7,56131,47380,30557,1318.0,48,434,730
POST01463,2025-07-02 18:00:00,Instagram,Text,Educational Series,Education,7,104943,124446,88256,5258.0,76,259,370
POST01464,2025-07-02 21:00:00,Facebook,Reel,Product Launch,Brand,16,365881,353852,311427,17742.0,503,1481,1358
POST01465,2025-07-03 00:00:00,LinkedIn,Video,Event Promotion,Brand,16,441164,486636,298904,21586.0,1121,3946,7014
POST01466,2025-07-03 03:00:00,Instagram,Reel,Seasonal Campaign,Education,2,197980,460882,402386,14250.0,425,3301,8197
POST01467,2025-07-03 06:00:00,LinkedIn,Image,Festival Campaign,Event,0,200907,165883,132952,9016.0,295,917,2663
POST01468,2025-07-03 09:00:00,YouTube,Reel,Product Launch,Event,16,271267,237088,186090,16853.0,515,2451,3598
POST01469,2025-07-03 12:00:00,LinkedIn,Text,Brand Awareness,Entertainment,23,305259,245965,197568,6397.0,139,1026,3710
POST01470,2025-07-03 15:00:00,Facebook,Video,Brand Awareness,Community,15,310105,491203,275533,13525.0,184,4099,4543
POST01471,2025-07-03 18:00:00,YouTube,Carousel,Festival Campaign,Entertainment,16,67083,93946,54922,2649.0,50,841,1146
POST01472,2025-07-03 21:00:00,Facebook,Video,Educational Series,Promotional,1,472633,469132,313002,16554.0,466,5307,1174
POST01473,2025-07-04 00:00:00,LinkedIn,Carousel,Special Campaign,Community,13,465278,566083,326000,,270,3111,6287
POST01474,2025-07-04 03:00:00,YouTube,Text,Special Campaign,Promotional,6,67182,81395,72901,4344.0,167,361,1153
POST01475,2025-07-04 06:00:00,Instagram,Carousel,Festival Campaign,Entertainment,18,147987,267597,201539,14523.0,591,1616,4628
POST01476,2025-07-04 09:00:00,Facebook,Text,Event Promotion,Community,0,284161,174894,126023,3409.0,131,594,2974
POST01477,2025-07-04 12:00:00,Facebook,Image,Festival Campaign,Community,16,417439,436083,359737,25546.0,363,2506,2989
POST01478,2025-07-04 15:00:00,Facebook,Reel,Brand Awareness,Promotional,9,81852,110532,98587,2682.0,116,277,2008
POST01479,2025-07-04 18:00:00,Facebook,Image,Educational Series,Education,5,251560,138499,122474,5100.0,149,299,2945
POST01480,2025-07-04 21:00:00,YouTube,Reel,Educational Series,Event,6,332653,492588,407652,28706.0,1547,6373,3614
POST01481,2025-07-05 00:00:00,Facebook,Image,Community Campaign,Community,5,174147,175998,120032,2404.0,87,686,2607
POST01482,2025-07-05 03:00:00,Instagram,Image,Festival Campaign,Community,4,26531,39997,22921,611.0,8,254,364
POST01483,2025-07-05 06:00:00,YouTube,Carousel,Event Promotion,Promotional,1,417882,657663,384359,14322.0,149,3325,4493
POST01484,2025-07-05 09:00:00,Instagram,Reel,Brand Awareness,Community,17,240389,245501,135124,,501,2191,2853
POST01485,2025-07-05 12:00:00,Instagram,Reel,Product Launch,Promotional,23,326167,502731,276836,27489.0,825,3824,6130
POST01486,2025-07-05 15:00:00,Instagram,Image,Special Campaign,Education,16,186308,196840,172775,8936.0,218,717,1592
POST01487,2025-07-05 18:00:00,Instagram,Text,Special Campaign,Community,23,322203,405609,354687,14300.0,462,2080,7263
POST01488,2025-07-05 21:00:00,Facebook,Image,Special Campaign,Brand,22,60023,24403,19123,898.0,12,192,78
POST01489,2025-07-06 00:00:00,Instagram,Image,Educational Series,Entertainment,6,286380,383122,308159,11382.0,336,1746,3756
POST01490,2025-07-06 03:00:00,YouTube,Carousel,Special Campaign,Education,20,218547,282369,206022,15069.0,387,976,934
POST01491,2025-07-06 06:00:00,Instagram,Carousel,Festival Campaign,Brand,18,187696,336197,212894,11723.0,586,2015,2014
POST01492,2025-07-06 09:00:00,Instagram,Reel,Community Campaign,Education,6,183890,274509,238832,10496.0,196,1725,5710
POST01493,2025-07-06 12:00:00,Instagram,Image,Event Promotion,Event,22,494678,618488,400280,10162.0,485,3503,7671
POST01494,2025-07-06 15:00:00,Instagram,Reel,Event Promotion,Education,6,181172,416240,336690,34635.0,1212,2421,6606
POST01495,2025-07-06 18:00:00,Facebook,Text,Seasonal Campaign,Education,15,217968,183013,116378,1837.0,25,1203,693
POST01496,2025-07-06 21:00:00,Facebook,Reel,Special Campaign,Event,11,387253,257073,219682,21706.0,1269,1847,3455
POST01497,2025-07-07 00:00:00,Facebook,Image,Brand Awareness,Community,14,457912,247594,192611,5737.0,267,2391,2225
POST01498,2025-07-07 03:00:00,YouTube,Reel,Educational Series,Entertainment,14,282082,533043,413078,31926.0,734,3025,7911
POST01499,2025-07-07 06:00:00,Instagram,Reel,Brand Awareness,Brand,10,146682,191021,111571,5524.0,215,1429,720
POST01500,2025-07-07 09:00:00,LinkedIn,Video,Special Campaign,Promotional,1,490746,568127,395878,34008.0,1870,1754,3642
POST01501,2025-07-07 12:00:00,YouTube,Reel,Community Campaign,Entertainment,2,44941,77107,56574,3869.0,218,891,1288
POST01502,2025-07-07 15:00:00,YouTube,Reel,Product Launch,Education,18,375211,801447,523274,19362.0,901,3131,3524
POST01503,2025-07-07 18:00:00,Instagram,Image,Special Campaign,Promotional,19,271790,284689,244360,7959.0,369,2910,4132
POST01504,2025-07-07 21:00:00,Instagram,Reel,Product Launch,Event,14,121349,234327,197580,10073.0,240,2024,1962
POST01505,2025-07-08 00:00:00,Instagram,Reel,Product Launch,Entertainment,15,472563,404539,292387,27806.0,1654,1227,1403
POST01506,2025-07-08 03:00:00,Instagram,Video,Event Promotion,Community,0,96629,133940,89607,7097.0,157,723,709
POST01507,2025-07-08 06:00:00,YouTube,Video,Educational Series,Brand,14,184097,166869,138591,11604.0,167,2018,3066
POST01508,2025-07-08 09:00:00,YouTube,Text,Special Campaign,Entertainment,11,293795,324928,201101,3489.0,205,451,4631
POST01509,2025-07-08 12:00:00,Facebook,Video,Brand Awareness,Entertainment,6,372524,539079,309986,20357.0,359,3769,3793
POST01510,2025-07-08 15:00:00,Facebook,Carousel,Brand Awareness,Community,6,234326,163059,92291,7747.0,279,832,1537
POST01511,2025-07-08 18:00:00,Facebook,Reel,Community Campaign,Promotional,10,331967,317823,179105,15626.0,522,1403,2588
POST01512,2025-07-08 21:00:00,Facebook,Video,Product Launch,Event,19,461338,599128,432037,14123.0,740,6129,3954
POST01513,2025-07-09 00:00:00,LinkedIn,Video,Educational Series,Community,10,164661,195738,125147,9120.0,272,402,1324
POST01514,2025-07-09 03:00:00,Instagram,Video,Educational Series,Event,16,321912,536623,424807,32991.0,1158,4317,6197
POST01515,2025-07-09 06:00:00,Instagram,Image,Community Campaign,Community,2,216058,349242,272011,12449.0,151,2102,4977
POST01516,2025-07-09 09:00:00,Instagram,Reel,Festival Campaign,Entertainment,15,367702,785097,580741,18666.0,380,2357,6212
POST01517,2025-07-09 12:00:00,Facebook,Video,Educational Series,Event,4,132784,131512,88572,2346.0,121,400,1627
POST01518,2025-07-09 15:00:00,LinkedIn,Carousel,Educational Series,Promotional,1,386533,268509,227604,18226.0,618,1750,5494
POST01519,2025-07-09 18:00:00,Instagram,Text,Brand Awareness,Promotional,22,413450,408143,325859,8663.0,186,2193,1153
POST01520,2025-07-09 21:00:00,LinkedIn,Reel,Community Campaign,Brand,6,354514,485805,313360,17410.0,495,1096,2069
POST01521,2025-07-10 00:00:00,Instagram,Reel,Special Campaign,Event,9,428271,651629,472816,41622.0,1009,1323,10949
POST01522,2025-07-10 03:00:00,LinkedIn,Reel,Educational Series,Brand,4,88743,114230,69074,5509.0,208,404,315
POST01523,2025-07-10 06:00:00,Instagram,Video,Educational Series,Community,14,415616,310710,206644,19370.0,243,2068,4097
POST01524,2025-07-10 09:00:00,Instagram,Reel,Brand Awareness,Education,11,226217,503176,452354,15036.0,319,1484,7566
POST01525,2025-07-10 12:00:00,YouTube,Reel,Special Campaign,Promotional,9,107009,194925,122480,9937.0,275,1836,495
POST01526,2025-07-10 15:00:00,Instagram,Text,Special Campaign,Entertainment,21,130866,105317,83664,1564.0,88,249,252
POST01527,2025-07-10 18:00:00,Instagram,Reel,Educational Series,Promotional,16,109471,150966,95628,2487.0,102,1497,1342
POST01528,2025-07-10 21:00:00,Instagram,Video,Brand Awareness,Education,19,205229,178170,156495,5110.0,179,875,873
POST01529,2025-07-11 00:00:00,Facebook,Image,Festival Campaign,Entertainment,19,240482,256374,168834,8661.0,169,988,3746
POST01530,2025-07-11 03:00:00,YouTube,Video,Event Promotion,Event,10,342742,573952,385317,28007.0,1061,3804,5231
POST01531,2025-07-11 06:00:00,Instagram,Image,Seasonal Campaign,Event,7,307159,374939,284147,11840.0,668,1665,2318
POST01532,2025-07-11 09:00:00,Facebook,Text,Brand Awareness,Promotional,14,270942,109997,83140,1419.0,54,143,557
POST01533,2025-07-11 12:00:00,Facebook,Text,Brand Awareness,Entertainment,1,230792,118761,89388,3891.0,70,925,1911
POST01534,2025-07-11 15:00:00,Instagram,Reel,Educational Series,Community,16,263414,394042,295783,9670.0,578,2201,5564
POST01535,2025-07-11 18:00:00,YouTube,Reel,Brand Awareness,Entertainment,22,479402,525108,346185,12827.0,448,1695,6506
POST01536,2025-07-11 21:00:00,Instagram,Reel,Community Campaign,Brand,5,84430,123014,86361,5698.0,148,417,421
POST01537,2025-07-12 00:00:00,Instagram,Carousel,Product Launch,Education,20,248997,227759,172573,7324.0,257,2658,2888
POST01538,2025-07-12 03:00:00,Facebook,Video,Product Launch,Event,12,331329,304017,238636,13712.0,317,1030,5280
POST01539,2025-07-12 06:00:00,Instagram,Image,Festival Campaign,Promotional,7,82306,102428,65410,3420.0,39,382,1298
POST01540,2025-07-12 09:00:00,YouTube,Carousel,Special Campaign,Entertainment,10,301560,484961,385794,11990.0,653,1166,2160
POST01541,2025-07-12 12:00:00,Facebook,Reel,Brand Awareness,Event,14,98655,102155,89196,8532.0,268,1340,2130
POST01542,2025-07-12 15:00:00,Instagram,Video,Special Campaign,Promotional,12,93180,159929,130386,8381.0,399,1526,591
POST01543,2025-07-12 18:00:00,YouTube,Text,Community Campaign,Event,17,70262,36796,21322,341.0,19,142,325
POST01544,2025-07-12 21:00:00,Instagram,Reel,Educational Series,Promotional,17,356333,578569,413210,30998.0,1290,7050,9830
POST01545,2025-07-13 00:00:00,LinkedIn,Image,Educational Series,Event,16,362096,370651,260323,11196.0,499,2214,5490
POST01546,2025-07-13 03:00:00,YouTube,Reel,Seasonal Campaign,Community,21,73662,55610,37135,2997.0,171,696,667
POST01547,2025-07-13 06:00:00,Facebook,Image,Event Promotion,Brand,12,218482,135834,98066,5917.0,211,891,2141
POST01548,2025-07-13 09:00:00,YouTube,Image,Festival Campaign,Education,2,72191,45203,31817,2185.0,56,189,566
POST01549,2025-07-13 12:00:00,Instagram,Reel,Community Campaign,Event,20,227037,365908,202039,20985.0,1176,650,850
POST01550,2025-07-13 15:00:00,Facebook,Image,Special Campaign,Education,23,163285,156020,98728,4707.0,63,1015,1058
POST01551,2025-07-13 18:00:00,LinkedIn,Reel,Community Campaign,Event,6,200059,116052,72512,5061.0,104,646,898
POST01552,2025-07-13 21:00:00,Facebook,Image,Seasonal Campaign,Entertainment,11,365320,168752,113441,2179.0,58,999,1703
POST01553,2025-07-14 00:00:00,Facebook,Image,Seasonal Campaign,Brand,3,210855,233922,142940,9250.0,454,1722,1150
POST01554,2025-07-14 03:00:00,LinkedIn,Reel,Educational Series,Community,23,81353,80904,46417,1310.0,72,126,1039
POST01555,2025-07-14 06:00:00,Instagram,Video,Special Campaign,Brand,10,383688,532041,329234,22898.0,746,4691,2644
POST01556,2025-07-14 09:00:00,Instagram,Carousel,Event Promotion,Education,13,166874,303739,257863,7016.0,170,2073,4504
POST01557,2025-07-14 12:00:00,Facebook,Image,Educational Series,Entertainment,17,232730,154618,128172,4285.0,118,416,2856
POST01558,2025-07-14 15:00:00,YouTube,Reel,Event Promotion,Promotional,6,211718,422958,298072,11012.0,471,3709,5699
POST01559,2025-07-14 18:00:00,Facebook,Video,Product Launch,Brand,4,325815,518761,444700,15071.0,269,4762,2664
POST01560,2025-07-14 21:00:00,LinkedIn,Text,Community Campaign,Community,15,240709,107119,67638,1241.0,46,656,1618
POST01561,2025-07-15 00:00:00,Instagram,Reel,Seasonal Campaign,Entertainment,10,480161,759566,573072,29109.0,1147,6541,2878
POST01562,2025-07-15 03:00:00,Instagram,Reel,Product Launch,Entertainment,21,325532,525277,315178,18609.0,844,5226,2332
POST01563,2025-07-15 06:00:00,Facebook,Reel,Special Campaign,Education,2,185672,296781,249797,15544.0,624,2948,1514
POST01564,2025-07-15 09:00:00,Instagram,Image,Educational Series,Community,15,366088,317845,189341,7903.0,117,1330,3346
POST01565,2025-07-15 12:00:00,Facebook,Reel,Festival Campaign,Entertainment,10,80690,122544,68765,4596.0,204,610,1427
POST01566,2025-07-15 15:00:00,YouTube,Image,Brand Awareness,Entertainment,9,418952,610118,393956,25381.0,281,1509,3244
POST01567,2025-07-15 18:00:00,Facebook,Carousel,Festival Campaign,Promotional,22,483745,612720,530203,32238.0,951,5340,13013
POST01568,2025-07-15 21:00:00,Instagram,Image,Festival Campaign,Education,22,194943,296678,176615,3343.0,103,1442,1070
POST01569,2025-07-16 00:00:00,Facebook,Image,Brand Awareness,Education,1,329309,322316,214576,5866.0,92,2835,2134
POST01570,2025-07-16 03:00:00,YouTube,Image,Community Campaign,Community,15,207858,288905,190892,7033.0,73,1264,2631
POST01571,2025-07-16 06:00:00,YouTube,Image,Product Launch,Entertainment,16,313391,206274,171326,11864.0,160,1153,3562
POST01572,2025-07-16 09:00:00,Instagram,Reel,Product Launch,Promotional,9,139645,264108,184224,5911.0,191,989,2078
POST01573,2025-07-16 12:00:00,Facebook,Reel,Community Campaign,Event,17,48821,70365,53762,4375.0,96,682,374
POST01574,2025-07-16 15:00:00,LinkedIn,Video,Brand Awareness,Brand,11,416429,375458,259641,6850.0,92,4057,3434
POST01575,2025-07-16 18:00:00,Instagram,Reel,Event Promotion,Education,7,128659,116358,86455,4692.0,107,587,1165
POST01576,2025-07-16 21:00:00,Instagram,Carousel,Festival Campaign,Promotional,2,180567,255372,146035,10152.0,369,324,490
POST01577,2025-07-17 00:00:00,Instagram,Text,Educational Series,Community,19,353888,175773,119685,3647.0,171,986,414
POST01578,2025-07-17 03:00:00,Facebook,Reel,Product Launch,Promotional,23,422860,436565,370768,22083.0,675,1160,3376
POST01579,2025-07-17 06:00:00,Facebook,Image,Community Campaign,Entertainment,2,419669,303787,240560,16090.0,654,1584,4644
POST01580,2025-07-17 09:00:00,YouTube,Image,Educational Series,Brand,5,137441,203953,182260,3931.0,156,1634,2014
POST01581,2025-07-17 12:00:00,Instagram,Video,Seasonal Campaign,Education,1,227701,262246,216555,13424.0,735,1823,1655
POST01582,2025-07-17 15:00:00,Instagram,Text,Brand Awareness,Event,2,394189,468457,331680,10441.0,198,1340,1819
POST01583,2025-07-17 18:00:00,YouTube,Carousel,Educational Series,Entertainment,16,293407,187461,147475,12051.0,407,1918,1352
POST01584,2025-07-17 21:00:00,YouTube,Reel,Special Campaign,Education,8,76480,112621,92526,8133.0,338,711,1257
POST01585,2025-07-18 00:00:00,LinkedIn,Carousel,Educational Series,Community,3,409070,356226,229548,6585.0,236,1046,1160
POST01586,2025-07-18 03:00:00,Instagram,Image,Special Campaign,Education,21,216913,264427,150989,10279.0,334,957,502
POST01587,2025-07-18 06:00:00,Facebook,Image,Festival Campaign,Promotional,22,445237,472442,326951,9614.0,564,1092,1896
POST01588,2025-07-18 09:00:00,YouTube,Reel,Brand Awareness,Brand,1,400199,722179,433766,14147.0,807,6188,8343
POST01589,2025-07-18 12:00:00,YouTube,Reel,Educational Series,Event,23,169030,304801,197216,13458.0,546,2879,2614
POST01590,2025-07-18 15:00:00,Facebook,Video,Product Launch,Brand,8,217480,218975,193003,14868.0,475,507,2469
POST01591,2025-07-18 18:00:00,Facebook,Image,Brand Awareness,Promotional,13,323272,321413,272069,15417.0,736,2701,934
POST01592,2025-07-18 21:00:00,LinkedIn,Reel,Product Launch,Event,10,107498,110827,83936,5678.0,202,642,1564
POST01593,2025-07-19 00:00:00,Instagram,Image,Community Campaign,Event,1,324707,198820,137273,6123.0,366,1301,1021
POST01594,2025-07-19 03:00:00,Instagram,Video,Community Campaign,Entertainment,20,37414,74897,48122,4514.0,199,645,240
POST01595,2025-07-19 06:00:00,Facebook,Carousel,Seasonal Campaign,Event,1,404596,531519,398644,28979.0,388,2348,8580
POST01596,2025-07-19 09:00:00,YouTube,Reel,Event Promotion,Education,4,357606,420800,309963,24950.0,750,1777,4241
POST01597,2025-07-19 12:00:00,Instagram,Reel,Community Campaign,Brand,6,264867,584213,480966,19828.0,922,7967,9367
POST01598,2025-07-19 15:00:00,Instagram,Reel,Educational Series,Community,21,206955,406139,355293,31955.0,1665,5362,7490
POST01599,2025-07-19 18:00:00,Instagram,Text,Brand Awareness,Community,3,387353,314035,208873,10180.0,515,2018,5059
POST01600,2025-07-19 21:00:00,LinkedIn,Image,Community Campaign,Brand,13,57210,34250,21310,1525.0,89,146,356
POST01601,2025-07-20 00:00:00,Instagram,Image,Product Launch,Entertainment,1,166362,265040,183137,4611.0,158,1307,824
POST01602,2025-07-20 03:00:00,Instagram,Image,Educational Series,Event,22,412912,540764,380232,21530.0,366,2215,5805
POST01603,2025-07-20 06:00:00,Instagram,Image,Community Campaign,Promotional,11,285811,271267,152982,10841.0,461,1168,2173
POST01604,2025-07-20 09:00:00,Instagram,Video,Special Campaign,Education,9,147710,242902,206853,11854.0,160,2582,882
POST01605,2025-07-20 12:00:00,Instagram,Image,Special Campaign,Entertainment,0,37660,43581,39155,2255.0,132,443,381
POST01606,2025-07-20 15:00:00,YouTube,Reel,Festival Campaign,Event,18,354233,518984,453136,46255.0,2216,2580,5468
POST01607,2025-07-20 18:00:00,Instagram,Reel,Product Launch,Community,22,364606,651089,554228,38077.0,2250,5238,3625
POST01608,2025-07-20 21:00:00,Facebook,Image,Seasonal Campaign,Promotional,15,470914,395792,355187,19801.0,571,2555,1134
POST01609,2025-07-21 00:00:00,Instagram,Text,Seasonal Campaign,Event,14,418024,434457,376992,5995.0,64,2359,7409
POST01610,2025-07-21 03:00:00,YouTube,Reel,Seasonal Campaign,Entertainment,13,114148,229759,181722,12090.0,436,2136,3949
POST01611,2025-07-21 06:00:00,LinkedIn,Video,Product Launch,Promotional,8,191571,274623,167070,7086.0,113,2490,1343
POST01612,2025-07-21 09:00:00,Facebook,Video,Seasonal Campaign,Promotional,20,441231,576260,348477,11656.0,512,5654,1074
POST01613,2025-07-21 12:00:00,YouTube,Reel,Event Promotion,Promotional,22,53351,108931,61771,5020.0,175,326,1394
POST01614,2025-07-21 15:00:00,Instagram,Reel,Festival Campaign,Promotional,14,462878,980894,680878,19778.0,942,9970,4049
POST01615,2025-07-21 18:00:00,Instagram,Reel,Event Promotion,Event,6,403503,500447,416916,40265.0,988,4459,4949
POST01616,2025-07-21 21:00:00,Facebook,Carousel,Special Campaign,Promotional,3,94674,128197,92507,4960.0,255,721,1022
POST01617,2025-07-22 00:00:00,LinkedIn,Reel,Community Campaign,Event,20,257071,152607,103499,7924.0,337,467,684
POST01618,2025-07-22 03:00:00,Facebook,Image,Festival Campaign,Promotional,17,56241,37807,22239,704.0,41,56,359
POST01619,2025-07-22 06:00:00,YouTube,Image,Product Launch,Promotional,7,414414,467685,265698,7396.0,139,3517,6166
POST01620,2025-07-22 09:00:00,Facebook,Carousel,Event Promotion,Entertainment,11,375127,364036,251080,9128.0,114,2728,3590
POST01621,2025-07-22 12:00:00,YouTube,Reel,Educational Series,Event,14,384443,573069,335230,14789.0,777,3434,8180
POST01622,2025-07-22 15:00:00,Instagram,Image,Festival Campaign,Community,14,425329,594813,348704,22555.0,607,3735,2509
POST01623,2025-07-22 18:00:00,YouTube,Image,Product Launch,Event,16,384983,264774,182262,11029.0,348,522,3949
POST01624,2025-07-22 21:00:00,LinkedIn,Image,Brand Awareness,Brand,1,58639,62573,45427,2909.0,163,404,393
POST01625,2025-07-23 00:00:00,Instagram,Video,Festival Campaign,Community,11,346180,467322,287561,22116.0,708,3653,2447
POST01626,2025-07-23 03:00:00,Facebook,Reel,Festival Campaign,Entertainment,2,367367,623170,492069,37494.0,933,5038,2750
POST01627,2025-07-23 06:00:00,Instagram,Video,Community Campaign,Event,6,87983,111886,77933,4832.0,62,494,1714
POST01628,2025-07-23 09:00:00,YouTube,Carousel,Educational Series,Entertainment,5,146164,186002,108285,4085.0,131,1638,2052
POST01629,2025-07-23 12:00:00,Instagram,Image,Community Campaign,Community,13,357088,366492,283284,15889.0,679,1507,2979
POST01630,2025-07-23 15:00:00,YouTube,Carousel,Seasonal Campaign,Entertainment,22,404571,549490,370867,10979.0,257,1410,3963
POST01631,2025-07-23 18:00:00,Facebook,Image,Festival Campaign,Entertainment,4,299818,166020,94351,4302.0,197,865,2036
POST01632,2025-07-23 21:00:00,Instagram,Reel,Special Campaign,Education,3,294557,413846,364926,15046.0,510,4490,8541
POST01633,2025-07-24 00:00:00,Facebook,Carousel,Festival Campaign,Event,14,74986,40276,30203,1594.0,84,374,490
POST01634,2025-07-24 03:00:00,Facebook,Image,Seasonal Campaign,Entertainment,6,199009,177010,126951,4299.0,77,1348,1517
POST01635,2025-07-24 06:00:00,LinkedIn,Carousel,Educational Series,Education,2,224157,275411,234291,5709.0,273,2475,976
POST01636,2025-07-24 09:00:00,Instagram,Reel,Educational Series,Education,12,305215,259925,228177,14897.0,843,1393,1319
POST01637,2025-07-24 12:00:00,Instagram,Text,Special Campaign,Promotional,9,94229,98343,61672,1429.0,67,625,377
POST01638,2025-07-24 15:00:00,Instagram,Image,Special Campaign,Promotional,22,457047,629402,524638,14009.0,424,2468,4768
POST01639,2025-07-24 18:00:00,LinkedIn,Reel,Event Promotion,Community,1,404260,299812,252105,14112.0,303,1055,2181
POST01640,2025-07-24 21:00:00,LinkedIn,Image,Product Launch,Event,11,364450,202857,115433,4332.0,64,614,1724
POST01641,2025-07-25 00:00:00,YouTube,Video,Product Launch,Promotional,23,192443,178218,142428,12308.0,518,1415,3385
POST01642,2025-07-25 03:00:00,Facebook,Video,Event Promotion,Community,21,148345,127755,73080,4724.0,80,411,1604
POST01643,2025-07-25 06:00:00,YouTube,Image,Product Launch,Event,11,349686,211203,160120,10271.0,533,913,2273
POST01644,2025-07-25 09:00:00,Facebook,Video,Festival Campaign,Community,18,287357,270108,211827,7323.0,425,2205,716
POST01645,2025-07-25 12:00:00,Instagram,Reel,Event Promotion,Education,18,83815,113613,77083,4152.0,69,621,347
POST01646,2025-07-25 15:00:00,Facebook,Image,Event Promotion,Education,20,202371,214287,183917,8825.0,254,523,4032
POST01647,2025-07-25 18:00:00,Instagram,Video,Product Launch,Event,2,187708,351648,291930,10224.0,581,1598,2697
POST01648,2025-07-25 21:00:00,Facebook,Video,Brand Awareness,Community,5,83948,117565,102761,3413.0,114,1519,1027
POST01649,2025-07-26 00:00:00,instagram,Carousel,Special Campaign,Community,1,95066,95859,63287,3966.0,145,957,384
POST01650,2025-07-26 03:00:00,Facebook,Video,Product Launch,Promotional,23,329272,293694,163744,11638.0,551,772,1294
POST01651,2025-07-26 06:00:00,Instagram,Reel,Community Campaign,Promotional,12,485389,689788,575291,25464.0,522,8116,4854
POST01652,2025-07-26 09:00:00,Instagram,Video,Brand Awareness,Event,8,69504,81844,51401,2074.0,122,849,620
POST01653,2025-07-26 12:00:00,Instagram,Reel,Event Promotion,Brand,12,90500,152746,108984,9170.0,449,834,1821
POST01654,2025-07-26 15:00:00,Instagram,Reel,Brand Awareness,Promotional,22,72340,162276,135672,4765.0,86,2254,1461
POST01655,2025-07-26 18:00:00,Instagram,Reel,Festival Campaign,Entertainment,13,149222,182620,114255,11198.0,174,2044,1473
POST01656,2025-07-26 21:00:00,LinkedIn,Image,Educational Series,Promotional,18,54070,37328,24605,1696.0,96,130,172
POST01657,2025-07-27 00:00:00,YouTube,Reel,Brand Awareness,Brand,10,93285,154089,108429,10185.0,450,385,459
POST01658,2025-07-27 03:00:00,Instagram,Reel,Community Campaign,Community,13,479598,1006064,649050,27541.0,328,11743,6919
POST01659,2025-07-27 06:00:00,Instagram,Reel,Educational Series,Education,15,492142,578365,411485,11237.0,192,3368,1800
POST01660,2025-07-27 09:00:00,YouTube,Reel,Festival Campaign,Education,9,492487,549524,304083,30123.0,373,861,2917
POST01661,2025-07-27 12:00:00,Facebook,Image,Community Campaign,Community,19,143405,160898,100443,3673.0,215,738,2152
POST01662,2025-07-27 15:00:00,YouTube,Image,Seasonal Campaign,Education,15,428092,245919,206914,7192.0,250,652,2291
POST01663,2025-07-27 18:00:00,LinkedIn,Reel,Educational Series,Promotional,1,230575,265084,184158,8546.0,282,3285,1335
POST01664,2025-07-27 21:00:00,YouTube,Carousel,Seasonal Campaign,Education,15,202748,318583,246182,8962.0,517,1037,5624
POST01665,2025-07-28 00:00:00,LinkedIn,Video,Festival Campaign,Brand,13,38262,52222,32967,2534.0,89,235,562
POST01666,2025-07-28 03:00:00,LinkedIn,Video,Educational Series,Brand,20,122409,60247,46839,4185.0,150,689,1158
POST01667,2025-07-28 06:00:00,Instagram,Reel,Educational Series,Promotional,17,236622,321020,288915,25225.0,1493,4688,2775
POST01668,2025-07-28 09:00:00,LinkedIn,Carousel,Product Launch,Community,5,175126,111398,84478,5361.0,83,1216,625
POST01669,2025-07-28 12:00:00,Instagram,Reel,Community Campaign,Entertainment,6,436267,726877,559641,27111.0,1607,6159,5347
POST01670,2025-07-28 15:00:00,Facebook,Reel,Special Campaign,Promotional,12,441601,585319,344771,23673.0,432,6645,7197
POST01671,2025-07-28 18:00:00,Instagram,Reel,Community Campaign,Education,1,55587,130054,89891,3998.0,134,1017,569
POST01672,2025-07-28 21:00:00,LinkedIn,Video,Brand Awareness,Promotional,14,148595,144471,122981,3938.0,105,1812,1021
POST01673,2025-07-29 00:00:00,LinkedIn,Reel,Seasonal Campaign,Brand,16,75131,82157,69175,2447.0,141,602,1275
POST01674,2025-07-29 03:00:00,Facebook,Reel,Seasonal Campaign,Promotional,12,113019,120901,88601,6476.0,221,1639,1704
POST01675,2025-07-29 06:00:00,Facebook,Reel,Community Campaign,Promotional,6,440869,334082,289384,8392.0,93,4102,6972
POST01676,2025-07-29 09:00:00,Instagram,Video,Community Campaign,Entertainment,0,195862,226570,135948,12789.0,269,489,3339
POST01677,2025-07-29 12:00:00,Instagram,Carousel,Educational Series,Brand,2,62018,58371,45550,3813.0,120,163,801
POST01678,2025-07-29 15:00:00,YouTube,Reel,Seasonal Campaign,Event,19,247502,460537,293412,11048.0,484,5180,3222
POST01679,2025-07-29 18:00:00,Instagram,Image,Event Promotion,Event,17,137177,154938,120223,4938.0,188,1355,1558
POST01680,2025-07-29 21:00:00,Facebook,Image,Special Campaign,Brand,6,212064,136763,79403,4722.0,247,449,1005
POST01681,2025-07-30 00:00:00,Instagram,Carousel,Product Launch,Event,20,468056,583318,513473,41678.0,2143,4734,5916
POST01682,2025-07-30 03:00:00,LinkedIn,Reel,Special Campaign,Education,16,367328,274621,226621,21647.0,855,3855,2366
POST01683,2025-07-30 06:00:00,Facebook,Video,Brand Awareness,Event,11,117292,86788,53837,2279.0,87,216,360
POST01684,2025-07-30 09:00:00,Facebook,Reel,Special Campaign,Education,15,64561,102725,79411,2592.0,61,391,877
POST01685,2025-07-30 12:00:00,Instagram,Carousel,Product Launch,Brand,23,136981,249368,203409,7971.0,461,2413,4947
POST01686,2025-07-30 15:00:00,LinkedIn,Reel,Brand Awareness,Event,9,495810,299080,186418,11204.0,155,743,4177
POST01687,2025-07-30 18:00:00,LinkedIn,Image,Festival Campaign,Event,22,161142,146754,85508,3201.0,95,506,1417
POST01688,2025-07-30 21:00:00,YouTube,Image,Educational Series,Community,15,190097,179409,120764,7220.0,310,573,874
POST01689,2025-07-31 00:00:00,Facebook,Image,Community Campaign,Education,19,53779,38724,23138,738.0,42,247,516
POST01690,2025-07-31 03:00:00,Facebook,Reel,Community Campaign,Education,17,274745,382338,285988,26589.0,932,755,2820
POST01691,2025-07-31 06:00:00,Instagram,Video,Event Promotion,Promotional,14,429832,474278,331254,13331.0,730,1391,4970
POST01692,2025-07-31 09:00:00,YouTube,Reel,Special Campaign,Entertainment,22,115909,86286,61422,3328.0,50,262,1416
POST01693,2025-07-31 12:00:00,Instagram,Carousel,Seasonal Campaign,Event,10,137715,123894,91681,4511.0,165,590,950
POST01694,2025-07-31 15:00:00,Instagram,Video,Seasonal Campaign,Community,17,269369,265676,237439,10677.0,275,1430,5483
POST01695,2025-07-31 18:00:00,Instagram,Image,Product Launch,Entertainment,5,120477,69487,57495,3414.0,169,257,469
POST01696,2025-07-31 21:00:00,Instagram,Carousel,Product Launch,Community,0,121688,125929,97005,4539.0,146,694,2272
POST01697,2025-08-01 00:00:00,Instagram,Carousel,Product Launch,Entertainment,22,278558,342039,231661,17810.0,601,1163,2522
POST01698,2025-08-01 03:00:00,Instagram,Image,Seasonal Campaign,Event,6,279555,373120,208751,14619.0,193,635,2346
POST01699,2025-08-01 06:00:00,LinkedIn,Video,Community Campaign,Community,11,399160,316388,186917,16057.0,512,2149,2834
POST01700,2025-08-01 09:00:00,YouTube,Reel,Seasonal Campaign,Education,19,151869,150835,121543,8114.0,113,2270,1292
POST01701,2025-08-01 12:00:00,LinkedIn,Image,Product Launch,Promotional,3,190961,100454,68230,3106.0,77,607,880
POST01702,2025-08-01 15:00:00,YouTube,Carousel,Educational Series,Community,9,477606,767421,511910,17712.0,289,6364,7181
POST01703,2025-08-01 18:00:00,Instagram,Image,Brand Awareness,Brand,20,426810,324844,279736,13982.0,373,3685,3861
POST01704,2025-08-01 21:00:00,YouTube,Reel,Community Campaign,Event,1,67754,133632,96158,9645.0,206,498,2321
POST01705,2025-08-02 00:00:00,YouTube,Image,Educational Series,Event,8,269444,252638,218494,4883.0,118,1568,2010
POST01706,2025-08-02 03:00:00,Instagram,Video,Festival Campaign,Brand,9,73639,152104,130858,10230.0,178,1501,1211
POST01707,2025-08-02 06:00:00,Facebook,Text,Special Campaign,Entertainment,19,224298,137486,79475,4301.0,137,368,1703
POST01708,2025-08-02 09:00:00,Instagram,Image,Educational Series,Promotional,10,32669,23910,21061,1501.0,52,188,244
POST01709,2025-08-02 12:00:00,Facebook,Carousel,Special Campaign,Entertainment,13,411383,407817,235283,9902.0,513,2497,1084
POST01710,2025-08-02 15:00:00,Facebook,Text,Educational Series,Brand,2,366653,269197,238838,7404.0,273,2319,3245
POST01711,2025-08-02 18:00:00,Instagram,Reel,Festival Campaign,Brand,0,172157,304952,216032,9488.0,203,3601,3263
POST01712,2025-08-02 21:00:00,Instagram,Reel,Educational Series,Promotional,6,48787,69371,56627,4957.0,231,283,939
POST01713,2025-08-03 00:00:00,Facebook,Carousel,Brand Awareness,Brand,3,241692,125299,99882,2978.0,74,440,816
POST01714,2025-08-03 03:00:00,YouTube,Video,Community Campaign,Brand,6,306195,455394,333108,14416.0,689,1955,8131
POST01715,2025-08-03 06:00:00,Instagram,Video,Special Campaign,Community,15,206638,426410,326975,14798.0,434,2117,6282
POST01716,2025-08-03 09:00:00,LinkedIn,Image,Event Promotion,Promotional,9,70615,74106,65396,2501.0,89,549,1232
POST01717,2025-08-03 12:00:00,Instagram,Reel,Seasonal Campaign,Event,14,228162,390417,341448,20107.0,707,2777,7581
POST01718,2025-08-03 15:00:00,Facebook,Image,Festival Campaign,Entertainment,15,203334,85625,66703,3214.0,185,863,238
POST01719,2025-08-03 18:00:00,LinkedIn,Reel,Special Campaign,Event,5,450855,284164,221705,22164.0,391,1019,3655
POST01720,2025-08-03 21:00:00,Instagram,Reel,Community Campaign,Event,3,229962,478556,304566,13793.0,785,2060,6393
POST01721,2025-08-04 00:00:00,Instagram,Video,Product Launch,Community,3,418505,801366,673162,53922.0,2054,10734,2528
POST01722,2025-08-04 03:00:00,Instagram,Reel,Special Campaign,Entertainment,23,139123,313831,242092,19066.0,1137,3020,4753
POST01723,2025-08-04 06:00:00,Instagram,Video,Brand Awareness,Event,22,437960,670882,562995,18216.0,704,6159,13947
POST01724,2025-08-04 09:00:00,Instagram,Image,Event Promotion,Promotional,3,410958,605308,472290,29168.0,1248,4134,7582
POST01725,2025-08-04 12:00:00,Facebook,Image,Brand Awareness,Entertainment,21,37945,40720,26661,610.0,28,126,329
POST01726,2025-08-04 15:00:00,Instagram,Reel,Special Campaign,Education,21,240851,409325,252274,21099.0,1077,3902,3274
POST01727,2025-08-04 18:00:00,YouTube,Reel,Brand Awareness,Community,16,396279,727410,419670,34342.0,1163,4612,7532
POST01728,2025-08-04 21:00:00,LinkedIn,Reel,Product Launch,Event,12,272565,177368,133930,10684.0,469,444,2081
POST01729,2025-08-05 00:00:00,Facebook,Text,Event Promotion,Brand,1,470180,361550,234797,6445.0,262,757,4772
POST01730,2025-08-05 03:00:00,Facebook,Video,Seasonal Campaign,Entertainment,19,255662,401319,309287,20191.0,612,4682,3796
POST01731,2025-08-05 06:00:00,Instagram,Image,Brand Awareness,Education,5,175299,125323,71500,4227.0,215,417,870
POST01732,2025-08-05 09:00:00,Facebook,Reel,Product Launch,Brand,21,244356,355667,242380,18355.0,360,3798,4704
POST01733,2025-08-05 12:00:00,YouTube,Text,Festival Campaign,Education,0,364638,246913,158319,8104.0,148,1261,2723
POST01734,2025-08-05 15:00:00,YouTube,Reel,Product Launch,Event,7,423150,796985,541644,43144.0,2020,4167,10896
POST01735,2025-08-05 18:00:00,Instagram,Reel,Educational Series,Brand,17,458746,856776,487504,23111.0,967,2314,10977
POST01736,2025-08-05 21:00:00,LinkedIn,Image,Special Campaign,Event,20,73168,75132,60365,1585.0,41,678,530
POST01737,2025-08-06 00:00:00,YouTube,Text,Community Campaign,Brand,3,96086,96071,56762,2465.0,102,441,563
POST01738,2025-08-06 03:00:00,Instagram,Reel,Special Campaign,Entertainment,4,478311,679242,377007,32144.0,1560,2896,5501
POST01739,2025-08-06 06:00:00,Instagram,Reel,Special Campaign,Promotional,4,141915,113105,99668,3697.0,77,1140,2339
POST01740,2025-08-06 09:00:00,YouTube,Text,Product Launch,Promotional,14,351704,375147,231655,5297.0,206,1729,4948
POST01741,2025-08-06 12:00:00,Facebook,Reel,Product Launch,Education,9,51772,55028,46213,1245.0,63,121,614
POST01742,2025-08-06 15:00:00,Facebook,Reel,Product Launch,Community,7,421938,577903,512926,34610.0,1057,7145,8006
POST01743,2025-08-06 18:00:00,Facebook,Image,Special Campaign,Brand,6,201214,98615,72673,3436.0,132,688,1356
POST01744,2025-08-06 21:00:00,Instagram,Video,Seasonal Campaign,Event,11,87656,175574,128896,7734.0,107,475,1868
POST01745,2025-08-07 00:00:00,YouTube,Image,Brand Awareness,Community,10,377769,349927,237459,8326.0,428,2616,1226
POST01746,2025-08-07 03:00:00,YouTube,Text,Seasonal Campaign,Entertainment,12,106884,125187,87500,2997.0,149,835,941
POST01747,2025-08-07 06:00:00,Instagram,Carousel,Event Promotion,Entertainment,14,137129,208551,149891,10383.0,340,908,606
POST01748,2025-08-07 09:00:00,Instagram,Reel,Product Launch,Entertainment,16,156949,152159,91787,3688.0,58,490,1628
POST01749,2025-08-07 12:00:00,Facebook,Text,Product Launch,Promotional,21,301048,219300,148610,3576.0,153,1217,1548
POST01750,2025-08-07 15:00:00,Instagram,Image,Educational Series,Event,21,368472,561083,468862,25326.0,978,1520,9022
POST01751,2025-08-07 18:00:00,YouTube,Reel,Educational Series,Entertainment,17,233943,434890,266952,24991.0,1398,4565,3324
POST01752,2025-08-07 21:00:00,Instagram,Image,Festival Campaign,Entertainment,7,100195,99335,80009,2910.0,69,593,320
POST01753,2025-08-08 00:00:00,Instagram,Reel,Festival Campaign,Education,5,180756,410298,319234,31525.0,366,5738,3623
POST01754,2025-08-08 03:00:00,Instagram,Reel,Educational Series,Brand,10,348644,418016,238291,7267.0,165,3205,1861
POST01755,2025-08-08 06:00:00,LinkedIn,Reel,Event Promotion,Brand,8,54902,49966,27873,982.0,30,206,215
POST01756,2025-08-08 09:00:00,Facebook,Image,Festival Campaign,Brand,4,335750,339869,228862,9803.0,174,1665,2587
POST01757,2025-08-08 12:00:00,LinkedIn,Video,Community Campaign,Community,6,143574,101016,80030,6089.0,359,852,1962
POST01758,2025-08-08 15:00:00,YouTube,Image,Community Campaign,Education,21,251620,252933,168363,6402.0,135,1908,4061
POST01759,2025-08-08 18:00:00,Instagram,Text,Event Promotion,Promotional,14,55571,61456,48163,1924.0,84,476,995
POST01760,2025-08-08 21:00:00,YouTube,Reel,Educational Series,Community,20,351591,575158,450297,12711.0,415,6368,3782
POST01761,2025-08-09 00:00:00,YouTube,Reel,Festival Campaign,Education,21,96752,90673,75466,4680.0,176,571,1494
POST01762,2025-08-09 03:00:00,Facebook,Reel,Product Launch,Entertainment,3,480160,634628,371143,16672.0,944,4280,1238
POST01763,2025-08-09 06:00:00,Instagram,Reel,Educational Series,Event,18,369301,617998,464731,30800.0,1126,2234,1970
POST01764,2025-08-09 09:00:00,YouTube,Reel,Festival Campaign,Community,12,237585,359399,205530,13773.0,347,1333,4395
POST01765,2025-08-09 12:00:00,Instagram,Video,Event Promotion,Community,0,229803,438810,268368,20993.0,441,1912,4136
POST01766,2025-08-09 15:00:00,Instagram,Text,Community Campaign,Entertainment,0,195010,120029,79690,3131.0,170,176,893
POST01767,2025-08-09 18:00:00,Facebook,Text,Special Campaign,Entertainment,21,77203,65221,52019,2218.0,131,526,1003
POST01768,2025-08-09 21:00:00,YouTube,Reel,Event Promotion,Event,13,77805,140292,124980,8412.0,190,583,689
POST01769,2025-08-10 00:00:00,Instagram,Video,Special Campaign,Brand,8,257039,452545,303151,28892.0,1331,4023,2821
POST01770,2025-08-10 03:00:00,Instagram,Reel,Festival Campaign,Community,23,259185,406741,297897,26139.0,922,3320,5662
POST01771,2025-08-10 06:00:00,YouTube,Reel,Event Promotion,Education,11,92649,118648,76014,6456.0,290,1266,574
POST01772,2025-08-10 09:00:00,Facebook,Video,Festival Campaign,Promotional,17,412438,398518,313403,21675.0,1261,4375,5081
POST01773,2025-08-10 12:00:00,LinkedIn,Carousel,Festival Campaign,Entertainment,8,60910,63127,42819,2324.0,55,533,550
POST01774,2025-08-10 15:00:00,LinkedIn,Reel,Special Campaign,Entertainment,7,435977,452462,325120,17195.0,808,3143,2422
POST01775,2025-08-10 18:00:00,Facebook,Image,Event Promotion,Promotional,13,307136,208585,156174,9422.0,300,1804,3520
POST01776,2025-08-10 21:00:00,Instagram,Reel,Brand Awareness,Education,8,230386,404496,319626,,555,1342,4021
POST01777,2025-08-11 00:00:00,Facebook,Carousel,Product Launch,Entertainment,19,369665,467062,266700,6214.0,188,2177,4313
POST01778,2025-08-11 03:00:00,YouTube,Image,Educational Series,Promotional,1,75448,41941,31213,1738.0,78,419,267
POST01779,2025-08-11 06:00:00,Instagram,Text,Community Campaign,Entertainment,0,89903,119114,83487,1796.0,48,896,887
POST01780,2025-08-11 09:00:00,Facebook,Reel,Product Launch,Brand,12,458663,320184,191091,18439.0,634,762,779
POST01781,2025-08-11 12:00:00,Instagram,Image,Educational Series,Brand,9,292930,320077,199348,11884.0,540,1695,2717
POST01782,2025-08-11 15:00:00,LinkedIn,Image,Educational Series,Entertainment,7,131316,100240,86142,4351.0,52,473,911
POST01783,2025-08-11 18:00:00,YouTube,Image,Community Campaign,Entertainment,6,62706,39619,33879,1184.0,31,349,347
POST01784,2025-08-11 21:00:00,Facebook,Reel,Product Launch,Brand,23,392141,649481,364791,27636.0,1031,5484,8236
POST01785,2025-08-12 00:00:00,Facebook,Carousel,Community Campaign,Entertainment,11,358731,329328,260594,13301.0,182,547,4817
POST01786,2025-08-12 03:00:00,LinkedIn,Video,Festival Campaign,Education,16,253354,156419,116370,5232.0,236,1814,1519
POST01787,2025-08-12 06:00:00,Facebook,Text,Community Campaign,Education,11,297755,243515,214033,12313.0,623,787,1561
POST01788,2025-08-12 09:00:00,Facebook,Video,Special Campaign,Event,15,286634,360148,312537,11143.0,202,5459,7629
POST01789,2025-08-12 12:00:00,Instagram,Video,Special Campaign,Education,9,332148,699678,526750,41214.0,1923,8704,2446
POST01790,2025-08-12 15:00:00,YouTube,Image,Event Promotion,Community,11,473850,441676,264402,16181.0,684,1065,1584
POST01791,2025-08-12 18:00:00,Instagram,Video,Brand Awareness,Community,10,116849,129191,91846,8498.0,259,1132,821
POST01792,2025-08-12 21:00:00,Facebook,Reel,Brand Awareness,Community,13,149213,97763,78582,5410.0,98,597,1885
POST01793,2025-08-13 00:00:00,YouTube,Image,Brand Awareness,Entertainment,21,157449,192212,169743,7958.0,459,510,1550
POST01794,2025-08-13 03:00:00,Facebook,Reel,Product Launch,Entertainment,19,292047,381768,258586,25285.0,839,4491,3571
POST01795,2025-08-13 06:00:00,Instagram,Image,Special Campaign,Promotional,12,165639,263435,217237,13307.0,255,850,4289
POST01796,2025-08-13 09:00:00,Instagram,Reel,Product Launch,Community,1,239493,452875,357395,30580.0,1403,3471,8378
POST01797,2025-08-13 12:00:00,Facebook,Text,Festival Campaign,Community,19,276477,267459,154431,7800.0,315,1623,2519
POST01798,2025-08-13 15:00:00,Instagram,Reel,Seasonal Campaign,Education,6,273874,637267,474949,30619.0,1555,1839,5440
POST01799,2025-08-13 18:00:00,Instagram,Reel,Brand Awareness,Brand,0,461772,668808,410800,12007.0,718,4890,10139
POST01800,2025-08-13 21:00:00,Instagram,Image,Festival Campaign,Brand,2,308750,216840,171139,4912.0,60,1453,611
POST01801,2025-08-14 00:00:00,LinkedIn,Reel,Special Campaign,Event,19,143116,103570,79078,6022.0,282,1225,1684
POST01802,2025-08-14 03:00:00,Facebook,Reel,Seasonal Campaign,Promotional,11,496192,475103,423110,24075.0,1431,7014,3851
POST01803,2025-08-14 06:00:00,Instagram,Reel,Brand Awareness,Brand,4,153332,241325,211734,15526.0,573,2068,4443
POST01804,2025-08-14 09:00:00,Instagram,Image,Product Launch,Event,11,181339,121898,67443,3223.0,147,708,442
POST01805,2025-08-14 12:00:00,Instagram,Image,Seasonal Campaign,Education,2,209441,181345,104819,4369.0,140,1305,1114
POST01806,2025-08-14 15:00:00,Facebook,Video,Event Promotion,Promotional,19,463276,404170,331094,13541.0,376,5372,1400
POST01807,2025-08-14 18:00:00,Facebook,Carousel,Event Promotion,Promotional,4,36833,17545,13860,918.0,41,124,102
POST01808,2025-08-14 21:00:00,Instagram,Image,Event Promotion,Community,0,135256,124773,103602,6950.0,412,922,1684
POST01809,2025-08-15 00:00:00,Instagram,Reel,Community Campaign,Entertainment,15,23498,22586,14531,1250.0,18,203,287
POST01810,2025-08-15 03:00:00,Instagram,Reel,Event Promotion,Community,8,407884,591574,501218,17724.0,551,8241,11551
POST01811,2025-08-15 06:00:00,Facebook,Video,Educational Series,Education,9,216382,162775,114731,7197.0,410,1184,646
POST01812,2025-08-15 09:00:00,Facebook,Reel,Brand Awareness,Community,9,459945,711476,456531,41616.0,650,2050,2781
POST01813,2025-08-15 12:00:00,Instagram,Reel,Event Promotion,Promotional,12,30518,27637,15302,1103.0,46,139,361
POST01814,2025-08-15 15:00:00,Instagram,Video,Seasonal Campaign,Community,15,229109,450554,385213,21436.0,675,5252,7647
POST01815,2025-08-15 18:00:00,Instagram,Image,Special Campaign,Event,19,42254,49309,36358,1213.0,34,330,540
POST01816,2025-08-15 21:00:00,LinkedIn,Reel,Educational Series,Community,3,250684,249928,222781,11533.0,236,3416,3004
POST01817,2025-08-16 00:00:00,Instagram,Reel,Educational Series,Brand,13,101438,166114,132914,5966.0,112,1468,859
POST01818,2025-08-16 03:00:00,Facebook,Text,Educational Series,Education,16,250093,147898,85506,2035.0,72,273,970
POST01819,2025-08-16 06:00:00,Facebook,Video,Festival Campaign,Education,4,438761,297401,224795,14926.0,430,943,2517
POST01820,2025-08-16 09:00:00,Instagram,Carousel,Seasonal Campaign,Promotional,12,416561,664418,369412,19612.0,678,3202,6377
POST01821,2025-08-16 12:00:00,Instagram,Image,Festival Campaign,Community,2,231978,357743,266598,15377.0,304,1121,4312
POST01822,2025-08-16 15:00:00,Instagram,Image,Educational Series,Promotional,4,280966,440013,295939,10247.0,281,3933,1276
POST01823,2025-08-16 18:00:00,Facebook,Text,Community Campaign,Promotional,15,469582,371077,287641,10279.0,614,988,6232
POST01824,2025-08-16 21:00:00,Facebook,Text,Event Promotion,Event,18,273442,168025,124263,5668.0,160,873,2935
POST01825,2025-08-17 00:00:00,Facebook,Reel,Special Campaign,Entertainment,18,197793,226409,145235,14687.0,449,381,2928
POST01826,2025-08-17 03:00:00,YouTube,Video,Brand Awareness,Promotional,16,341973,522259,316918,15566.0,171,2014,2194
POST01827,2025-08-17 06:00:00,Instagram,Reel,Seasonal Campaign,Entertainment,17,375911,775877,536634,26434.0,767,3745,3642
POST01828,2025-08-17 09:00:00,LinkedIn,Reel,Community Campaign,Entertainment,17,127399,115875,103753,6333.0,305,1563,1968
POST01829,2025-08-17 12:00:00,Facebook,Carousel,Product Launch,Education,22,29642,39686,27879,1856.0,66,247,354
POST01830,2025-08-17 15:00:00,Instagram,Image,Festival Campaign,Brand,7,365519,325390,264241,18476.0,791,513,5320
POST01831,2025-08-17 18:00:00,LinkedIn,Text,Event Promotion,Brand,17,109217,67552,38500,1507.0,57,200,179
POST01832,2025-08-17 21:00:00,Facebook,Reel,Event Promotion,Community,8,477749,816852,557585,49831.0,761,7525,10461
POST01833,2025-08-18 00:00:00,YouTube,Image,Product Launch,Event,18,223643,318426,239810,10330.0,274,2218,2956
POST01834,2025-08-18 03:00:00,Facebook,Text,Product Launch,Event,9,411556,332178,270033,4534.0,202,546,994
POST01835,2025-08-18 06:00:00,Facebook,Text,Seasonal Campaign,Brand,1,204454,113794,83631,4619.0,172,882,1253
POST01836,2025-08-18 09:00:00,Facebook,Reel,Event Promotion,Community,16,446515,375640,274349,13336.0,583,1858,5042
POST01837,2025-08-18 12:00:00,Instagram,Image,Product Launch,Brand,23,186107,116606,95309,2429.0,68,1165,1393
POST01838,2025-08-18 15:00:00,Instagram,Carousel,Event Promotion,Community,12,397164,604842,398984,33418.0,657,2000,2275
POST01839,2025-08-18 18:00:00,LinkedIn,Reel,Community Campaign,Community,10,139937,146036,84951,4510.0,232,1036,1779
POST01840,2025-08-18 21:00:00,Instagram,Text,Seasonal Campaign,Community,15,174655,168552,113183,2393.0,68,617,1129
POST01841,2025-08-19 00:00:00,Instagram,Text,Special Campaign,Community,19,304249,266264,161262,4679.0,200,1155,3752
POST01842,2025-08-19 03:00:00,YouTube,Reel,Product Launch,Education,6,494882,695612,617759,40821.0,1186,6803,14178
POST01843,2025-08-19 06:00:00,YouTube,Reel,Community Campaign,Education,2,33736,51680,38870,1277.0,71,102,287
POST01844,2025-08-19 09:00:00,Facebook,Reel,Community Campaign,Brand,15,62281,103055,72788,3894.0,232,621,981
POST01845,2025-08-19 12:00:00,LinkedIn,Text,Product Launch,Community,18,99351,31555,27428,1236.0,52,44,165
POST01846,2025-08-19 15:00:00,Instagram,Reel,Seasonal Campaign,Promotional,19,109932,223222,193115,18817.0,754,2732,3458
POST01847,2025-08-19 18:00:00,Instagram,Image,Event Promotion,Community,15,437528,420795,292660,11548.0,600,3449,6363
POST01848,2025-08-19 21:00:00,Instagram,Image,Special Campaign,Promotional,1,359924,483924,414313,20088.0,719,2610,7152
POST01849,2025-08-20 00:00:00,LinkedIn,Image,Educational Series,Education,13,193740,202058,115659,6054.0,323,918,1009
POST01850,2025-08-20 03:00:00,Facebook,Reel,Event Promotion,Community,19,75652,71366,61374,1934.0,59,227,287
POST01851,2025-08-20 06:00:00,Instagram,Reel,Brand Awareness,Entertainment,9,413174,379998,250306,13189.0,152,2280,1132
POST01852,2025-08-20 09:00:00,Facebook,Text,Product Launch,Brand,18,293862,145256,108621,4973.0,280,309,1785
POST01853,2025-08-20 12:00:00,LinkedIn,Text,Festival Campaign,Community,23,495536,214693,138346,6655.0,306,294,3316
POST01854,2025-08-20 15:00:00,Facebook,Video,Seasonal Campaign,Event,10,116219,155872,139455,6920.0,245,708,2551
POST01855,2025-08-20 18:00:00,LinkedIn,Reel,Product Launch,Promotional,17,403871,235994,135725,3600.0,206,2350,2588
POST01856,2025-08-20 21:00:00,Instagram,Reel,Brand Awareness,Community,10,261198,224488,158586,4208.0,228,3044,1624
POST01857,2025-08-21 00:00:00,Facebook,Carousel,Community Campaign,Entertainment,8,457213,515718,395734,21726.0,335,5580,6289
POST01858,2025-08-21 03:00:00,YouTube,Reel,Festival Campaign,Promotional,18,444644,671905,514319,35496.0,1463,9765,5125
POST01859,2025-08-21 06:00:00,Facebook,Text,Festival Campaign,Entertainment,19,253367,156959,126911,5077.0,187,1094,2898
POST01860,2025-08-21 09:00:00,Facebook,Carousel,Event Promotion,Brand,9,209894,213299,171395,11392.0,556,733,1013
POST01861,2025-08-21 12:00:00,Facebook,Reel,Educational Series,Brand,2,177562,256619,212377,20783.0,520,2573,3590
POST01862,2025-08-21 15:00:00,Facebook,Text,Event Promotion,Brand,2,463425,188773,119304,7105.0,73,1029,2276
POST01863,2025-08-21 18:00:00,Instagram,Text,Seasonal Campaign,Education,23,257309,243918,165785,7716.0,148,1078,3044
POST01864,2025-08-21 21:00:00,YouTube,Reel,Festival Campaign,Entertainment,7,329495,624035,426659,28198.0,579,5108,3695
POST01865,2025-08-22 00:00:00,LinkedIn,Image,Special Campaign,Community,5,61001,37878,33504,858.0,21,290,458
POST01866,2025-08-22 03:00:00,LinkedIn,Reel,Special Campaign,Event,19,459072,603008,418040,23395.0,667,4385,7354
POST01867,2025-08-22 06:00:00,Instagram,Image,Festival Campaign,Event,0,407194,591675,371367,18164.0,823,1931,8719
POST01868,2025-08-22 09:00:00,Instagram,Reel,Special Campaign,Brand,19,298554,615215,474527,49343.0,676,6342,6639
POST01869,2025-08-22 12:00:00,Instagram,Image,Special Campaign,Event,23,72685,90302,63170,1570.0,53,153,607
POST01870,2025-08-22 15:00:00,Facebook,Text,Educational Series,Promotional,5,448602,368619,235004,11911.0,416,744,2703
POST01871,2025-08-22 18:00:00,Facebook,Image,Seasonal Campaign,Entertainment,1,488114,509111,407440,29312.0,1195,5144,6074
POST01872,2025-08-22 21:00:00,Instagram,Reel,Product Launch,Entertainment,18,403461,776495,479232,42561.0,1086,5204,11731
POST01873,2025-08-23 00:00:00,YouTube,Carousel,Educational Series,Entertainment,6,109547,120413,92919,6442.0,148,1237,1563
POST01874,2025-08-23 03:00:00,Facebook,Reel,Community Campaign,Promotional,10,485794,374630,262497,12121.0,414,3905,1681
POST01875,2025-08-23 06:00:00,Facebook,Video,Event Promotion,Community,10,176358,154226,102052,2473.0,106,755,2199
POST01876,2025-08-23 09:00:00,YouTube,Image,Special Campaign,Education,3,162463,113752,100226,3027.0,37,1122,700
POST01877,2025-08-23 12:00:00,YouTube,Reel,Product Launch,Promotional,19,309143,380822,252691,22136.0,546,1046,973
POST01878,2025-08-23 15:00:00,YouTube,Reel,Event Promotion,Entertainment,15,415234,587449,394546,13559.0,669,6860,2053
POST01879,2025-08-23 18:00:00,Instagram,Video,Special Campaign,Entertainment,4,32952,69233,59175,2681.0,91,770,1200
POST01880,2025-08-23 21:00:00,YouTube,Reel,Educational Series,Entertainment,23,232848,485961,289227,20209.0,1163,5283,6606
POST01881,2025-08-24 00:00:00,Facebook,Video,Product Launch,Community,6,432498,593022,348592,22918.0,1223,5706,3102
POST01882,2025-08-24 03:00:00,LinkedIn,Reel,Educational Series,Event,15,370139,569771,369751,25273.0,687,3337,5161
POST01883,2025-08-24 06:00:00,Facebook,Reel,Community Campaign,Education,14,120351,210936,159693,16369.0,758,2727,2577
POST01884,2025-08-24 09:00:00,Facebook,Image,Brand Awareness,Promotional,4,205426,230499,157777,2944.0,69,1323,1926
POST01885,2025-08-24 12:00:00,Instagram,Text,Festival Campaign,Entertainment,0,37942,19788,15098,557.0,10,45,66
POST01886,2025-08-24 15:00:00,YouTube,Text,Seasonal Campaign,Brand,19,474154,362247,219490,8274.0,447,2104,932
POST01887,2025-08-24 18:00:00,Instagram,Reel,Product Launch,Education,21,21722,35042,22479,1098.0,30,403,285
POST01888,2025-08-24 21:00:00,Instagram,Image,Festival Campaign,Brand,21,450036,303328,226830,10514.0,212,632,4662
POST01889,2025-08-25 00:00:00,Facebook,Reel,Brand Awareness,Education,8,480403,735543,460451,36152.0,2105,8438,2238
POST01890,2025-08-25 03:00:00,LinkedIn,Image,Product Launch,Entertainment,20,280769,131133,91528,4972.0,57,808,688
POST01891,2025-08-25 06:00:00,Instagram,Image,Festival Campaign,Education,4,447762,427162,320553,7290.0,206,674,2864
POST01892,2025-08-25 09:00:00,YouTube,Text,Festival Campaign,Education,21,478246,224465,199948,10219.0,121,1356,3059
POST01893,2025-08-25 12:00:00,Facebook,Text,Product Launch,Entertainment,5,411529,284613,164495,9356.0,329,1524,649
POST01894,2025-08-25 15:00:00,Instagram,Image,Festival Campaign,Community,2,86219,102152,72644,1792.0,53,583,1592
POST01895,2025-08-25 18:00:00,YouTube,Image,Festival Campaign,Brand,5,389919,476802,328371,13298.0,612,3308,4385
POST01896,2025-08-25 21:00:00,Facebook,Video,Product Launch,Community,7,276246,250449,209997,12777.0,737,3385,2871
POST01897,2025-08-26 00:00:00,Facebook,Video,Seasonal Campaign,Brand,5,431610,508339,439766,14823.0,533,7022,4478
POST01898,2025-08-26 03:00:00,Instagram,Reel,Festival Campaign,Event,15,471775,908294,787903,51421.0,1247,4430,6038
POST01899,2025-08-26 06:00:00,Instagram,Reel,Festival Campaign,Brand,15,459921,905480,616902,25993.0,1393,6057,6786
POST01900,2025-08-26 09:00:00,Facebook,Image,Seasonal Campaign,Brand,20,497718,323183,212211,14538.0,584,657,4900
POST01901,2025-08-26 12:00:00,YouTube,Reel,Event Promotion,Education,2,439685,356943,252429,15393.0,579,3195,1280
POST01902,2025-08-26 15:00:00,Instagram,Reel,Community Campaign,Event,16,356185,298727,200265,20747.0,403,3751,868
POST01903,2025-08-26 18:00:00,Facebook,Reel,Event Promotion,Entertainment,20,125747,186562,149547,4430.0,53,848,825
POST01904,2025-08-26 21:00:00,Instagram,Carousel,Special Campaign,Entertainment,5,343482,383206,239407,6951.0,229,1821,4810
POST01905,2025-08-27 00:00:00,Facebook,Reel,Brand Awareness,Promotional,5,25492,18907,14757,893.0,32,276,59
POST01906,2025-08-27 03:00:00,Instagram,Reel,Event Promotion,Event,21,430043,459201,401546,37825.0,618,6134,4147
POST01907,2025-08-27 06:00:00,LinkedIn,Reel,Event Promotion,Education,18,136359,179557,116347,8063.0,104,442,1436
POST01908,2025-08-27 09:00:00,Instagram,Video,Brand Awareness,Promotional,19,178564,282563,222352,17060.0,354,2019,3147
POST01909,2025-08-27 12:00:00,Instagram,Video,Festival Campaign,Promotional,14,219874,317062,190315,10371.0,136,3389,584
POST01910,2025-08-27 15:00:00,Instagram,Image,Festival Campaign,Entertainment,18,222517,269879,159899,3227.0,41,1135,2192
POST01911,2025-08-27 18:00:00,Instagram,Image,Event Promotion,Brand,1,163941,112873,66648,3531.0,113,610,485
POST01912,2025-08-27 21:00:00,LinkedIn,Text,Brand Awareness,Education,7,190854,93790,56131,2443.0,123,467,289
POST01913,2025-08-28 00:00:00,LinkedIn,Reel,Festival Campaign,Event,6,435079,395498,247446,7812.0,337,3419,3645
POST01914,2025-08-28 03:00:00,Instagram,Reel,Educational Series,Promotional,7,213059,270716,202222,7953.0,349,2298,3917
POST01915,2025-08-28 06:00:00,YouTube,Reel,Product Launch,Education,12,457271,892188,730206,46105.0,1066,3537,17206
POST01916,2025-08-28 09:00:00,Facebook,Reel,Product Launch,Entertainment,21,224427,283959,168785,10268.0,108,2459,3895
POST01917,2025-08-28 12:00:00,LinkedIn,Image,Community Campaign,Promotional,14,311280,275517,235430,13803.0,449,2994,2772
POST01918,2025-08-28 15:00:00,YouTube,Text,Product Launch,Promotional,11,401973,244312,206431,6695.0,193,2205,3816
POST01919,2025-08-28 18:00:00,Instagram,Carousel,Event Promotion,Community,14,296981,285913,230041,14443.0,828,2346,4210
POST01920,2025-08-28 21:00:00,YouTube,Image,Product Launch,Entertainment,13,95592,68642,47986,2689.0,36,362,579
POST01921,2025-08-29 00:00:00,Facebook,Text,Product Launch,Community,6,413931,331925,182739,8045.0,392,869,943
POST01922,2025-08-29 03:00:00,Instagram,Reel,Educational Series,Entertainment,16,168347,222976,179979,13048.0,381,782,2052
POST01923,2025-08-29 06:00:00,Facebook,Reel,Festival Campaign,Entertainment,4,40191,42560,36501,3242.0,166,639,906
POST01924,2025-08-29 09:00:00,Instagram,Image,Educational Series,Community,19,495636,647226,431926,23101.0,802,1470,6569
POST01925,2025-08-29 12:00:00,Facebook,Carousel,Event Promotion,Education,9,342270,476046,381453,28057.0,1431,2300,4009
POST01926,2025-08-29 15:00:00,Instagram,Reel,Product Launch,Education,18,465008,480132,274499,20768.0,692,4148,5315
POST01927,2025-08-29 18:00:00,YouTube,Image,Seasonal Campaign,Education,17,262070,145985,116543,3098.0,93,1170,2109
POST01928,2025-08-29 21:00:00,YouTube,Carousel,Festival Campaign,Brand,23,275305,220945,126802,5134.0,298,1445,1995
POST01929,2025-08-30 00:00:00,Facebook,Carousel,Community Campaign,Promotional,9,291038,339652,256612,10729.0,305,3136,4368
POST01930,2025-08-30 03:00:00,Instagram,Carousel,Community Campaign,Education,1,366397,320681,243442,6552.0,329,2312,3863
POST01931,2025-08-30 06:00:00,YouTube,Reel,Special Campaign,Brand,5,104114,161441,105865,8469.0,113,552,2544
POST01932,2025-08-30 09:00:00,YouTube,Reel,Special Campaign,Promotional,2,43321,67544,39019,2825.0,37,759,554
POST01933,2025-08-30 12:00:00,YouTube,Image,Product Launch,Education,18,128505,101066,89167,4444.0,141,1091,1425
POST01934,2025-08-30 15:00:00,Facebook,Reel,Product Launch,Entertainment,4,44959,29916,22061,1396.0,54,218,295
POST01935,2025-08-30 18:00:00,Facebook,Text,Community Campaign,Event,6,423731,257187,193640,7637.0,308,1291,3137
POST01936,2025-08-30 21:00:00,Facebook,Image,Community Campaign,Education,6,487829,271377,207673,3828.0,45,1330,4693
POST01937,2025-08-31 00:00:00,Instagram,Reel,Seasonal Campaign,Event,9,85196,90970,78404,2627.0,117,1049,821
POST01938,2025-08-31 03:00:00,Facebook,Video,Event Promotion,Education,0,172515,190524,108806,7964.0,131,1502,1513
POST01939,2025-08-31 06:00:00,YouTube,Image,Product Launch,Entertainment,10,204622,237645,205004,6584.0,380,924,2638
POST01940,2025-08-31 09:00:00,Instagram,Reel,Community Campaign,Event,22,489195,439124,278354,9580.0,255,2759,3272
POST01941,2025-08-31 12:00:00,Instagram,Video,Seasonal Campaign,Brand,6,188280,292357,168772,8044.0,185,2090,3554
POST01942,2025-08-31 15:00:00,Instagram,Video,Brand Awareness,Entertainment,5,152855,164247,128119,5422.0,133,2282,1038
POST01943,2025-08-31 18:00:00,Facebook,Carousel,Community Campaign,Event,5,98649,109378,97558,2229.0,126,637,1365
POST01944,2025-08-31 21:00:00,Facebook,Reel,Festival Campaign,Event,12,353065,541231,308520,17901.0,611,4686,7201
POST01945,2025-09-01 00:00:00,Facebook,Image,Festival Campaign,Community,15,158054,167328,116986,2276.0,72,685,765
POST01946,2025-09-01 03:00:00,YouTube,Video,Brand Awareness,Community,12,383031,439802,323441,7771.0,297,1242,1003
POST01947,2025-09-01 06:00:00,YouTube,Reel,Special Campaign,Entertainment,1,259297,395737,252575,22179.0,1253,3944,2231
POST01948,2025-09-01 09:00:00,instagram,Reel,Event Promotion,Entertainment,18,492159,993257,887976,44902.0,1141,12052,20681
POST01949,2025-09-01 12:00:00,Instagram,Video,Special Campaign,Entertainment,18,297460,240218,186009,12065.0,229,1938,916
POST01950,2025-09-01 15:00:00,YouTube,Reel,Product Launch,Promotional,18,395796,625770,529102,26044.0,1035,7411,3182
POST01951,2025-09-01 18:00:00,Instagram,Video,Special Campaign,Brand,17,481182,926078,644107,58589.0,2026,10381,6471
POST01952,2025-09-01 21:00:00,Instagram,Image,Product Launch,Education,5,140357,132236,89111,5112.0,66,949,1776
POST01953,2025-09-02 00:00:00,YouTube,Image,Community Campaign,Community,1,125364,118576,88173,3344.0,120,1043,1721
POST01954,2025-09-02 03:00:00,Facebook,Reel,Festival Campaign,Event,18,285080,399828,280818,11914.0,454,2106,1380
POST01955,2025-09-02 06:00:00,LinkedIn,Video,Event Promotion,Community,5,359544,196012,156855,5320.0,237,2335,3693
POST01956,2025-09-02 09:00:00,LinkedIn,Image,Event Promotion,Education,19,241723,154136,99115,5864.0,350,595,818
POST01957,2025-09-02 12:00:00,Facebook,Image,Event Promotion,Entertainment,22,94843,61128,43239,1836.0,57,88,396
POST01958,2025-09-02 15:00:00,YouTube,Carousel,Community Campaign,Community,21,288853,172482,148903,5302.0,188,400,1712
POST01959,2025-09-02 18:00:00,Facebook,Carousel,Product Launch,Brand,14,246462,162096,132049,10423.0,143,1593,2239
POST01960,2025-09-02 21:00:00,Facebook,Text,Event Promotion,Brand,5,302851,183140,111500,3629.0,187,462,1613
POST01961,2025-09-03 00:00:00,Instagram,Image,Community Campaign,Promotional,2,59384,44729,38484,1822.0,27,207,901
POST01962,2025-09-03 03:00:00,YouTube,Image,Community Campaign,Community,10,317331,346326,261876,16844.0,954,2378,4038
POST01963,2025-09-03 06:00:00,Facebook,Text,Brand Awareness,Entertainment,7,349079,223529,176085,9244.0,253,1537,3848
POST01964,2025-09-03 09:00:00,Instagram,Carousel,Educational Series,Event,21,62536,42508,27757,1698.0,45,270,131
POST01965,2025-09-03 12:00:00,YouTube,Reel,Special Campaign,Promotional,17,398916,442121,311492,29689.0,784,4528,6799
POST01966,2025-09-03 15:00:00,YouTube,Reel,Event Promotion,Entertainment,16,437404,324926,270463,27117.0,1559,5004,1987
POST01967,2025-09-03 18:00:00,Instagram,Video,Educational Series,Promotional,18,296389,366252,243827,22268.0,1313,3834,2676
POST01968,2025-09-03 21:00:00,Instagram,Image,Product Launch,Community,18,393426,322545,196033,7223.0,423,905,1967
POST01969,2025-09-04 00:00:00,Instagram,Carousel,Community Campaign,Education,23,239979,359276,245172,11283.0,510,3549,2554
POST01970,2025-09-04 03:00:00,Instagram,Image,Seasonal Campaign,Community,20,394884,344338,197728,6127.0,95,1043,4589
POST01971,2025-09-04 06:00:00,Instagram,Reel,Special Campaign,Entertainment,16,52286,71383,57195,5220.0,153,787,727
POST01972,2025-09-04 09:00:00,Facebook,Carousel,Special Campaign,Event,3,185375,214653,129159,3703.0,90,1813,1148
POST01973,2025-09-04 12:00:00,Instagram,Reel,Event Promotion,Event,6,237745,363804,236397,12693.0,576,3105,2240
POST01974,2025-09-04 15:00:00,YouTube,Image,Seasonal Campaign,Entertainment,4,192121,200937,172479,3195.0,110,1937,3565
POST01975,2025-09-04 18:00:00,Instagram,Image,Festival Campaign,Promotional,15,363045,525926,388750,19480.0,795,4917,5777
POST01976,2025-09-04 21:00:00,LinkedIn,Image,Product Launch,Brand,5,207272,105493,69885,3742.0,39,916,900
POST01977,2025-09-05 00:00:00,Instagram,Carousel,Brand Awareness,Entertainment,13,361130,677614,502575,18437.0,906,3872,11755
POST01978,2025-09-05 03:00:00,YouTube,Video,Brand Awareness,Community,19,89726,165826,103872,8002.0,460,1857,2436
POST01979,2025-09-05 06:00:00,LinkedIn,Video,Educational Series,Event,1,398486,300893,168142,8654.0,376,1116,3301
POST01980,2025-09-05 09:00:00,Facebook,Reel,Community Campaign,Education,17,193933,316059,240617,12106.0,636,2505,3463
POST01981,2025-09-05 12:00:00,Instagram,Reel,Educational Series,Event,17,194711,380888,304689,30645.0,1039,4709,1695
POST01982,2025-09-05 15:00:00,Facebook,Image,Festival Campaign,Brand,12,306081,354721,304323,15152.0,166,4002,5652
POST01983,2025-09-05 18:00:00,YouTube,Text,Festival Campaign,Event,17,210586,206940,169723,4472.0,266,342,3552
POST01984,2025-09-05 21:00:00,YouTube,Video,Special Campaign,Brand,16,486204,753766,659045,62473.0,808,11303,14330
POST01985,2025-09-06 00:00:00,Instagram,Video,Brand Awareness,Entertainment,12,405389,293902,263066,13654.0,268,4729,4156
POST01986,2025-09-06 03:00:00,Instagram,Reel,Seasonal Campaign,Event,11,286104,434990,352658,26989.0,340,6337,5843
POST01987,2025-09-06 06:00:00,Facebook,Image,Event Promotion,Promotional,2,321746,182499,155812,8895.0,366,478,2898
POST01988,2025-09-06 09:00:00,YouTube,Image,Brand Awareness,Community,21,161636,131869,103623,4228.0,165,1205,2303
POST01989,2025-09-06 12:00:00,YouTube,Reel,Brand Awareness,Promotional,6,347677,735234,448366,30399.0,622,6013,1793
POST01990,2025-09-06 15:00:00,Facebook,Reel,Seasonal Campaign,Community,0,329654,225825,138565,6194.0,358,382,2132
POST01991,2025-09-06 18:00:00,Facebook,Text,Special Campaign,Event,4,287235,237020,139507,5016.0,279,1548,1551
POST01992,2025-09-06 21:00:00,Instagram,Reel,Special Campaign,Event,20,82335,86434,76065,3821.0,91,391,1622
POST01993,2025-09-07 00:00:00,Facebook,Reel,Seasonal Campaign,Community,0,443735,263427,206912,14215.0,610,1925,1229
POST01994,2025-09-07 03:00:00,Instagram,Reel,Festival Campaign,Education,3,416926,651327,538301,42122.0,2222,1674,12388
POST01995,2025-09-07 06:00:00,Facebook,Text,Seasonal Campaign,Event,0,83564,37296,24835,1058.0,29,112,142
POST01996,2025-09-07 09:00:00,Facebook,Image,Educational Series,Education,12,149257,177172,125995,7552.0,171,1064,625
POST01997,2025-09-07 12:00:00,LinkedIn,Carousel,Festival Campaign,Education,13,135517,80104,45172,1066.0,24,668,479
POST01998,2025-09-07 15:00:00,Instagram,Text,Seasonal Campaign,Community,14,79977,49812,42895,795.0,40,478,1067
POST01999,2025-09-07 18:00:00,Instagram,Reel,Community Campaign,Education,16,124931,103715,88007,3697.0,122,858,1491
POST02000,2025-09-07 21:00:00,Instagram,Carousel,Festival Campaign,Education,11,478191,499983,412327,34266.0,1568,3275,1476
POST02001,2025-09-08 00:00:00,Instagram,Reel,Festival Campaign,Entertainment,6,470830,384957,219581,19415.0,825,1165,1862
POST02002,2025-09-08 03:00:00,Instagram,Reel,Brand Awareness,Promotional,22,290132,452102,276228,27092.0,685,3044,1735
POST02003,2025-09-08 06:00:00,LinkedIn,Video,Event Promotion,Education,18,186826,180359,120292,5243.0,106,2052,363
POST02004,2025-09-08 09:00:00,Instagram,Video,Brand Awareness,Promotional,22,375794,299383,192225,12555.0,204,957,2754
POST02005,2025-09-08 12:00:00,Instagram,Image,Product Launch,Education,2,278516,222608,187761,9005.0,100,923,2137
POST02006,2025-09-08 15:00:00,Facebook,Image,Festival Campaign,Promotional,17,305218,329332,203590,9925.0,139,2489,3357
POST02007,2025-09-08 18:00:00,YouTube,Image,Seasonal Campaign,Event,3,303342,289060,212818,12077.0,275,1942,1651
POST02008,2025-09-08 21:00:00,Facebook,Reel,Seasonal Campaign,Event,2,358189,391677,293751,16664.0,761,2404,6251
POST02009,2025-09-09 00:00:00,Instagram,Reel,Seasonal Campaign,Promotional,11,176252,329607,230314,18153.0,322,3762,2632
POST02010,2025-09-09 03:00:00,YouTube,Reel,Festival Campaign,Education,22,68068,118253,75000,6562.0,237,333,1021
POST02011,2025-09-09 06:00:00,Instagram,Reel,Seasonal Campaign,Entertainment,11,130969,257833,228466,11091.0,246,3908,4367
POST02012,2025-09-09 09:00:00,Instagram,Video,Product Launch,Promotional,16,36560,70045,48659,4481.0,159,509,323
POST02013,2025-09-09 12:00:00,LinkedIn,Reel,Festival Campaign,Brand,5,193746,147545,118708,7883.0,374,1827,1041
POST02014,2025-09-09 15:00:00,Instagram,Reel,Seasonal Campaign,Entertainment,14,347296,306854,188536,15677.0,365,2141,1207
POST02015,2025-09-09 18:00:00,YouTube,Image,Festival Campaign,Brand,1,143516,125068,104804,6011.0,164,490,2085
POST02016,2025-09-09 21:00:00,YouTube,Video,Community Campaign,Promotional,7,190010,339876,212613,13755.0,634,2635,1093
POST02017,2025-09-10 00:00:00,Instagram,Reel,Festival Campaign,Education,13,317535,286329,225156,11521.0,429,1174,3097
POST02018,2025-09-10 03:00:00,LinkedIn,Reel,Product Launch,Brand,4,310875,347866,252993,19738.0,290,1640,4932
POST02019,2025-09-10 06:00:00,Instagram,Image,Brand Awareness,Promotional,2,366842,475856,286129,6498.0,311,2354,4054
POST02020,2025-09-10 09:00:00,Facebook,Carousel,Festival Campaign,Entertainment,9,396024,367284,205213,16997.0,405,1523,2912
POST02021,2025-09-10 12:00:00,LinkedIn,Image,Event Promotion,Education,6,138440,75273,65921,1841.0,53,693,290
POST02022,2025-09-10 15:00:00,YouTube,Video,Product Launch,Brand,10,438452,478232,284065,12450.0,277,3267,5744
POST02023,2025-09-10 18:00:00,LinkedIn,Text,Educational Series,Promotional,14,450349,154465,123067,7131.0,265,642,2004
POST02024,2025-09-10 21:00:00,Instagram,Video,Community Campaign,Education,1,227987,260206,202554,7581.0,344,1518,3582
POST02025,2025-09-11 00:00:00,YouTube,Carousel,Product Launch,Education,4,24340,15303,10246,324.0,16,149,203
POST02026,2025-09-11 03:00:00,Instagram,Image,Brand Awareness,Event,10,90291,119584,73530,4518.0,253,166,1127
POST02027,2025-09-11 06:00:00,Facebook,Reel,Seasonal Campaign,Education,7,68731,112420,68847,3139.0,87,983,976
POST02028,2025-09-11 09:00:00,LinkedIn,Text,Seasonal Campaign,Promotional,12,208500,141802,107041,2061.0,116,569,1882
POST02029,2025-09-11 12:00:00,Instagram,Image,Product Launch,Entertainment,10,334966,418452,310249,9381.0,383,1928,7073
POST02030,2025-09-11 15:00:00,Facebook,Reel,Educational Series,Community,16,324010,368531,315675,30081.0,886,4298,5381
POST02031,2025-09-11 18:00:00,Instagram,Carousel,Seasonal Campaign,Event,14,396439,327698,253638,9805.0,533,3477,5159
POST02032,2025-09-11 21:00:00,YouTube,Reel,Community Campaign,Promotional,0,236513,171719,143685,11525.0,449,2132,1949
POST02033,2025-09-12 00:00:00,YouTube,Image,Event Promotion,Promotional,18,234867,196239,110157,4333.0,141,1061,1759
POST02034,2025-09-12 03:00:00,LinkedIn,Image,Educational Series,Promotional,15,378935,341447,267983,8616.0,91,2038,1866
POST02035,2025-09-12 06:00:00,Facebook,Image,Special Campaign,Brand,18,122262,144629,91376,2355.0,108,666,1256
POST02036,2025-09-12 09:00:00,Instagram,Video,Special Campaign,Brand,12,251512,337217,215310,20238.0,280,2064,1351
POST02037,2025-09-12 12:00:00,Instagram,Reel,Product Launch,Entertainment,22,260164,351223,281751,18777.0,459,1425,3740
POST02038,2025-09-12 15:00:00,Instagram,Image,Educational Series,Promotional,21,323957,330965,273940,6628.0,384,2286,1213
POST02039,2025-09-12 18:00:00,Instagram,Image,Seasonal Campaign,Brand,22,479258,480215,326597,9385.0,166,1793,5119
POST02040,2025-09-12 21:00:00,Instagram,Carousel,Seasonal Campaign,Brand,3,225207,319480,264058,12320.0,315,2782,2457
POST02041,2025-09-13 00:00:00,LinkedIn,Video,Product Launch,Brand,10,421931,499896,352581,22276.0,1261,3785,7586
POST02042,2025-09-13 03:00:00,YouTube,Image,Seasonal Campaign,Entertainment,17,469118,596768,507357,14113.0,379,6492,5721
POST02043,2025-09-13 06:00:00,YouTube,Carousel,Seasonal Campaign,Entertainment,17,121354,161133,90027,3465.0,91,723,2087
POST02044,2025-09-13 09:00:00,Instagram,Reel,Event Promotion,Promotional,9,296927,434359,251590,21920.0,929,3479,3372
POST02045,2025-09-13 12:00:00,LinkedIn,Text,Event Promotion,Event,16,247870,215662,177214,5987.0,99,1290,3841
POST02046,2025-09-13 15:00:00,Facebook,Image,Brand Awareness,Promotional,12,371156,364076,279767,5056.0,296,2743,2668
POST02047,2025-09-13 18:00:00,Instagram,Carousel,Event Promotion,Brand,13,350077,408746,304784,7436.0,176,1750,3942
POST02048,2025-09-13 21:00:00,Facebook,Reel,Festival Campaign,Community,6,322824,357527,273469,16481.0,812,1899,4632
POST02049,2025-09-14 00:00:00,YouTube,Reel,Educational Series,Brand,9,244083,460026,402783,12361.0,301,4856,3500
POST02050,2025-09-14 03:00:00,Instagram,Image,Educational Series,Education,2,405351,411749,320932,8790.0,208,3765,5603
POST02051,2025-09-14 06:00:00,YouTube,Video,Product Launch,Community,1,79179,106217,82489,6302.0,81,1124,771
POST02052,2025-09-14 09:00:00,YouTube,Image,Event Promotion,Community,18,381757,299158,244057,10724.0,171,1835,3332
POST02053,2025-09-14 12:00:00,Instagram,Text,Brand Awareness,Promotional,6,322114,388154,331218,12159.0,438,1320,1163
POST02054,2025-09-14 15:00:00,LinkedIn,Image,Seasonal Campaign,Brand,4,486452,358050,229749,11557.0,448,2454,1084
POST02055,2025-09-14 18:00:00,Facebook,Image,Brand Awareness,Brand,2,24718,21073,16139,977.0,49,203,129
POST02056,2025-09-14 21:00:00,Facebook,Reel,Brand Awareness,Event,1,440327,711299,536597,20589.0,267,3326,11130
POST02057,2025-09-15 00:00:00,YouTube,Video,Community Campaign,Education,22,451934,847413,506072,18451.0,513,7523,8870
POST02058,2025-09-15 03:00:00,YouTube,Reel,Seasonal Campaign,Promotional,21,357913,677743,496183,17599.0,352,2736,11241
POST02059,2025-09-15 06:00:00,Facebook,Video,Festival Campaign,Entertainment,5,99707,60881,34966,3197.0,89,575,800
POST02060,2025-09-15 09:00:00,YouTube,Text,Event Promotion,Promotional,13,161798,125942,77421,3172.0,87,600,870
POST02061,2025-09-15 12:00:00,Instagram,Text,Seasonal Campaign,Community,6,374448,284205,247126,4737.0,131,806,2739
POST02062,2025-09-15 15:00:00,YouTube,Image,Brand Awareness,Promotional,21,281643,198946,117723,3521.0,89,261,2517
POST02063,2025-09-15 18:00:00,Facebook,Carousel,Seasonal Campaign,Event,1,37139,49449,37216,2482.0,119,431,460
POST02064,2025-09-15 21:00:00,YouTube,Video,Festival Campaign,Promotional,10,282129,517675,343331,8956.0,398,4070,7504
POST02065,2025-09-16 00:00:00,Instagram,Reel,Educational Series,Event,20,216753,326400,242958,20068.0,543,3141,3433
POST02066,2025-09-16 03:00:00,Facebook,Carousel,Product Launch,Community,2,139804,83834,53003,4156.0,72,460,654
POST02067,2025-09-16 06:00:00,Instagram,Reel,Event Promotion,Event,8,64782,51880,36603,1112.0,39,475,334
POST02068,2025-09-16 09:00:00,Instagram,Image,Event Promotion,Brand,7,39958,40499,34568,970.0,54,415,199
POST02069,2025-09-16 12:00:00,Instagram,Reel,Community Campaign,Entertainment,10,242811,204526,139420,3650.0,59,2605,2031
POST02070,2025-09-16 15:00:00,Instagram,Reel,Educational Series,Community,17,172379,298372,200971,6934.0,330,1692,2040
POST02071,2025-09-16 18:00:00,Facebook,Image,Event Promotion,Event,0,123026,110454,77996,4002.0,159,585,662
POST02072,2025-09-16 21:00:00,YouTube,Image,Community Campaign,Education,14,351278,486502,284687,5813.0,229,1421,1916
POST02073,2025-09-17 00:00:00,Instagram,Carousel,Community Campaign,Community,3,295727,257123,176276,8430.0,478,1360,2035
POST02074,2025-09-17 03:00:00,LinkedIn,Reel,Community Campaign,Education,3,264245,239472,132287,8633.0,498,2123,2014
POST02075,2025-09-17 06:00:00,LinkedIn,Image,Special Campaign,Entertainment,9,299157,292836,212654,14238.0,315,1440,4553
POST02076,2025-09-17 09:00:00,LinkedIn,Reel,Event Promotion,Event,10,330128,334508,283254,17843.0,899,2611,5960
POST02077,2025-09-17 12:00:00,Instagram,Image,Event Promotion,Community,17,260734,157614,117142,3010.0,123,1375,2555
POST02078,2025-09-17 15:00:00,YouTube,Carousel,Event Promotion,Community,22,141246,99642,75997,2981.0,90,160,1191
POST02079,2025-09-17 18:00:00,LinkedIn,Image,Festival Campaign,Entertainment,14,195946,185303,103898,5641.0,244,1222,1590
POST02080,2025-09-17 21:00:00,Facebook,Carousel,Community Campaign,Brand,2,453413,532893,453401,12723.0,735,2074,10388
POST02081,2025-09-18 00:00:00,Instagram,Reel,Festival Campaign,Education,6,149110,320046,219151,9659.0,346,1586,2048
POST02082,2025-09-18 03:00:00,Instagram,Video,Product Launch,Community,6,29096,25929,23107,2211.0,126,185,143
POST02083,2025-09-18 06:00:00,YouTube,Image,Event Promotion,Promotional,16,222163,277217,164157,3003.0,126,1986,791
POST02084,2025-09-18 09:00:00,LinkedIn,Image,Special Campaign,Education,21,93533,77789,68503,1796.0,61,851,1533
POST02085,2025-09-18 12:00:00,YouTube,Carousel,Seasonal Campaign,Event,19,227417,192349,148493,11011.0,464,1651,1660
POST02086,2025-09-18 15:00:00,YouTube,Reel,Educational Series,Entertainment,23,396939,836621,475467,16122.0,646,4767,6643
POST02087,2025-09-18 18:00:00,Instagram,Carousel,Special Campaign,Education,15,307762,415062,369444,8541.0,265,3378,7635
POST02088,2025-09-18 21:00:00,Facebook,Carousel,Brand Awareness,Promotional,15,242572,322499,178940,5125.0,195,1793,2005
POST02089,2025-09-19 00:00:00,Facebook,Reel,Product Launch,Promotional,7,29868,47494,38268,3065.0,138,716,845
POST02090,2025-09-19 03:00:00,Instagram,Reel,Seasonal Campaign,Entertainment,2,304026,395135,340343,35212.0,1829,6459,3429
POST02091,2025-09-19 06:00:00,Facebook,Reel,Brand Awareness,Entertainment,19,433855,525862,321582,23176.0,584,5441,6146
POST02092,2025-09-19 09:00:00,LinkedIn,Text,Brand Awareness,Education,14,188035,105077,70419,1450.0,15,506,1245
POST02093,2025-09-19 12:00:00,Instagram,Carousel,Event Promotion,Event,0,388904,592471,442238,14407.0,541,3287,3285
POST02094,2025-09-19 15:00:00,YouTube,Reel,Educational Series,Brand,9,384269,597884,471092,32005.0,1103,3058,2703
POST02095,2025-09-19 18:00:00,Instagram,Image,Brand Awareness,Promotional,1,407821,565909,483940,27413.0,348,3897,2639
POST02096,2025-09-19 21:00:00,Facebook,Image,Community Campaign,Entertainment,6,473680,196349,160294,8623.0,358,936,2776
POST02097,2025-09-20 00:00:00,YouTube,Video,Seasonal Campaign,Brand,13,266436,417741,282879,18494.0,1055,999,929
POST02098,2025-09-20 03:00:00,Facebook,Reel,Special Campaign,Brand,15,180542,173014,144916,14916.0,449,1543,2541
POST02099,2025-09-20 06:00:00,Facebook,Reel,Special Campaign,Brand,14,392126,332264,295092,12230.0,669,3615,5961
POST02100,2025-09-20 09:00:00,Instagram,Video,Brand Awareness,Event,6,90714,169978,106991,3899.0,197,1277,1033
POST02101,2025-09-20 12:00:00,LinkedIn,Reel,Product Launch,Entertainment,12,214742,131591,75787,7048.0,127,291,1470
POST02102,2025-09-20 15:00:00,YouTube,Reel,Educational Series,Promotional,9,227506,236992,165732,8068.0,398,1784,1100
POST02103,2025-09-20 18:00:00,Instagram,Text,Educational Series,Entertainment,8,353246,223732,192071,5755.0,206,1516,4634
POST02104,2025-09-20 21:00:00,Facebook,Carousel,Special Campaign,Education,8,171425,149008,89792,4989.0,279,1366,727
POST02105,2025-09-21 00:00:00,Facebook,Reel,Brand Awareness,Promotional,5,451404,434311,373520,20819.0,405,1129,5133
POST02106,2025-09-21 03:00:00,Instagram,Reel,Educational Series,Entertainment,23,315519,600726,539016,26107.0,424,7561,13244
POST02107,2025-09-21 06:00:00,LinkedIn,Reel,Product Launch,Promotional,11,353354,440754,250745,24457.0,539,916,5756
POST02108,2025-09-21 09:00:00,LinkedIn,Reel,Special Campaign,Education,22,173344,148814,107643,3884.0,50,568,1884
POST02109,2025-09-21 12:00:00,Instagram,Video,Seasonal Campaign,Community,19,434932,586833,390308,20728.0,539,1991,4341
POST02110,2025-09-21 15:00:00,LinkedIn,Image,Product Launch,Promotional,19,371420,189310,130205,2364.0,57,735,2396
POST02111,2025-09-21 18:00:00,Instagram,Carousel,Product Launch,Community,21,370850,547097,387384,27841.0,857,5209,5084
POST02112,2025-09-21 21:00:00,Instagram,Text,Community Campaign,Brand,13,186234,150216,121509,2743.0,90,1196,655
POST02113,2025-09-22 00:00:00,Instagram,Image,Event Promotion,Event,19,489803,334756,253395,15138.0,260,1567,5197
POST02114,2025-09-22 03:00:00,LinkedIn,Reel,Brand Awareness,Education,6,93606,61064,54128,2034.0,83,535,1200
POST02115,2025-09-22 06:00:00,Facebook,Image,Seasonal Campaign,Promotional,7,442688,294865,196517,7959.0,168,852,2351
POST02116,2025-09-22 09:00:00,Instagram,Text,Special Campaign,Education,7,209576,235268,173986,8311.0,133,994,3070
POST02117,2025-09-22 12:00:00,YouTube,Video,Educational Series,Brand,7,139837,97000,80962,3521.0,159,541,296
POST02118,2025-09-22 15:00:00,Facebook,Reel,Product Launch,Community,1,206513,183093,124605,6290.0,70,692,914
POST02119,2025-09-22 18:00:00,Instagram,Carousel,Special Campaign,Event,13,390487,325952,232356,14648.0,416,990,3612
POST02120,2025-09-22 21:00:00,LinkedIn,Image,Brand Awareness,Education,9,81401,85362,67413,,32,733,608
POST02121,2025-09-23 00:00:00,Facebook,Text,Seasonal Campaign,Community,17,340979,277408,236146,13656.0,739,623,5614
POST02122,2025-09-23 03:00:00,YouTube,Reel,Seasonal Campaign,Brand,17,339080,355533,247269,10070.0,515,3217,5295
POST02123,2025-09-23 06:00:00,LinkedIn,Image,Brand Awareness,Brand,17,499734,254550,187395,10962.0,142,704,3262
POST02124,2025-09-23 09:00:00,YouTube,Video,Event Promotion,Brand,15,182590,327310,291729,23859.0,895,4513,7285
POST02125,2025-09-23 12:00:00,LinkedIn,Image,Community Campaign,Community,19,236007,117286,66250,2531.0,62,331,553
POST02126,2025-09-23 15:00:00,Facebook,Image,Educational Series,Promotional,4,205534,249234,176178,4657.0,91,409,4090
POST02127,2025-09-23 18:00:00,Facebook,Reel,Community Campaign,Entertainment,19,409590,374895,289641,11278.0,288,2965,2809
POST02128,2025-09-23 21:00:00,Instagram,Reel,Seasonal Campaign,Education,4,178385,162608,89914,9249.0,469,1753,1449
POST02129,2025-09-24 00:00:00,LinkedIn,Reel,Educational Series,Entertainment,19,410488,508422,385828,31862.0,410,6305,4844
POST02130,2025-09-24 03:00:00,YouTube,Text,Seasonal Campaign,Brand,22,298254,273038,155541,,232,1098,1983
POST02131,2025-09-24 06:00:00,Instagram,Reel,Product Launch,Entertainment,9,448032,1048270,891181,41059.0,2285,5170,17623
POST02132,2025-09-24 09:00:00,Instagram,Image,Product Launch,Community,16,343693,483319,402353,7653.0,247,1277,4283
POST02133,2025-09-24 12:00:00,YouTube,Carousel,Brand Awareness,Brand,12,412978,443045,248676,15726.0,866,3368,3522
POST02134,2025-09-24 15:00:00,YouTube,Reel,Educational Series,Brand,16,310674,522725,296427,29832.0,1650,4716,2269
POST02135,2025-09-24 18:00:00,Facebook,Image,Educational Series,Event,17,283037,302130,245862,5844.0,236,1772,4867
POST02136,2025-09-24 21:00:00,LinkedIn,Carousel,Seasonal Campaign,Event,12,410889,349884,237690,16289.0,534,1866,3599
POST02137,2025-09-25 00:00:00,Instagram,Video,Community Campaign,Community,16,143967,160225,120370,4216.0,197,1694,1036
POST02138,2025-09-25 03:00:00,Facebook,Carousel,Product Launch,Community,14,376404,252585,162820,11544.0,644,1533,1441
POST02139,2025-09-25 06:00:00,Instagram,Carousel,Festival Campaign,Entertainment,11,309029,309663,189061,8384.0,368,1440,1788
POST02140,2025-09-25 09:00:00,LinkedIn,Reel,Brand Awareness,Education,9,64560,90512,59161,4824.0,98,405,1087
POST02141,2025-09-25 12:00:00,Facebook,Text,Special Campaign,Entertainment,12,33613,19975,12711,720.0,36,34,204
POST02142,2025-09-25 15:00:00,YouTube,Reel,Educational Series,Community,10,493068,554666,392097,29160.0,1678,4960,8269
POST02143,2025-09-25 18:00:00,Facebook,Video,Event Promotion,Education,2,157159,221650,179832,16237.0,495,2748,2800
POST02144,2025-09-25 21:00:00,Instagram,Reel,Event Promotion,Entertainment,21,448917,372509,277126,12285.0,551,4215,2700
POST02145,2025-09-26 00:00:00,YouTube,Text,Festival Campaign,Promotional,9,38665,34895,26632,1571.0,56,220,644
POST02146,2025-09-26 03:00:00,Facebook,Carousel,Product Launch,Promotional,10,126568,164295,117393,8920.0,139,1734,2640
POST02147,2025-09-26 06:00:00,instagram,Video,Product Launch,Education,5,250756,301235,199916,6346.0,174,1710,1826
POST02148,2025-09-26 09:00:00,Instagram,Reel,Product Launch,Event,0,311766,374161,224581,13083.0,237,1104,5183
POST02149,2025-09-26 12:00:00,YouTube,Image,Community Campaign,Education,5,377978,371095,250154,17025.0,743,748,4713
POST02150,2025-09-26 15:00:00,Facebook,Carousel,Seasonal Campaign,Entertainment,4,233475,268616,210277,5450.0,213,3182,2549
POST02151,2025-09-26 18:00:00,Instagram,Video,Event Promotion,Brand,6,61989,90746,73215,4149.0,48,848,971
POST02152,2025-09-26 21:00:00,Instagram,Reel,Product Launch,Promotional,21,64741,51269,36617,3018.0,39,596,469
POST02153,2025-09-27 00:00:00,Facebook,Text,Event Promotion,Brand,11,491916,192028,148965,2458.0,56,1001,3058
POST02154,2025-09-27 03:00:00,Facebook,Video,Festival Campaign,Promotional,11,40163,52976,33040,2583.0,122,284,226
POST02155,2025-09-27 06:00:00,Instagram,Reel,Brand Awareness,Entertainment,6,91637,128651,109484,5931.0,96,655,469
POST02156,2025-09-27 09:00:00,Instagram,Video,Seasonal Campaign,Promotional,1,79175,146479,124957,5242.0,106,1969,1745
POST02157,2025-09-27 12:00:00,Instagram,Image,Community Campaign,Education,0,254330,315737,209054,10265.0,568,531,1962
POST02158,2025-09-27 15:00:00,Instagram,Image,Educational Series,Brand,22,275972,322345,239083,11331.0,422,2948,3683
POST02159,2025-09-27 18:00:00,YouTube,Reel,Festival Campaign,Community,17,315690,632632,482275,45414.0,1863,2924,11825
POST02160,2025-09-27 21:00:00,Facebook,Image,Seasonal Campaign,Brand,11,154547,65260,46683,2544.0,83,89,829
POST02161,2025-09-28 00:00:00,Facebook,Carousel,Event Promotion,Entertainment,6,90259,55870,48545,2309.0,57,170,1170
POST02162,2025-09-28 03:00:00,Facebook,Image,Festival Campaign,Community,18,297034,270522,218825,11621.0,260,2655,4180
POST02163,2025-09-28 06:00:00,Instagram,Carousel,Educational Series,Brand,21,174342,124295,97618,6663.0,262,303,455
POST02164,2025-09-28 09:00:00,Facebook,Carousel,Seasonal Campaign,Entertainment,2,288857,312542,228790,18315.0,614,1589,5162
POST02165,2025-09-28 12:00:00,YouTube,Carousel,Community Campaign,Event,9,113389,194366,112673,7365.0,222,621,831
POST02166,2025-09-28 15:00:00,LinkedIn,Reel,Special Campaign,Education,10,487353,698844,410736,28103.0,1256,1323,9046
POST02167,2025-09-28 18:00:00,Facebook,Video,Brand Awareness,Promotional,4,347461,409375,267998,13628.0,411,2865,5220
POST02168,2025-09-28 21:00:00,Instagram,Image,Educational Series,Promotional,1,216189,325471,203104,13433.0,158,2737,4356
POST02169,2025-09-29 00:00:00,Facebook,Reel,Seasonal Campaign,Promotional,7,365123,263266,232565,20423.0,1061,3957,1995
POST02170,2025-09-29 03:00:00,Instagram,Reel,Community Campaign,Event,13,403205,600502,416408,13333.0,345,2271,8645
POST02171,2025-09-29 06:00:00,Facebook,Image,Event Promotion,Education,7,273154,205473,176051,9819.0,562,2138,2892
POST02172,2025-09-29 09:00:00,Instagram,Video,Educational Series,Brand,22,412886,497314,415917,26115.0,1409,3929,1996
POST02173,2025-09-29 12:00:00,Instagram,Image,Special Campaign,Brand,5,213666,115426,96311,2272.0,49,481,2172
POST02174,2025-09-29 15:00:00,LinkedIn,Carousel,Festival Campaign,Education,0,234592,274112,171456,9703.0,565,1858,3821
POST02175,2025-09-29 18:00:00,Instagram,Reel,Product Launch,Community,23,278939,555987,392839,16112.0,848,2460,6121
POST02176,2025-09-29 21:00:00,Facebook,Image,Festival Campaign,Education,0,491487,458957,303500,17068.0,1011,3669,3932
POST02177,2025-09-30 00:00:00,Instagram,Text,Event Promotion,Promotional,7,497369,281545,250474,6895.0,302,1900,2958
POST02178,2025-09-30 03:00:00,Facebook,Video,Seasonal Campaign,Brand,10,207577,196878,168696,5874.0,332,762,2743
POST02179,2025-09-30 06:00:00,Facebook,Reel,Special Campaign,Education,17,193329,322175,205377,6652.0,296,2514,4419
POST02180,2025-09-30 09:00:00,YouTube,Image,Brand Awareness,Brand,23,230582,254968,168210,7485.0,394,1307,2598
POST02181,2025-09-30 12:00:00,Instagram,Reel,Educational Series,Education,9,135039,232445,170874,7103.0,287,1805,1000
POST02182,2025-09-30 15:00:00,Instagram,Image,Seasonal Campaign,Entertainment,11,328636,501556,324763,20842.0,1176,1971,3161
POST02183,2025-09-30 18:00:00,Instagram,Video,Brand Awareness,Promotional,19,129718,197970,166014,4020.0,144,1626,2938
POST02184,2025-09-30 21:00:00,Instagram,Video,Event Promotion,Education,22,489375,773495,647207,54845.0,2568,7469,11151
POST02185,2025-10-01 00:00:00,Facebook,Reel,Educational Series,Event,15,428611,424105,340776,22711.0,1268,5110,4912
POST02186,2025-10-01 03:00:00,LinkedIn,Text,Community Campaign,Education,4,92005,48106,38064,2150.0,66,397,315
POST02187,2025-10-01 06:00:00,LinkedIn,Image,Community Campaign,Entertainment,15,45040,38447,28510,828.0,9,66,255
POST02188,2025-10-01 09:00:00,Facebook,Image,Seasonal Campaign,Event,23,129009,85733,57568,1354.0,21,487,786
POST02189,2025-10-01 12:00:00,Facebook,Image,Festival Campaign,Event,11,88702,76095,64142,3319.0,194,679,749
POST02190,2025-10-01 15:00:00,Facebook,Carousel,Seasonal Campaign,Education,5,41637,30659,26078,1708.0,91,95,259
POST02191,2025-10-01 18:00:00,Instagram,Image,Festival Campaign,Entertainment,4,87745,63125,35812,1365.0,46,446,760
POST02192,2025-10-01 21:00:00,LinkedIn,Image,Special Campaign,Event,0,421963,289960,199932,3746.0,217,932,2816
POST02193,2025-10-02 00:00:00,Facebook,Image,Event Promotion,Promotional,18,171322,99560,55685,2226.0,42,643,783
POST02194,2025-10-02 03:00:00,YouTube,Reel,Community Campaign,Community,9,372611,745164,628782,27814.0,432,8669,7807
POST02195,2025-10-02 06:00:00,Instagram,Video,Special Campaign,Promotional,13,131855,152582,93377,4577.0,183,1039,1678
POST02196,2025-10-02 09:00:00,YouTube,Image,Educational Series,Brand,20,249939,271540,213390,9680.0,281,2554,1464
POST02197,2025-10-02 12:00:00,YouTube,Reel,Community Campaign,Brand,2,490953,535984,361832,29229.0,788,6867,8596
POST02198,2025-10-02 15:00:00,LinkedIn,Video,Festival Campaign,Entertainment,5,74040,53878,45021,4202.0,196,808,238
POST02199,2025-10-02 18:00:00,YouTube,Text,Seasonal Campaign,Event,4,127518,89488,65182,1400.0,24,532,1214
POST02200,2025-10-02 21:00:00,Instagram,Text,Event Promotion,Promotional,16,444521,566447,375860,17137.0,838,1806,6951
POST02201,2025-10-03 00:00:00,LinkedIn,Image,Community Campaign,Promotional,17,216390,138896,92137,2818.0,78,1108,507
POST02202,2025-10-03 03:00:00,Instagram,Reel,Special Campaign,Community,11,215309,443789,294864,12742.0,756,4027,7326
POST02203,2025-10-03 06:00:00,YouTube,Image,Event Promotion,Entertainment,4,103110,71179,58794,3069.0,154,328,220
POST02204,2025-10-03 09:00:00,Instagram,Reel,Special Campaign,Event,8,378539,323705,258604,22376.0,946,4747,2850
POST02205,2025-10-03 12:00:00,Facebook,Text,Community Campaign,Entertainment,11,203434,175997,116461,6871.0,147,1023,1437
POST02206,2025-10-03 15:00:00,LinkedIn,Reel,Seasonal Campaign,Education,19,423312,458679,330970,28453.0,1645,3393,6838
POST02207,2025-10-03 18:00:00,Instagram,Reel,Brand Awareness,Promotional,8,272138,426117,245721,9403.0,109,2526,898
POST02208,2025-10-03 21:00:00,LinkedIn,Image,Seasonal Campaign,Entertainment,2,95764,53243,44704,1348.0,28,601,681
POST02209,2025-10-04 00:00:00,Instagram,Image,Community Campaign,Entertainment,0,160290,99075,63713,3766.0,44,393,477
POST02210,2025-10-04 03:00:00,LinkedIn,Video,Festival Campaign,Community,21,372511,351481,302705,18750.0,1093,1170,4721
POST02211,2025-10-04 06:00:00,Facebook,Image,Seasonal Campaign,Education,14,366482,405861,307999,10457.0,560,2495,5303
POST02212,2025-10-04 09:00:00,Facebook,Reel,Educational Series,Brand,9,460597,334128,250174,15710.0,904,4391,938
POST02213,2025-10-04 12:00:00,Instagram,Reel,Festival Campaign,Promotional,13,235555,525171,318753,31034.0,1419,3977,1429
POST02214,2025-10-04 15:00:00,LinkedIn,Image,Festival Campaign,Community,6,170407,95053,54592,3210.0,36,604,266
POST02215,2025-10-04 18:00:00,Facebook,Reel,Festival Campaign,Entertainment,3,197933,239035,177702,10867.0,614,626,3865
POST02216,2025-10-04 21:00:00,Instagram,Carousel,Event Promotion,Promotional,4,312051,222742,158992,13160.0,408,1795,3718
POST02217,2025-10-05 00:00:00,Facebook,Image,Product Launch,Brand,19,273143,204662,121137,7380.0,209,330,1529
POST02218,2025-10-05 03:00:00,Instagram,Carousel,Product Launch,Entertainment,15,495405,390691,329139,7033.0,170,3190,7321
POST02219,2025-10-05 06:00:00,LinkedIn,Text,Brand Awareness,Education,2,59387,19525,13590,272.0,6,86,183
POST02220,2025-10-05 09:00:00,Instagram,Text,Special Campaign,Promotional,16,94655,124935,80103,3198.0,160,858,947
POST02221,2025-10-05 12:00:00,Facebook,Text,Special Campaign,Community,12,77407,64272,53081,1632.0,37,148,779
POST02222,2025-10-05 15:00:00,YouTube,Reel,Festival Campaign,Education,5,478478,834107,725316,64828.0,1368,2002,14784
POST02223,2025-10-05 18:00:00,Instagram,Reel,Product Launch,Brand,4,417771,384874,252895,24243.0,1088,1244,2003
POST02224,2025-10-05 21:00:00,Instagram,Reel,Brand Awareness,Brand,15,328239,731902,601317,26921.0,656,3298,5795
POST02225,2025-10-06 00:00:00,Instagram,Video,Event Promotion,Promotional,10,477267,666281,518621,40948.0,436,3274,11241
POST02226,2025-10-06 03:00:00,YouTube,Text,Festival Campaign,Brand,16,21042,23475,21043,822.0,46,198,487
POST02227,2025-10-06 06:00:00,Instagram,Video,Educational Series,Event,4,123748,91344,56760,2964.0,76,469,323
POST02228,2025-10-06 09:00:00,YouTube,Reel,Event Promotion,Community,5,270763,309058,273898,23930.0,1153,4603,5069
POST02229,2025-10-06 12:00:00,Instagram,Text,Brand Awareness,Promotional,9,286332,385529,254582,10290.0,344,1056,817
POST02230,2025-10-06 15:00:00,Instagram,Image,Event Promotion,Event,20,360740,361484,250936,13125.0,219,2978,2111
POST02231,2025-10-06 18:00:00,Facebook,Reel,Educational Series,Brand,0,471369,765756,517336,15962.0,687,1415,2333
POST02232,2025-10-06 21:00:00,Instagram,Image,Special Campaign,Promotional,20,161305,144245,92887,4610.0,99,1182,1331
POST02233,2025-10-07 00:00:00,LinkedIn,Reel,Event Promotion,Event,9,285232,304154,241080,11922.0,290,3666,2544
POST02234,2025-10-07 03:00:00,LinkedIn,Image,Brand Awareness,Brand,16,283790,276705,209244,9340.0,108,1387,1261
POST02235,2025-10-07 06:00:00,Facebook,Reel,Special Campaign,Entertainment,2,164199,212442,139572,6045.0,65,1724,419
POST02236,2025-10-07 09:00:00,YouTube,Image,Special Campaign,Entertainment,1,183687,222801,132850,6799.0,242,1689,1533
POST02237,2025-10-07 12:00:00,LinkedIn,Carousel,Special Campaign,Education,16,217095,132909,87863,2661.0,34,883,832
POST02238,2025-10-07 15:00:00,Instagram,Video,Educational Series,Entertainment,3,297597,281075,192095,6310.0,129,1145,773
POST02239,2025-10-07 18:00:00,Instagram,Carousel,Educational Series,Event,1,334377,307689,210221,6909.0,388,2085,4569
POST02240,2025-10-07 21:00:00,Instagram,Image,Special Campaign,Community,4,447731,480188,324146,20143.0,284,3888,3901
POST02241,2025-10-08 00:00:00,Facebook,Video,Event Promotion,Entertainment,9,471308,662207,375506,9918.0,243,6685,7527
POST02242,2025-10-08 03:00:00,Instagram,Text,Educational Series,Promotional,0,277789,213507,152104,7275.0,337,1094,1868
POST02243,2025-10-08 06:00:00,YouTube,Reel,Seasonal Campaign,Promotional,0,495663,754739,635998,19339.0,1048,3326,2852
POST02244,2025-10-08 09:00:00,LinkedIn,Image,Event Promotion,Promotional,3,478216,449267,275458,13761.0,169,2983,3215
POST02245,2025-10-08 12:00:00,LinkedIn,Reel,Festival Campaign,Entertainment,6,365231,280617,168645,14560.0,280,3279,3793
POST02246,2025-10-08 15:00:00,YouTube,Reel,Educational Series,Entertainment,13,344137,680584,486718,21427.0,629,5161,1543
POST02247,2025-10-08 18:00:00,Instagram,Carousel,Event Promotion,Education,13,204834,375027,254909,8499.0,238,1870,5785
POST02248,2025-10-08 21:00:00,Facebook,Video,Festival Campaign,Community,17,232886,135560,101188,4535.0,110,1114,1765
POST02249,2025-10-09 00:00:00,YouTube,Reel,Educational Series,Community,1,277493,221863,195566,15756.0,348,1053,4870
POST02250,2025-10-09 03:00:00,Instagram,Video,Festival Campaign,Brand,0,106392,90537,73906,3129.0,73,1297,1711
POST02251,2025-10-09 06:00:00,Instagram,Video,Community Campaign,Education,20,228539,420179,332139,19970.0,332,5140,7345
POST02252,2025-10-09 09:00:00,LinkedIn,Text,Educational Series,Event,21,142349,58875,40952,862.0,15,106,156
POST02253,2025-10-09 12:00:00,Facebook,Reel,Community Campaign,Promotional,15,173260,248465,161645,10017.0,404,3002,1481
POST02254,2025-10-09 15:00:00,Facebook,Text,Brand Awareness,Entertainment,21,86019,54653,40393,1741.0,42,431,454
POST02255,2025-10-09 18:00:00,LinkedIn,Reel,Brand Awareness,Brand,17,20451,28420,24438,772.0,23,194,449
POST02256,2025-10-09 21:00:00,YouTube,Image,Event Promotion,Brand,15,417285,540580,463201,28733.0,879,4189,7999
POST02257,2025-10-10 00:00:00,YouTube,Reel,Product Launch,Entertainment,22,346418,723084,510446,50595.0,783,2282,3459
POST02258,2025-10-10 03:00:00,YouTube,Reel,Community Campaign,Education,21,164458,176625,112364,4617.0,235,452,2158
POST02259,2025-10-10 06:00:00,Instagram,Carousel,Community Campaign,Brand,23,420423,386302,242933,16724.0,966,2174,1560
POST02260,2025-10-10 09:00:00,YouTube,Image,Brand Awareness,Community,5,189511,99719,56031,1957.0,45,133,730
POST02261,2025-10-10 12:00:00,Facebook,Reel,Community Campaign,Education,9,203357,216613,183023,14419.0,356,3181,2879
POST02262,2025-10-10 15:00:00,Facebook,Reel,Product Launch,Entertainment,1,300301,336968,216567,10811.0,482,3959,4798
POST02263,2025-10-10 18:00:00,LinkedIn,Carousel,Special Campaign,Education,6,94726,116531,78734,5930.0,83,237,1329
POST02264,2025-10-10 21:00:00,YouTube,Reel,Festival Campaign,Community,20,125716,239240,199340,10579.0,585,677,4785
POST02265,2025-10-11 00:00:00,Facebook,Video,Festival Campaign,Promotional,16,497201,358051,211969,18041.0,289,1240,5273
POST02266,2025-10-11 03:00:00,Facebook,Reel,Product Launch,Entertainment,2,454573,690602,491316,42134.0,1963,8999,6973
POST02267,2025-10-11 06:00:00,YouTube,Reel,Community Campaign,Community,19,246286,238889,141618,5850.0,143,2208,585
POST02268,2025-10-11 09:00:00,Facebook,Image,Community Campaign,Entertainment,11,166001,77686,54741,1449.0,37,531,198
POST02269,2025-10-11 12:00:00,Instagram,Image,Community Campaign,Community,1,124636,179980,101958,6127.0,104,1109,2225
POST02270,2025-10-11 15:00:00,YouTube,Image,Seasonal Campaign,Community,6,199819,291975,213482,8342.0,353,882,2988
POST02271,2025-10-11 18:00:00,Instagram,Reel,Event Promotion,Brand,16,290057,266117,220477,22059.0,1097,1529,2440
POST02272,2025-10-11 21:00:00,Instagram,Text,Educational Series,Brand,18,488747,577959,454682,26113.0,1501,2090,4209
POST02273,2025-10-12 00:00:00,YouTube,Carousel,Product Launch,Brand,11,46727,73356,53418,3455.0,91,553,491
POST02274,2025-10-12 03:00:00,Facebook,Reel,Product Launch,Promotional,8,153018,110776,93059,6053.0,248,1198,428
POST02275,2025-10-12 06:00:00,LinkedIn,Image,Seasonal Campaign,Promotional,13,81061,45713,28786,821.0,25,122,278
POST02276,2025-10-12 09:00:00,Facebook,Video,Product Launch,Community,1,252791,336806,283179,24787.0,939,2608,4866
POST02277,2025-10-12 12:00:00,Facebook,Reel,Special Campaign,Event,20,218002,333552,215717,6988.0,126,3076,2475
POST02278,2025-10-12 15:00:00,YouTube,Reel,Special Campaign,Entertainment,3,474688,579680,392368,21536.0,841,3073,9358
POST02279,2025-10-12 18:00:00,Facebook,Video,Product Launch,Brand,18,133388,95068,56560,2657.0,139,202,1001
POST02280,2025-10-12 21:00:00,Instagram,Carousel,Seasonal Campaign,Entertainment,20,87957,127266,74528,6065.0,322,357,1640
POST02281,2025-10-13 00:00:00,Instagram,Image,Product Launch,Community,15,367983,477688,418568,10203.0,348,1560,2306
POST02282,2025-10-13 03:00:00,Instagram,Reel,Community Campaign,Education,21,387793,607139,374296,35719.0,778,4970,4832
POST02283,2025-10-13 06:00:00,YouTube,Reel,Seasonal Campaign,Community,16,432683,399048,266026,16387.0,849,999,1040
POST02284,2025-10-13 09:00:00,Instagram,Carousel,Event Promotion,Promotional,1,257406,436059,320591,7691.0,461,4544,7274
POST02285,2025-10-13 12:00:00,Instagram,Reel,Brand Awareness,Event,16,175576,313686,210719,17458.0,503,848,1313
POST02286,2025-10-13 15:00:00,Instagram,Image,Community Campaign,Education,18,227588,336533,287583,6743.0,379,2529,5958
POST02287,2025-10-13 18:00:00,LinkedIn,Image,Special Campaign,Entertainment,7,283988,293001,253519,7807.0,461,3213,5913
POST02288,2025-10-13 21:00:00,Instagram,Reel,Community Campaign,Promotional,23,54572,111157,73818,6523.0,194,269,939
POST02289,2025-10-14 00:00:00,YouTube,Text,Educational Series,Brand,19,258457,311025,181081,3977.0,182,948,2094
POST02290,2025-10-14 03:00:00,Instagram,Video,Seasonal Campaign,Education,5,235495,493157,307510,14586.0,569,2311,4982
POST02291,2025-10-14 06:00:00,Facebook,Carousel,Special Campaign,Promotional,11,234885,248456,177903,7781.0,358,1209,3431
POST02292,2025-10-14 09:00:00,Instagram,Reel,Brand Awareness,Entertainment,22,436191,835720,544027,39130.0,692,6933,9359
POST02293,2025-10-14 12:00:00,Instagram,Reel,Product Launch,Community,17,39449,73812,52311,4583.0,129,367,158
POST02294,2025-10-14 15:00:00,YouTube,Image,Brand Awareness,Entertainment,1,270835,300606,245158,7468.0,98,519,4974
POST02295,2025-10-14 18:00:00,Instagram,Reel,Event Promotion,Education,18,130137,105436,73512,3091.0,125,1386,458
POST02296,2025-10-14 21:00:00,Instagram,Text,Festival Campaign,Education,23,301603,232329,143799,3592.0,202,1265,1853
POST02297,2025-10-15 00:00:00,Instagram,Reel,Community Campaign,Community,9,217867,203950,137725,7680.0,291,672,1268
POST02298,2025-10-15 03:00:00,Instagram,Image,Seasonal Campaign,Education,2,431820,373213,302318,14177.0,191,2154,7078
POST02299,2025-10-15 06:00:00,Instagram,Image,Seasonal Campaign,Event,11,271201,166530,116308,2177.0,123,294,1633
POST02300,2025-10-15 09:00:00,Instagram,Carousel,Brand Awareness,Brand,15,145298,259972,165690,11624.0,193,410,2400
POST02301,2025-10-15 12:00:00,Facebook,Reel,Educational Series,Promotional,11,230467,256522,179461,17638.0,955,610,839
POST02302,2025-10-15 15:00:00,YouTube,Image,Special Campaign,Community,7,391478,267172,189473,12041.0,550,2016,4308
POST02303,2025-10-15 18:00:00,YouTube,Reel,Event Promotion,Entertainment,4,342284,530962,347106,10031.0,419,3512,2866
POST02304,2025-10-15 21:00:00,Instagram,Video,Festival Campaign,Entertainment,10,307506,308394,277088,17114.0,673,4314,3354
POST02305,2025-10-16 00:00:00,LinkedIn,Reel,Event Promotion,Brand,9,179015,242854,198817,17792.0,294,1542,4906
POST02306,2025-10-16 03:00:00,Instagram,Text,Seasonal Campaign,Education,2,41319,29969,23746,723.0,25,215,130
POST02307,2025-10-16 06:00:00,Instagram,Video,Product Launch,Education,22,382895,449310,381555,33800.0,670,1379,7176
POST02308,2025-10-16 09:00:00,Facebook,Reel,Festival Campaign,Entertainment,8,252505,404725,316999,30170.0,1164,4226,2765
POST02309,2025-10-16 12:00:00,Instagram,Video,Special Campaign,Brand,11,464266,708122,585505,20025.0,648,4698,7163
POST02310,2025-10-16 15:00:00,Instagram,Reel,Special Campaign,Entertainment,5,158769,343606,238594,15390.0,676,1736,2910
POST02311,2025-10-16 18:00:00,YouTube,Text,Seasonal Campaign,Education,18,239683,180513,130895,2114.0,124,1236,3077
POST02312,2025-10-16 21:00:00,LinkedIn,Image,Educational Series,Community,15,204727,124397,70464,2340.0,65,169,227
POST02313,2025-10-17 00:00:00,YouTube,Reel,Festival Campaign,Promotional,20,116896,168198,109030,9739.0,397,2033,1207
POST02314,2025-10-17 03:00:00,Facebook,Image,Seasonal Campaign,Education,22,244768,111322,75565,5339.0,284,830,1643
POST02315,2025-10-17 06:00:00,LinkedIn,Reel,Educational Series,Community,23,310879,211512,162634,15814.0,231,1400,3745
POST02316,2025-10-17 09:00:00,Instagram,Text,Product Launch,Promotional,13,51293,33215,23664,400.0,20,264,233
POST02317,2025-10-17 12:00:00,Instagram,Reel,Educational Series,Event,3,482701,991475,756241,74327.0,1633,4554,6294
POST02318,2025-10-17 15:00:00,Instagram,Carousel,Event Promotion,Brand,17,227267,353306,282526,20575.0,761,2145,3714
POST02319,2025-10-17 18:00:00,YouTube,Image,Brand Awareness,Community,9,159082,109189,61686,4000.0,238,749,1197
POST02320,2025-10-17 21:00:00,YouTube,Text,Event Promotion,Event,17,374449,239953,153665,8630.0,510,1723,981
POST02321,2025-10-18 00:00:00,LinkedIn,Reel,Special Campaign,Education,11,109359,164260,100168,6418.0,165,665,2029
POST02322,2025-10-18 03:00:00,Facebook,Image,Seasonal Campaign,Brand,18,495152,234949,144636,4253.0,70,1517,2065
POST02323,2025-10-18 06:00:00,Facebook,Image,Seasonal Campaign,Community,7,322871,273936,198903,3806.0,216,1069,1212
POST02324,2025-10-18 09:00:00,Instagram,Carousel,Community Campaign,Education,0,124545,160380,129746,2917.0,159,1629,2306
POST02325,2025-10-18 12:00:00,Facebook,Reel,Event Promotion,Brand,13,34787,49887,32200,2450.0,99,151,541
POST02326,2025-10-18 15:00:00,LinkedIn,Reel,Festival Campaign,Brand,22,486658,385380,323163,16903.0,196,2676,5394
POST02327,2025-10-18 18:00:00,Facebook,Reel,Special Campaign,Education,5,399854,671228,578840,37439.0,1780,2238,11348
POST02328,2025-10-18 21:00:00,Instagram,Carousel,Product Launch,Education,13,131489,150861,101482,2970.0,53,894,709
POST02329,2025-10-19 00:00:00,Facebook,Reel,Special Campaign,Community,1,164375,151108,119144,12163.0,695,1722,2185
POST02330,2025-10-19 03:00:00,Instagram,Image,Community Campaign,Brand,8,217874,196918,116372,2911.0,92,724,2620
POST02331,2025-10-19 06:00:00,Instagram,Reel,Community Campaign,Community,11,118782,157268,127451,7735.0,315,1655,1869
POST02332,2025-10-19 09:00:00,Instagram,Video,Community Campaign,Brand,4,335592,337758,205275,11479.0,276,2315,2810
POST02333,2025-10-19 12:00:00,Facebook,Text,Seasonal Campaign,Community,1,89513,86284,68215,1049.0,35,298,1401
POST02334,2025-10-19 15:00:00,Facebook,Image,Brand Awareness,Education,18,288212,157550,109917,5942.0,283,823,683
POST02335,2025-10-19 18:00:00,Instagram,Image,Educational Series,Education,6,130040,194209,169925,7997.0,276,443,1784
POST02336,2025-10-19 21:00:00,Instagram,Reel,Festival Campaign,Entertainment,6,138962,196171,139783,9058.0,474,1449,3044
POST02337,2025-10-20 00:00:00,YouTube,Reel,Special Campaign,Community,9,182299,200540,112466,10100.0,461,1163,1573
POST02338,2025-10-20 03:00:00,Instagram,Reel,Seasonal Campaign,Entertainment,16,32740,35675,25623,1148.0,15,79,550
POST02339,2025-10-20 06:00:00,Instagram,Carousel,Special Campaign,Entertainment,13,370477,468828,388388,29225.0,1178,3539,3317
POST02340,2025-10-20 09:00:00,YouTube,Image,Product Launch,Event,10,346889,401546,311792,20172.0,819,3252,3607
POST02341,2025-10-20 12:00:00,Facebook,Text,Seasonal Campaign,Brand,19,158863,149934,133172,6952.0,201,786,2812
POST02342,2025-10-20 15:00:00,Instagram,Image,Brand Awareness,Promotional,5,413701,514909,435172,15855.0,414,4072,2870
POST02343,2025-10-20 18:00:00,Instagram,Carousel,Special Campaign,Event,7,196120,243074,178487,5576.0,73,1671,4048
POST02344,2025-10-20 21:00:00,Instagram,Image,Seasonal Campaign,Brand,18,443911,255761,159155,6948.0,224,1748,1562
POST02345,2025-10-21 00:00:00,LinkedIn,Image,Seasonal Campaign,Promotional,18,450657,459267,253203,8110.0,217,1979,6177
POST02346,2025-10-21 03:00:00,Facebook,Reel,Event Promotion,Entertainment,23,282481,463486,413974,12448.0,716,3396,8780
POST02347,2025-10-21 06:00:00,Facebook,Image,Product Launch,Promotional,23,150996,107473,94405,3123.0,136,1084,1229
POST02348,2025-10-21 09:00:00,Instagram,Image,Community Campaign,Education,23,428308,244716,158074,6849.0,226,409,3055
POST02349,2025-10-21 12:00:00,YouTube,Carousel,Product Launch,Education,16,76052,108339,83786,2354.0,112,506,1274
POST02350,2025-10-21 15:00:00,Instagram,Text,Product Launch,Community,23,251379,292231,235314,13529.0,662,1710,5123
POST02351,2025-10-21 18:00:00,Facebook,Reel,Event Promotion,Brand,23,21471,26187,19700,1520.0,51,336,283
POST02352,2025-10-21 21:00:00,LinkedIn,Reel,Educational Series,Event,17,71194,66850,56490,2069.0,28,215,1397
POST02353,2025-10-22 00:00:00,Facebook,Image,Seasonal Campaign,Entertainment,11,457604,500809,289086,17880.0,876,845,1716
POST02354,2025-10-22 03:00:00,LinkedIn,Image,Festival Campaign,Brand,8,267279,133268,115113,7841.0,113,587,2058
POST02355,2025-10-22 06:00:00,Facebook,Reel,Community Campaign,Entertainment,22,485241,533417,366567,17044.0,892,3087,3080
POST02356,2025-10-22 09:00:00,Instagram,Video,Special Campaign,Education,23,209117,157937,113436,3892.0,103,1764,817
POST02357,2025-10-22 12:00:00,LinkedIn,Text,Educational Series,Event,15,139076,55408,39099,1153.0,48,424,468
POST02358,2025-10-22 15:00:00,Instagram,Text,Brand Awareness,Event,17,93392,121105,89127,4674.0,219,148,987
POST02359,2025-10-22 18:00:00,YouTube,Reel,Seasonal Campaign,Education,15,343232,529146,401811,15934.0,187,1148,1615
POST02360,2025-10-22 21:00:00,Instagram,Video,Community Campaign,Promotional,15,488117,917685,732881,58713.0,1716,11646,9094
POST02361,2025-10-23 00:00:00,Instagram,Carousel,Festival Campaign,Event,3,119909,149045,109358,7231.0,290,432,2618
POST02362,2025-10-23 03:00:00,YouTube,Image,Seasonal Campaign,Promotional,22,287808,380332,300337,15970.0,836,1733,3985
POST02363,2025-10-23 06:00:00,Instagram,Image,Brand Awareness,Entertainment,21,108859,122147,81643,3379.0,155,409,787
POST02364,2025-10-23 09:00:00,YouTube,Video,Event Promotion,Event,6,111991,74584,65472,3300.0,180,445,1563
POST02365,2025-10-23 12:00:00,YouTube,Image,Educational Series,Community,0,139805,193728,110925,2507.0,35,626,1566
POST02366,2025-10-23 15:00:00,Instagram,Image,Seasonal Campaign,Education,23,418595,293205,217247,8102.0,110,1245,2023
POST02367,2025-10-23 18:00:00,Instagram,Image,Community Campaign,Promotional,22,480876,493666,286616,14473.0,661,2595,5797
POST02368,2025-10-23 21:00:00,YouTube,Image,Product Launch,Community,19,51536,49830,35128,2336.0,69,321,278
POST02369,2025-10-24 00:00:00,Instagram,Reel,Special Campaign,Entertainment,0,156063,133229,85287,7759.0,264,975,720
POST02370,2025-10-24 03:00:00,Facebook,Text,Special Campaign,Entertainment,7,485546,181265,159135,2617.0,105,1570,1612
POST02371,2025-10-24 06:00:00,Facebook,Carousel,Special Campaign,Event,22,114754,136914,75929,2258.0,133,1035,887
POST02372,2025-10-24 09:00:00,Facebook,Carousel,Festival Campaign,Event,7,398278,301267,206946,15408.0,205,1048,3274
POST02373,2025-10-24 12:00:00,Facebook,Reel,Seasonal Campaign,Community,9,116649,124145,102260,10151.0,156,1205,1466
POST02374,2025-10-24 15:00:00,YouTube,Carousel,Special Campaign,Brand,0,383754,471652,290519,7122.0,366,3718,5625
POST02375,2025-10-24 18:00:00,Facebook,Reel,Community Campaign,Brand,20,113513,115994,96907,7820.0,86,1671,1819
POST02376,2025-10-24 21:00:00,Instagram,Reel,Product Launch,Event,20,310503,617608,525524,28655.0,931,3632,2103
POST02377,2025-10-25 00:00:00,Instagram,Image,Community Campaign,Brand,13,137060,204935,163497,6159.0,299,1239,972
POST02378,2025-10-25 03:00:00,Facebook,Image,Seasonal Campaign,Education,13,462518,209692,130674,6887.0,136,1037,1010
POST02379,2025-10-25 06:00:00,YouTube,Image,Brand Awareness,Community,9,396353,445520,287455,17750.0,343,2870,4641
POST02380,2025-10-25 09:00:00,Facebook,Reel,Product Launch,Education,18,38043,36394,22143,1050.0,26,181,502
POST02381,2025-10-25 12:00:00,Facebook,Image,Product Launch,Brand,15,108059,94816,58257,3267.0,57,304,591
POST02382,2025-10-25 15:00:00,LinkedIn,Reel,Community Campaign,Event,8,29070,29746,16740,1265.0,55,243,405
POST02383,2025-10-25 18:00:00,LinkedIn,Text,Event Promotion,Education,19,223807,111949,95163,3642.0,72,513,647
POST02384,2025-10-25 21:00:00,YouTube,Image,Seasonal Campaign,Entertainment,15,235311,138566,101842,5146.0,109,188,2377
POST02385,2025-10-26 00:00:00,Instagram,Carousel,Special Campaign,Event,19,498019,664802,441904,9782.0,379,6585,9112
POST02386,2025-10-26 03:00:00,YouTube,Reel,Event Promotion,Community,7,427349,374483,243920,6419.0,374,1251,2819
POST02387,2025-10-26 06:00:00,Instagram,Reel,Educational Series,Promotional,6,76955,78767,58338,4021.0,223,298,439
POST02388,2025-10-26 09:00:00,Facebook,Text,Special Campaign,Promotional,10,310715,310860,206516,7968.0,424,1957,2397
POST02389,2025-10-26 12:00:00,Facebook,Reel,Brand Awareness,Event,20,440207,420637,358509,11316.0,413,2964,2761
POST02390,2025-10-26 15:00:00,Facebook,Image,Event Promotion,Brand,5,267275,234772,146459,6527.0,162,825,2247
POST02391,2025-10-26 18:00:00,Instagram,Carousel,Community Campaign,Education,14,97115,94494,81151,5577.0,252,859,1269
POST02392,2025-10-26 21:00:00,Instagram,Reel,Seasonal Campaign,Education,18,200813,427770,334701,22831.0,673,1204,6660
POST02393,2025-10-27 00:00:00,YouTube,Video,Event Promotion,Event,13,381035,393993,348612,21358.0,1044,2125,5094
POST02394,2025-10-27 03:00:00,Instagram,Image,Educational Series,Entertainment,14,235611,220587,122489,6953.0,75,296,1297
POST02395,2025-10-27 06:00:00,LinkedIn,Reel,Festival Campaign,Community,5,150644,173650,99099,3904.0,142,745,2284
POST02396,2025-10-27 09:00:00,Instagram,Reel,Educational Series,Brand,23,41871,89485,64904,4003.0,107,1122,306
POST02397,2025-10-27 12:00:00,Instagram,Reel,Product Launch,Entertainment,9,419439,861231,748696,28111.0,631,13452,15567
POST02398,2025-10-27 15:00:00,Instagram,Video,Special Campaign,Event,13,296341,325962,262653,16210.0,698,1898,3154
POST02399,2025-10-27 18:00:00,Facebook,Carousel,Seasonal Campaign,Event,15,94923,119264,91564,5337.0,229,426,639
POST02400,2025-10-27 21:00:00,Facebook,Reel,Product Launch,Entertainment,12,122657,172381,96716,3432.0,40,472,546
POST02401,2025-10-28 00:00:00,Instagram,Reel,Event Promotion,Promotional,10,112438,261320,176118,5616.0,322,1631,1383
POST02402,2025-10-28 03:00:00,Instagram,Carousel,Event Promotion,Event,2,493591,892740,599071,18873.0,530,8015,3404
POST02403,2025-10-28 06:00:00,YouTube,Image,Educational Series,Community,7,214268,219154,162114,8050.0,449,1909,2123
POST02404,2025-10-28 09:00:00,Instagram,Image,Educational Series,Brand,2,383053,517092,331062,9349.0,366,773,3540
POST02405,2025-10-28 12:00:00,Facebook,Image,Community Campaign,Entertainment,1,382986,331989,213636,7020.0,299,907,2316
POST02406,2025-10-28 15:00:00,Facebook,Reel,Brand Awareness,Promotional,20,361576,463231,355437,28718.0,1666,2144,2292
POST02407,2025-10-28 18:00:00,Instagram,Carousel,Community Campaign,Entertainment,13,323669,245305,216015,7916.0,404,2896,3783
POST02408,2025-10-28 21:00:00,Instagram,Text,Product Launch,Promotional,19,298342,134856,105330,3464.0,58,626,1724
POST02409,2025-10-29 00:00:00,LinkedIn,Reel,Community Campaign,Promotional,20,185596,105810,82938,8165.0,83,732,2041
POST02410,2025-10-29 03:00:00,YouTube,Image,Educational Series,Community,21,114187,165795,148415,9283.0,236,1928,992
POST02411,2025-10-29 06:00:00,Facebook,Image,Seasonal Campaign,Brand,14,118172,59945,36189,1150.0,39,456,772
POST02412,2025-10-29 09:00:00,Instagram,Image,Community Campaign,Event,2,497509,292505,164341,8261.0,385,1142,615
POST02413,2025-10-29 12:00:00,YouTube,Reel,Festival Campaign,Promotional,0,119499,138354,112195,8743.0,376,535,517
POST02414,2025-10-29 15:00:00,Instagram,Video,Special Campaign,Event,14,431731,676513,475978,42275.0,1084,2412,8214
POST02415,2025-10-29 18:00:00,YouTube,Image,Brand Awareness,Brand,19,388457,557038,389975,18548.0,688,1213,4657
POST02416,2025-10-29 21:00:00,LinkedIn,Image,Educational Series,Event,21,276840,239167,150401,7265.0,309,1468,1213
POST02417,2025-10-30 00:00:00,Instagram,Reel,Seasonal Campaign,Community,1,304171,368384,267963,25536.0,911,3208,820
POST02418,2025-10-30 03:00:00,Instagram,Reel,Event Promotion,Community,17,295936,664355,468211,14159.0,629,5621,8235
POST02419,2025-10-30 06:00:00,Instagram,Reel,Special Campaign,Education,0,275519,230395,154573,11592.0,397,658,1962
POST02420,2025-10-30 09:00:00,Instagram,Carousel,Community Campaign,Community,8,363457,677341,477498,22561.0,823,6173,3226
POST02421,2025-10-30 12:00:00,Instagram,Reel,Educational Series,Promotional,2,105330,91792,62817,6090.0,347,731,1532
POST02422,2025-10-30 15:00:00,Instagram,Carousel,Event Promotion,Brand,1,314688,497160,436985,35620.0,1049,1460,4683
POST02423,2025-10-30 18:00:00,Facebook,Image,Event Promotion,Community,3,235359,103955,92840,2524.0,120,978,897
POST02424,2025-10-30 21:00:00,YouTube,Image,Product Launch,Entertainment,15,105263,149183,125905,4179.0,111,1672,1791
POST02425,2025-10-31 00:00:00,Instagram,Image,Product Launch,Brand,21,395473,259967,233098,7637.0,203,1622,2120
POST02426,2025-10-31 03:00:00,LinkedIn,Image,Seasonal Campaign,Promotional,0,174737,69256,44531,1043.0,58,140,400
POST02427,2025-10-31 06:00:00,Instagram,Reel,Educational Series,Brand,8,313270,678935,573716,36528.0,1641,2474,13917
POST02428,2025-10-31 09:00:00,LinkedIn,Reel,Special Campaign,Community,7,170553,105679,73163,4830.0,272,222,639
POST02429,2025-10-31 12:00:00,Instagram,Carousel,Seasonal Campaign,Entertainment,5,242444,396491,321612,18363.0,1096,4057,5248
POST02430,2025-10-31 15:00:00,LinkedIn,Carousel,Educational Series,Education,19,381781,399919,248144,15575.0,155,2871,948
POST02431,2025-10-31 18:00:00,Facebook,Reel,Festival Campaign,Promotional,17,280779,360993,301134,9307.0,550,3756,1925
POST02432,2025-10-31 21:00:00,Facebook,Image,Brand Awareness,Promotional,15,147208,104686,60635,3129.0,47,652,211
POST02433,2025-11-01 00:00:00,LinkedIn,Reel,Brand Awareness,Brand,7,43549,64113,41333,4020.0,54,805,610
POST02434,2025-11-01 03:00:00,Instagram,Reel,Special Campaign,Event,22,219944,470435,394075,24231.0,1172,3700,5444
POST02435,2025-11-01 06:00:00,LinkedIn,Reel,Educational Series,Event,3,486909,469037,380626,13064.0,359,5529,3912
POST02436,2025-11-01 09:00:00,Instagram,Video,Product Launch,Entertainment,2,203308,214222,155404,4691.0,262,1287,2860
POST02437,2025-11-01 12:00:00,Instagram,Reel,Special Campaign,Education,14,215055,259186,203584,9767.0,363,1740,3413
POST02438,2025-11-01 15:00:00,Instagram,Reel,Community Campaign,Education,5,56155,63101,38804,3286.0,96,658,628
POST02439,2025-11-01 18:00:00,YouTube,Reel,Seasonal Campaign,Brand,0,57481,85588,67076,3109.0,42,825,697
POST02440,2025-11-01 21:00:00,Instagram,Reel,Festival Campaign,Brand,17,254477,543288,300325,26884.0,893,1393,3062
POST02441,2025-11-02 00:00:00,YouTube,Carousel,Brand Awareness,Event,22,87967,129401,108907,7910.0,189,828,2419
POST02442,2025-11-02 03:00:00,YouTube,Reel,Educational Series,Community,10,381464,706692,516380,31837.0,440,8293,7728
POST02443,2025-11-02 06:00:00,Facebook,Reel,Product Launch,Education,2,364705,404639,356226,17619.0,766,6585,3202
POST02444,2025-11-02 09:00:00,Facebook,Carousel,Product Launch,Community,12,302590,235176,168705,9895.0,582,1769,2522
POST02445,2025-11-02 12:00:00,YouTube,Reel,Product Launch,Education,16,290651,522595,366642,32712.0,946,3395,3251
POST02446,2025-11-02 15:00:00,Instagram,Carousel,Seasonal Campaign,Community,17,145183,236583,167386,4196.0,104,927,1184
POST02447,2025-11-02 18:00:00,Instagram,Image,Community Campaign,Community,13,53208,68690,46427,3225.0,46,312,427
POST02448,2025-11-02 21:00:00,INSTAGRAM,Reel,Event Promotion,Education,6,37522,31146,18947,1447.0,30,230,318
POST02449,2025-11-03 00:00:00,Instagram,Carousel,Special Campaign,Entertainment,6,329546,452467,382208,17613.0,427,825,5484
POST02450,2025-11-03 03:00:00,Instagram,Reel,Seasonal Campaign,Entertainment,13,438706,579702,397779,26042.0,708,2840,2632
POST02451,2025-11-03 06:00:00,Instagram,Image,Community Campaign,Brand,23,189083,142169,104520,4057.0,169,1009,2401
POST02452,2025-11-03 09:00:00,LinkedIn,Image,Product Launch,Community,14,448287,385510,214713,8648.0,136,2077,2997
POST02453,2025-11-03 12:00:00,YouTube,Reel,Educational Series,Community,11,460970,506602,289314,20963.0,270,3945,5919
POST02454,2025-11-03 15:00:00,Instagram,Carousel,Special Campaign,Community,11,247021,439741,333769,8275.0,467,5028,3429
POST02455,2025-11-03 18:00:00,YouTube,Video,Festival Campaign,Community,7,65102,68582,58824,2154.0,107,662,1415
POST02456,2025-11-03 21:00:00,Instagram,Text,Community Campaign,Community,15,34040,32326,23361,589.0,14,96,456
POST02457,2025-11-04 00:00:00,YouTube,Carousel,Educational Series,Event,8,386398,592566,360126,16808.0,704,4745,4681
POST02458,2025-11-04 03:00:00,Facebook,Image,Seasonal Campaign,Promotional,1,420262,307092,181382,6899.0,273,1152,4144
POST02459,2025-11-04 06:00:00,YouTube,Reel,Seasonal Campaign,Community,13,452590,859912,743760,61235.0,2887,4941,13970
POST02460,2025-11-04 09:00:00,YouTube,Reel,Special Campaign,Event,23,318333,557046,443170,20481.0,1084,5322,5527
POST02461,2025-11-04 12:00:00,LinkedIn,Image,Product Launch,Entertainment,23,131738,134771,119699,2523.0,70,620,2924
POST02462,2025-11-04 15:00:00,LinkedIn,Image,Festival Campaign,Community,15,366142,217708,126014,2645.0,113,810,1205
POST02463,2025-11-04 18:00:00,Facebook,Text,Brand Awareness,Entertainment,4,255479,104336,90346,1401.0,70,746,781
POST02464,2025-11-04 21:00:00,YouTube,Image,Brand Awareness,Brand,4,106070,97695,82647,1657.0,74,1111,1874
POST02465,2025-11-05 00:00:00,Facebook,Image,Seasonal Campaign,Promotional,19,186040,193762,167141,10758.0,603,1561,3102
POST02466,2025-11-05 03:00:00,Instagram,Image,Educational Series,Education,20,172007,176560,97464,5423.0,188,490,1033
POST02467,2025-11-05 06:00:00,Instagram,Video,Festival Campaign,Promotional,17,337725,370573,300040,28715.0,1439,1143,2430
POST02468,2025-11-05 09:00:00,Instagram,Carousel,Educational Series,Community,17,388675,258383,191753,4272.0,237,1350,1326
POST02469,2025-11-05 12:00:00,YouTube,Carousel,Festival Campaign,Community,4,291153,273405,205221,15286.0,578,485,2031
POST02470,2025-11-05 15:00:00,YouTube,Reel,Festival Campaign,Promotional,10,460205,798517,570317,45792.0,497,5962,3286
POST02471,2025-11-05 18:00:00,Instagram,Video,Seasonal Campaign,Promotional,12,460092,429065,347515,24362.0,1240,4411,2153
POST02472,2025-11-05 21:00:00,LinkedIn,Reel,Educational Series,Brand,2,218554,191128,172004,9255.0,484,1934,3454
POST02473,2025-11-06 00:00:00,LinkedIn,Video,Seasonal Campaign,Entertainment,16,449940,224710,179473,9175.0,275,2853,790
POST02474,2025-11-06 03:00:00,Facebook,Image,Special Campaign,Education,17,130847,129489,101948,6490.0,139,772,1291
POST02475,2025-11-06 06:00:00,YouTube,Image,Festival Campaign,Promotional,13,71377,97563,76006,4296.0,253,547,905
POST02476,2025-11-06 09:00:00,LinkedIn,Image,Community Campaign,Education,11,88861,68364,54234,2939.0,110,294,1308
POST02477,2025-11-06 12:00:00,Instagram,Carousel,Product Launch,Promotional,13,159771,105864,70901,1625.0,58,959,938
POST02478,2025-11-06 15:00:00,Facebook,Reel,Special Campaign,Entertainment,17,416961,350089,231785,9358.0,536,4142,1515
POST02479,2025-11-06 18:00:00,Instagram,Video,Festival Campaign,Education,19,130612,176508,145534,13579.0,412,2569,719
POST02480,2025-11-06 21:00:00,Facebook,Image,Community Campaign,Event,1,326981,288050,163779,6966.0,365,2175,3130
POST02481,2025-11-07 00:00:00,Instagram,Reel,Festival Campaign,Entertainment,6,444010,690076,562920,48945.0,2204,10790,3518
POST02482,2025-11-07 03:00:00,LinkedIn,Reel,Community Campaign,Education,14,172270,253667,211772,11937.0,696,3098,5005
POST02483,2025-11-07 06:00:00,LinkedIn,Image,Educational Series,Promotional,9,208875,216356,158493,9394.0,295,1328,2425
POST02484,2025-11-07 09:00:00,Instagram,Image,Brand Awareness,Promotional,14,402935,264214,229483,5607.0,310,875,2716
POST02485,2025-11-07 12:00:00,YouTube,Image,Event Promotion,Entertainment,16,426705,269680,192977,3912.0,150,2079,3484
POST02486,2025-11-07 15:00:00,LinkedIn,Carousel,Special Campaign,Entertainment,10,70557,50855,31140,1568.0,52,377,229
POST02487,2025-11-07 18:00:00,YouTube,Image,Festival Campaign,Promotional,1,474655,432896,292849,14627.0,369,3413,3341
POST02488,2025-11-07 21:00:00,LinkedIn,Text,Event Promotion,Education,20,304618,198501,172111,5088.0,191,1034,642
POST02489,2025-11-08 00:00:00,YouTube,Image,Festival Campaign,Event,17,76439,96345,86499,4901.0,189,1058,1929
POST02490,2025-11-08 03:00:00,Instagram,Video,Educational Series,Brand,3,235028,215169,150112,8961.0,492,2043,1854
POST02491,2025-11-08 06:00:00,Instagram,Reel,Educational Series,Entertainment,8,206258,419140,255003,25094.0,1134,1400,5022
POST02492,2025-11-08 09:00:00,Instagram,Image,Community Campaign,Promotional,16,88213,105752,68761,1553.0,79,290,1593
POST02493,2025-11-08 12:00:00,Facebook,Reel,Festival Campaign,Education,16,337440,584660,434784,13561.0,657,7113,7548
POST02494,2025-11-08 15:00:00,Instagram,Image,Educational Series,Entertainment,16,185584,230729,173100,11576.0,275,1173,1950
POST02495,2025-11-08 18:00:00,YouTube,Video,Educational Series,Education,15,358855,576048,443856,32035.0,649,2789,7381
POST02496,2025-11-08 21:00:00,YouTube,Reel,Festival Campaign,Entertainment,19,389871,387589,326494,25579.0,586,3180,3567
POST02497,2025-11-09 00:00:00,YouTube,Reel,Community Campaign,Promotional,7,21177,38425,30698,864.0,14,163,475
POST02498,2025-11-09 03:00:00,LinkedIn,Video,Community Campaign,Education,22,20761,11545,7403,677.0,19,120,92
POST02499,2025-11-09 06:00:00,LinkedIn,Reel,Community Campaign,Promotional,14,254154,305694,210398,18136.0,774,801,1324
POST02500,2025-11-09 09:00:00,YouTube,Carousel,Community Campaign,Education,0,288602,185192,156290,10807.0,398,1081,3151
POST02501,2025-11-09 12:00:00,Facebook,Image,Brand Awareness,Entertainment,18,472914,235668,181861,12229.0,537,1512,2531
POST02502,2025-11-09 15:00:00,Facebook,Video,Festival Campaign,Brand,14,336919,221185,134534,8829.0,245,2156,966
POST02503,2025-11-09 18:00:00,YouTube,Reel,Seasonal Campaign,Brand,8,204938,161911,107498,6104.0,123,1699,2431
POST02504,2025-11-09 21:00:00,LinkedIn,Reel,Brand Awareness,Event,4,171182,146186,120878,7674.0,154,360,2631
POST02505,2025-11-10 00:00:00,Instagram,Image,Educational Series,Event,15,113789,183644,112065,6720.0,269,1283,1713
POST02506,2025-11-10 03:00:00,Instagram,Text,Brand Awareness,Community,12,497069,379463,300484,14901.0,271,2320,7315
POST02507,2025-11-10 06:00:00,LinkedIn,Image,Special Campaign,Promotional,15,408192,370539,276880,14098.0,420,930,6478
POST02508,2025-11-10 09:00:00,YouTube,Reel,Seasonal Campaign,Education,21,138249,125006,75205,3234.0,66,980,1709
POST02509,2025-11-10 12:00:00,Facebook,Carousel,Seasonal Campaign,Event,10,474662,428142,338706,24586.0,1060,4492,2009
POST02510,2025-11-10 15:00:00,LinkedIn,Text,Seasonal Campaign,Entertainment,12,310577,127668,76578,3379.0,137,564,726
POST02511,2025-11-10 18:00:00,Instagram,Video,Community Campaign,Brand,5,92715,92401,63706,2543.0,73,1145,766
POST02512,2025-11-10 21:00:00,LinkedIn,Text,Educational Series,Education,19,296993,106862,70314,2575.0,42,453,1497
POST02513,2025-11-11 00:00:00,YouTube,Reel,Brand Awareness,Community,16,277969,370483,293238,30432.0,626,4098,6500
POST02514,2025-11-11 03:00:00,YouTube,Reel,Brand Awareness,Brand,4,352124,289803,238747,12322.0,414,904,4663
POST02515,2025-11-11 06:00:00,Facebook,Carousel,Special Campaign,Education,16,350644,467153,284454,8062.0,472,3754,3809
POST02516,2025-11-11 09:00:00,LinkedIn,Video,Festival Campaign,Event,0,455206,414230,345550,8832.0,207,4193,2267
POST02517,2025-11-11 12:00:00,Instagram,Reel,Brand Awareness,Event,4,342035,714224,394626,15943.0,311,4769,1489
POST02518,2025-11-11 15:00:00,YouTube,Reel,Special Campaign,Promotional,4,342010,723568,532199,21598.0,454,7758,9784
POST02519,2025-11-11 18:00:00,Facebook,Video,Educational Series,Community,6,491563,625268,456993,39201.0,1779,5092,11366
POST02520,2025-11-11 21:00:00,Facebook,Reel,Community Campaign,Education,15,488819,801549,615860,,1310,9578,6528
POST02521,2025-11-12 00:00:00,Facebook,Image,Festival Campaign,Community,17,191064,98330,62330,4025.0,55,537,966
POST02522,2025-11-12 03:00:00,Instagram,Image,Special Campaign,Entertainment,5,405613,582619,322450,7314.0,347,2542,6717
POST02523,2025-11-12 06:00:00,Instagram,Image,Brand Awareness,Community,1,216169,180050,127685,8549.0,296,431,906
POST02524,2025-11-12 09:00:00,Instagram,Carousel,Festival Campaign,Event,12,96008,117655,67650,2513.0,128,577,1437
POST02525,2025-11-12 12:00:00,Facebook,Image,Event Promotion,Promotional,9,231734,215218,185575,9468.0,294,1502,3109
POST02526,2025-11-12 15:00:00,Instagram,Carousel,Festival Campaign,Event,20,285245,504445,308106,,98,3273,4786
POST02527,2025-11-12 18:00:00,Instagram,Image,Seasonal Campaign,Brand,19,309134,471081,329206,12859.0,567,2348,6508
POST02528,2025-11-12 21:00:00,LinkedIn,Image,Community Campaign,Event,10,89214,38033,26695,604.0,30,93,221
POST02529,2025-11-13 00:00:00,Instagram,Carousel,Seasonal Campaign,Education,20,316755,345053,256547,14754.0,812,1065,4239
POST02530,2025-11-13 03:00:00,LinkedIn,Reel,Event Promotion,Promotional,1,474711,638439,526001,27866.0,1071,7776,4359
POST02531,2025-11-13 06:00:00,Facebook,Reel,Seasonal Campaign,Education,7,116265,163665,117061,10824.0,174,1612,813
POST02532,2025-11-13 09:00:00,Facebook,Reel,Event Promotion,Entertainment,23,464306,285934,159841,6422.0,182,1116,2671
POST02533,2025-11-13 12:00:00,Instagram,Reel,Festival Campaign,Entertainment,21,276146,409200,335498,16049.0,789,3400,2994
POST02534,2025-11-13 15:00:00,Instagram,Image,Educational Series,Event,18,35958,51621,29876,823.0,28,161,559
POST02535,2025-11-13 18:00:00,Facebook,Video,Community Campaign,Promotional,19,371930,497158,385070,24873.0,1118,2011,5513
POST02536,2025-11-13 21:00:00,Facebook,Carousel,Educational Series,Community,16,223691,192754,160217,4492.0,45,1049,2930
POST02537,2025-11-14 00:00:00,Facebook,Video,Community Campaign,Promotional,15,216328,288575,187268,7047.0,96,1216,4235
POST02538,2025-11-14 03:00:00,Instagram,Image,Special Campaign,Promotional,9,238364,270616,191376,10456.0,460,529,1156
POST02539,2025-11-14 06:00:00,Facebook,Image,Community Campaign,Promotional,4,87002,99550,55251,1216.0,29,425,246
POST02540,2025-11-14 09:00:00,Facebook,Image,Seasonal Campaign,Event,13,69887,61540,51161,,87,361,603
POST02541,2025-11-14 12:00:00,Facebook,Reel,Seasonal Campaign,Education,23,282483,297697,237008,8090.0,340,3478,4448
POST02542,2025-11-14 15:00:00,Facebook,Reel,Educational Series,Event,18,130083,207432,130886,9380.0,146,1712,2944
POST02543,2025-11-14 18:00:00,Facebook,Image,Product Launch,Community,3,332672,148170,101730,7312.0,377,591,383
POST02544,2025-11-14 21:00:00,Facebook,Text,Special Campaign,Education,19,368783,348627,276586,6313.0,108,1753,5654
POST02545,2025-11-15 00:00:00,Instagram,Reel,Event Promotion,Community,15,102624,191527,129349,5997.0,279,1508,602
POST02546,2025-11-15 03:00:00,YouTube,Reel,Seasonal Campaign,Brand,23,351404,723915,439304,42207.0,1039,7954,6928
POST02547,2025-11-15 06:00:00,Instagram,Video,Special Campaign,Brand,14,388637,420010,307227,21227.0,488,5442,3247
POST02548,2025-11-15 09:00:00,YouTube,Reel,Seasonal Campaign,Education,8,73570,125711,100977,6504.0,332,1654,342
POST02549,2025-11-15 12:00:00,YouTube,Video,Seasonal Campaign,Event,2,41643,71979,47670,3075.0,115,532,244
POST02550,2025-11-15 15:00:00,Instagram,Carousel,Festival Campaign,Community,22,80252,121553,72034,2853.0,57,1063,776
POST02551,2025-11-15 18:00:00,Instagram,Text,Educational Series,Community,8,373724,238921,200774,10739.0,108,649,4815
POST02552,2025-11-15 21:00:00,Instagram,Image,Educational Series,Entertainment,17,161406,135199,86321,5027.0,294,858,552
POST02553,2025-11-16 00:00:00,Facebook,Carousel,Seasonal Campaign,Community,3,118856,119815,87403,5373.0,169,732,785
POST02554,2025-11-16 03:00:00,LinkedIn,Image,Festival Campaign,Event,18,383939,261716,207271,14159.0,422,724,5155
POST02555,2025-11-16 06:00:00,Instagram,Carousel,Seasonal Campaign,Entertainment,23,82977,129132,85353,4901.0,61,266,1158
POST02556,2025-11-16 09:00:00,LinkedIn,Image,Event Promotion,Event,3,282933,178996,139083,6347.0,347,1032,1219
POST02557,2025-11-16 12:00:00,YouTube,Reel,Festival Campaign,Promotional,8,316085,614487,436837,44602.0,759,2899,7229
POST02558,2025-11-16 15:00:00,Instagram,Image,Seasonal Campaign,Community,0,20552,20685,15506,451.0,12,73,195
POST02559,2025-11-16 18:00:00,Instagram,Image,Community Campaign,Promotional,0,301950,176110,133262,3420.0,106,739,2916
POST02560,2025-11-16 21:00:00,YouTube,Video,Product Launch,Brand,19,56979,38912,32625,1164.0,58,443,103
POST02561,2025-11-17 00:00:00,Facebook,Carousel,Community Campaign,Brand,18,159895,173273,135103,11258.0,314,586,3367
POST02562,2025-11-17 03:00:00,Facebook,Carousel,Product Launch,Education,2,51980,51113,32840,2039.0,74,390,146
POST02563,2025-11-17 06:00:00,Instagram,Reel,Festival Campaign,Community,9,20860,33932,19370,965.0,30,306,286
POST02564,2025-11-17 09:00:00,Instagram,Carousel,Community Campaign,Entertainment,11,20290,32979,18161,666.0,17,185,333
POST02565,2025-11-17 12:00:00,YouTube,Image,Event Promotion,Promotional,17,324561,281382,243830,5134.0,294,1145,3680
POST02566,2025-11-17 15:00:00,Instagram,Video,Special Campaign,Event,13,99880,215085,189218,6338.0,315,606,1819
POST02567,2025-11-17 18:00:00,Instagram,Text,Community Campaign,Community,9,419086,545221,317830,17756.0,332,1740,6934
POST02568,2025-11-17 21:00:00,Instagram,Reel,Educational Series,Education,9,53397,42729,30784,2594.0,97,520,383
POST02569,2025-11-18 00:00:00,Facebook,Video,Special Campaign,Event,17,125311,188894,113914,10456.0,521,454,1095
POST02570,2025-11-18 03:00:00,LinkedIn,Reel,Special Campaign,Promotional,23,298330,366281,323082,19078.0,743,4906,6430
POST02571,2025-11-18 06:00:00,YouTube,Image,Product Launch,Community,0,255319,253294,161194,8134.0,282,1172,1000
POST02572,2025-11-18 09:00:00,LinkedIn,Image,Product Launch,Promotional,14,135162,105369,76453,3372.0,45,941,574
POST02573,2025-11-18 12:00:00,Instagram,Reel,Seasonal Campaign,Community,7,172088,360231,219008,20750.0,317,1887,1874
POST02574,2025-11-18 15:00:00,YouTube,Carousel,Event Promotion,Community,2,351760,589531,392902,32790.0,729,4604,4937
POST02575,2025-11-18 18:00:00,Instagram,Reel,Product Launch,Promotional,17,98508,162944,104835,10353.0,369,1583,361
POST02576,2025-11-18 21:00:00,Facebook,Reel,Product Launch,Promotional,8,87296,69584,49849,3621.0,214,297,1237
POST02577,2025-11-19 00:00:00,LinkedIn,Image,Seasonal Campaign,Event,15,162346,133224,92846,1981.0,99,338,1504
POST02578,2025-11-19 03:00:00,Facebook,Carousel,Event Promotion,Education,20,43304,23580,15699,940.0,14,52,382
POST02579,2025-11-19 06:00:00,Instagram,Text,Community Campaign,Promotional,14,228774,233721,137207,2657.0,121,1144,2848
POST02580,2025-11-19 09:00:00,Facebook,Carousel,Festival Campaign,Brand,4,220006,272067,195771,5823.0,294,1875,1165
POST02581,2025-11-19 12:00:00,Instagram,Carousel,Community Campaign,Education,12,378305,406752,344751,11395.0,349,1132,2619
POST02582,2025-11-19 15:00:00,LinkedIn,Image,Educational Series,Brand,21,198770,81744,65851,2477.0,65,356,247
POST02583,2025-11-19 18:00:00,YouTube,Reel,Educational Series,Event,19,227123,387218,310626,22414.0,879,1554,6629
POST02584,2025-11-19 21:00:00,YouTube,Reel,Product Launch,Promotional,6,296849,356290,241611,12567.0,451,1006,3879
POST02585,2025-11-20 00:00:00,YouTube,Image,Special Campaign,Education,15,187401,138977,110896,4704.0,109,587,857
POST02586,2025-11-20 03:00:00,Facebook,Carousel,Educational Series,Promotional,6,210808,236901,168895,4049.0,120,576,4111
POST02587,2025-11-20 06:00:00,Instagram,Image,Festival Campaign,Community,21,335140,531918,320531,16496.0,614,1552,6156
POST02588,2025-11-20 09:00:00,Facebook,Carousel,Product Launch,Promotional,15,292751,344518,240014,14975.0,583,2314,4445
POST02589,2025-11-20 12:00:00,Instagram,Image,Seasonal Campaign,Education,12,204028,218444,130292,3044.0,111,1089,1156
POST02590,2025-11-20 15:00:00,Facebook,Reel,Educational Series,Promotional,16,312150,401923,237162,20689.0,1082,1289,2346
POST02591,2025-11-20 18:00:00,Facebook,Reel,Special Campaign,Promotional,8,360698,271052,151266,11572.0,134,881,2676
POST02592,2025-11-20 21:00:00,Facebook,Video,Seasonal Campaign,Entertainment,11,226424,321130,208413,12350.0,329,3279,3346
POST02593,2025-11-21 00:00:00,YouTube,Carousel,Brand Awareness,Entertainment,12,398340,508067,338274,18885.0,896,1481,5831
POST02594,2025-11-21 03:00:00,YouTube,Video,Brand Awareness,Education,8,433710,839183,666987,40165.0,1710,2076,14896
POST02595,2025-11-21 06:00:00,Instagram,Reel,Brand Awareness,Education,4,172309,397688,293613,8865.0,495,1978,1916
POST02596,2025-11-21 09:00:00,Facebook,Text,Seasonal Campaign,Community,6,223439,128889,109614,5270.0,207,780,609
POST02597,2025-11-21 12:00:00,Instagram,Reel,Brand Awareness,Community,0,323107,750296,459004,30258.0,1268,1249,7078
POST02598,2025-11-21 15:00:00,YouTube,Reel,Community Campaign,Promotional,3,443757,924466,594510,23471.0,1062,11442,8325
POST02599,2025-11-21 18:00:00,Instagram,Text,Brand Awareness,Brand,3,23447,24053,21151,965.0,18,79,250
POST02600,2025-11-21 21:00:00,Instagram,Reel,Product Launch,Education,15,222192,288895,203791,16347.0,779,1349,4667
POST02601,2025-11-22 00:00:00,Facebook,Carousel,Event Promotion,Promotional,4,47156,55851,46142,1589.0,39,562,705
POST02602,2025-11-22 03:00:00,Instagram,Reel,Community Campaign,Brand,21,187631,225744,163045,14368.0,448,1107,2523
POST02603,2025-11-22 06:00:00,Facebook,Image,Special Campaign,Entertainment,3,172537,157901,112880,4814.0,51,726,1248
POST02604,2025-11-22 09:00:00,Instagram,Text,Event Promotion,Community,5,62120,29328,17650,408.0,21,120,186
POST02605,2025-11-22 12:00:00,Instagram,Reel,Product Launch,Education,22,364897,642433,544731,42104.0,2428,1617,13469
POST02606,2025-11-22 15:00:00,YouTube,Carousel,Special Campaign,Promotional,2,30190,50616,29226,1712.0,22,395,488
POST02607,2025-11-22 18:00:00,Instagram,Reel,Product Launch,Entertainment,7,83394,95638,62986,2474.0,103,708,1332
POST02608,2025-11-22 21:00:00,Instagram,Carousel,Festival Campaign,Event,16,287479,462986,363774,27631.0,1603,2317,4672
POST02609,2025-11-23 00:00:00,Facebook,Reel,Special Campaign,Entertainment,17,205711,190962,138932,12872.0,519,1299,1003
POST02610,2025-11-23 03:00:00,Instagram,Reel,Community Campaign,Promotional,17,485012,913881,784550,71572.0,3571,2780,7960
POST02611,2025-11-23 06:00:00,Facebook,Reel,Event Promotion,Community,11,176850,248291,139975,7998.0,127,2062,1485
POST02612,2025-11-23 09:00:00,Instagram,Reel,Brand Awareness,Brand,0,232213,248047,192805,17414.0,387,2259,2974
POST02613,2025-11-23 12:00:00,Instagram,Text,Product Launch,Event,22,431775,426341,305734,16208.0,442,3183,1957
POST02614,2025-11-23 15:00:00,Facebook,Image,Brand Awareness,Event,11,455557,501534,302931,21754.0,1284,2190,3488
POST02615,2025-11-23 18:00:00,Instagram,Reel,Special Campaign,Community,10,302701,416744,337620,33996.0,1668,5604,1759
POST02616,2025-11-23 21:00:00,Instagram,Image,Event Promotion,Event,12,383236,500927,347621,13443.0,729,1391,4840
POST02617,2025-11-24 00:00:00,Instagram,Reel,Seasonal Campaign,Education,2,273220,500569,368445,15275.0,524,1309,8784
POST02618,2025-11-24 03:00:00,Instagram,Carousel,Community Campaign,Promotional,7,456997,436188,387571,15280.0,700,5831,4052
POST02619,2025-11-24 06:00:00,Facebook,Text,Educational Series,Event,2,261745,250642,180507,6726.0,313,722,738
POST02620,2025-11-24 09:00:00,Instagram,Image,Seasonal Campaign,Entertainment,16,241525,277413,232522,14298.0,549,2686,3811
POST02621,2025-11-24 12:00:00,Facebook,Video,Special Campaign,Brand,12,379218,350289,287010,21828.0,1176,1840,4868
POST02622,2025-11-24 15:00:00,LinkedIn,Image,Special Campaign,Promotional,9,485473,232220,181587,10992.0,196,657,2460
POST02623,2025-11-24 18:00:00,YouTube,Reel,Seasonal Campaign,Community,16,40575,56482,48793,2714.0,34,730,572
POST02624,2025-11-24 21:00:00,LinkedIn,Carousel,Educational Series,Entertainment,2,354992,366811,234047,8555.0,215,2978,5298
POST02625,2025-11-25 00:00:00,Instagram,Image,Special Campaign,Education,12,273947,332443,278344,5372.0,77,3248,6581
POST02626,2025-11-25 03:00:00,LinkedIn,Carousel,Special Campaign,Event,21,395360,407507,278011,16805.0,218,3865,4951
POST02627,2025-11-25 06:00:00,Instagram,Video,Product Launch,Entertainment,5,24616,45789,38205,3103.0,96,379,535
POST02628,2025-11-25 09:00:00,Facebook,Image,Festival Campaign,Promotional,13,215980,164622,118993,7855.0,157,771,533
POST02629,2025-11-25 12:00:00,YouTube,Text,Special Campaign,Entertainment,9,184835,155563,132259,4818.0,238,1166,1272
POST02630,2025-11-25 15:00:00,Instagram,Video,Brand Awareness,Education,19,315268,674814,582496,52885.0,2061,6571,5400
POST02631,2025-11-25 18:00:00,Facebook,Image,Product Launch,Brand,15,480445,571307,433722,12547.0,351,5679,1856
POST02632,2025-11-25 21:00:00,Facebook,Carousel,Festival Campaign,Event,17,153662,132841,96664,5162.0,125,698,2083
POST02633,2025-11-26 00:00:00,Instagram,Reel,Brand Awareness,Promotional,12,181942,336388,277233,11830.0,451,921,6119
POST02634,2025-11-26 03:00:00,Instagram,Text,Event Promotion,Event,9,29534,20403,13128,308.0,9,95,302
POST02635,2025-11-26 06:00:00,Facebook,Carousel,Seasonal Campaign,Event,5,290065,178911,99362,8054.0,102,688,1919
POST02636,2025-11-26 09:00:00,Facebook,Reel,Seasonal Campaign,Community,9,414907,615734,426385,38282.0,1656,3577,7944
POST02637,2025-11-26 12:00:00,LinkedIn,Reel,Educational Series,Event,4,324186,315636,229694,6183.0,216,2788,3103
POST02638,2025-11-26 15:00:00,Facebook,Carousel,Festival Campaign,Entertainment,5,71209,45560,29798,1129.0,26,437,651
POST02639,2025-11-26 18:00:00,LinkedIn,Reel,Brand Awareness,Entertainment,6,219512,287385,196622,8258.0,202,1398,2796
POST02640,2025-11-26 21:00:00,Facebook,Reel,Special Campaign,Brand,10,260763,431758,257574,9652.0,315,2322,940
POST02641,2025-11-27 00:00:00,Instagram,Image,Product Launch,Education,15,335747,519714,336281,18717.0,961,4111,5336
POST02642,2025-11-27 03:00:00,Instagram,Reel,Brand Awareness,Promotional,11,64377,110102,69808,4901.0,152,1237,809
POST02643,2025-11-27 06:00:00,Facebook,Image,Product Launch,Entertainment,11,59705,47376,31047,1319.0,68,141,449
POST02644,2025-11-27 09:00:00,Facebook,Reel,Seasonal Campaign,Event,22,116492,87483,57272,2335.0,72,832,727
POST02645,2025-11-27 12:00:00,Instagram,Reel,Educational Series,Education,19,169836,342517,255394,12170.0,626,2457,3557
POST02646,2025-11-27 15:00:00,Instagram,Carousel,Special Campaign,Promotional,4,486960,886806,565524,24563.0,1389,8412,3047
POST02647,2025-11-27 18:00:00,LinkedIn,Image,Educational Series,Promotional,15,297927,298049,262085,15834.0,174,2717,870
POST02648,2025-11-27 21:00:00,YouTube,Reel,Brand Awareness,Promotional,5,290659,520294,379266,39123.0,513,4154,3976
POST02649,2025-11-28 00:00:00,YouTube,Reel,Brand Awareness,Promotional,8,153142,110497,65760,2653.0,44,1079,565
POST02650,2025-11-28 03:00:00,YouTube,Image,Product Launch,Brand,4,364994,328010,212505,7744.0,124,2863,1806
POST02651,2025-11-28 06:00:00,Instagram,Reel,Product Launch,Promotional,20,262122,372400,299936,14353.0,469,3045,7083
POST02652,2025-11-28 09:00:00,Instagram,Reel,Festival Campaign,Education,22,164843,358568,198926,5855.0,282,1772,4180
POST02653,2025-11-28 12:00:00,Instagram,Reel,Seasonal Campaign,Entertainment,15,378920,334364,293650,12656.0,734,3776,967
POST02654,2025-11-28 15:00:00,Instagram,Video,Festival Campaign,Education,17,84206,125042,88256,7847.0,242,1152,281
POST02655,2025-11-28 18:00:00,Facebook,Video,Festival Campaign,Event,18,262220,180151,131938,11173.0,496,1766,2650
POST02656,2025-11-28 21:00:00,YouTube,Video,Brand Awareness,Community,11,365508,560772,502420,18120.0,756,4917,12393
POST02657,2025-11-29 00:00:00,Facebook,Carousel,Community Campaign,Brand,1,130532,159403,115757,5101.0,151,768,1531
POST02658,2025-11-29 03:00:00,LinkedIn,Carousel,Community Campaign,Brand,9,241586,231740,204327,8291.0,381,2721,2559
POST02659,2025-11-29 06:00:00,Instagram,Image,Community Campaign,Event,11,138090,193070,168034,4365.0,172,2186,1523
POST02660,2025-11-29 09:00:00,Facebook,Carousel,Community Campaign,Education,13,40936,42842,37677,2268.0,108,523,665
POST02661,2025-11-29 12:00:00,YouTube,Reel,Festival Campaign,Education,17,373762,368704,307621,21370.0,420,4347,4114
POST02662,2025-11-29 15:00:00,LinkedIn,Carousel,Brand Awareness,Event,18,431121,319649,208967,10009.0,280,1466,1397
POST02663,2025-11-29 18:00:00,Instagram,Video,Community Campaign,Community,5,416314,873381,586242,50179.0,2185,7099,7967
POST02664,2025-11-29 21:00:00,Facebook,Image,Special Campaign,Promotional,4,47020,30018,20344,1046.0,16,60,229
POST02665,2025-11-30 00:00:00,Facebook,Image,Educational Series,Promotional,15,470488,214504,191490,6127.0,297,1540,4323
POST02666,2025-11-30 03:00:00,Instagram,Reel,Event Promotion,Entertainment,13,142043,196066,132592,7312.0,121,2095,2648
POST02667,2025-11-30 06:00:00,Instagram,Carousel,Educational Series,Education,12,464555,507083,298185,9082.0,238,1648,5494
POST02668,2025-11-30 09:00:00,Facebook,Carousel,Brand Awareness,Education,20,497704,456365,375321,21864.0,478,3357,3827
POST02669,2025-11-30 12:00:00,Facebook,Video,Brand Awareness,Event,1,293129,335670,227625,15077.0,196,806,1382
POST02670,2025-11-30 15:00:00,Instagram,Reel,Event Promotion,Event,1,159355,371007,284683,26724.0,628,4774,6269
POST02671,2025-11-30 18:00:00,Facebook,Video,Product Launch,Promotional,11,149100,202288,176703,15129.0,840,1389,1862
POST02672,2025-11-30 21:00:00,Instagram,Image,Product Launch,Education,0,139635,80815,60726,3837.0,43,522,974
POST02673,2025-12-01 00:00:00,Facebook,Video,Special Campaign,Education,18,328467,430202,332630,21130.0,229,2762,5321
POST02674,2025-12-01 03:00:00,Instagram,Image,Product Launch,Brand,15,57708,82532,63962,3403.0,153,562,1497
POST02675,2025-12-01 06:00:00,LinkedIn,Image,Festival Campaign,Entertainment,6,352442,354152,270692,16208.0,459,2844,1834
POST02676,2025-12-01 09:00:00,Instagram,Image,Product Launch,Entertainment,20,382201,381408,231102,5304.0,113,1299,4616
POST02677,2025-12-01 12:00:00,Instagram,Carousel,Seasonal Campaign,Promotional,6,25054,25684,18229,728.0,25,167,240
POST02678,2025-12-01 15:00:00,Instagram,Text,Festival Campaign,Community,15,229884,277100,153148,3462.0,80,1416,1048
POST02679,2025-12-01 18:00:00,Instagram,Reel,Festival Campaign,Education,5,401724,800668,615867,40582.0,1201,8760,13169
POST02680,2025-12-01 21:00:00,YouTube,Reel,Special Campaign,Brand,17,91317,135289,101652,9284.0,424,362,2139
POST02681,2025-12-02 00:00:00,Instagram,Text,Product Launch,Education,0,345448,192101,127045,3224.0,51,895,493
POST02682,2025-12-02 03:00:00,Facebook,Image,Product Launch,Event,0,298615,278585,204304,11741.0,680,1267,3801
POST02683,2025-12-02 06:00:00,Instagram,Carousel,Special Campaign,Promotional,13,234633,167232,120836,5626.0,68,1422,770
POST02684,2025-12-02 09:00:00,Instagram,Image,Event Promotion,Community,5,121266,78628,50150,3348.0,168,100,823
POST02685,2025-12-02 12:00:00,Instagram,Reel,Community Campaign,Entertainment,5,222021,287867,187876,14069.0,650,1538,3224
POST02686,2025-12-02 15:00:00,Instagram,Video,Special Campaign,Education,3,407166,510786,417255,39352.0,948,1564,7358
POST02687,2025-12-02 18:00:00,Instagram,Carousel,Event Promotion,Community,11,224028,271541,221171,8067.0,128,3243,1247
POST02688,2025-12-02 21:00:00,YouTube,Reel,Festival Campaign,Promotional,17,190750,228895,163528,16036.0,843,2847,2643
POST02689,2025-12-03 00:00:00,YouTube,Reel,Event Promotion,Entertainment,9,205397,156783,125603,6763.0,297,2381,652
POST02690,2025-12-03 03:00:00,YouTube,Video,Festival Campaign,Education,2,308671,267861,189586,13040.0,320,2358,3678
POST02691,2025-12-03 06:00:00,YouTube,Reel,Brand Awareness,Brand,2,325394,286219,242708,9614.0,104,3941,1068
POST02692,2025-12-03 09:00:00,YouTube,Video,Festival Campaign,Promotional,7,139917,171980,114621,9021.0,513,1369,2254
POST02693,2025-12-03 12:00:00,Instagram,Reel,Festival Campaign,Education,21,294173,326803,285806,29238.0,883,3119,6412
POST02694,2025-12-03 15:00:00,YouTube,Image,Event Promotion,Entertainment,22,61583,48380,35791,2166.0,40,413,342
POST02695,2025-12-03 18:00:00,LinkedIn,Text,Community Campaign,Entertainment,0,384205,223968,165174,7054.0,392,1497,3323
POST02696,2025-12-03 21:00:00,YouTube,Carousel,Brand Awareness,Brand,17,385244,327293,256854,12646.0,353,3110,3129
POST02697,2025-12-04 00:00:00,Facebook,Image,Educational Series,Promotional,14,482584,291578,195153,7150.0,237,2392,4010
POST02698,2025-12-04 03:00:00,Instagram,Carousel,Educational Series,Promotional,20,88147,148065,118972,5639.0,253,1758,2153
POST02699,2025-12-04 06:00:00,Facebook,Reel,Community Campaign,Community,19,159425,195496,129447,6680.0,340,1310,1211
POST02700,2025-12-04 09:00:00,Facebook,Reel,Educational Series,Education,16,472552,750133,516945,47016.0,705,3814,3754
POST02701,2025-12-04 12:00:00,YouTube,Text,Brand Awareness,Community,10,63042,52765,41481,2289.0,125,269,959
POST02702,2025-12-04 15:00:00,LinkedIn,Video,Product Launch,Entertainment,12,375269,507699,346482,32006.0,1812,1334,7434
POST02703,2025-12-04 18:00:00,Instagram,Carousel,Brand Awareness,Entertainment,19,192068,182651,113241,5362.0,123,1687,1983
POST02704,2025-12-04 21:00:00,Instagram,Image,Event Promotion,Brand,9,242029,291887,249611,11855.0,413,3322,2667
POST02705,2025-12-05 00:00:00,Facebook,Reel,Special Campaign,Brand,12,96604,113391,98962,7026.0,371,1348,1408
POST02706,2025-12-05 03:00:00,Facebook,Reel,Seasonal Campaign,Promotional,16,75918,126013,96948,7444.0,255,1474,1480
POST02707,2025-12-05 06:00:00,Instagram,Image,Festival Campaign,Community,20,404369,401117,334492,6065.0,206,1868,1636
POST02708,2025-12-05 09:00:00,Instagram,Video,Festival Campaign,Entertainment,0,271056,528815,473463,40089.0,1640,7534,11547
POST02709,2025-12-05 12:00:00,Instagram,Image,Special Campaign,Education,19,88882,102126,78143,2538.0,122,963,392
POST02710,2025-12-05 15:00:00,Instagram,Video,Event Promotion,Event,15,56822,98887,85841,4978.0,215,308,1620
POST02711,2025-12-05 18:00:00,Facebook,Reel,Event Promotion,Education,15,330904,536946,362835,33251.0,1374,1749,5022
POST02712,2025-12-05 21:00:00,YouTube,Image,Seasonal Campaign,Brand,20,24200,35862,28516,2048.0,58,138,562
POST02713,2025-12-06 00:00:00,Instagram,Reel,Seasonal Campaign,Education,2,67259,129176,73569,6474.0,268,1066,643
POST02714,2025-12-06 03:00:00,Instagram,Image,Festival Campaign,Entertainment,1,28527,25094,20731,400.0,6,81,242
POST02715,2025-12-06 06:00:00,Instagram,Reel,Seasonal Campaign,Community,5,292679,364812,306599,16790.0,511,1937,4464
POST02716,2025-12-06 09:00:00,Instagram,Text,Seasonal Campaign,Promotional,10,431160,313967,216766,5662.0,109,1132,1226
POST02717,2025-12-06 12:00:00,Facebook,Reel,Seasonal Campaign,Community,2,453506,317251,245436,24838.0,915,3175,5335
POST02718,2025-12-06 15:00:00,LinkedIn,Text,Special Campaign,Event,0,131477,43671,37138,998.0,23,409,921
POST02719,2025-12-06 18:00:00,Facebook,Image,Community Campaign,Promotional,10,220772,193282,166080,11449.0,404,1822,2024
POST02720,2025-12-06 21:00:00,Instagram,Text,Product Launch,Event,12,294582,347468,204063,11670.0,570,1416,2303
POST02721,2025-12-07 00:00:00,LinkedIn,Image,Seasonal Campaign,Event,4,346488,133750,112299,7111.0,225,267,1804
POST02722,2025-12-07 03:00:00,Facebook,Text,Product Launch,Entertainment,17,239712,172587,111488,2164.0,45,729,2023
POST02723,2025-12-07 06:00:00,Facebook,Reel,Product Launch,Entertainment,14,471221,480626,386691,10114.0,213,2339,8549
POST02724,2025-12-07 09:00:00,YouTube,Carousel,Event Promotion,Brand,17,140127,225369,149601,10623.0,587,926,1676
POST02725,2025-12-07 12:00:00,Instagram,Text,Seasonal Campaign,Brand,14,90388,52501,29910,1583.0,77,118,593
POST02726,2025-12-07 15:00:00,Instagram,Reel,Festival Campaign,Event,19,272355,451824,281691,28464.0,336,2386,2332
POST02727,2025-12-07 18:00:00,Instagram,Reel,Community Campaign,Community,19,354393,813203,563578,24252.0,1385,2058,10127
POST02728,2025-12-07 21:00:00,Instagram,Image,Festival Campaign,Brand,19,343227,313241,253546,14601.0,228,2167,3364
POST02729,2025-12-08 00:00:00,Instagram,Text,Seasonal Campaign,Entertainment,6,219791,245638,143758,5514.0,235,279,2523
POST02730,2025-12-08 03:00:00,YouTube,Image,Festival Campaign,Brand,16,313498,429061,358062,12796.0,480,3411,4066
POST02731,2025-12-08 06:00:00,Facebook,Image,Seasonal Campaign,Event,7,144365,80242,72132,3659.0,45,746,683
POST02732,2025-12-08 09:00:00,YouTube,Reel,Community Campaign,Promotional,12,486784,1038949,858057,58999.0,1460,9279,11748
POST02733,2025-12-08 12:00:00,Instagram,Reel,Brand Awareness,Community,15,230883,471611,337582,16473.0,803,5334,7660
POST02734,2025-12-08 15:00:00,LinkedIn,Video,Community Campaign,Community,9,169865,103967,77856,3373.0,85,1361,1389
POST02735,2025-12-08 18:00:00,LinkedIn,Reel,Special Campaign,Education,13,450282,379731,209670,13409.0,456,1750,3450
POST02736,2025-12-08 21:00:00,Facebook,Carousel,Brand Awareness,Brand,5,235526,250386,156052,7937.0,356,1646,2939
POST02737,2025-12-09 00:00:00,LinkedIn,Text,Educational Series,Community,19,91135,75728,65477,1872.0,25,304,1246
POST02738,2025-12-09 03:00:00,YouTube,Reel,Brand Awareness,Entertainment,21,445987,443139,247096,11507.0,594,2493,2343
POST02739,2025-12-09 06:00:00,LinkedIn,Carousel,Product Launch,Promotional,6,164512,170140,147456,11961.0,144,351,1197
POST02740,2025-12-09 09:00:00,Instagram,Reel,Special Campaign,Entertainment,5,293433,352768,208005,19399.0,448,802,2953
POST02741,2025-12-09 12:00:00,Instagram,Carousel,Product Launch,Brand,16,391488,643929,384152,27834.0,1340,4988,2401
POST02742,2025-12-09 15:00:00,Instagram,Reel,Special Campaign,Event,20,131568,242896,148499,6343.0,352,737,1996
POST02743,2025-12-09 18:00:00,Instagram,Carousel,Community Campaign,Education,23,331322,427029,354342,11666.0,560,4125,6465
POST02744,2025-12-09 21:00:00,Instagram,Reel,Product Launch,Education,7,221769,397807,285372,25434.0,543,4160,902
POST02745,2025-12-10 00:00:00,Facebook,Image,Product Launch,Promotional,11,86500,96440,57942,1620.0,96,779,315
POST02746,2025-12-10 03:00:00,Facebook,Image,Educational Series,Community,3,494694,355192,280736,12686.0,389,2790,6784
POST02747,2025-12-10 06:00:00,YouTube,Reel,Product Launch,Community,9,399928,725880,638223,27616.0,795,3048,14943
POST02748,2025-12-10 09:00:00,Instagram,Carousel,Event Promotion,Community,5,331367,275107,206428,9251.0,492,2198,2517
POST02749,2025-12-10 12:00:00,Facebook,Reel,Event Promotion,Education,6,451585,634651,370982,34341.0,457,4250,5928
POST02750,2025-12-10 15:00:00,Facebook,Carousel,Event Promotion,Event,20,165256,195311,111163,8577.0,324,1625,713
POST02751,2025-12-10 18:00:00,Instagram,Reel,Brand Awareness,Community,7,88483,130165,107848,11188.0,652,1538,1108
POST02752,2025-12-10 21:00:00,Facebook,Carousel,Community Campaign,Entertainment,2,259883,317699,244351,19661.0,295,2242,4995
POST02753,2025-12-11 00:00:00,Instagram,Reel,Community Campaign,Community,7,484990,799787,698158,54705.0,2026,9180,15241
POST02754,2025-12-11 03:00:00,Instagram,Image,Festival Campaign,Event,14,401322,622521,461622,19071.0,317,3226,5500
POST02755,2025-12-11 06:00:00,LinkedIn,Reel,Educational Series,Promotional,20,164228,104607,59818,1824.0,99,669,588
POST02756,2025-12-11 09:00:00,Instagram,Carousel,Event Promotion,Promotional,0,415627,330354,228370,13545.0,533,2731,4109
POST02757,2025-12-11 12:00:00,YouTube,Reel,Event Promotion,Education,12,297818,571712,446105,18929.0,411,1750,8384
POST02758,2025-12-11 15:00:00,LinkedIn,Video,Product Launch,Event,21,421524,543203,371936,31692.0,803,4462,9165
POST02759,2025-12-11 18:00:00,Facebook,Video,Event Promotion,Entertainment,17,128707,135003,121483,7716.0,276,458,2228
POST02760,2025-12-11 21:00:00,Instagram,Reel,Product Launch,Event,14,88460,202023,139776,11631.0,538,2383,1157
POST02761,2025-12-12 00:00:00,Instagram,Carousel,Product Launch,Entertainment,6,20576,30576,22662,1437.0,49,339,97
POST02762,2025-12-12 03:00:00,Instagram,Reel,Festival Campaign,Entertainment,14,165713,383335,241074,12799.0,249,3805,2089
POST02763,2025-12-12 06:00:00,Facebook,Image,Brand Awareness,Event,2,487715,407846,246032,14513.0,658,2509,1964
POST02764,2025-12-12 09:00:00,YouTube,Carousel,Product Launch,Brand,13,240899,195215,151458,11227.0,178,2269,763
POST02765,2025-12-12 12:00:00,Instagram,Carousel,Product Launch,Event,19,380408,452660,342217,23229.0,1172,1739,4372
POST02766,2025-12-12 15:00:00,LinkedIn,Carousel,Community Campaign,Entertainment,3,333051,414185,228430,15976.0,475,1193,2133
POST02767,2025-12-12 18:00:00,YouTube,Reel,Festival Campaign,Community,3,454355,565532,367411,19870.0,847,3942,8579
POST02768,2025-12-12 21:00:00,Instagram,Image,Product Launch,Promotional,2,104325,164163,127267,8776.0,239,240,1512
POST02769,2025-12-13 00:00:00,YouTube,Reel,Educational Series,Promotional,4,321795,596846,497941,29436.0,1279,9415,11096
POST02770,2025-12-13 03:00:00,Facebook,Carousel,Brand Awareness,Education,10,208387,185524,122321,9481.0,516,310,1192
POST02771,2025-12-13 06:00:00,Instagram,Image,Special Campaign,Promotional,7,113435,127639,99124,6375.0,287,869,2110
POST02772,2025-12-13 09:00:00,Instagram,Carousel,Educational Series,Brand,1,428874,598439,384700,11091.0,483,2666,5000
POST02773,2025-12-13 12:00:00,Facebook,Reel,Event Promotion,Entertainment,15,58907,80345,63603,6447.0,308,276,236
POST02774,2025-12-13 15:00:00,YouTube,Reel,Brand Awareness,Event,9,230792,190329,151174,15678.0,548,455,2073
POST02775,2025-12-13 18:00:00,YouTube,Reel,Event Promotion,Event,17,83917,172032,102458,7508.0,157,720,818
POST02776,2025-12-13 21:00:00,YouTube,Reel,Community Campaign,Brand,6,444963,698017,546394,47581.0,2415,2405,5334
POST02777,2025-12-14 00:00:00,Instagram,Reel,Seasonal Campaign,Promotional,4,278700,622223,414866,41000.0,1739,7671,7490
POST02778,2025-12-14 03:00:00,Instagram,Video,Seasonal Campaign,Entertainment,6,491717,801466,489221,12446.0,319,3042,7166
POST02779,2025-12-14 06:00:00,YouTube,Video,Seasonal Campaign,Promotional,20,227101,279093,202377,18408.0,437,782,4563
POST02780,2025-12-14 09:00:00,Instagram,Image,Product Launch,Education,5,465356,536221,379807,19703.0,689,4103,8960
POST02781,2025-12-14 12:00:00,Instagram,Image,Festival Campaign,Promotional,23,74936,107597,88321,5540.0,112,587,1607
POST02782,2025-12-14 15:00:00,Facebook,Reel,Educational Series,Education,0,46178,44634,25868,1763.0,95,436,569
POST02783,2025-12-14 18:00:00,LinkedIn,Video,Event Promotion,Event,10,412758,577118,476938,29665.0,1466,7382,3477
POST02784,2025-12-14 21:00:00,Facebook,Reel,Product Launch,Entertainment,12,119423,134968,79243,7607.0,193,1535,375
POST02785,2025-12-15 00:00:00,LinkedIn,Text,Seasonal Campaign,Community,11,218822,191194,119039,4503.0,56,1111,1229
POST02786,2025-12-15 03:00:00,Instagram,Image,Educational Series,Education,0,28000,41754,30503,1326.0,16,131,310
POST02787,2025-12-15 06:00:00,LinkedIn,Reel,Educational Series,Promotional,20,421281,555403,395508,29045.0,721,4948,6973
POST02788,2025-12-15 09:00:00,Instagram,Text,Community Campaign,Promotional,14,475620,414119,371092,14226.0,247,2460,7973
POST02789,2025-12-15 12:00:00,LinkedIn,Reel,Community Campaign,Event,0,128407,145154,109782,6675.0,358,1228,1046
POST02790,2025-12-15 15:00:00,LinkedIn,Image,Seasonal Campaign,Brand,2,152157,146585,97420,2703.0,83,513,1202
POST02791,2025-12-15 18:00:00,Facebook,Image,Event Promotion,Community,14,69325,58627,50715,2001.0,54,215,269
POST02792,2025-12-15 21:00:00,LinkedIn,Reel,Seasonal Campaign,Brand,8,394012,507376,334500,16055.0,335,4922,4040
POST02793,2025-12-16 00:00:00,YouTube,Image,Seasonal Campaign,Promotional,13,482284,616239,397980,15769.0,820,1190,3071
POST02794,2025-12-16 03:00:00,Instagram,Carousel,Product Launch,Brand,22,475279,606693,438657,25603.0,1270,1218,5006
POST02795,2025-12-16 06:00:00,YouTube,Carousel,Festival Campaign,Community,21,168694,201904,175577,10421.0,304,1282,1555
POST02796,2025-12-16 09:00:00,YouTube,Reel,Seasonal Campaign,Community,23,146190,145883,116411,5193.0,95,1766,2420
POST02797,2025-12-16 12:00:00,Instagram,Text,Event Promotion,Entertainment,7,346046,231942,182565,3432.0,197,1819,564
POST02798,2025-12-16 15:00:00,Facebook,Reel,Educational Series,Brand,21,286978,471729,379330,31888.0,822,4448,3964
POST02799,2025-12-16 18:00:00,LinkedIn,Reel,Educational Series,Entertainment,3,367877,512799,400431,26920.0,1307,6725,9739
POST02800,2025-12-16 21:00:00,Instagram,Reel,Special Campaign,Promotional,19,32008,25471,20782,1256.0,41,62,372
POST02801,2025-12-17 00:00:00,Facebook,Reel,Brand Awareness,Promotional,19,360642,577814,356780,12882.0,632,3673,7131
POST02802,2025-12-17 03:00:00,LinkedIn,Reel,Seasonal Campaign,Promotional,5,67229,36723,22475,1311.0,44,109,492
POST02803,2025-12-17 06:00:00,LinkedIn,Text,Special Campaign,Event,0,272844,156876,106166,5501.0,309,762,1163
POST02804,2025-12-17 09:00:00,LinkedIn,Reel,Special Campaign,Brand,17,132892,78423,66489,4744.0,237,1207,295
POST02805,2025-12-17 12:00:00,YouTube,Reel,Product Launch,Education,5,159084,334142,267333,8847.0,203,727,3217
POST02806,2025-12-17 15:00:00,LinkedIn,Reel,Brand Awareness,Community,13,333269,510305,381843,19824.0,624,5304,6628
POST02807,2025-12-17 18:00:00,Facebook,Carousel,Community Campaign,Education,10,105702,110963,61784,5111.0,76,797,689
POST02808,2025-12-17 21:00:00,Instagram,Video,Festival Campaign,Promotional,16,366308,470623,297683,18814.0,1038,4171,3829
POST02809,2025-12-18 00:00:00,YouTube,Reel,Event Promotion,Brand,8,160921,232876,193573,9357.0,125,567,4096
POST02810,2025-12-18 03:00:00,Facebook,Reel,Seasonal Campaign,Entertainment,21,192444,284218,180441,17547.0,191,999,685
POST02811,2025-12-18 06:00:00,Instagram,Reel,Educational Series,Education,6,33767,38095,30689,1602.0,55,128,318
POST02812,2025-12-18 09:00:00,Facebook,Reel,Product Launch,Promotional,13,493863,544145,334443,27736.0,1113,1352,4596
POST02813,2025-12-18 12:00:00,Facebook,Reel,Educational Series,Education,16,453205,656061,500068,18744.0,396,7471,4791
POST02814,2025-12-18 15:00:00,Instagram,Image,Seasonal Campaign,Education,7,453798,438833,337846,8936.0,344,2287,4327
POST02815,2025-12-18 18:00:00,YouTube,Reel,Community Campaign,Community,15,457586,348110,283078,19753.0,1082,4203,3351
POST02816,2025-12-18 21:00:00,Facebook,Image,Brand Awareness,Education,11,65052,53081,37338,1155.0,47,224,870
POST02817,2025-12-19 00:00:00,YouTube,Reel,Seasonal Campaign,Promotional,11,267142,472707,364663,10884.0,356,1669,5050
POST02818,2025-12-19 03:00:00,Instagram,Text,Brand Awareness,Community,4,264886,352069,253644,14379.0,247,2157,3418
POST02819,2025-12-19 06:00:00,Instagram,Text,Event Promotion,Promotional,4,119427,57724,50887,891.0,16,386,437
POST02820,2025-12-19 09:00:00,Instagram,Image,Product Launch,Event,13,196361,220535,161576,9168.0,313,504,649
POST02821,2025-12-19 12:00:00,LinkedIn,Image,Community Campaign,Event,5,150591,102997,64204,2310.0,76,809,615
POST02822,2025-12-19 15:00:00,Instagram,Image,Product Launch,Event,6,434781,348626,273239,18692.0,675,1479,983
POST02823,2025-12-19 18:00:00,Facebook,Image,Event Promotion,Education,22,204236,188221,139653,9949.0,352,1321,2959
POST02824,2025-12-19 21:00:00,Instagram,Carousel,Community Campaign,Brand,20,382691,319992,266022,11208.0,303,674,1993
POST02825,2025-12-20 00:00:00,Instagram,Image,Special Campaign,Promotional,16,88125,74604,45651,2278.0,102,318,1052
POST02826,2025-12-20 03:00:00,Facebook,Video,Community Campaign,Event,8,332425,460175,295123,23507.0,484,5148,6636
POST02827,2025-12-20 06:00:00,Facebook,Text,Brand Awareness,Brand,21,471204,305471,266544,5478.0,288,2703,4697
POST02828,2025-12-20 09:00:00,Instagram,Reel,Brand Awareness,Event,12,261090,608372,532635,43323.0,854,3377,11705
POST02829,2025-12-20 12:00:00,YouTube,Image,Brand Awareness,Event,8,357429,313678,221077,14797.0,455,2671,4933
POST02830,2025-12-20 15:00:00,Instagram,Reel,Educational Series,Brand,15,221109,332257,188294,7517.0,154,1422,3780
POST02831,2025-12-20 18:00:00,YouTube,Reel,Special Campaign,Event,3,43423,49691,32661,2985.0,122,555,462
POST02832,2025-12-20 21:00:00,Facebook,Image,Festival Campaign,Education,1,104693,62438,39741,963.0,32,410,949
POST02833,2025-12-21 00:00:00,Instagram,Reel,Seasonal Campaign,Education,12,235777,523132,363648,25574.0,734,3109,7633
POST02834,2025-12-21 03:00:00,Instagram,Video,Brand Awareness,Community,12,371004,667180,441159,21367.0,721,7326,2555
POST02835,2025-12-21 06:00:00,Instagram,Reel,Festival Campaign,Education,18,21706,28220,23708,1488.0,46,256,290
POST02836,2025-12-21 09:00:00,LinkedIn,Image,Festival Campaign,Entertainment,11,333897,288524,158994,5443.0,287,877,2364
POST02837,2025-12-21 12:00:00,LinkedIn,Carousel,Product Launch,Community,3,375899,462828,358979,13430.0,217,2124,5258
POST02838,2025-12-21 15:00:00,Instagram,Carousel,Event Promotion,Event,9,323478,233971,183081,12416.0,616,2731,2077
POST02839,2025-12-21 18:00:00,Facebook,Image,Educational Series,Entertainment,15,87148,53966,42159,1266.0,54,450,619
POST02840,2025-12-21 21:00:00,Instagram,Video,Festival Campaign,Promotional,23,233446,235508,172440,9209.0,252,1355,870
POST02841,2025-12-22 00:00:00,Instagram,Image,Seasonal Campaign,Brand,18,122601,181371,138546,4547.0,254,661,2412
POST02842,2025-12-22 03:00:00,Facebook,Image,Educational Series,Promotional,7,247035,135904,113299,3499.0,65,484,1580
POST02843,2025-12-22 06:00:00,LinkedIn,Reel,Product Launch,Entertainment,5,332771,279660,230570,17272.0,440,1552,4687
POST02844,2025-12-22 09:00:00,LinkedIn,Image,Brand Awareness,Education,3,35546,26715,15017,307.0,8,46,274
POST02845,2025-12-22 12:00:00,YouTube,Video,Community Campaign,Event,6,199807,295683,165775,13394.0,567,1651,908
POST02846,2025-12-22 15:00:00,Instagram,Carousel,Festival Campaign,Community,13,356725,587993,496048,27487.0,1575,1319,5315
POST02847,2025-12-22 18:00:00,Facebook,Video,Event Promotion,Event,12,176371,172827,129819,10859.0,430,334,2492
POST02848,2025-12-22 21:00:00,Instagram,Image,Community Campaign,Education,20,480143,536312,474689,14004.0,739,4287,4942
POST02849,2025-12-23 00:00:00,YouTube,Reel,Product Launch,Event,4,63347,132750,93065,7569.0,418,381,1439
POST02850,2025-12-23 03:00:00,Instagram,Reel,Educational Series,Brand,8,61221,76151,46593,2739.0,91,786,1125
POST02851,2025-12-23 06:00:00,Facebook,Reel,Seasonal Campaign,Brand,2,191848,167918,120167,3844.0,129,529,571
POST02852,2025-12-23 09:00:00,Instagram,Carousel,Special Campaign,Brand,9,380347,580164,407733,27891.0,627,3876,2930
POST02853,2025-12-23 12:00:00,Instagram,Video,Brand Awareness,Promotional,14,35948,65800,48100,3794.0,152,622,652
POST02854,2025-12-23 15:00:00,LinkedIn,Reel,Educational Series,Education,19,45118,42923,35745,1684.0,26,231,687
POST02855,2025-12-23 18:00:00,Instagram,Image,Event Promotion,Brand,20,274502,211371,164754,11115.0,463,2008,1690
POST02856,2025-12-23 21:00:00,YouTube,Image,Festival Campaign,Entertainment,16,385873,488566,300393,17799.0,972,2232,1677
POST02857,2025-12-24 00:00:00,Instagram,Image,Event Promotion,Brand,22,492909,623102,502885,17382.0,835,2760,5002
POST02858,2025-12-24 03:00:00,Instagram,Reel,Educational Series,Community,23,146677,314903,238433,10646.0,452,4251,4095
POST02859,2025-12-24 06:00:00,Instagram,Reel,Educational Series,Promotional,5,37021,77638,58415,3524.0,182,999,1193
POST02860,2025-12-24 09:00:00,Instagram,Reel,Community Campaign,Entertainment,2,487108,535869,421937,20606.0,957,6157,10335
POST02861,2025-12-24 12:00:00,LinkedIn,Reel,Event Promotion,Education,17,471180,652882,487956,20946.0,764,3664,9636
POST02862,2025-12-24 15:00:00,Instagram,Reel,Event Promotion,Education,4,68215,71848,51021,2914.0,105,469,705
POST02863,2025-12-24 18:00:00,LinkedIn,Reel,Event Promotion,Community,12,283367,401885,311112,8712.0,133,4435,2936
POST02864,2025-12-24 21:00:00,YouTube,Carousel,Brand Awareness,Brand,0,187182,274637,220617,10212.0,323,1021,5163
POST02865,2025-12-25 00:00:00,YouTube,Reel,Seasonal Campaign,Entertainment,16,110162,168536,106012,4589.0,165,1162,1563
POST02866,2025-12-25 03:00:00,YouTube,Text,Educational Series,Community,2,116453,109737,79446,2136.0,71,690,1442
POST02867,2025-12-25 06:00:00,YouTube,Reel,Product Launch,Entertainment,18,303670,262320,186341,6044.0,294,2555,2495
POST02868,2025-12-25 09:00:00,Facebook,Reel,Brand Awareness,Brand,20,225464,142417,80318,5777.0,104,1186,668
POST02869,2025-12-25 12:00:00,Instagram,Image,Brand Awareness,Brand,19,58829,52775,44439,1932.0,96,543,668
POST02870,2025-12-25 15:00:00,Instagram,Reel,Brand Awareness,Event,21,492284,1014790,692171,58522.0,2755,13126,14866
POST02871,2025-12-25 18:00:00,LinkedIn,Video,Community Campaign,Event,11,71862,66627,38339,3644.0,200,366,438
POST02872,2025-12-25 21:00:00,LinkedIn,Reel,Special Campaign,Brand,7,499497,375786,266907,9428.0,270,964,4727
POST02873,2025-12-26 00:00:00,LinkedIn,Text,Seasonal Campaign,Promotional,7,147048,117745,71414,1946.0,36,688,280
POST02874,2025-12-26 03:00:00,YouTube,Video,Seasonal Campaign,Community,14,433552,416985,332147,24292.0,1164,1408,7839
POST02875,2025-12-26 06:00:00,Facebook,Image,Product Launch,Event,10,50796,54125,40600,1251.0,49,177,988
POST02876,2025-12-26 09:00:00,YouTube,Image,Special Campaign,Brand,19,440383,415479,267792,5256.0,239,2528,3079
POST02877,2025-12-26 12:00:00,YouTube,Carousel,Event Promotion,Entertainment,0,479632,533752,471124,13152.0,786,5785,6578
POST02878,2025-12-26 15:00:00,Instagram,Image,Community Campaign,Community,15,36818,30725,20036,829.0,16,198,130
POST02879,2025-12-26 18:00:00,YouTube,Carousel,Educational Series,Event,13,452108,731149,544156,26195.0,800,4399,3981
POST02880,2025-12-26 21:00:00,Instagram,Reel,Special Campaign,Promotional,6,306632,281643,233918,23822.0,467,4237,3800
POST02881,2025-12-27 00:00:00,Instagram,Reel,Festival Campaign,Community,5,189024,190020,138688,8646.0,458,2311,2329
POST02882,2025-12-27 03:00:00,LinkedIn,Image,Community Campaign,Community,20,366048,299367,265328,14491.0,157,2537,2790
POST02883,2025-12-27 06:00:00,Instagram,Image,Festival Campaign,Education,3,426439,621801,525638,23432.0,392,3658,5902
POST02884,2025-12-27 09:00:00,Instagram,Video,Educational Series,Entertainment,21,474673,407008,355056,15421.0,345,3421,5019
POST02885,2025-12-27 12:00:00,Instagram,Reel,Product Launch,Promotional,7,116931,225051,153135,5241.0,254,853,3625
POST02886,2025-12-27 15:00:00,LinkedIn,Video,Seasonal Campaign,Promotional,21,181333,216296,160475,13777.0,570,2337,1009
POST02887,2025-12-27 18:00:00,YouTube,Reel,Festival Campaign,Promotional,18,473182,731812,617691,23415.0,689,10645,9347
POST02888,2025-12-27 21:00:00,YouTube,Image,Brand Awareness,Entertainment,2,95520,93309,80826,1877.0,33,927,345
POST02889,2025-12-28 00:00:00,Facebook,Reel,Community Campaign,Promotional,3,88334,84860,74721,3188.0,83,885,977
POST02890,2025-12-28 03:00:00,Facebook,Image,Special Campaign,Education,12,420819,290232,248932,4514.0,212,2888,2922
POST02891,2025-12-28 06:00:00,Instagram,Reel,Special Campaign,Event,20,393731,721360,581246,18375.0,534,9275,3843
POST02892,2025-12-28 09:00:00,Facebook,Image,Festival Campaign,Entertainment,1,97240,44524,24865,1300.0,43,286,164
POST02893,2025-12-28 12:00:00,Facebook,Video,Educational Series,Promotional,10,262696,307808,203225,8441.0,341,3600,2622
POST02894,2025-12-28 15:00:00,Facebook,Image,Seasonal Campaign,Brand,15,54261,34226,20368,738.0,41,229,117
POST02895,2025-12-28 18:00:00,Instagram,Image,Brand Awareness,Event,9,137367,143402,86638,5467.0,123,430,821
POST02896,2025-12-28 21:00:00,LinkedIn,Video,Special Campaign,Community,14,297851,302801,197370,15720.0,509,3001,901
POST02897,2025-12-29 00:00:00,YouTube,Carousel,Festival Campaign,Entertainment,9,300153,480375,276772,14395.0,367,2000,2640
POST02898,2025-12-29 03:00:00,Instagram,Image,Seasonal Campaign,Brand,1,210835,245707,156038,7973.0,265,1223,2300
POST02899,2025-12-29 06:00:00,YouTube,Reel,Educational Series,Community,5,334313,347631,307633,10057.0,450,4940,5957
POST02900,2025-12-29 09:00:00,Instagram,Video,Product Launch,Brand,13,38231,31900,21027,1657.0,56,154,447
POST02901,2025-12-29 12:00:00,Instagram,Image,Educational Series,Promotional,1,23246,28293,17142,786.0,40,36,178
POST02902,2025-12-29 15:00:00,Facebook,Reel,Product Launch,Entertainment,9,209954,256712,205730,14510.0,546,3031,4866
POST02903,2025-12-29 18:00:00,Instagram,Reel,Special Campaign,Promotional,16,311969,570280,479021,37321.0,1093,8548,3972
POST02904,2025-12-29 21:00:00,YouTube,Video,Seasonal Campaign,Community,7,429141,543465,358639,21522.0,1057,6052,1711
POST02905,2025-12-30 00:00:00,YouTube,Reel,Seasonal Campaign,Education,15,21316,40392,26152,1744.0,55,421,610
POST02906,2025-12-30 03:00:00,Instagram,Text,Brand Awareness,Brand,13,472279,603648,383084,14359.0,513,4067,5698
POST02907,2025-12-30 06:00:00,LinkedIn,Reel,Educational Series,Education,9,103870,58333,40112,2597.0,155,660,430
POST02908,2025-12-30 09:00:00,Instagram,Video,Event Promotion,Community,12,116608,208901,121273,9461.0,466,347,2759
POST02909,2025-12-30 12:00:00,Instagram,Image,Special Campaign,Promotional,0,134911,77974,61146,2511.0,132,360,1226
POST02910,2025-12-30 15:00:00,Instagram,Image,Community Campaign,Event,9,415242,423839,355083,6446.0,255,2035,7568
POST02911,2025-12-30 18:00:00,Instagram,Video,Event Promotion,Brand,21,218155,302081,236314,16085.0,440,1375,2228
POST02912,2025-12-30 21:00:00,Instagram,Image,Special Campaign,Event,11,297433,384258,267989,18610.0,1108,2984,5953
POST02913,2025-12-31 00:00:00,Facebook,Image,Event Promotion,Entertainment,16,384226,265287,172738,5506.0,122,1362,2987
POST02914,2025-12-31 03:00:00,LinkedIn,Reel,Event Promotion,Brand,23,68886,94631,65608,5882.0,315,1097,1262
POST02915,2025-12-31 06:00:00,Instagram,Reel,Community Campaign,Education,13,85020,111790,78067,4803.0,266,996,770
POST02916,2025-12-31 09:00:00,Facebook,Reel,Event Promotion,Event,4,321423,316841,248120,18894.0,961,3121,2081
POST02917,2025-12-31 12:00:00,Facebook,Carousel,Product Launch,Community,18,388205,265147,231956,17889.0,280,1703,2778
POST02918,2025-12-31 15:00:00,Facebook,Reel,Educational Series,Entertainment,4,105643,146328,84095,7243.0,381,1340,1316
POST02919,2025-12-31 18:00:00,YouTube,Reel,Seasonal Campaign,Brand,14,381971,314942,278305,26438.0,1141,3936,4912
POST02920,2025-12-31 21:00:00,Instagram,Image,Brand Awareness,Community,12,410233,382377,332121,6148.0,270,1914,4634
POST02921,2026-01-01 00:00:00,Instagram,Carousel,Event Promotion,Entertainment,16,440495,425642,251642,8254.0,407,3941,4623
POST02922,2026-01-01 03:00:00,Facebook,Carousel,Seasonal Campaign,Education,0,431572,297448,182708,8711.0,300,1537,3395
POST02923,2026-01-01 06:00:00,Facebook,Reel,Event Promotion,Community,13,213607,140201,92400,8512.0,198,734,1631
POST02924,2026-01-01 09:00:00,Instagram,Reel,Special Campaign,Brand,3,85200,91760,68442,6255.0,242,973,583
POST02925,2026-01-01 12:00:00,Instagram,Text,Brand Awareness,Entertainment,8,443259,377488,225385,5258.0,81,827,2889
POST02926,2026-01-01 15:00:00,LinkedIn,Reel,Special Campaign,Promotional,16,262950,274491,170216,6314.0,276,2832,3378
POST02927,2026-01-01 18:00:00,Facebook,Video,Brand Awareness,Brand,2,377646,313848,271772,22855.0,780,3536,6118
POST02928,2026-01-01 21:00:00,LinkedIn,Video,Event Promotion,Brand,12,163867,180947,106443,6704.0,235,1700,1492
POST02929,2026-01-02 00:00:00,Facebook,Video,Product Launch,Brand,11,102536,92554,63825,4412.0,85,480,1577
POST02930,2026-01-02 03:00:00,Instagram,Reel,Seasonal Campaign,Brand,15,237507,321324,262537,23396.0,282,4473,1796
POST02931,2026-01-02 06:00:00,YouTube,Video,Brand Awareness,Promotional,3,238183,403259,347207,13626.0,552,3546,2755
POST02932,2026-01-02 09:00:00,Facebook,Video,Educational Series,Community,17,212585,241522,161243,5454.0,234,535,2118
POST02933,2026-01-02 12:00:00,Instagram,Image,Seasonal Campaign,Community,22,435374,683288,415133,26729.0,933,1690,5891
POST02934,2026-01-02 15:00:00,YouTube,Reel,Educational Series,Community,2,199702,245393,198266,6883.0,332,1244,2446
POST02935,2026-01-02 18:00:00,Facebook,Reel,Seasonal Campaign,Education,16,39005,60597,49713,1634.0,62,774,619
POST02936,2026-01-02 21:00:00,Instagram,Reel,Product Launch,Promotional,0,130737,252558,225537,10738.0,562,1360,3094
POST02937,2026-01-03 00:00:00,Facebook,Image,Special Campaign,Promotional,18,366157,412312,246908,8668.0,211,2067,2479
POST02938,2026-01-03 03:00:00,YouTube,Image,Community Campaign,Entertainment,21,275716,397644,317438,9847.0,218,2994,1866
POST02939,2026-01-03 06:00:00,LinkedIn,Image,Special Campaign,Event,3,236168,86325,60086,3487.0,80,652,1444
POST02940,2026-01-03 09:00:00,Instagram,Image,Festival Campaign,Community,16,242316,153958,133961,9452.0,108,1469,2744
POST02941,2026-01-03 12:00:00,Instagram,Image,Product Launch,Event,6,191324,242653,168095,4837.0,266,1713,3517
POST02942,2026-01-03 15:00:00,Facebook,Carousel,Event Promotion,Entertainment,1,65176,54828,38713,2719.0,163,193,426
POST02943,2026-01-03 18:00:00,Instagram,Text,Festival Campaign,Promotional,11,498706,592070,351913,5979.0,303,2392,4182
POST02944,2026-01-03 21:00:00,Facebook,Reel,Event Promotion,Entertainment,4,135754,81318,53859,1899.0,58,404,1270
POST02945,2026-01-04 00:00:00,Facebook,Image,Educational Series,Brand,15,247243,261744,180680,8278.0,229,1963,4409
POST02946,2026-01-04 03:00:00,Instagram,Reel,Brand Awareness,Entertainment,7,497282,492795,274057,28493.0,1388,4177,6505
POST02947,2026-01-04 06:00:00,YouTube,Carousel,Seasonal Campaign,Entertainment,22,151777,138532,97408,7871.0,279,509,1669
POST02948,2026-01-04 09:00:00,YouTube,Carousel,Event Promotion,Brand,7,333654,566139,378017,10604.0,604,4103,3152
POST02949,2026-01-04 12:00:00,Instagram,Text,Educational Series,Event,12,328437,163048,135548,3495.0,83,280,2210
POST02950,2026-01-04 15:00:00,LinkedIn,Reel,Product Launch,Brand,13,400366,353524,207691,20721.0,542,3237,3314
POST02951,2026-01-04 18:00:00,Facebook,Text,Event Promotion,Education,10,409091,161409,131721,2869.0,171,1199,3027
POST02952,2026-01-04 21:00:00,Facebook,Reel,Special Campaign,Entertainment,5,326564,517185,413698,34724.0,2045,3501,4077
POST02953,2026-01-05 00:00:00,Facebook,Carousel,Educational Series,Entertainment,15,433368,492674,312662,6587.0,357,4097,2318
POST02954,2026-01-05 03:00:00,YouTube,Reel,Brand Awareness,Event,22,117391,218286,126419,9516.0,287,2162,1118
POST02955,2026-01-05 06:00:00,LinkedIn,Video,Seasonal Campaign,Promotional,21,79278,78183,66036,3936.0,204,354,551
POST02956,2026-01-05 09:00:00,Facebook,Image,Event Promotion,Brand,14,468346,325384,207367,9007.0,217,1224,3580
POST02957,2026-01-05 12:00:00,Facebook,Carousel,Community Campaign,Promotional,15,481071,228339,137219,10049.0,228,777,2864
POST02958,2026-01-05 15:00:00,LinkedIn,Video,Educational Series,Education,12,80216,59906,40476,1206.0,45,333,449
POST02959,2026-01-05 18:00:00,Instagram,Reel,Event Promotion,Brand,11,93699,148297,102370,5674.0,300,1039,704
POST02960,2026-01-05 21:00:00,Facebook,Reel,Brand Awareness,Education,17,282353,384650,255457,15529.0,230,2865,2694
POST02961,2026-01-06 00:00:00,Instagram,Video,Seasonal Campaign,Education,17,418050,438814,391320,12883.0,492,1153,5879
POST02962,2026-01-06 03:00:00,Instagram,Reel,Event Promotion,Education,13,444728,443253,380438,12433.0,503,1343,6702
POST02963,2026-01-06 06:00:00,Instagram,Reel,Event Promotion,Community,1,82485,90281,77239,3090.0,120,1056,1165
POST02964,2026-01-06 09:00:00,LinkedIn,Image,Seasonal Campaign,Brand,21,465175,286052,197252,6118.0,128,1376,1705
POST02965,2026-01-06 12:00:00,LinkedIn,Image,Community Campaign,Brand,1,491198,229307,203396,14271.0,188,579,4718
POST02966,2026-01-06 15:00:00,Facebook,Reel,Educational Series,Community,2,351642,270228,213319,13459.0,736,1947,2694
POST02967,2026-01-06 18:00:00,Facebook,Reel,Festival Campaign,Event,23,426244,271171,228108,15010.0,581,2426,2987
POST02968,2026-01-06 21:00:00,YouTube,Reel,Special Campaign,Community,7,275905,535287,388247,31504.0,1524,5179,9427
POST02969,2026-01-07 00:00:00,LinkedIn,Image,Seasonal Campaign,Entertainment,10,333686,172924,104829,5760.0,162,333,2317
POST02970,2026-01-07 03:00:00,YouTube,Video,Event Promotion,Promotional,11,172975,301826,259694,15633.0,189,4653,5385
POST02971,2026-01-07 06:00:00,Instagram,Text,Festival Campaign,Promotional,3,424933,358846,258458,7829.0,179,1583,1814
POST02972,2026-01-07 09:00:00,Instagram,Carousel,Product Launch,Education,8,50545,72121,64115,2683.0,36,730,1374
POST02973,2026-01-07 12:00:00,Facebook,Reel,Event Promotion,Brand,23,265605,178903,114355,3487.0,48,2052,1488
POST02974,2026-01-07 15:00:00,Facebook,Text,Festival Campaign,Brand,16,317356,232119,208287,11556.0,239,377,1584
POST02975,2026-01-07 18:00:00,Instagram,Image,Product Launch,Education,23,391223,333789,209568,12479.0,520,1851,5197
POST02976,2026-01-07 21:00:00,Instagram,Reel,Community Campaign,Entertainment,15,323244,300140,203752,15204.0,773,2390,1382
POST02977,2026-01-08 00:00:00,Facebook,Text,Educational Series,Promotional,16,281056,267159,202481,6646.0,339,417,4714
POST02978,2026-01-08 03:00:00,Instagram,Video,Event Promotion,Community,14,147215,233957,185449,12228.0,695,2450,558
POST02979,2026-01-08 06:00:00,Facebook,Carousel,Educational Series,Event,19,470851,330025,264712,13648.0,584,1353,3344
POST02980,2026-01-08 09:00:00,LinkedIn,Carousel,Product Launch,Entertainment,21,72016,55632,39870,1525.0,16,465,145
POST02981,2026-01-08 12:00:00,YouTube,Reel,Educational Series,Brand,6,269937,330771,190818,9405.0,271,1665,4402
POST02982,2026-01-08 15:00:00,Instagram,Reel,Educational Series,Education,9,448591,840168,607959,57275.0,891,9493,3507
POST02983,2026-01-08 18:00:00,Facebook,Carousel,Seasonal Campaign,Promotional,3,171392,179365,119661,7299.0,356,1789,2130
POST02984,2026-01-08 21:00:00,Facebook,Reel,Brand Awareness,Education,23,39301,23900,18646,486.0,7,319,314
POST02985,2026-01-09 00:00:00,YouTube,Image,Product Launch,Brand,23,202442,139856,85843,3060.0,46,639,1728
POST02986,2026-01-09 03:00:00,LinkedIn,Video,Educational Series,Education,13,365861,343544,236313,11455.0,130,1397,4591
POST02987,2026-01-09 06:00:00,Instagram,Video,Special Campaign,Community,13,291312,396621,352255,26368.0,1523,6298,1308
POST02988,2026-01-09 09:00:00,YouTube,Image,Festival Campaign,Promotional,13,274531,276317,160568,8963.0,441,1527,1853
POST02989,2026-01-09 12:00:00,Facebook,Video,Product Launch,Education,13,88109,115598,87948,5049.0,134,754,887
POST02990,2026-01-09 15:00:00,LinkedIn,Video,Brand Awareness,Promotional,21,301117,341686,198767,18380.0,529,1970,4850
POST02991,2026-01-09 18:00:00,Instagram,Carousel,Event Promotion,Education,19,280205,308154,186417,14158.0,183,717,3737
POST02992,2026-01-09 21:00:00,Facebook,Reel,Community Campaign,Education,17,449267,724115,551577,51607.0,923,6144,10245
POST02993,2026-01-10 00:00:00,YouTube,Reel,Educational Series,Promotional,14,193831,156032,110064,5851.0,149,608,1400
POST02994,2026-01-10 03:00:00,Instagram,Reel,Festival Campaign,Community,22,237409,401656,298018,17767.0,522,2616,6735
POST02995,2026-01-10 06:00:00,Instagram,Reel,Brand Awareness,Education,18,375203,848525,727996,42718.0,1751,7943,2453
POST02996,2026-01-10 09:00:00,LinkedIn,Reel,Product Launch,Community,12,119017,129852,108560,6550.0,180,2021,871
POST02997,2026-01-10 12:00:00,Instagram,Reel,Community Campaign,Entertainment,11,497559,741345,638144,60852.0,3512,8396,11671
POST02998,2026-01-10 15:00:00,Instagram,Image,Community Campaign,Event,18,272980,186890,143099,4500.0,122,880,2029
POST02999,2026-01-10 18:00:00,Instagram,Text,Special Campaign,Entertainment,18,480642,566758,408845,20891.0,1192,1064,6027
POST03000,2026-01-10 21:00:00,LinkedIn,Reel,Educational Series,Event,19,171023,155416,110457,7300.0,339,1681,1343
POST03001,2026-01-11 00:00:00,Facebook,Carousel,Brand Awareness,Entertainment,1,484127,549570,444565,16312.0,897,3766,2961
POST03002,2026-01-11 03:00:00,Facebook,Carousel,Brand Awareness,Event,20,182377,120219,88055,4774.0,215,266,586
POST03003,2026-01-11 06:00:00,Instagram,Reel,Festival Campaign,Education,2,363259,307065,180253,7434.0,285,2469,1708
POST03004,2026-01-11 09:00:00,Facebook,Text,Event Promotion,Promotional,9,95406,51871,31105,617.0,21,152,413
POST03005,2026-01-11 12:00:00,YouTube,Image,Event Promotion,Promotional,4,235139,181903,122780,7767.0,190,801,2594
POST03006,2026-01-11 15:00:00,Facebook,Image,Seasonal Campaign,Brand,11,280224,311753,178864,9974.0,248,2077,2294
POST03007,2026-01-11 18:00:00,LinkedIn,Video,Event Promotion,Event,6,291253,381566,241810,9372.0,198,1098,5501
POST03008,2026-01-11 21:00:00,Instagram,Reel,Seasonal Campaign,Brand,8,46842,75550,58909,5861.0,171,492,332
POST03009,2026-01-12 00:00:00,Facebook,Carousel,Community Campaign,Community,1,423932,207919,115260,2597.0,42,814,1034
POST03010,2026-01-12 03:00:00,Instagram,Reel,Community Campaign,Community,9,234798,266774,203130,10561.0,310,539,924
POST03011,2026-01-12 06:00:00,YouTube,Video,Special Campaign,Brand,5,461801,694316,569564,14557.0,752,8877,8099
POST03012,2026-01-12 09:00:00,Instagram,Image,Product Launch,Event,11,280117,181941,110902,2848.0,152,1283,552
POST03013,2026-01-12 12:00:00,Instagram,Carousel,Community Campaign,Promotional,5,117969,178461,109457,3540.0,149,1218,2244
POST03014,2026-01-12 15:00:00,Instagram,Reel,Community Campaign,Event,2,389199,310838,174100,15530.0,354,3097,674
POST03015,2026-01-12 18:00:00,Facebook,Carousel,Brand Awareness,Community,9,66408,74210,54125,4522.0,99,315,728
POST03016,2026-01-12 21:00:00,Instagram,Video,Product Launch,Education,8,128407,248613,193695,16744.0,400,1131,2373
POST03017,2026-01-13 00:00:00,Facebook,Image,Brand Awareness,Brand,19,56530,44379,31505,1647.0,57,81,234
POST03018,2026-01-13 03:00:00,YouTube,Carousel,Festival Campaign,Brand,4,130047,199633,137009,9117.0,536,1394,2179
POST03019,2026-01-13 06:00:00,Instagram,Image,Seasonal Campaign,Community,2,478601,662407,469676,21714.0,335,3572,5398
POST03020,2026-01-13 09:00:00,Facebook,Video,Seasonal Campaign,Event,4,341874,432515,356191,19385.0,678,5357,2619
POST03021,2026-01-13 12:00:00,Instagram,Image,Festival Campaign,Brand,7,95623,97608,54829,3036.0,133,407,1161
POST03022,2026-01-13 15:00:00,YouTube,Video,Seasonal Campaign,Promotional,7,97658,99505,82025,7715.0,171,456,1438
POST03023,2026-01-13 18:00:00,Facebook,Video,Product Launch,Brand,13,313042,460088,360350,9398.0,549,5415,1177
POST03024,2026-01-13 21:00:00,Instagram,Image,Product Launch,Event,23,346052,429269,272370,9522.0,261,1941,3824
POST03025,2026-01-14 00:00:00,Instagram,Reel,Community Campaign,Community,21,363521,736095,540042,27944.0,1582,10127,4843
POST03026,2026-01-14 03:00:00,Instagram,Image,Seasonal Campaign,Promotional,16,373262,424072,240555,9711.0,387,1937,5564
POST03027,2026-01-14 06:00:00,LinkedIn,Video,Festival Campaign,Promotional,10,339536,218997,149543,10338.0,105,631,2835
POST03028,2026-01-14 09:00:00,Facebook,Reel,Educational Series,Brand,15,357722,619196,378276,24993.0,638,6424,6224
POST03029,2026-01-14 12:00:00,Facebook,Image,Event Promotion,Event,5,46505,25718,14345,272.0,3,173,71
POST03030,2026-01-14 15:00:00,Facebook,Video,Community Campaign,Brand,10,108830,165872,111960,6005.0,174,1046,2628
POST03031,2026-01-14 18:00:00,Instagram,Image,Event Promotion,Education,9,157245,120259,96704,4975.0,281,203,596
POST03032,2026-01-14 21:00:00,YouTube,Carousel,Festival Campaign,Community,22,104052,105007,91603,4837.0,236,229,1183
POST03033,2026-01-15 00:00:00,Facebook,Reel,Seasonal Campaign,Education,8,289076,317954,248573,23371.0,958,2121,4470
POST03034,2026-01-15 03:00:00,Instagram,Reel,Seasonal Campaign,Promotional,23,365589,810637,559898,31964.0,1180,8232,7774
POST03035,2026-01-15 06:00:00,Instagram,Video,Event Promotion,Brand,23,181313,362445,326136,8122.0,232,2467,7310
POST03036,2026-01-15 09:00:00,Instagram,Reel,Educational Series,Education,14,167784,346343,224787,10839.0,223,613,4805
POST03037,2026-01-15 12:00:00,YouTube,Reel,Seasonal Campaign,Entertainment,6,481409,603516,371461,13588.0,178,6292,2220
POST03038,2026-01-15 15:00:00,LinkedIn,Video,Educational Series,Education,17,49105,23782,16939,711.0,13,296,280
POST03039,2026-01-15 18:00:00,Instagram,Reel,Brand Awareness,Brand,0,127083,234248,170232,9233.0,254,1439,706
POST03040,2026-01-15 21:00:00,YouTube,Text,Product Launch,Brand,14,50382,37863,25526,1160.0,41,56,481
POST03041,2026-01-16 00:00:00,Instagram,Text,Event Promotion,Community,1,370036,418641,332160,9827.0,198,1441,6374
POST03042,2026-01-16 03:00:00,LinkedIn,Reel,Seasonal Campaign,Education,21,205592,276859,170089,16151.0,948,2738,1799
POST03043,2026-01-16 06:00:00,Instagram,Reel,Educational Series,Brand,1,39589,58036,42286,2087.0,28,497,858
POST03044,2026-01-16 09:00:00,YouTube,Carousel,Special Campaign,Brand,9,190673,274866,199290,5904.0,87,1463,3459
POST03045,2026-01-16 12:00:00,Facebook,Image,Special Campaign,Community,19,402973,437366,366654,9943.0,438,2093,5165
POST03046,2026-01-16 15:00:00,Facebook,Reel,Seasonal Campaign,Community,14,109452,182928,159959,15819.0,755,727,2082
POST03047,2026-01-16 18:00:00,YouTube,Carousel,Product Launch,Community,9,453891,567470,443842,22038.0,1291,2988,2397
POST03048,2026-01-16 21:00:00,Instagram,Reel,Product Launch,Community,18,185438,369842,242941,13955.0,509,2561,3567
POST03049,2026-01-17 00:00:00,Instagram,Video,Brand Awareness,Entertainment,21,417067,597312,472691,13689.0,250,6098,3041
POST03050,2026-01-17 03:00:00,Instagram,Reel,Product Launch,Promotional,12,243656,205887,131351,10928.0,621,923,2289
POST03051,2026-01-17 06:00:00,Instagram,Reel,Product Launch,Brand,23,158654,162167,144051,11550.0,681,2559,2316
POST03052,2026-01-17 09:00:00,YouTube,Reel,Community Campaign,Event,10,260385,233919,195983,10839.0,608,2115,1840
POST03053,2026-01-17 12:00:00,Instagram,Text,Special Campaign,Community,21,191663,115877,81220,3746.0,200,442,685
POST03054,2026-01-17 15:00:00,Instagram,Carousel,Festival Campaign,Promotional,1,483359,310736,256208,11311.0,156,2615,3451
POST03055,2026-01-17 18:00:00,Facebook,Video,Special Campaign,Community,20,275360,404064,280028,8195.0,432,1404,3997
POST03056,2026-01-17 21:00:00,LinkedIn,Image,Special Campaign,Promotional,12,418723,319614,184133,10653.0,614,561,3784
POST03057,2026-01-18 00:00:00,Facebook,Reel,Seasonal Campaign,Event,21,157006,162232,129358,13102.0,492,1093,1253
POST03058,2026-01-18 03:00:00,Instagram,Reel,Special Campaign,Education,21,61971,87952,60828,4657.0,226,199,722
POST03059,2026-01-18 06:00:00,Instagram,Image,Brand Awareness,Entertainment,20,286803,298395,261278,8603.0,370,1624,2757
POST03060,2026-01-18 09:00:00,LinkedIn,Image,Brand Awareness,Brand,0,286542,118398,77822,,61,751,908
POST03061,2026-01-18 12:00:00,Instagram,Carousel,Event Promotion,Education,4,26242,25614,21648,1721.0,67,285,335
POST03062,2026-01-18 15:00:00,Instagram,Reel,Product Launch,Event,20,441836,931627,734264,36461.0,1985,9103,11208
POST03063,2026-01-18 18:00:00,YouTube,Text,Event Promotion,Entertainment,21,242513,248826,211169,10467.0,364,1740,2312
POST03064,2026-01-18 21:00:00,Facebook,Reel,Community Campaign,Entertainment,6,424012,527549,344045,26198.0,1035,5738,5591
POST03065,2026-01-19 00:00:00,Facebook,Text,Special Campaign,Entertainment,12,198217,131214,93354,3889.0,142,843,1545
POST03066,2026-01-19 03:00:00,Instagram,Reel,Educational Series,Event,12,150014,177616,148859,5972.0,144,1192,2172
POST03067,2026-01-19 06:00:00,Instagram,Image,Product Launch,Community,19,255987,268518,208191,4134.0,174,1771,2696
POST03068,2026-01-19 09:00:00,LinkedIn,Reel,Educational Series,Community,22,198615,226772,153291,9828.0,348,1084,722
POST03069,2026-01-19 12:00:00,Instagram,Image,Special Campaign,Community,20,214886,281425,205214,14644.0,316,1753,3059
POST03070,2026-01-19 15:00:00,Facebook,Image,Festival Campaign,Education,5,256088,138282,124264,3550.0,194,843,2321
POST03071,2026-01-19 18:00:00,Facebook,Image,Community Campaign,Brand,19,71175,75703,61292,2880.0,165,377,474
POST03072,2026-01-19 21:00:00,Facebook,Image,Product Launch,Entertainment,11,188347,129037,98724,5354.0,68,389,1985
POST03073,2026-01-20 00:00:00,Instagram,Carousel,Event Promotion,Entertainment,7,33937,42899,36025,1854.0,76,351,572
POST03074,2026-01-20 03:00:00,Instagram,Carousel,Event Promotion,Education,8,170641,238207,167867,8886.0,273,2023,1380
POST03075,2026-01-20 06:00:00,YouTube,Video,Product Launch,Community,17,213019,277837,245197,17558.0,637,2773,1614
POST03076,2026-01-20 09:00:00,LinkedIn,Reel,Seasonal Campaign,Entertainment,10,294487,328304,243997,21853.0,626,919,2049
POST03077,2026-01-20 12:00:00,LinkedIn,Carousel,Event Promotion,Entertainment,19,339019,174147,115704,4859.0,163,1702,2279
POST03078,2026-01-20 15:00:00,Instagram,Image,Special Campaign,Event,10,66803,67252,39013,2596.0,67,72,332
POST03079,2026-01-20 18:00:00,Instagram,Image,Special Campaign,Promotional,23,478079,402975,274624,12134.0,192,3338,4951
POST03080,2026-01-20 21:00:00,LinkedIn,Image,Seasonal Campaign,Education,23,478056,201710,151085,8119.0,203,1626,2267
POST03081,2026-01-21 00:00:00,Facebook,Reel,Product Launch,Education,14,342081,276822,220388,7561.0,329,932,3312
POST03082,2026-01-21 03:00:00,LinkedIn,Reel,Brand Awareness,Community,8,97069,111293,95299,6138.0,76,628,2073
POST03083,2026-01-21 06:00:00,Instagram,Reel,Event Promotion,Education,2,462563,502727,442593,12063.0,351,3760,9845
POST03084,2026-01-21 09:00:00,YouTube,Reel,Seasonal Campaign,Community,16,444348,432760,253536,14324.0,173,4559,3755
POST03085,2026-01-21 12:00:00,Facebook,Carousel,Product Launch,Event,16,444572,442315,336299,8216.0,228,5204,1491
POST03086,2026-01-21 15:00:00,Facebook,Carousel,Product Launch,Event,2,35438,47041,36847,2856.0,41,121,241
POST03087,2026-01-21 18:00:00,YouTube,Text,Seasonal Campaign,Brand,18,177438,188647,115116,5212.0,140,618,2747
POST03088,2026-01-21 21:00:00,Instagram,Carousel,Event Promotion,Community,8,361648,640266,474411,33630.0,1745,1962,2828
POST03089,2026-01-22 00:00:00,YouTube,Reel,Brand Awareness,Event,16,299634,464031,309597,19343.0,786,2261,6618
POST03090,2026-01-22 03:00:00,Instagram,Video,Event Promotion,Community,22,170245,223071,128733,10985.0,484,2279,1916
POST03091,2026-01-22 06:00:00,YouTube,Video,Product Launch,Education,17,161448,262050,150168,13043.0,458,2666,827
POST03092,2026-01-22 09:00:00,LinkedIn,Image,Brand Awareness,Brand,22,237776,130344,106324,3962.0,222,778,2469
POST03093,2026-01-22 12:00:00,Instagram,Image,Special Campaign,Promotional,14,348398,217504,166479,6384.0,236,656,3898
POST03094,2026-01-22 15:00:00,Facebook,Text,Educational Series,Entertainment,0,387524,220933,176811,6695.0,101,1208,2924
POST03095,2026-01-22 18:00:00,Instagram,Image,Festival Campaign,Entertainment,9,56763,48996,38699,784.0,44,214,447
POST03096,2026-01-22 21:00:00,Facebook,Text,Event Promotion,Brand,7,347985,276122,164847,9859.0,164,1740,2697
POST03097,2026-01-23 00:00:00,LinkedIn,Reel,Community Campaign,Community,9,323491,353710,213304,11521.0,690,3504,3585
POST03098,2026-01-23 03:00:00,Instagram,Reel,Product Launch,Community,1,61684,61418,39207,2459.0,78,306,654
POST03099,2026-01-23 06:00:00,Instagram,Image,Brand Awareness,Community,18,50711,77140,53202,3125.0,42,107,1018
POST03100,2026-01-23 09:00:00,YouTube,Image,Seasonal Campaign,Promotional,13,296321,320739,281837,9600.0,510,3798,1261
POST03101,2026-01-23 12:00:00,Instagram,Video,Special Campaign,Entertainment,7,197042,271733,213544,8225.0,120,2788,1122
POST03102,2026-01-23 15:00:00,Facebook,Text,Seasonal Campaign,Brand,18,175642,170391,108932,2258.0,42,615,1004
POST03103,2026-01-23 18:00:00,LinkedIn,Image,Seasonal Campaign,Community,0,448580,192915,109883,5110.0,157,568,1175
POST03104,2026-01-23 21:00:00,YouTube,Reel,Brand Awareness,Event,15,198681,366391,289257,7644.0,334,773,4927
POST03105,2026-01-24 00:00:00,Instagram,Video,Educational Series,Education,23,432035,537934,413596,31055.0,498,1985,2804
POST03106,2026-01-24 03:00:00,YouTube,Carousel,Event Promotion,Promotional,14,407364,562437,442366,22148.0,910,964,6592
POST03107,2026-01-24 06:00:00,Facebook,Reel,Community Campaign,Community,19,470738,787991,505427,34107.0,1671,6418,3577
POST03108,2026-01-24 09:00:00,Instagram,Image,Special Campaign,Entertainment,23,51391,56485,41286,1329.0,21,394,446
POST03109,2026-01-24 12:00:00,YouTube,Carousel,Seasonal Campaign,Education,4,35788,21603,14616,471.0,19,183,344
POST03110,2026-01-24 15:00:00,Facebook,Video,Brand Awareness,Brand,2,71055,40583,33935,2524.0,146,180,770
POST03111,2026-01-24 18:00:00,Facebook,Image,Seasonal Campaign,Community,16,134187,90274,51843,1521.0,88,151,1242
POST03112,2026-01-24 21:00:00,Instagram,Reel,Educational Series,Entertainment,9,488648,976996,631534,54846.0,991,8584,10111
POST03113,2026-01-25 00:00:00,Facebook,Text,Product Launch,Education,4,400215,212944,162057,3916.0,187,1032,2273
POST03114,2026-01-25 03:00:00,Instagram,Carousel,Seasonal Campaign,Event,10,499311,524990,326453,19456.0,1018,4587,7076
POST03115,2026-01-25 06:00:00,Instagram,Image,Educational Series,Promotional,5,436781,605910,475911,25113.0,1367,3825,2261
POST03116,2026-01-25 09:00:00,LinkedIn,Reel,Event Promotion,Brand,3,150101,96190,57509,3763.0,98,581,1410
POST03117,2026-01-25 12:00:00,Facebook,Carousel,Special Campaign,Entertainment,6,368606,469138,261771,21935.0,515,2293,3448
POST03118,2026-01-25 15:00:00,Instagram,Reel,Special Campaign,Event,18,213277,254788,217136,12011.0,148,3435,3879
POST03119,2026-01-25 18:00:00,Instagram,Reel,Seasonal Campaign,Promotional,6,33376,28700,19134,1815.0,54,55,364
POST03120,2026-01-25 21:00:00,Instagram,Image,Educational Series,Promotional,13,172947,115308,69749,1892.0,30,874,1174
POST03121,2026-01-26 00:00:00,Instagram,Reel,Brand Awareness,Event,16,329750,747208,456131,23856.0,1176,6691,10314
POST03122,2026-01-26 03:00:00,Instagram,Carousel,Brand Awareness,Entertainment,22,360537,432164,371688,11209.0,192,5272,3471
POST03123,2026-01-26 06:00:00,Instagram,Reel,Festival Campaign,Promotional,16,274047,323387,251934,18412.0,938,4740,3706
POST03124,2026-01-26 09:00:00,YouTube,Carousel,Educational Series,Brand,12,345140,407116,360184,22046.0,339,1867,4490
POST03125,2026-01-26 12:00:00,Facebook,Reel,Product Launch,Education,0,283427,392077,325429,19972.0,679,4026,6017
POST03126,2026-01-26 15:00:00,Facebook,Reel,Seasonal Campaign,Brand,1,100456,96236,78782,6473.0,189,851,921
POST03127,2026-01-26 18:00:00,Facebook,Reel,Community Campaign,Community,17,85783,122975,89149,8351.0,334,1041,2018
POST03128,2026-01-26 21:00:00,Instagram,Text,Community Campaign,Promotional,3,378526,256272,214571,10716.0,385,420,2958
POST03129,2026-01-27 00:00:00,LinkedIn,Video,Event Promotion,Education,12,354322,208285,144639,5988.0,239,2409,2139
POST03130,2026-01-27 03:00:00,Facebook,Reel,Festival Campaign,Event,0,476749,585523,491517,25063.0,251,9208,6809
POST03131,2026-01-27 06:00:00,Facebook,Video,Educational Series,Education,3,299509,210617,171696,8821.0,144,2247,2866
POST03132,2026-01-27 09:00:00,Facebook,Carousel,Product Launch,Education,1,394399,536878,422766,14305.0,512,2378,6015
POST03133,2026-01-27 12:00:00,LinkedIn,Text,Festival Campaign,Education,3,169021,50751,33769,1055.0,22,309,797
POST03134,2026-01-27 15:00:00,YouTube,Image,Brand Awareness,Promotional,15,398973,495978,382274,11794.0,162,3956,2249
POST03135,2026-01-27 18:00:00,Instagram,Carousel,Event Promotion,Community,3,184575,181277,131856,11040.0,230,1311,434
POST03136,2026-01-27 21:00:00,Facebook,Reel,Seasonal Campaign,Community,8,408411,643215,457673,39860.0,1952,2506,6626
POST03137,2026-01-28 00:00:00,Facebook,Image,Seasonal Campaign,Entertainment,16,358531,162673,145850,9398.0,348,605,2891
POST03138,2026-01-28 03:00:00,Facebook,Text,Seasonal Campaign,Community,20,99942,98020,71215,4023.0,78,516,1229
POST03139,2026-01-28 06:00:00,YouTube,Image,Educational Series,Promotional,22,166000,98833,55464,2990.0,32,183,1341
POST03140,2026-01-28 09:00:00,Instagram,Reel,Community Campaign,Entertainment,19,167904,337335,259499,10308.0,287,3849,1819
POST03141,2026-01-28 12:00:00,Instagram,Reel,Product Launch,Event,20,420750,667752,537409,45768.0,1275,3328,9817
POST03142,2026-01-28 15:00:00,LinkedIn,Carousel,Seasonal Campaign,Event,1,415051,324375,278902,6131.0,286,4051,5842
POST03143,2026-01-28 18:00:00,YouTube,Carousel,Seasonal Campaign,Event,2,352395,317536,244959,6891.0,385,3522,5650
POST03144,2026-01-28 21:00:00,YouTube,Image,Brand Awareness,Event,22,184453,244945,136387,2672.0,76,714,1995
POST03145,2026-01-29 00:00:00,Instagram,Text,Special Campaign,Event,14,275385,173430,102655,2165.0,96,237,1128
POST03146,2026-01-29 03:00:00,Instagram,Reel,Festival Campaign,Brand,6,74780,142466,86396,7313.0,305,1117,2075
POST03147,2026-01-29 06:00:00,LinkedIn,Reel,Seasonal Campaign,Promotional,3,86412,84996,53032,5041.0,156,539,1082
POST03148,2026-01-29 09:00:00,Facebook,Text,Event Promotion,Entertainment,11,260143,263130,218377,6015.0,79,633,2917
POST03149,2026-01-29 12:00:00,Facebook,Reel,Festival Campaign,Event,0,160397,208570,137325,4846.0,163,1590,2379
POST03150,2026-01-29 15:00:00,YouTube,Reel,Community Campaign,Brand,16,442662,382456,252163,11925.0,330,4886,2301
POST03151,2026-01-29 18:00:00,Facebook,Image,Festival Campaign,Community,3,118975,88614,72172,3821.0,143,188,1192
POST03152,2026-01-29 21:00:00,Instagram,Video,Product Launch,Brand,3,149788,122147,84813,4174.0,67,552,1262
POST03153,2026-01-30 00:00:00,Facebook,Reel,Brand Awareness,Brand,21,281208,258491,148018,14945.0,690,1732,571
POST03154,2026-01-30 03:00:00,YouTube,Text,Educational Series,Promotional,22,480382,334219,252266,5270.0,260,2329,5561
POST03155,2026-01-30 06:00:00,YouTube,Video,Product Launch,Event,8,273199,487986,290607,27696.0,814,782,4005
POST03156,2026-01-30 09:00:00,Facebook,Reel,Community Campaign,Brand,20,342806,536644,402527,10856.0,203,6031,5455
POST03157,2026-01-30 12:00:00,LinkedIn,Carousel,Event Promotion,Brand,9,380808,163636,134651,6659.0,274,539,1243
POST03158,2026-01-30 15:00:00,Instagram,Image,Community Campaign,Event,18,100249,111763,97828,3091.0,178,1126,716
POST03159,2026-01-30 18:00:00,Facebook,Image,Community Campaign,Promotional,18,76525,44849,25719,1249.0,56,254,242
POST03160,2026-01-30 21:00:00,Instagram,Video,Festival Campaign,Brand,14,423800,500479,328508,10167.0,164,3127,5683
POST03161,2026-01-31 00:00:00,YouTube,Text,Event Promotion,Entertainment,21,417117,179511,139724,7602.0,227,1328,719
POST03162,2026-01-31 03:00:00,Instagram,Reel,Product Launch,Education,16,267543,521602,344470,12624.0,704,5163,3555
POST03163,2026-01-31 06:00:00,Instagram,Image,Community Campaign,Community,6,133094,208509,147594,7338.0,306,1576,3620
POST03164,2026-01-31 09:00:00,YouTube,Image,Product Launch,Education,2,338347,240928,134204,2657.0,46,697,1204
POST03165,2026-01-31 12:00:00,Instagram,Image,Seasonal Campaign,Education,4,233058,211876,167959,5843.0,270,1519,4075
POST03166,2026-01-31 15:00:00,YouTube,Image,Seasonal Campaign,Promotional,15,107597,75250,64650,1686.0,46,223,343
POST03167,2026-01-31 18:00:00,LinkedIn,Reel,Seasonal Campaign,Brand,22,494066,734799,655367,67025.0,2310,10795,13413
POST03168,2026-01-31 21:00:00,Instagram,Carousel,Educational Series,Education,6,284234,182418,153356,3336.0,102,1424,1943
POST03169,2026-02-01 00:00:00,Facebook,Image,Festival Campaign,Education,15,440068,386348,216788,8027.0,371,2482,1579
POST03170,2026-02-01 03:00:00,YouTube,Reel,Product Launch,Community,8,304598,597070,464609,23052.0,481,2865,9442
POST03171,2026-02-01 06:00:00,Facebook,Video,Seasonal Campaign,Event,0,75084,55653,40263,2871.0,84,178,126
POST03172,2026-02-01 09:00:00,Instagram,Video,Seasonal Campaign,Brand,2,490459,769821,676105,18970.0,895,8889,7191
POST03173,2026-02-01 12:00:00,Instagram,Image,Event Promotion,Brand,7,274185,163057,141166,8720.0,394,350,2301
POST03174,2026-02-01 15:00:00,Instagram,Reel,Community Campaign,Community,17,209638,429915,385124,24027.0,482,2589,3112
POST03175,2026-02-01 18:00:00,Instagram,Carousel,Seasonal Campaign,Event,23,473104,461645,393172,19471.0,536,5702,4055
POST03176,2026-02-01 21:00:00,Instagram,Reel,Educational Series,Brand,23,117103,271966,201638,8809.0,94,976,1010
POST03177,2026-02-02 00:00:00,Facebook,Reel,Event Promotion,Entertainment,17,184895,307619,246161,15809.0,577,2202,5359
POST03178,2026-02-02 03:00:00,LinkedIn,Carousel,Festival Campaign,Community,23,445223,460945,409151,17972.0,432,6140,5027
POST03179,2026-02-02 06:00:00,Facebook,Reel,Special Campaign,Promotional,18,386704,451015,339317,15310.0,162,996,2102
POST03180,2026-02-02 09:00:00,Facebook,Reel,Special Campaign,Event,6,427357,633304,534503,20929.0,653,5412,3944
POST03181,2026-02-02 12:00:00,Instagram,Reel,Educational Series,Community,19,32746,32213,28340,2346.0,132,450,256
POST03182,2026-02-02 15:00:00,Instagram,Reel,Educational Series,Education,5,285491,360835,270513,10030.0,563,4858,2177
POST03183,2026-02-02 18:00:00,Instagram,Reel,Educational Series,Brand,10,422577,347340,210385,8226.0,235,3162,2960
POST03184,2026-02-02 21:00:00,Instagram,Text,Community Campaign,Entertainment,4,131972,136000,82204,3367.0,109,835,1883
POST03185,2026-02-03 00:00:00,YouTube,Reel,Special Campaign,Entertainment,11,286245,534396,315486,13765.0,304,1003,2222
POST03186,2026-02-03 03:00:00,YouTube,Reel,Seasonal Campaign,Promotional,0,387955,802364,575064,35556.0,476,2465,7461
POST03187,2026-02-03 06:00:00,Instagram,Reel,Brand Awareness,Community,18,68095,126040,90502,6256.0,279,1363,1593
POST03188,2026-02-03 09:00:00,Instagram,Text,Educational Series,Entertainment,10,454669,504174,386237,10563.0,528,3416,2720
POST03189,2026-02-03 12:00:00,Facebook,Image,Event Promotion,Community,14,121483,137314,98729,3608.0,194,876,630
POST03190,2026-02-03 15:00:00,Facebook,Image,Special Campaign,Brand,15,445884,518770,462000,13560.0,769,4779,2965
POST03191,2026-02-03 18:00:00,Instagram,Video,Event Promotion,Brand,2,261411,373155,243281,13903.0,775,3840,5450
POST03192,2026-02-03 21:00:00,LinkedIn,Image,Festival Campaign,Entertainment,10,140902,61862,52943,3790.0,43,433,987
POST03193,2026-02-04 00:00:00,LinkedIn,Reel,Product Launch,Brand,10,246218,247467,144796,7861.0,463,2694,1505
POST03194,2026-02-04 03:00:00,Instagram,Reel,Product Launch,Community,9,299891,494062,375818,28922.0,838,5386,8589
POST03195,2026-02-04 06:00:00,Instagram,Image,Brand Awareness,Brand,1,166081,202962,157683,8252.0,448,1154,3780
POST03196,2026-02-04 09:00:00,YouTube,Reel,Community Campaign,Education,19,371331,790815,648690,56660.0,1815,6307,7629
POST03197,2026-02-04 12:00:00,LinkedIn,Carousel,Seasonal Campaign,Community,4,414272,493295,358160,23585.0,733,4419,5096
POST03198,2026-02-04 15:00:00,LinkedIn,Reel,Community Campaign,Event,22,446126,415887,257446,6930.0,73,3412,2800
POST03199,2026-02-04 18:00:00,Instagram,Image,Seasonal Campaign,Brand,22,228115,151133,102641,3561.0,44,1166,821
POST03200,2026-02-04 21:00:00,Instagram,Reel,Educational Series,Brand,7,172287,192112,123961,11637.0,506,1958,2499
POST03201,2026-02-05 00:00:00,YouTube,Reel,Special Campaign,Community,12,243957,235060,163763,11149.0,634,1876,2829
POST03202,2026-02-05 03:00:00,YouTube,Image,Seasonal Campaign,Promotional,14,470167,398444,293051,6924.0,146,3770,3244
POST03203,2026-02-05 06:00:00,Instagram,Text,Special Campaign,Event,1,50375,62406,47976,1315.0,19,401,159
POST03204,2026-02-05 09:00:00,LinkedIn,Image,Brand Awareness,Event,11,423292,285864,241781,8051.0,166,1003,4787
POST03205,2026-02-05 12:00:00,Facebook,Carousel,Festival Campaign,Event,23,268024,270322,234775,17845.0,367,2475,3169
POST03206,2026-02-05 15:00:00,Facebook,Reel,Festival Campaign,Entertainment,7,398756,316861,225574,15601.0,384,1355,1039
POST03207,2026-02-05 18:00:00,LinkedIn,Reel,Product Launch,Education,20,392685,405471,235592,17304.0,255,2837,1352
POST03208,2026-02-05 21:00:00,Facebook,Reel,Festival Campaign,Education,18,186321,299444,248230,13561.0,295,3959,4176
POST03209,2026-02-06 00:00:00,YouTube,Reel,Educational Series,Promotional,22,226690,412814,295989,9088.0,509,4833,4445
POST03210,2026-02-06 03:00:00,Facebook,Reel,Event Promotion,Event,0,60664,41251,30577,974.0,53,415,253
POST03211,2026-02-06 06:00:00,Instagram,Reel,Festival Campaign,Event,7,498261,1058721,803069,47212.0,1218,12718,4880
POST03212,2026-02-06 09:00:00,Facebook,Video,Brand Awareness,Brand,9,471501,394049,308837,11358.0,679,3016,6937
POST03213,2026-02-06 12:00:00,Instagram,Reel,Educational Series,Community,12,472175,858658,739764,25249.0,629,8807,4414
POST03214,2026-02-06 15:00:00,Facebook,Image,Festival Campaign,Entertainment,4,485802,254351,224655,7225.0,333,2716,1097
POST03215,2026-02-06 18:00:00,Instagram,Image,Community Campaign,Entertainment,21,58779,74567,65548,3806.0,160,496,1090
POST03216,2026-02-06 21:00:00,Instagram,Image,Seasonal Campaign,Promotional,8,341456,197551,164621,3612.0,47,972,1408
POST03217,2026-02-07 00:00:00,Instagram,Image,Festival Campaign,Education,9,199170,236752,203899,8605.0,233,2268,3557
POST03218,2026-02-07 03:00:00,Instagram,Reel,Community Campaign,Event,13,31414,56157,31862,2881.0,165,110,438
POST03219,2026-02-07 06:00:00,Facebook,Reel,Educational Series,Community,23,187990,163750,138727,6506.0,81,2607,1060
POST03220,2026-02-07 09:00:00,Facebook,Carousel,Festival Campaign,Promotional,10,429092,582682,335212,13414.0,251,2259,1519
POST03221,2026-02-07 12:00:00,YouTube,Video,Community Campaign,Entertainment,13,275423,198492,161010,14114.0,826,1967,733
POST03222,2026-02-07 15:00:00,Instagram,Reel,Event Promotion,Entertainment,2,143938,312498,190397,14603.0,175,2700,3025
POST03223,2026-02-07 18:00:00,Instagram,Reel,Special Campaign,Entertainment,20,223612,307636,207973,18347.0,593,1022,4093
POST03224,2026-02-07 21:00:00,Instagram,Video,Product Launch,Event,15,291342,509276,312931,14026.0,784,4768,5686
POST03225,2026-02-08 00:00:00,Instagram,Reel,Educational Series,Event,19,113302,203537,143536,14891.0,851,1761,2302
POST03226,2026-02-08 03:00:00,LinkedIn,Image,Community Campaign,Event,16,119524,57507,39916,1022.0,60,224,304
POST03227,2026-02-08 06:00:00,Instagram,Image,Brand Awareness,Brand,4,188501,166732,94507,6610.0,225,1110,2075
POST03228,2026-02-08 09:00:00,Instagram,Reel,Special Campaign,Education,6,385314,618926,520315,50139.0,718,6849,8759
POST03229,2026-02-08 12:00:00,Instagram,Image,Festival Campaign,Entertainment,16,218405,317611,269640,12889.0,626,2964,4926
POST03230,2026-02-08 15:00:00,Instagram,Image,Community Campaign,Entertainment,19,229773,361030,298076,14786.0,672,3997,2362
POST03231,2026-02-08 18:00:00,YouTube,Reel,Special Campaign,Brand,21,235863,175585,148661,12852.0,500,713,1301
POST03232,2026-02-08 21:00:00,Facebook,Image,Seasonal Campaign,Entertainment,10,405537,280052,227628,7868.0,428,2406,5227
POST03233,2026-02-09 00:00:00,Instagram,Video,Special Campaign,Entertainment,11,398449,670241,588551,36477.0,2027,8368,7929
POST03234,2026-02-09 03:00:00,Instagram,Image,Community Campaign,Event,23,256381,284569,213921,14274.0,630,2574,3248
POST03235,2026-02-09 06:00:00,Instagram,Reel,Community Campaign,Event,1,278469,626865,472609,14803.0,231,4488,2569
POST03236,2026-02-09 09:00:00,Instagram,Image,Seasonal Campaign,Education,18,140759,78589,66876,4473.0,66,800,781
POST03237,2026-02-09 12:00:00,Instagram,Carousel,Product Launch,Entertainment,4,90148,106514,71608,4791.0,145,775,1612
POST03238,2026-02-09 15:00:00,LinkedIn,Video,Special Campaign,Promotional,10,466125,523016,296826,23576.0,580,1030,6768
POST03239,2026-02-09 18:00:00,Facebook,Carousel,Seasonal Campaign,Entertainment,22,464400,314917,255854,6416.0,106,647,4877
POST03240,2026-02-09 21:00:00,YouTube,Reel,Seasonal Campaign,Entertainment,18,473770,830516,530787,21573.0,874,5699,7963
POST03241,2026-02-10 00:00:00,YouTube,Carousel,Special Campaign,Education,6,128169,86042,61604,4884.0,215,790,1446
POST03242,2026-02-10 03:00:00,YouTube,Carousel,Brand Awareness,Promotional,20,51528,56600,35893,1034.0,46,263,796
POST03243,2026-02-10 06:00:00,YouTube,Reel,Seasonal Campaign,Entertainment,21,423499,712332,597989,44988.0,844,10163,12928
POST03244,2026-02-10 09:00:00,Facebook,Image,Brand Awareness,Community,5,418169,259713,229950,13858.0,350,1737,5150
POST03245,2026-02-10 12:00:00,Facebook,Reel,Event Promotion,Community,10,145728,97841,55696,2452.0,48,169,722
POST03246,2026-02-10 15:00:00,Instagram,Carousel,Special Campaign,Promotional,13,106234,195029,123195,8010.0,320,1896,1793
POST03247,2026-02-10 18:00:00,YouTube,Reel,Seasonal Campaign,Community,3,204887,414233,255311,7943.0,304,2776,3147
POST03248,2026-02-10 21:00:00,YouTube,Image,Product Launch,Event,7,341265,481902,378592,17011.0,598,3561,7299
POST03249,2026-02-11 00:00:00,LinkedIn,Text,Seasonal Campaign,Event,8,190891,169339,118543,3562.0,88,408,1899
POST03250,2026-02-11 03:00:00,Facebook,Video,Community Campaign,Promotional,1,261921,193683,137455,9689.0,211,967,623
POST03251,2026-02-11 06:00:00,YouTube,Text,Educational Series,Entertainment,10,304160,165057,99855,5492.0,299,621,599
POST03252,2026-02-11 09:00:00,Instagram,Text,Product Launch,Promotional,19,426464,205040,142535,2942.0,36,1403,1030
POST03253,2026-02-11 12:00:00,Facebook,Reel,Seasonal Campaign,Community,21,140184,228280,149781,9155.0,392,647,2658
POST03254,2026-02-11 15:00:00,Instagram,Carousel,Product Launch,Promotional,6,430492,679523,519099,24740.0,271,6619,2811
POST03255,2026-02-11 18:00:00,Instagram,Image,Special Campaign,Community,3,116544,142640,89297,3168.0,62,766,1330
POST03256,2026-02-11 21:00:00,Instagram,Video,Brand Awareness,Event,23,248821,511539,391421,22926.0,561,3990,8414
POST03257,2026-02-12 00:00:00,Facebook,Reel,Event Promotion,Promotional,13,168427,211854,144529,13686.0,743,2516,3446
POST03258,2026-02-12 03:00:00,Instagram,Text,Event Promotion,Brand,23,495238,280679,188392,11080.0,187,499,2340
POST03259,2026-02-12 06:00:00,Instagram,Carousel,Special Campaign,Community,0,493891,421214,276714,5860.0,333,4323,4077
POST03260,2026-02-12 09:00:00,LinkedIn,Video,Special Campaign,Brand,23,199348,120983,95073,7340.0,372,1495,2024
POST03261,2026-02-12 12:00:00,Instagram,Reel,Product Launch,Event,11,340595,429131,320494,23708.0,1042,2597,7559
POST03262,2026-02-12 15:00:00,YouTube,Reel,Special Campaign,Entertainment,18,41529,52230,44296,4587.0,140,453,512
POST03263,2026-02-12 18:00:00,YouTube,Video,Product Launch,Community,4,187086,320258,203224,6193.0,342,567,2188
POST03264,2026-02-12 21:00:00,Instagram,Reel,Special Campaign,Entertainment,7,140542,151554,85482,7632.0,277,984,1104
POST03265,2026-02-13 00:00:00,Facebook,Video,Seasonal Campaign,Event,10,302240,399982,245472,22397.0,639,2686,2107
POST03266,2026-02-13 03:00:00,Instagram,Reel,Special Campaign,Entertainment,21,115653,178836,119851,11642.0,457,2188,2626
POST03267,2026-02-13 06:00:00,YouTube,Carousel,Festival Campaign,Community,3,459949,796680,488268,27497.0,594,3610,4882
POST03268,2026-02-13 09:00:00,YouTube,Image,Community Campaign,Education,14,23417,29594,17141,611.0,14,145,220
POST03269,2026-02-13 12:00:00,Facebook,Carousel,Brand Awareness,Community,19,91981,127684,90128,5526.0,309,1100,904
POST03270,2026-02-13 15:00:00,Facebook,Carousel,Community Campaign,Community,11,90953,72400,56973,2295.0,114,592,319
POST03271,2026-02-13 18:00:00,Instagram,Reel,Educational Series,Brand,19,35494,34498,28048,1631.0,58,146,458
POST03272,2026-02-13 21:00:00,Instagram,Reel,Educational Series,Education,21,393814,617971,426124,25894.0,798,2345,6787
POST03273,2026-02-14 00:00:00,Facebook,Reel,Event Promotion,Education,22,400983,292862,210074,10409.0,524,1037,1993
POST03274,2026-02-14 03:00:00,YouTube,Image,Brand Awareness,Education,20,426518,419065,341292,12443.0,479,1483,1259
POST03275,2026-02-14 06:00:00,Facebook,Image,Community Campaign,Community,9,75669,47191,31780,584.0,17,179,750
POST03276,2026-02-14 09:00:00,Facebook,Carousel,Event Promotion,Event,23,449643,421108,347274,13792.0,493,4235,3758
POST03277,2026-02-14 12:00:00,Facebook,Image,Educational Series,Education,15,475486,558318,496111,21583.0,466,1246,7368
POST03278,2026-02-14 15:00:00,YouTube,Image,Product Launch,Promotional,22,340407,265906,228192,6239.0,125,2601,1406
POST03279,2026-02-14 18:00:00,Instagram,Image,Brand Awareness,Entertainment,7,322418,520030,368575,22667.0,1347,1795,3142
POST03280,2026-02-14 21:00:00,Facebook,Reel,Brand Awareness,Event,19,401384,342507,257850,17517.0,1024,3343,3242
POST03281,2026-02-15 00:00:00,YouTube,Reel,Special Campaign,Promotional,7,442019,447586,358404,31511.0,978,4279,5508
POST03282,2026-02-15 03:00:00,Instagram,Text,Special Campaign,Community,5,180236,169477,113931,2365.0,84,341,2482
POST03283,2026-02-15 06:00:00,LinkedIn,Video,Community Campaign,Community,2,58441,75293,62473,5190.0,266,429,586
POST03284,2026-02-15 09:00:00,LinkedIn,Reel,Special Campaign,Promotional,7,83327,108282,76113,7667.0,354,578,1688
POST03285,2026-02-15 12:00:00,YouTube,Image,Special Campaign,Brand,22,382605,463450,392261,14526.0,217,3569,5133
POST03286,2026-02-15 15:00:00,Instagram,Video,Seasonal Campaign,Brand,9,266341,300164,191851,8526.0,244,2820,2401
POST03287,2026-02-15 18:00:00,Instagram,Image,Festival Campaign,Promotional,4,119099,67209,37232,1970.0,44,501,436
POST03288,2026-02-15 21:00:00,Facebook,Reel,Community Campaign,Brand,10,96925,75043,57891,4376.0,260,244,1302
POST03289,2026-02-16 00:00:00,LinkedIn,Reel,Special Campaign,Entertainment,3,333179,294347,208445,7248.0,343,3848,1776
POST03290,2026-02-16 03:00:00,Instagram,Image,Product Launch,Entertainment,16,392007,623063,355730,24205.0,299,2977,7776
POST03291,2026-02-16 06:00:00,Instagram,Text,Seasonal Campaign,Community,2,295634,377761,272238,9952.0,547,1355,1350
POST03292,2026-02-16 09:00:00,LinkedIn,Carousel,Seasonal Campaign,Brand,17,26044,15327,9334,645.0,36,55,224
POST03293,2026-02-16 12:00:00,Instagram,Reel,Seasonal Campaign,Education,7,454985,869918,670195,36208.0,965,4110,9427
POST03294,2026-02-16 15:00:00,YouTube,Reel,Product Launch,Promotional,23,309653,477792,337209,15646.0,658,4051,8422
POST03295,2026-02-16 18:00:00,LinkedIn,Video,Event Promotion,Entertainment,11,47844,25254,15402,493.0,21,264,252
POST03296,2026-02-16 21:00:00,Instagram,Video,Brand Awareness,Brand,20,344356,432254,300061,13132.0,610,1572,1676
POST03297,2026-02-17 00:00:00,Facebook,Carousel,Event Promotion,Brand,15,434820,405182,255851,21385.0,955,2060,1110
POST03298,2026-02-17 03:00:00,Instagram,Carousel,Product Launch,Entertainment,13,440776,648444,504868,31529.0,1197,2465,3662
POST03299,2026-02-17 06:00:00,Instagram,Reel,Festival Campaign,Entertainment,20,479324,594386,388312,34411.0,1985,2162,4762
POST03300,2026-02-17 09:00:00,Facebook,Video,Brand Awareness,Education,15,152278,235806,197536,18373.0,654,3145,3839
POST03301,2026-02-17 12:00:00,YouTube,Video,Product Launch,Brand,3,396731,498484,276637,8212.0,127,1794,834
POST03302,2026-02-17 15:00:00,LinkedIn,Reel,Festival Campaign,Brand,0,360776,280853,194124,7540.0,105,1318,1681
POST03303,2026-02-17 18:00:00,YouTube,Carousel,Community Campaign,Event,0,180622,170321,130462,10366.0,113,1894,2077
POST03304,2026-02-17 21:00:00,Instagram,Reel,Educational Series,Community,21,72232,141064,78701,5511.0,173,718,751
POST03305,2026-02-18 00:00:00,Instagram,Reel,Seasonal Campaign,Education,14,317372,564555,353154,26669.0,631,970,3832
POST03306,2026-02-18 03:00:00,Instagram,Reel,Special Campaign,Entertainment,19,275693,534237,355052,21074.0,1154,5250,3414
POST03307,2026-02-18 06:00:00,Instagram,Reel,Product Launch,Entertainment,19,105925,130928,73011,6536.0,348,827,1750
POST03308,2026-02-18 09:00:00,Instagram,Reel,Educational Series,Promotional,2,319837,412552,305842,20291.0,1052,4796,1360
POST03309,2026-02-18 12:00:00,Instagram,Image,Event Promotion,Community,13,104533,101235,78032,4885.0,260,661,1792
POST03310,2026-02-18 15:00:00,YouTube,Image,Educational Series,Entertainment,8,382163,260523,164033,11741.0,292,969,1658
POST03311,2026-02-18 18:00:00,Facebook,Image,Product Launch,Brand,18,263815,254514,188396,9970.0,312,485,1587
POST03312,2026-02-18 21:00:00,Facebook,Reel,Educational Series,Entertainment,7,107165,103986,93555,6291.0,160,1612,2098
POST03313,2026-02-19 00:00:00,Facebook,Reel,Seasonal Campaign,Brand,1,54337,52527,45195,2462.0,35,275,421
POST03314,2026-02-19 03:00:00,Instagram,Carousel,Brand Awareness,Brand,3,37060,35925,20496,681.0,38,314,506
POST03315,2026-02-19 06:00:00,Instagram,Image,Product Launch,Education,0,262608,270237,160725,8592.0,350,751,2420
POST03316,2026-02-19 09:00:00,Facebook,Reel,Festival Campaign,Entertainment,10,456009,678638,490683,15155.0,251,8134,6614
POST03317,2026-02-19 12:00:00,YouTube,Video,Educational Series,Education,4,231213,407629,259178,24065.0,488,3811,6345
POST03318,2026-02-19 15:00:00,Instagram,Carousel,Brand Awareness,Community,1,186353,306304,177147,10946.0,356,1490,1415
POST03319,2026-02-19 18:00:00,Facebook,Video,Seasonal Campaign,Brand,12,192832,233498,149227,13889.0,174,1293,3431
POST03320,2026-02-19 21:00:00,Facebook,Image,Event Promotion,Community,16,488085,308541,176304,5765.0,136,1768,2823
POST03321,2026-02-20 00:00:00,YouTube,Reel,Event Promotion,Entertainment,16,68993,121830,89602,8944.0,404,1033,1757
POST03322,2026-02-20 03:00:00,Instagram,Carousel,Seasonal Campaign,Community,17,99459,67591,48772,2905.0,162,523,770
POST03323,2026-02-20 06:00:00,Facebook,Reel,Educational Series,Community,20,448015,680462,375760,33518.0,1891,3963,6241
POST03324,2026-02-20 09:00:00,YouTube,Image,Event Promotion,Entertainment,8,463876,587928,422650,11691.0,420,3515,2708
POST03325,2026-02-20 12:00:00,Facebook,Reel,Festival Campaign,Education,5,389750,533529,390506,25386.0,650,2263,2474
POST03326,2026-02-20 15:00:00,Facebook,Video,Product Launch,Education,19,483081,311954,237707,15442.0,865,775,2790
POST03327,2026-02-20 18:00:00,Facebook,Reel,Brand Awareness,Brand,2,397744,696803,619830,35108.0,1731,5339,6582
POST03328,2026-02-20 21:00:00,YouTube,Text,Community Campaign,Brand,7,287466,297969,266367,7030.0,276,1609,4971
POST03329,2026-02-21 00:00:00,Instagram,Video,Educational Series,Entertainment,2,250431,445296,327036,29153.0,1508,5407,6181
POST03330,2026-02-21 03:00:00,Facebook,Image,Event Promotion,Entertainment,0,273390,124897,105639,2386.0,78,701,1627
POST03331,2026-02-21 06:00:00,Facebook,Carousel,Product Launch,Event,19,190947,162166,94025,2886.0,45,754,1113
POST03332,2026-02-21 09:00:00,Facebook,Carousel,Community Campaign,Event,12,58438,32370,23821,981.0,55,269,426
POST03333,2026-02-21 12:00:00,Instagram,Video,Festival Campaign,Promotional,20,196221,243293,191621,17288.0,634,1078,3472
POST03334,2026-02-21 15:00:00,Instagram,Image,Event Promotion,Brand,4,99369,114882,85892,4162.0,186,1030,1786
POST03335,2026-02-21 18:00:00,LinkedIn,Video,Event Promotion,Community,15,300278,397483,250713,12753.0,377,2274,5229
POST03336,2026-02-21 21:00:00,Facebook,Image,Brand Awareness,Promotional,20,289719,183733,105082,4176.0,70,1333,476
POST03337,2026-02-22 00:00:00,LinkedIn,Text,Festival Campaign,Promotional,23,96899,65314,44761,2358.0,55,185,502
POST03338,2026-02-22 03:00:00,Facebook,Image,Festival Campaign,Education,15,370451,199438,154898,3012.0,36,1122,1895
POST03339,2026-02-22 06:00:00,YouTube,Image,Educational Series,Community,23,114265,96602,86661,1612.0,23,944,1874
POST03340,2026-02-22 09:00:00,Facebook,Video,Community Campaign,Education,11,186852,292052,184806,5048.0,102,2046,2594
POST03341,2026-02-22 12:00:00,LinkedIn,Video,Brand Awareness,Event,12,301956,361663,315090,18206.0,692,4006,4333
POST03342,2026-02-22 15:00:00,YouTube,Image,Educational Series,Promotional,3,64522,66802,38337,1893.0,112,194,582
POST03343,2026-02-22 18:00:00,Facebook,Reel,Brand Awareness,Event,8,108383,95321,83486,6237.0,325,680,484
POST03344,2026-02-22 21:00:00,Instagram,Image,Festival Campaign,Community,15,483890,459735,386788,22233.0,317,2993,5970
POST03345,2026-02-23 00:00:00,YouTube,Text,Brand Awareness,Community,0,307076,166365,92720,2182.0,113,322,1403
POST03346,2026-02-23 03:00:00,Facebook,Video,Brand Awareness,Brand,4,272020,250732,164070,7036.0,259,717,3215
POST03347,2026-02-23 06:00:00,Instagram,Video,Brand Awareness,Entertainment,20,238247,223216,126749,5264.0,226,1972,2148
POST03348,2026-02-23 09:00:00,Instagram,Reel,Special Campaign,Education,4,68966,139358,125202,4712.0,77,1965,3006
POST03349,2026-02-23 12:00:00,Instagram,Image,Product Launch,Brand,23,65580,41133,28782,897.0,26,365,137
POST03350,2026-02-23 15:00:00,Instagram,Carousel,Product Launch,Brand,18,262788,228271,178453,10646.0,577,1803,3564
POST03351,2026-02-23 18:00:00,Instagram,Video,Community Campaign,Education,8,207771,356385,225223,11347.0,354,2017,4399
POST03352,2026-02-23 21:00:00,YouTube,Reel,Community Campaign,Education,7,191162,383394,336162,28875.0,472,1459,3000
POST03353,2026-02-24 00:00:00,LinkedIn,Video,Seasonal Campaign,Community,18,390257,548704,354441,22195.0,567,5553,6510
POST03354,2026-02-24 03:00:00,YouTube,Image,Festival Campaign,Community,17,308343,407833,261451,7699.0,162,1866,4576
POST03355,2026-02-24 06:00:00,Instagram,Reel,Brand Awareness,Promotional,14,123528,137103,90503,5652.0,250,1093,866
POST03356,2026-02-24 09:00:00,Instagram,Reel,Festival Campaign,Event,3,486703,596556,424671,30696.0,1705,3354,8036
POST03357,2026-02-24 12:00:00,Facebook,Reel,Product Launch,Community,14,164909,264477,147177,13770.0,642,1685,3454
POST03358,2026-02-24 15:00:00,Instagram,Image,Special Campaign,Brand,12,195231,292940,222412,14016.0,731,2434,2160
POST03359,2026-02-24 18:00:00,Facebook,Reel,Brand Awareness,Promotional,17,32688,43624,24476,1450.0,72,358,601
POST03360,2026-02-24 21:00:00,Facebook,Reel,Educational Series,Promotional,19,423003,402681,297468,22761.0,244,5744,2360
POST03361,2026-02-25 00:00:00,Facebook,Video,Product Launch,Brand,4,447973,350306,248808,11306.0,183,2520,1483
POST03362,2026-02-25 03:00:00,Instagram,Reel,Product Launch,Community,17,276738,583795,370646,27937.0,870,4281,1740
POST03363,2026-02-25 06:00:00,Facebook,Reel,Product Launch,Brand,7,110640,91294,60748,5904.0,92,212,467
POST03364,2026-02-25 09:00:00,Instagram,Image,Seasonal Campaign,Entertainment,0,219212,275055,219213,11338.0,530,1393,2309
POST03365,2026-02-25 12:00:00,LinkedIn,Image,Brand Awareness,Community,18,80539,85123,47103,1620.0,21,592,901
POST03366,2026-02-25 15:00:00,Facebook,Video,Community Campaign,Event,22,268167,349076,230678,16232.0,500,1814,1057
POST03367,2026-02-25 18:00:00,Instagram,Image,Event Promotion,Brand,16,151135,123671,97465,6505.0,192,1049,1380
POST03368,2026-02-25 21:00:00,Instagram,Video,Educational Series,Community,1,359832,405461,244612,8284.0,307,4317,3525
POST03369,2026-02-26 00:00:00,Instagram,Carousel,Educational Series,Education,18,104732,78239,58376,3000.0,124,223,467
POST03370,2026-02-26 03:00:00,Facebook,Reel,Festival Campaign,Entertainment,15,456997,634265,386347,19719.0,1130,3185,1545
POST03371,2026-02-26 06:00:00,Instagram,Reel,Brand Awareness,Event,17,253403,402596,243235,10905.0,256,2582,1934
POST03372,2026-02-26 09:00:00,YouTube,Image,Community Campaign,Community,1,166031,116123,95255,3752.0,162,436,768
POST03373,2026-02-26 12:00:00,Instagram,Image,Product Launch,Education,5,249477,196059,126121,4953.0,58,245,2287
POST03374,2026-02-26 15:00:00,Facebook,Carousel,Event Promotion,Community,6,182352,87716,59780,2047.0,20,507,486
POST03375,2026-02-26 18:00:00,Facebook,Image,Brand Awareness,Education,5,457474,547834,441283,17561.0,197,3564,4627
POST03376,2026-02-26 21:00:00,Facebook,Image,Brand Awareness,Event,5,277046,298016,182633,9537.0,309,1665,738
POST03377,2026-02-27 00:00:00,Facebook,Reel,Seasonal Campaign,Entertainment,8,178539,186783,137492,3850.0,145,2279,2299
POST03378,2026-02-27 03:00:00,Instagram,Reel,Community Campaign,Education,7,429272,968394,843700,87035.0,897,5801,11331
POST03379,2026-02-27 06:00:00,Instagram,Image,Event Promotion,Promotional,23,23135,29411,21877,743.0,22,55,231
POST03380,2026-02-27 09:00:00,Facebook,Image,Product Launch,Event,21,299708,303809,172288,8903.0,107,491,3181
POST03381,2026-02-27 12:00:00,Instagram,Image,Brand Awareness,Event,20,345402,440163,332936,11090.0,473,2536,5995
POST03382,2026-02-27 15:00:00,YouTube,Reel,Educational Series,Brand,8,123813,222528,129411,7337.0,304,2353,1321
POST03383,2026-02-27 18:00:00,Instagram,Carousel,Special Campaign,Entertainment,11,477876,403988,262084,14572.0,717,4064,4876
POST03384,2026-02-27 21:00:00,Instagram,Video,Educational Series,Promotional,17,309606,473651,401365,27314.0,1019,2247,4278
POST03385,2026-02-28 00:00:00,Instagram,Reel,Event Promotion,Promotional,22,76682,161417,89404,7697.0,316,462,704
POST03386,2026-02-28 03:00:00,LinkedIn,Image,Special Campaign,Brand,5,22728,8501,4904,297.0,7,29,92
POST03387,2026-02-28 06:00:00,Instagram,Text,Product Launch,Education,22,158703,89048,60301,2312.0,32,363,1146
POST03388,2026-02-28 09:00:00,YouTube,Reel,Event Promotion,Education,3,424100,452202,406886,12982.0,608,6614,8970
POST03389,2026-02-28 12:00:00,Instagram,Image,Brand Awareness,Promotional,6,307118,263600,171907,8272.0,335,1867,2410
POST03390,2026-02-28 15:00:00,Facebook,Reel,Seasonal Campaign,Entertainment,17,397236,317297,191979,12142.0,691,3492,1557
POST03391,2026-02-28 18:00:00,Instagram,Carousel,Seasonal Campaign,Education,19,383321,543034,403092,13934.0,828,5567,8630
POST03392,2026-02-28 21:00:00,LinkedIn,Reel,Educational Series,Event,4,395939,326958,239248,6410.0,335,2396,1637
POST03393,2026-03-01 00:00:00,LinkedIn,Text,Seasonal Campaign,Community,17,449252,177391,125480,3666.0,217,211,2967
POST03394,2026-03-01 03:00:00,Instagram,Carousel,Festival Campaign,Brand,9,104614,185307,163316,6099.0,258,870,1591
POST03395,2026-03-01 06:00:00,LinkedIn,Video,Event Promotion,Entertainment,7,161346,185101,119955,7049.0,102,1429,409
POST03396,2026-03-01 09:00:00,LinkedIn,Carousel,Seasonal Campaign,Education,0,432067,270771,176722,12190.0,176,1580,1256
POST03397,2026-03-01 12:00:00,Facebook,Image,Festival Campaign,Community,14,343960,239868,143702,5993.0,301,662,1742
POST03398,2026-03-01 15:00:00,Facebook,Image,Festival Campaign,Promotional,2,68526,68871,54687,3794.0,82,182,230
POST03399,2026-03-01 18:00:00,Instagram,Video,Community Campaign,Brand,14,73467,136568,90473,3612.0,47,522,1086
POST03400,2026-03-01 21:00:00,YouTube,Text,Educational Series,Education,13,398753,222528,184911,4612.0,155,745,1380
POST03401,2026-03-02 00:00:00,Instagram,Image,Event Promotion,Promotional,0,482711,748927,666631,33758.0,868,7964,2277
POST03402,2026-03-02 03:00:00,Instagram,Text,Festival Campaign,Education,20,239832,277424,156824,8677.0,341,1321,1502
POST03403,2026-03-02 06:00:00,LinkedIn,Image,Brand Awareness,Brand,7,406564,397174,356500,19350.0,774,2945,2844
POST03404,2026-03-02 09:00:00,Instagram,Image,Seasonal Campaign,Event,6,361574,251426,160645,8735.0,384,328,1965
POST03405,2026-03-02 12:00:00,Facebook,Image,Community Campaign,Event,8,46965,24474,17059,1049.0,40,194,336
POST03406,2026-03-02 15:00:00,Facebook,Reel,Product Launch,Community,17,181630,171146,140717,10998.0,319,1679,2000
POST03407,2026-03-02 18:00:00,LinkedIn,Reel,Seasonal Campaign,Promotional,11,79807,46865,36689,3126.0,34,484,730
POST03408,2026-03-02 21:00:00,LinkedIn,Reel,Seasonal Campaign,Event,7,273383,168051,138214,12931.0,714,512,1438
POST03409,2026-03-03 00:00:00,Instagram,Image,Seasonal Campaign,Brand,7,334664,232478,165807,3055.0,80,1879,545
POST03410,2026-03-03 03:00:00,Instagram,Image,Community Campaign,Promotional,5,457161,598617,521170,34305.0,1212,6011,12136
POST03411,2026-03-03 06:00:00,YouTube,Image,Product Launch,Education,2,494442,259546,214509,6354.0,240,2603,2128
POST03412,2026-03-03 09:00:00,Instagram,Text,Educational Series,Entertainment,1,208096,109233,71900,4029.0,103,478,1049
POST03413,2026-03-03 12:00:00,Instagram,Image,Event Promotion,Education,13,150030,234004,206384,6681.0,169,1322,2749
POST03414,2026-03-03 15:00:00,Instagram,Image,Event Promotion,Brand,7,118983,75000,66477,2830.0,65,176,1052
POST03415,2026-03-03 18:00:00,Facebook,Reel,Product Launch,Community,5,142194,172599,120002,11861.0,262,705,2696
POST03416,2026-03-03 21:00:00,YouTube,Reel,Special Campaign,Promotional,3,102667,167745,130536,4511.0,51,837,2882
POST03417,2026-03-04 00:00:00,Instagram,Video,Seasonal Campaign,Education,4,430921,905095,755907,58704.0,3398,2553,18582
POST03418,2026-03-04 03:00:00,Facebook,Image,Brand Awareness,Promotional,20,208151,236009,197316,7733.0,307,711,2885
POST03419,2026-03-04 06:00:00,Instagram,Video,Product Launch,Event,12,466116,631392,350386,9017.0,138,5688,8161
POST03420,2026-03-04 09:00:00,Instagram,Reel,Product Launch,Entertainment,8,149335,335970,258748,25681.0,1016,3057,3522
POST03421,2026-03-04 12:00:00,Facebook,Image,Event Promotion,Brand,12,461926,348816,310723,7570.0,163,3338,1235
POST03422,2026-03-04 15:00:00,Facebook,Reel,Festival Campaign,Education,8,65110,89122,56233,4857.0,124,407,349
POST03423,2026-03-04 18:00:00,Facebook,Reel,Brand Awareness,Entertainment,23,413176,367206,304216,17027.0,852,1482,3147
POST03424,2026-03-04 21:00:00,Instagram,Reel,Event Promotion,Brand,23,286933,508779,374963,33456.0,1816,3340,7109
POST03425,2026-03-05 00:00:00,Facebook,Reel,Community Campaign,Brand,15,282677,343362,215464,18211.0,819,3447,1032
POST03426,2026-03-05 03:00:00,Facebook,Reel,Product Launch,Community,11,333114,431380,244964,18468.0,1045,1867,2683
POST03427,2026-03-05 06:00:00,YouTube,Reel,Special Campaign,Event,1,48776,82489,67308,6680.0,369,407,1656
POST03428,2026-03-05 09:00:00,Facebook,Text,Festival Campaign,Community,18,461518,209797,138626,2696.0,101,238,2812
POST03429,2026-03-05 12:00:00,LinkedIn,Reel,Brand Awareness,Community,15,300869,250718,170853,15084.0,835,2245,2662
POST03430,2026-03-05 15:00:00,YouTube,Reel,Educational Series,Promotional,23,84367,149146,107359,8408.0,313,1069,467
POST03431,2026-03-05 18:00:00,YouTube,Reel,Brand Awareness,Promotional,12,354374,336396,244734,12370.0,188,1706,812
POST03432,2026-03-05 21:00:00,LinkedIn,Image,Brand Awareness,Entertainment,4,90542,55036,34241,1625.0,83,269,182
POST03433,2026-03-06 00:00:00,Facebook,Reel,Seasonal Campaign,Event,22,112534,153584,120521,9193.0,152,1740,1228
POST03434,2026-03-06 03:00:00,YouTube,Video,Product Launch,Brand,23,384993,730600,578919,44583.0,1150,3624,9459
POST03435,2026-03-06 06:00:00,Facebook,Text,Product Launch,Event,5,455644,176939,106128,2485.0,72,789,779
POST03436,2026-03-06 09:00:00,Instagram,Reel,Educational Series,Event,20,272987,432912,318847,10829.0,545,2230,1315
POST03437,2026-03-06 12:00:00,Instagram,Image,Educational Series,Entertainment,23,115623,72664,55460,1303.0,18,740,277
POST03438,2026-03-06 15:00:00,YouTube,Reel,Educational Series,Promotional,16,123211,154895,95289,4661.0,150,1427,1180
POST03439,2026-03-06 18:00:00,LinkedIn,Carousel,Event Promotion,Event,16,240970,136708,117987,3623.0,115,1218,2360
POST03440,2026-03-06 21:00:00,LinkedIn,Image,Event Promotion,Event,16,286629,237212,170552,8003.0,312,650,3592
POST03441,2026-03-07 00:00:00,Instagram,Reel,Product Launch,Event,2,86771,170263,100499,6038.0,167,1257,945
POST03442,2026-03-07 03:00:00,YouTube,Reel,Product Launch,Education,12,194746,208125,138827,13280.0,516,2238,2442
POST03443,2026-03-07 06:00:00,Instagram,Carousel,Educational Series,Event,11,259276,396235,284075,18804.0,1114,3454,3306
POST03444,2026-03-07 09:00:00,LinkedIn,Image,Event Promotion,Event,5,117519,80113,44346,1291.0,17,483,1081
POST03445,2026-03-07 12:00:00,LinkedIn,Reel,Festival Campaign,Brand,21,247024,201305,112966,3340.0,179,900,1345
POST03446,2026-03-07 15:00:00,Facebook,Carousel,Event Promotion,Community,20,348825,337353,192099,12616.0,320,1264,2249
POST03447,2026-03-07 18:00:00,Facebook,Image,Product Launch,Education,12,437020,311384,229909,14639.0,487,1863,3226
POST03448,2026-03-07 21:00:00,Facebook,Video,Event Promotion,Event,13,198316,156351,104384,7773.0,365,704,371
POST03449,2026-03-08 00:00:00,YouTube,Reel,Product Launch,Community,6,283619,509745,439699,33512.0,1859,1983,5361
POST03450,2026-03-08 03:00:00,Instagram,Video,Educational Series,Event,4,146803,274291,204547,8580.0,89,1962,4342
POST03451,2026-03-08 06:00:00,INSTAGRAM,Carousel,Seasonal Campaign,Entertainment,13,72073,108243,88322,4606.0,198,187,1454
POST03452,2026-03-08 09:00:00,Facebook,Reel,Educational Series,Entertainment,17,30047,31011,24514,2023.0,27,378,596
POST03453,2026-03-08 12:00:00,Facebook,Carousel,Educational Series,Community,3,408248,258300,189104,6274.0,227,2332,1921
POST03454,2026-03-08 15:00:00,Instagram,Image,Festival Campaign,Education,0,490908,710660,576098,25194.0,1196,4757,3775
POST03455,2026-03-08 18:00:00,LinkedIn,Text,Seasonal Campaign,Brand,6,378101,188127,139335,2823.0,52,1224,2718
POST03456,2026-03-08 21:00:00,Instagram,Reel,Festival Campaign,Education,19,375635,731355,500912,33759.0,1626,6589,1983
POST03457,2026-03-09 00:00:00,YouTube,Carousel,Product Launch,Education,12,107599,163728,115024,6571.0,167,1336,748
POST03458,2026-03-09 03:00:00,Facebook,Image,Brand Awareness,Entertainment,3,68444,70305,59300,2781.0,112,151,839
POST03459,2026-03-09 06:00:00,Facebook,Text,Community Campaign,Entertainment,12,207920,124880,93303,3370.0,144,941,1826
POST03460,2026-03-09 09:00:00,Facebook,Reel,Festival Campaign,Brand,3,172871,290851,198375,14247.0,604,2674,3217
POST03461,2026-03-09 12:00:00,Instagram,Text,Product Launch,Event,2,369002,385292,236149,14134.0,154,1760,5877
POST03462,2026-03-09 15:00:00,Instagram,Text,Seasonal Campaign,Brand,7,215928,209055,151225,6504.0,114,797,2632
POST03463,2026-03-09 18:00:00,Facebook,Reel,Event Promotion,Event,19,231540,324515,207151,17545.0,926,637,3925
POST03464,2026-03-09 21:00:00,YouTube,Video,Seasonal Campaign,Community,7,394041,283331,250592,9480.0,540,4125,6231
POST03465,2026-03-10 00:00:00,Instagram,Text,Educational Series,Community,16,457455,366633,264651,10281.0,392,2940,4243
POST03466,2026-03-10 03:00:00,Facebook,Reel,Educational Series,Promotional,14,385495,622969,344584,9160.0,365,5600,6451
POST03467,2026-03-10 06:00:00,YouTube,Image,Educational Series,Entertainment,3,77895,50979,29695,584.0,27,371,283
POST03468,2026-03-10 09:00:00,Facebook,Image,Product Launch,Promotional,5,390644,289336,187927,6655.0,201,604,2782
POST03469,2026-03-10 12:00:00,Facebook,Reel,Educational Series,Promotional,23,454159,481018,280076,17475.0,461,1337,6459
POST03470,2026-03-10 15:00:00,Instagram,Reel,Festival Campaign,Entertainment,21,82559,110251,95134,6744.0,326,1661,2071
POST03471,2026-03-10 18:00:00,Instagram,Reel,Event Promotion,Promotional,5,437219,724589,615192,58605.0,668,2197,5990
POST03472,2026-03-10 21:00:00,Facebook,Reel,Educational Series,Education,9,173573,303848,270364,23304.0,1264,1128,2935
POST03473,2026-03-11 00:00:00,Facebook,Image,Product Launch,Event,3,313236,191774,152894,5228.0,167,1736,3305
POST03474,2026-03-11 03:00:00,Facebook,Reel,Event Promotion,Brand,8,231591,326496,253332,21277.0,749,3043,2346
POST03475,2026-03-11 06:00:00,Facebook,Video,Educational Series,Entertainment,15,311912,423774,370049,23518.0,981,3149,8336
POST03476,2026-03-11 09:00:00,Facebook,Carousel,Brand Awareness,Education,6,316748,324619,286066,20049.0,475,2761,5727
POST03477,2026-03-11 12:00:00,LinkedIn,Reel,Special Campaign,Community,13,369968,229888,197041,11440.0,456,3438,1251
POST03478,2026-03-11 15:00:00,YouTube,Carousel,Educational Series,Brand,5,328904,407377,346887,9292.0,414,4313,6533
POST03479,2026-03-11 18:00:00,YouTube,Carousel,Community Campaign,Brand,0,26476,44446,34894,2092.0,33,402,745
POST03480,2026-03-11 21:00:00,YouTube,Text,Seasonal Campaign,Brand,17,411560,285910,157411,6306.0,227,1735,972
POST03481,2026-03-12 00:00:00,Instagram,Reel,Festival Campaign,Promotional,11,265445,471938,330512,33177.0,878,3771,4317
POST03482,2026-03-12 03:00:00,YouTube,Reel,Event Promotion,Promotional,21,118138,246546,190452,7360.0,278,515,4185
POST03483,2026-03-12 06:00:00,Instagram,Text,Festival Campaign,Promotional,14,273033,318954,236502,10530.0,116,1344,1743
POST03484,2026-03-12 09:00:00,LinkedIn,Text,Brand Awareness,Promotional,0,127620,90991,76195,2768.0,130,186,981
POST03485,2026-03-12 12:00:00,YouTube,Carousel,Brand Awareness,Education,14,136070,231207,193431,8679.0,159,713,3187
POST03486,2026-03-12 15:00:00,YouTube,Video,Community Campaign,Promotional,14,95498,84531,64204,5213.0,231,409,329
POST03487,2026-03-12 18:00:00,Instagram,Reel,Festival Campaign,Entertainment,15,48439,96175,53636,4785.0,231,485,411
POST03488,2026-03-12 21:00:00,Instagram,Image,Event Promotion,Brand,20,23400,22917,15566,880.0,41,115,206
POST03489,2026-03-13 00:00:00,Instagram,Reel,Brand Awareness,Education,0,109976,147617,93011,3024.0,153,508,1043
POST03490,2026-03-13 03:00:00,YouTube,Reel,Special Campaign,Community,2,263305,384309,256939,13596.0,345,2021,2606
POST03491,2026-03-13 06:00:00,Instagram,Video,Brand Awareness,Promotional,11,411562,316327,242323,6631.0,386,1626,867
POST03492,2026-03-13 09:00:00,Facebook,Reel,Educational Series,Community,6,44610,42408,24310,1283.0,14,213,569
POST03493,2026-03-13 12:00:00,LinkedIn,Image,Community Campaign,Brand,4,71356,34227,19091,1011.0,34,58,423
POST03494,2026-03-13 15:00:00,LinkedIn,Text,Seasonal Campaign,Education,0,180647,69226,48659,1865.0,43,261,566
POST03495,2026-03-13 18:00:00,Facebook,Reel,Product Launch,Brand,0,301872,295740,244799,19786.0,929,2929,1711
POST03496,2026-03-13 21:00:00,Instagram,Text,Seasonal Campaign,Community,14,137702,161391,90499,3603.0,181,221,408
POST03497,2026-03-14 00:00:00,LinkedIn,Text,Special Campaign,Education,7,311211,130916,110907,4437.0,226,729,633
POST03498,2026-03-14 03:00:00,LinkedIn,Image,Seasonal Campaign,Event,10,327406,243138,166393,7586.0,188,1771,2702
POST03499,2026-03-14 06:00:00,Instagram,Reel,Special Campaign,Education,13,283772,552760,326892,17788.0,421,895,6258
POST03500,2026-03-14 09:00:00,Facebook,Reel,Brand Awareness,Promotional,22,387212,335688,251304,15287.0,670,855,1618
POST03501,2026-03-14 12:00:00,Instagram,Image,Event Promotion,Community,12,95057,146210,129151,3108.0,175,937,707
POST03502,2026-03-14 15:00:00,Facebook,Reel,Event Promotion,Brand,18,124049,198329,146739,13366.0,303,2545,2671
POST03503,2026-03-14 18:00:00,LinkedIn,Reel,Educational Series,Brand,11,438596,342642,270797,25822.0,1433,5270,3892
POST03504,2026-03-14 21:00:00,Instagram,Text,Special Campaign,Brand,21,79853,107056,89471,4427.0,175,215,1000
POST03505,2026-03-15 00:00:00,LinkedIn,Reel,Event Promotion,Entertainment,18,442139,537613,446094,31904.0,1496,1298,8453
POST03506,2026-03-15 03:00:00,Facebook,Carousel,Educational Series,Entertainment,3,316202,234895,135203,7687.0,245,706,1761
POST03507,2026-03-15 06:00:00,LinkedIn,Reel,Brand Awareness,Promotional,3,338306,415534,336311,21081.0,1061,3531,4450
POST03508,2026-03-15 09:00:00,YouTube,Image,Brand Awareness,Event,2,376560,434770,383600,11697.0,684,3256,1283
POST03509,2026-03-15 12:00:00,Facebook,Text,Seasonal Campaign,Entertainment,5,475610,355128,282407,9113.0,168,3104,2810
POST03510,2026-03-15 15:00:00,Instagram,Reel,Brand Awareness,Education,4,216150,408576,344329,35539.0,1040,6065,1071
POST03511,2026-03-15 18:00:00,Instagram,Reel,Brand Awareness,Community,10,170042,203807,146729,5483.0,291,1775,3422
POST03512,2026-03-15 21:00:00,Instagram,Carousel,Special Campaign,Promotional,8,321035,598255,395849,21846.0,411,2785,3747
POST03513,2026-03-16 00:00:00,LinkedIn,Carousel,Product Launch,Event,2,156002,177940,139982,10581.0,324,907,975
POST03514,2026-03-16 03:00:00,Facebook,Carousel,Community Campaign,Education,8,448534,528025,381376,18893.0,345,3781,1906
POST03515,2026-03-16 06:00:00,LinkedIn,Reel,Seasonal Campaign,Brand,11,332251,181859,157008,11498.0,487,2322,632
POST03516,2026-03-16 09:00:00,LinkedIn,Reel,Seasonal Campaign,Entertainment,2,344097,390206,347686,31489.0,690,3734,7820
POST03517,2026-03-16 12:00:00,Instagram,Text,Community Campaign,Education,19,258147,280305,234595,9299.0,270,1048,1573
POST03518,2026-03-16 15:00:00,Instagram,Text,Product Launch,Event,16,390577,475992,427173,20468.0,707,3194,7084
POST03519,2026-03-16 18:00:00,Instagram,Image,Brand Awareness,Promotional,20,69108,107936,72525,2665.0,66,603,1256
POST03520,2026-03-16 21:00:00,Instagram,Video,Event Promotion,Education,11,52574,107189,92559,,312,839,924
POST03521,2026-03-17 00:00:00,Instagram,Image,Educational Series,Promotional,17,267757,262007,174359,3524.0,54,1840,3719
POST03522,2026-03-17 03:00:00,YouTube,Image,Seasonal Campaign,Brand,3,125287,173213,102423,2689.0,145,522,789
POST03523,2026-03-17 06:00:00,Instagram,Reel,Community Campaign,Event,9,423073,330491,253645,19203.0,654,2738,1159
POST03524,2026-03-17 09:00:00,Instagram,Image,Festival Campaign,Event,17,436729,401613,284842,12032.0,464,3646,1284
POST03525,2026-03-17 12:00:00,Instagram,Image,Educational Series,Entertainment,7,120434,79846,69673,4370.0,179,714,669
POST03526,2026-03-17 15:00:00,Instagram,Reel,Festival Campaign,Community,8,43593,94055,67932,3578.0,46,622,896
POST03527,2026-03-17 18:00:00,LinkedIn,Image,Festival Campaign,Event,18,370363,380787,333063,19793.0,947,2727,5610
POST03528,2026-03-17 21:00:00,Facebook,Video,Special Campaign,Education,12,384188,313685,181159,6162.0,353,1580,3447
POST03529,2026-03-18 00:00:00,LinkedIn,Carousel,Seasonal Campaign,Education,5,432100,314802,264647,21065.0,758,962,1834
POST03530,2026-03-18 03:00:00,YouTube,Carousel,Brand Awareness,Education,21,341130,584655,476897,22586.0,667,3181,8606
POST03531,2026-03-18 06:00:00,Instagram,Text,Special Campaign,Brand,6,273211,262134,210229,5337.0,262,2079,1474
POST03532,2026-03-18 09:00:00,Facebook,Reel,Festival Campaign,Event,20,156379,182424,123008,10769.0,495,1278,3067
POST03533,2026-03-18 12:00:00,Instagram,Image,Brand Awareness,Event,5,295048,318790,262783,18180.0,773,2270,6332
POST03534,2026-03-18 15:00:00,Instagram,Video,Product Launch,Education,10,387215,666982,479662,43218.0,2518,2508,2519
POST03535,2026-03-18 18:00:00,Instagram,Image,Event Promotion,Entertainment,16,496633,780163,624381,19261.0,752,3726,10872
POST03536,2026-03-18 21:00:00,Instagram,Reel,Festival Campaign,Entertainment,18,376858,509486,378690,29695.0,665,6931,8661
POST03537,2026-03-19 00:00:00,Instagram,Reel,Seasonal Campaign,Event,11,473764,497142,300822,20652.0,232,2379,1436
POST03538,2026-03-19 03:00:00,Instagram,Video,Event Promotion,Event,20,426798,421001,241063,18370.0,600,1520,1380
POST03539,2026-03-19 06:00:00,Facebook,Image,Brand Awareness,Promotional,20,340109,143352,97216,4306.0,183,238,1033
POST03540,2026-03-19 09:00:00,Instagram,Video,Festival Campaign,Event,23,383592,582979,510967,29545.0,549,2001,2609
POST03541,2026-03-19 12:00:00,Instagram,Image,Educational Series,Education,12,259519,400553,294569,19343.0,218,2545,6622
POST03542,2026-03-19 15:00:00,Facebook,Carousel,Special Campaign,Community,17,259027,296937,246685,,1038,2740,5491
POST03543,2026-03-19 18:00:00,Instagram,Video,Seasonal Campaign,Brand,6,159097,342037,257069,20747.0,520,3189,6136
POST03544,2026-03-19 21:00:00,Instagram,Carousel,Product Launch,Event,22,200516,356117,315258,20620.0,686,2985,2367
POST03545,2026-03-20 00:00:00,LinkedIn,Image,Community Campaign,Event,4,192686,137604,93475,5106.0,74,705,373
POST03546,2026-03-20 03:00:00,Instagram,Image,Product Launch,Education,15,457160,487091,277626,5839.0,169,734,3548
POST03547,2026-03-20 06:00:00,Instagram,Video,Special Campaign,Promotional,21,212259,344885,283921,22136.0,690,4404,6351
POST03548,2026-03-20 09:00:00,YouTube,Image,Festival Campaign,Community,3,104724,63339,50475,2647.0,145,393,860
POST03549,2026-03-20 12:00:00,Instagram,Image,Special Campaign,Event,22,27604,33022,24259,832.0,44,81,605
POST03550,2026-03-20 15:00:00,YouTube,Reel,Seasonal Campaign,Entertainment,0,256515,353638,234899,21133.0,411,1150,5385
POST03551,2026-03-20 18:00:00,Facebook,Text,Product Launch,Entertainment,3,440506,339784,209270,10978.0,415,1360,2436
POST03552,2026-03-20 21:00:00,Instagram,Reel,Community Campaign,Entertainment,2,222811,370251,266135,26270.0,1223,1791,1029
POST03553,2026-03-21 00:00:00,YouTube,Carousel,Educational Series,Brand,3,201845,188928,147962,7006.0,172,2172,460
POST03554,2026-03-21 03:00:00,YouTube,Image,Event Promotion,Brand,0,290015,318054,239370,11434.0,339,1828,4110
POST03555,2026-03-21 06:00:00,Instagram,Image,Special Campaign,Community,11,231270,216305,152088,10177.0,602,2014,3520
POST03556,2026-03-21 09:00:00,Facebook,Carousel,Educational Series,Event,12,122318,80291,59326,2429.0,116,719,757
POST03557,2026-03-21 12:00:00,Instagram,Reel,Product Launch,Event,1,96981,177776,104493,9209.0,293,1703,2323
POST03558,2026-03-21 15:00:00,YouTube,Image,Community Campaign,Event,8,358718,286358,227237,16262.0,596,1442,3514
POST03559,2026-03-21 18:00:00,Instagram,Video,Event Promotion,Brand,6,131376,262777,212058,15043.0,621,952,1093
POST03560,2026-03-21 21:00:00,YouTube,Video,Seasonal Campaign,Community,12,393502,363249,201243,19083.0,666,2648,4138
POST03561,2026-03-22 00:00:00,Instagram,Reel,Community Campaign,Event,21,154577,265288,171026,11327.0,346,1621,2366
POST03562,2026-03-22 03:00:00,Facebook,Video,Educational Series,Education,1,454694,526204,306377,10729.0,300,5270,1263
POST03563,2026-03-22 06:00:00,Instagram,Carousel,Brand Awareness,Promotional,0,104605,91963,82709,2651.0,48,392,1730
POST03564,2026-03-22 09:00:00,YouTube,Video,Brand Awareness,Entertainment,17,427634,530544,401977,30815.0,1808,4893,7906
POST03565,2026-03-22 12:00:00,YouTube,Image,Event Promotion,Entertainment,6,298555,347453,247736,4471.0,65,2956,3235
POST03566,2026-03-22 15:00:00,Facebook,Image,Special Campaign,Education,17,380713,252415,179732,9659.0,386,1170,616
POST03567,2026-03-22 18:00:00,YouTube,Text,Event Promotion,Event,18,291642,147690,131100,2858.0,165,1415,1393
POST03568,2026-03-22 21:00:00,Facebook,Video,Event Promotion,Community,7,264108,318107,248425,23569.0,677,893,3122
POST03569,2026-03-23 00:00:00,Facebook,Image,Brand Awareness,Community,22,338401,198485,120883,3240.0,73,1047,802
POST03570,2026-03-23 03:00:00,LinkedIn,Reel,Educational Series,Brand,11,207130,254507,179899,12429.0,718,2831,1176
POST03571,2026-03-23 06:00:00,Instagram,Image,Special Campaign,Event,10,106995,154781,127070,6880.0,344,528,848
POST03572,2026-03-23 09:00:00,YouTube,Image,Event Promotion,Community,8,435419,268706,187603,11678.0,499,464,2092
POST03573,2026-03-23 12:00:00,Facebook,Reel,Brand Awareness,Event,3,113566,124582,82016,5070.0,205,323,1721
POST03574,2026-03-23 15:00:00,LinkedIn,Reel,Event Promotion,Entertainment,6,135498,133156,119431,11804.0,330,954,2353
POST03575,2026-03-23 18:00:00,LinkedIn,Video,Event Promotion,Entertainment,16,106596,115894,101693,5956.0,250,598,327
POST03576,2026-03-23 21:00:00,Instagram,Reel,Special Campaign,Brand,10,236382,307692,270629,12357.0,571,1727,869
POST03577,2026-03-24 00:00:00,Instagram,Carousel,Special Campaign,Entertainment,1,329061,380854,227021,13249.0,153,1897,1069
POST03578,2026-03-24 03:00:00,YouTube,Reel,Community Campaign,Event,22,261856,191717,121163,9368.0,148,488,1607
POST03579,2026-03-24 06:00:00,Facebook,Reel,Event Promotion,Education,17,145154,105706,74493,4884.0,125,1446,1680
POST03580,2026-03-24 09:00:00,YouTube,Reel,Brand Awareness,Brand,21,303074,463673,390062,32448.0,848,5600,2734
POST03581,2026-03-24 12:00:00,YouTube,Reel,Educational Series,Education,11,99029,101379,81903,4816.0,265,254,1104
POST03582,2026-03-24 15:00:00,Facebook,Video,Brand Awareness,Event,8,295782,205906,174481,4242.0,187,2302,679
POST03583,2026-03-24 18:00:00,Instagram,Video,Brand Awareness,Brand,10,287868,341743,298091,12831.0,367,4397,1027
POST03584,2026-03-24 21:00:00,LinkedIn,Reel,Event Promotion,Education,4,85738,59165,48708,4860.0,245,283,154
POST03585,2026-03-25 00:00:00,YouTube,Image,Community Campaign,Brand,6,118705,65765,42196,2498.0,65,490,810
POST03586,2026-03-25 03:00:00,Instagram,Image,Festival Campaign,Event,0,153099,129608,84233,2378.0,141,754,296
POST03587,2026-03-25 06:00:00,YouTube,Video,Seasonal Campaign,Community,23,165879,145468,97953,2820.0,138,1489,883
POST03588,2026-03-25 09:00:00,Facebook,Video,Festival Campaign,Brand,4,113962,159928,104924,5168.0,260,1424,1803
POST03589,2026-03-25 12:00:00,Instagram,Image,Festival Campaign,Community,5,83109,50502,32179,2032.0,46,323,534
POST03590,2026-03-25 15:00:00,Instagram,Carousel,Brand Awareness,Event,12,61849,97212,79069,2188.0,37,336,333
POST03591,2026-03-25 18:00:00,LinkedIn,Video,Event Promotion,Brand,10,282322,239263,134441,8486.0,250,984,1162
POST03592,2026-03-25 21:00:00,Instagram,Reel,Special Campaign,Brand,7,25817,47335,38101,1807.0,48,435,650
POST03593,2026-03-26 00:00:00,YouTube,Image,Seasonal Campaign,Community,19,92721,50733,42526,2433.0,117,132,494
POST03594,2026-03-26 03:00:00,YouTube,Text,Festival Campaign,Entertainment,1,276462,324035,185709,2789.0,52,1144,2460
POST03595,2026-03-26 06:00:00,YouTube,Carousel,Product Launch,Community,14,145762,213369,121971,4691.0,170,997,921
POST03596,2026-03-26 09:00:00,Facebook,Image,Product Launch,Community,9,23984,12436,8082,441.0,18,36,30
POST03597,2026-03-26 12:00:00,Instagram,Image,Product Launch,Community,7,346240,268781,167425,7956.0,232,692,1773
POST03598,2026-03-26 15:00:00,YouTube,Reel,Educational Series,Event,1,369085,603791,454894,39462.0,790,3084,8199
POST03599,2026-03-26 18:00:00,Instagram,Image,Event Promotion,Promotional,20,488988,750737,590385,,857,5242,11727
POST03600,2026-03-26 21:00:00,Facebook,Carousel,Brand Awareness,Community,14,369576,330331,254998,13885.0,235,1979,4089
POST03601,2026-03-27 00:00:00,Instagram,Image,Brand Awareness,Brand,5,252359,268631,181345,5181.0,130,1204,2112
POST03602,2026-03-27 03:00:00,YouTube,Carousel,Event Promotion,Education,4,427851,364597,264128,16183.0,774,1209,4180
POST03603,2026-03-27 06:00:00,Instagram,Video,Community Campaign,Entertainment,21,225150,286286,221584,7413.0,298,3253,4101
POST03604,2026-03-27 09:00:00,Instagram,Reel,Special Campaign,Community,21,129914,159298,94272,3544.0,164,1360,1849
POST03605,2026-03-27 12:00:00,Instagram,Image,Seasonal Campaign,Community,2,444558,408378,257412,9195.0,463,1755,1307
POST03606,2026-03-27 15:00:00,Instagram,Image,Community Campaign,Entertainment,10,336824,189377,163181,6478.0,354,565,3372
POST03607,2026-03-27 18:00:00,Facebook,Carousel,Special Campaign,Community,10,130326,66635,44633,2339.0,59,529,196
POST03608,2026-03-27 21:00:00,Instagram,Reel,Educational Series,Brand,15,411238,757447,628987,44843.0,1511,11189,13932
POST03609,2026-03-28 00:00:00,LinkedIn,Carousel,Event Promotion,Promotional,2,27988,27783,17721,895.0,39,80,206
POST03610,2026-03-28 03:00:00,LinkedIn,Video,Community Campaign,Community,8,52070,41500,23429,639.0,31,276,352
POST03611,2026-03-28 06:00:00,YouTube,Image,Seasonal Campaign,Entertainment,2,117491,161151,116857,4270.0,166,790,1096
POST03612,2026-03-28 09:00:00,Instagram,Text,Educational Series,Community,18,360276,248410,214221,3805.0,135,504,2653
POST03613,2026-03-28 12:00:00,Instagram,Text,Festival Campaign,Event,10,43659,35198,29451,598.0,26,252,635
POST03614,2026-03-28 15:00:00,Facebook,Reel,Festival Campaign,Brand,13,95952,138238,88268,2934.0,85,335,839
POST03615,2026-03-28 18:00:00,Instagram,Reel,Educational Series,Brand,1,278474,540230,469177,,983,6787,7230
POST03616,2026-03-28 21:00:00,Instagram,Text,Special Campaign,Promotional,6,432387,529695,380268,19614.0,404,1612,6554
POST03617,2026-03-29 00:00:00,YouTube,Text,Event Promotion,Event,9,335922,146621,83156,3595.0,194,583,517
POST03618,2026-03-29 03:00:00,Facebook,Reel,Festival Campaign,Event,9,118113,94490,52893,3466.0,146,280,1063
POST03619,2026-03-29 06:00:00,Facebook,Reel,Event Promotion,Promotional,19,468929,625771,450423,37437.0,1498,3994,11251
POST03620,2026-03-29 09:00:00,Instagram,Reel,Community Campaign,Education,0,261911,342472,253844,25632.0,858,1106,1627
POST03621,2026-03-29 12:00:00,Facebook,Text,Festival Campaign,Community,5,42736,15680,9062,306.0,5,54,180
POST03622,2026-03-29 15:00:00,Instagram,Reel,Seasonal Campaign,Event,20,221416,375275,327534,17902.0,953,2032,2042
POST03623,2026-03-29 18:00:00,Instagram,Image,Seasonal Campaign,Education,13,339925,327864,262742,18602.0,234,1050,6281
POST03624,2026-03-29 21:00:00,LinkedIn,Video,Community Campaign,Education,1,386336,320477,266139,21167.0,497,1083,3204
POST03625,2026-03-30 00:00:00,Instagram,Reel,Seasonal Campaign,Brand,5,222345,265126,200013,17324.0,268,3107,4911
POST03626,2026-03-30 03:00:00,Instagram,Carousel,Event Promotion,Community,0,216571,138076,108008,6350.0,97,1169,485
POST03627,2026-03-30 06:00:00,Instagram,Reel,Special Campaign,Brand,2,317270,337728,231597,15180.0,448,1216,4724
POST03628,2026-03-30 09:00:00,LinkedIn,Video,Event Promotion,Entertainment,3,146734,137235,108107,6880.0,123,1056,1450
POST03629,2026-03-30 12:00:00,Facebook,Reel,Special Campaign,Brand,12,274334,248988,222187,17077.0,667,3059,2081
POST03630,2026-03-30 15:00:00,Facebook,Carousel,Seasonal Campaign,Event,2,311796,404959,314531,14072.0,581,4430,6118
POST03631,2026-03-30 18:00:00,Facebook,Carousel,Product Launch,Event,14,25390,15427,10329,725.0,39,30,175
POST03632,2026-03-30 21:00:00,Instagram,Reel,Educational Series,Community,12,368280,790156,513469,49765.0,1243,4479,11739
POST03633,2026-03-31 00:00:00,YouTube,Reel,Special Campaign,Education,21,85942,111200,98653,6960.0,177,1283,835
POST03634,2026-03-31 03:00:00,Instagram,Image,Brand Awareness,Event,10,73492,61579,37855,1461.0,32,75,896
POST03635,2026-03-31 06:00:00,Instagram,Reel,Educational Series,Brand,3,380444,477341,397228,31879.0,1564,2667,6800
POST03636,2026-03-31 09:00:00,YouTube,Video,Seasonal Campaign,Brand,16,462433,506684,361185,13405.0,420,5063,4662
POST03637,2026-03-31 12:00:00,LinkedIn,Video,Event Promotion,Community,4,211405,204280,144081,13505.0,508,1145,600
POST03638,2026-03-31 15:00:00,Instagram,Image,Special Campaign,Brand,20,380675,351055,284929,15252.0,438,794,5651
POST03639,2026-03-31 18:00:00,Instagram,Carousel,Event Promotion,Promotional,23,393617,568965,342410,8648.0,154,3647,7493
POST03640,2026-03-31 21:00:00,Instagram,Carousel,Educational Series,Community,7,104104,121356,86551,4706.0,71,477,1801
POST03641,2026-04-01 00:00:00,Instagram,Video,Special Campaign,Community,20,95969,161915,91083,7106.0,379,1215,1747
POST03642,2026-04-01 03:00:00,LinkedIn,Image,Event Promotion,Event,23,245985,195604,153479,5065.0,117,1892,3733
POST03643,2026-04-01 06:00:00,YouTube,Reel,Community Campaign,Community,9,409777,436235,248842,7459.0,425,2866,5394
POST03644,2026-04-01 09:00:00,YouTube,Reel,Festival Campaign,Entertainment,6,472072,886204,514486,33006.0,1893,6547,12045
POST03645,2026-04-01 12:00:00,Facebook,Image,Event Promotion,Event,16,404583,425692,360003,22685.0,770,2814,6865
POST03646,2026-04-01 15:00:00,Instagram,Image,Special Campaign,Event,6,68481,110124,77641,2452.0,142,882,1633
POST03647,2026-04-01 18:00:00,YouTube,Image,Seasonal Campaign,Promotional,23,225729,150854,93580,5307.0,60,433,876
POST03648,2026-04-01 21:00:00,YouTube,Reel,Seasonal Campaign,Event,18,48612,93695,70965,4102.0,59,666,1257
POST03649,2026-04-02 00:00:00,YouTube,Carousel,Educational Series,Education,8,107743,170733,124933,3092.0,68,1788,939
POST03650,2026-04-02 03:00:00,LinkedIn,Reel,Educational Series,Brand,23,424011,503661,349449,17370.0,355,5182,1580
POST03651,2026-04-02 06:00:00,Facebook,Reel,Educational Series,Brand,1,299708,352897,305924,15444.0,349,2450,4816
POST03652,2026-04-02 09:00:00,Instagram,Image,Seasonal Campaign,Community,21,279005,439109,356692,23845.0,777,4116,7213
POST03653,2026-04-02 12:00:00,Facebook,Reel,Product Launch,Promotional,19,68603,118206,71285,7312.0,96,473,343
POST03654,2026-04-02 15:00:00,Instagram,Image,Special Campaign,Brand,18,455215,561295,420842,12342.0,466,3880,2940
POST03655,2026-04-02 18:00:00,Instagram,Image,Seasonal Campaign,Education,5,479853,445459,258838,10676.0,271,3362,1305
POST03656,2026-04-02 21:00:00,Instagram,Image,Community Campaign,Promotional,9,382547,544187,345900,24469.0,332,2948,5863
POST03657,2026-04-03 00:00:00,Instagram,Image,Seasonal Campaign,Entertainment,12,151585,96468,83777,3350.0,159,934,397
POST03658,2026-04-03 03:00:00,YouTube,Reel,Community Campaign,Brand,1,216087,244297,173873,9256.0,394,2613,878
POST03659,2026-04-03 06:00:00,Facebook,Reel,Seasonal Campaign,Event,9,278791,484566,417810,14444.0,717,7199,3681
POST03660,2026-04-03 09:00:00,LinkedIn,Video,Seasonal Campaign,Education,9,293468,370286,225170,17616.0,1003,3943,2014
POST03661,2026-04-03 12:00:00,YouTube,Image,Product Launch,Education,4,35491,50581,31454,1325.0,52,64,480
POST03662,2026-04-03 15:00:00,YouTube,Image,Community Campaign,Brand,21,361373,391672,263786,13845.0,683,560,978
POST03663,2026-04-03 18:00:00,Instagram,Reel,Product Launch,Community,3,232531,329256,223306,14686.0,293,2823,3692
POST03664,2026-04-03 21:00:00,Instagram,Image,Community Campaign,Entertainment,22,54600,87254,70749,1940.0,59,917,853
POST03665,2026-04-04 00:00:00,YouTube,Image,Product Launch,Event,1,84179,67455,51251,1410.0,51,383,355
POST03666,2026-04-04 03:00:00,YouTube,Image,Product Launch,Entertainment,6,278590,346800,257893,17729.0,657,2998,4480
POST03667,2026-04-04 06:00:00,Facebook,Carousel,Community Campaign,Entertainment,17,424088,424090,322661,24857.0,1141,4059,3308
POST03668,2026-04-04 09:00:00,Instagram,Reel,Product Launch,Brand,16,194130,220623,177881,13097.0,652,1960,3771
POST03669,2026-04-04 12:00:00,Instagram,Reel,Seasonal Campaign,Event,10,150047,121129,104472,2726.0,118,1177,2587
POST03670,2026-04-04 15:00:00,YouTube,Video,Community Campaign,Brand,20,485889,566822,394031,21749.0,268,3625,7935
POST03671,2026-04-04 18:00:00,Instagram,Text,Product Launch,Brand,17,31358,29567,24570,955.0,26,97,475
POST03672,2026-04-04 21:00:00,Instagram,Reel,Seasonal Campaign,Community,7,91343,97351,70412,4299.0,166,1204,761
POST03673,2026-04-05 00:00:00,Facebook,Image,Seasonal Campaign,Education,11,265258,196500,157735,10721.0,379,670,2328
POST03674,2026-04-05 03:00:00,Instagram,Reel,Educational Series,Community,23,46503,80901,69266,2021.0,24,1241,288
POST03675,2026-04-05 06:00:00,Facebook,Reel,Brand Awareness,Community,0,493611,701648,393817,30357.0,1792,3418,7483
POST03676,2026-04-05 09:00:00,Instagram,Reel,Community Campaign,Brand,19,475010,409590,303637,15327.0,885,925,5420
POST03677,2026-04-05 12:00:00,Instagram,Reel,Product Launch,Community,20,72268,131247,117634,8191.0,398,640,1049
POST03678,2026-04-05 15:00:00,Instagram,Carousel,Educational Series,Community,11,330049,231496,167528,10440.0,133,2382,2471
POST03679,2026-04-05 18:00:00,Facebook,Image,Brand Awareness,Promotional,5,344812,147521,125762,5257.0,165,415,2256
POST03680,2026-04-05 21:00:00,Instagram,Reel,Special Campaign,Event,2,173306,176384,108487,4076.0,124,1636,1203
POST03681,2026-04-06 00:00:00,Facebook,Reel,Special Campaign,Education,4,227687,307323,234026,15559.0,589,1331,4437
POST03682,2026-04-06 03:00:00,Instagram,Video,Product Launch,Event,13,469966,374122,319727,29150.0,373,3255,6563
POST03683,2026-04-06 06:00:00,Facebook,Reel,Special Campaign,Education,11,444191,270711,189778,12866.0,401,1151,1502
POST03684,2026-04-06 09:00:00,Instagram,Carousel,Brand Awareness,Promotional,12,483095,376151,270961,7788.0,372,1801,2608
POST03685,2026-04-06 12:00:00,Facebook,Reel,Community Campaign,Brand,12,483380,819896,474478,42838.0,2566,2234,5615
POST03686,2026-04-06 15:00:00,YouTube,Image,Seasonal Campaign,Education,16,108104,150611,85059,2549.0,101,706,696
POST03687,2026-04-06 18:00:00,LinkedIn,Reel,Seasonal Campaign,Education,23,310250,189229,135118,7414.0,422,1186,2710
POST03688,2026-04-06 21:00:00,Instagram,Reel,Brand Awareness,Education,14,225589,282947,239151,14215.0,851,2098,3726
POST03689,2026-04-07 00:00:00,Instagram,Reel,Special Campaign,Promotional,5,218850,494114,432825,22721.0,721,1407,4917
POST03690,2026-04-07 03:00:00,Instagram,Reel,Seasonal Campaign,Event,11,78438,73135,57083,3284.0,142,279,191
POST03691,2026-04-07 06:00:00,Facebook,Image,Special Campaign,Promotional,1,330541,159196,133603,8143.0,168,1346,1358
POST03692,2026-04-07 09:00:00,YouTube,Carousel,Festival Campaign,Education,3,201582,136437,110131,3862.0,130,670,2357
POST03693,2026-04-07 12:00:00,Facebook,Reel,Event Promotion,Community,19,449640,776742,617913,38738.0,539,6222,11961
POST03694,2026-04-07 15:00:00,Instagram,Reel,Seasonal Campaign,Education,20,462675,897242,734986,20256.0,232,11389,3294
POST03695,2026-04-07 18:00:00,Instagram,Image,Festival Campaign,Community,11,333419,257280,187005,8492.0,464,1309,3858
POST03696,2026-04-07 21:00:00,Instagram,Carousel,Community Campaign,Brand,2,74034,50927,36172,1014.0,53,187,251
POST03697,2026-04-08 00:00:00,LinkedIn,Text,Community Campaign,Promotional,16,219450,192928,116856,3236.0,82,801,2888
POST03698,2026-04-08 03:00:00,Facebook,Image,Brand Awareness,Community,5,167089,125257,105884,3763.0,123,1183,2340
POST03699,2026-04-08 06:00:00,LinkedIn,Image,Seasonal Campaign,Promotional,23,99372,78586,44449,997.0,34,391,1026
POST03700,2026-04-08 09:00:00,Instagram,Image,Special Campaign,Entertainment,16,99722,83919,54010,2023.0,72,362,1076
POST03701,2026-04-08 12:00:00,Facebook,Text,Seasonal Campaign,Event,16,54432,46234,33841,1266.0,21,92,630
POST03702,2026-04-08 15:00:00,Facebook,Video,Special Campaign,Entertainment,10,435973,328089,292018,16072.0,783,1833,2446
POST03703,2026-04-08 18:00:00,Instagram,Reel,Special Campaign,Community,22,329332,661161,545517,26115.0,715,10140,8674
POST03704,2026-04-08 21:00:00,Facebook,Reel,Seasonal Campaign,Entertainment,6,410305,350730,238157,11669.0,135,3725,4363
POST03705,2026-04-09 00:00:00,LinkedIn,Reel,Special Campaign,Event,1,51116,31785,25424,1917.0,84,103,237
POST03706,2026-04-09 03:00:00,LinkedIn,Image,Educational Series,Community,18,449932,317090,277764,15775.0,812,517,3267
POST03707,2026-04-09 06:00:00,Facebook,Carousel,Product Launch,Brand,1,340882,423031,312454,17910.0,1001,1404,7447
POST03708,2026-04-09 09:00:00,Instagram,Image,Event Promotion,Brand,21,302600,289180,205803,14553.0,636,2643,2464
POST03709,2026-04-09 12:00:00,Instagram,Reel,Seasonal Campaign,Event,12,154706,127639,94905,9462.0,185,1177,943
POST03710,2026-04-09 15:00:00,LinkedIn,Carousel,Product Launch,Event,23,69366,61373,40446,1100.0,43,547,216
POST03711,2026-04-09 18:00:00,Instagram,Video,Educational Series,Community,23,409078,695383,603294,25832.0,1435,5826,6340
POST03712,2026-04-09 21:00:00,Facebook,Reel,Special Campaign,Promotional,15,40856,59307,49168,4608.0,126,814,809
POST03713,2026-04-10 00:00:00,Facebook,Carousel,Special Campaign,Community,16,219067,186714,148796,3402.0,196,381,929
POST03714,2026-04-10 03:00:00,Facebook,Image,Community Campaign,Promotional,10,253082,122386,92546,4625.0,68,628,1510
POST03715,2026-04-10 06:00:00,LinkedIn,Video,Event Promotion,Promotional,8,80615,83916,74627,6919.0,321,618,1440
POST03716,2026-04-10 09:00:00,Instagram,Video,Festival Campaign,Promotional,23,365270,436332,285447,,332,5055,5680
POST03717,2026-04-10 12:00:00,Instagram,Image,Community Campaign,Community,8,94137,147102,95483,2192.0,109,507,2355
POST03718,2026-04-10 15:00:00,Instagram,Carousel,Community Campaign,Education,13,351149,443647,281604,19180.0,285,2193,3537
POST03719,2026-04-10 18:00:00,YouTube,Video,Special Campaign,Education,12,438007,562134,455115,23259.0,611,6479,1690
POST03720,2026-04-10 21:00:00,Instagram,Image,Brand Awareness,Brand,10,319759,279452,231679,15699.0,766,2804,5051
POST03721,2026-04-11 00:00:00,Instagram,Reel,Educational Series,Education,11,20348,26625,20208,976.0,32,352,97
POST03722,2026-04-11 03:00:00,Facebook,Video,Brand Awareness,Education,21,56419,61709,48021,2788.0,150,410,1054
POST03723,2026-04-11 06:00:00,LinkedIn,Reel,Brand Awareness,Promotional,2,416094,349074,234625,19763.0,594,4371,5776
POST03724,2026-04-11 09:00:00,Instagram,Image,Product Launch,Promotional,0,294001,442086,249298,7954.0,475,2354,5721
POST03725,2026-04-11 12:00:00,Instagram,Video,Community Campaign,Event,7,123053,166390,106285,3941.0,43,1666,2572
POST03726,2026-04-11 15:00:00,LinkedIn,Carousel,Special Campaign,Promotional,18,195101,129800,97934,2073.0,92,1443,344
POST03727,2026-04-11 18:00:00,Instagram,Image,Educational Series,Community,12,499130,353297,294835,13075.0,729,1336,958
POST03728,2026-04-11 21:00:00,Instagram,Reel,Brand Awareness,Event,6,391752,716462,588944,57971.0,2133,6499,4491
POST03729,2026-04-12 00:00:00,Instagram,Image,Special Campaign,Event,12,214286,121682,74569,2475.0,147,647,1534
POST03730,2026-04-12 03:00:00,YouTube,Reel,Special Campaign,Education,5,216610,294263,167143,4911.0,222,2701,830
POST03731,2026-04-12 06:00:00,Instagram,Reel,Special Campaign,Promotional,2,266877,437195,370608,27570.0,867,3476,7198
POST03732,2026-04-12 09:00:00,LinkedIn,Carousel,Festival Campaign,Education,5,307802,217129,125165,3071.0,109,622,410
POST03733,2026-04-12 12:00:00,YouTube,Reel,Event Promotion,Promotional,2,305411,545842,375353,24600.0,1325,5690,7163
POST03734,2026-04-12 15:00:00,YouTube,Image,Special Campaign,Education,12,393142,457579,266758,10297.0,595,2328,2267
POST03735,2026-04-12 18:00:00,Instagram,Image,Seasonal Campaign,Education,12,362033,575310,429996,18779.0,709,5293,5456
POST03736,2026-04-12 21:00:00,YouTube,Text,Educational Series,Education,12,218125,181530,122926,2743.0,69,969,3009
POST03737,2026-04-13 00:00:00,Facebook,Image,Product Launch,Community,0,205070,172387,107030,2447.0,53,213,1620
POST03738,2026-04-13 03:00:00,Facebook,Reel,Educational Series,Brand,7,259463,226415,171692,14494.0,490,3251,796
POST03739,2026-04-13 06:00:00,Facebook,Reel,Community Campaign,Education,4,498715,516676,349886,15801.0,392,4416,7770
POST03740,2026-04-13 09:00:00,YouTube,Image,Product Launch,Entertainment,19,145513,75898,46174,2826.0,87,405,467
POST03741,2026-04-13 12:00:00,LinkedIn,Image,Event Promotion,Entertainment,16,491927,421226,334887,19743.0,1021,4165,5317
POST03742,2026-04-13 15:00:00,Facebook,Image,Special Campaign,Entertainment,8,464747,305531,257526,7394.0,248,2463,4805
POST03743,2026-04-13 18:00:00,Facebook,Image,Festival Campaign,Community,12,143892,121257,78308,5250.0,220,580,1574
POST03744,2026-04-13 21:00:00,Instagram,Reel,Brand Awareness,Event,12,335560,395218,243157,9380.0,136,1073,3043
POST03745,2026-04-14 00:00:00,Instagram,Image,Educational Series,Education,4,268583,325178,187412,11440.0,550,2447,3749
POST03746,2026-04-14 03:00:00,Instagram,Image,Product Launch,Entertainment,13,443583,453958,333552,13578.0,463,906,1858
POST03747,2026-04-14 06:00:00,Facebook,Reel,Special Campaign,Community,10,168304,193343,162592,6548.0,183,890,2368
POST03748,2026-04-14 09:00:00,YouTube,Reel,Event Promotion,Event,13,79048,163070,104002,10314.0,418,1710,362
POST03749,2026-04-14 12:00:00,YouTube,Reel,Brand Awareness,Entertainment,6,212509,366537,260689,26364.0,398,2838,3112
POST03750,2026-04-14 15:00:00,LinkedIn,Reel,Seasonal Campaign,Promotional,23,69357,54956,33318,2195.0,67,187,367
POST03751,2026-04-14 18:00:00,LinkedIn,Carousel,Event Promotion,Brand,16,177540,149718,103525,5234.0,264,621,2538
POST03752,2026-04-14 21:00:00,LinkedIn,Reel,Festival Campaign,Education,3,217128,218287,121237,11670.0,269,2351,1424
POST03753,2026-04-15 00:00:00,Instagram,Reel,Brand Awareness,Brand,9,269336,544134,472719,34271.0,1909,5894,10851
POST03754,2026-04-15 03:00:00,Facebook,Reel,Brand Awareness,Brand,9,41497,64736,50934,2381.0,95,478,640
POST03755,2026-04-15 06:00:00,Instagram,Text,Seasonal Campaign,Promotional,14,396153,279326,186166,6354.0,235,1869,2743
POST03756,2026-04-15 09:00:00,Instagram,Video,Special Campaign,Promotional,19,26258,49954,42881,3610.0,108,423,459
POST03757,2026-04-15 12:00:00,Instagram,Reel,Brand Awareness,Promotional,11,338103,358396,220064,20476.0,964,1717,3758
POST03758,2026-04-15 15:00:00,Instagram,Reel,Product Launch,Event,8,54902,108152,62463,6200.0,236,335,1203
POST03759,2026-04-15 18:00:00,YouTube,Reel,Brand Awareness,Entertainment,2,35454,37962,33403,1619.0,80,507,681
POST03760,2026-04-15 21:00:00,Facebook,Image,Event Promotion,Education,14,57606,37232,24504,1340.0,35,215,447
POST03761,2026-04-16 00:00:00,Instagram,Reel,Product Launch,Promotional,11,464843,980748,860695,26969.0,1216,3581,8829
POST03762,2026-04-16 03:00:00,Facebook,Carousel,Brand Awareness,Community,14,337113,293109,226621,15122.0,864,2306,2328
POST03763,2026-04-16 06:00:00,YouTube,Image,Event Promotion,Education,0,106465,157106,140298,6792.0,162,514,1494
POST03764,2026-04-16 09:00:00,Instagram,Video,Event Promotion,Education,14,414001,388663,316255,13277.0,784,5602,1211
POST03765,2026-04-16 12:00:00,YouTube,Reel,Educational Series,Education,10,355823,490177,287694,22170.0,676,2010,6831
POST03766,2026-04-16 15:00:00,Instagram,Video,Event Promotion,Promotional,4,109628,194559,165040,5567.0,66,2188,1205
POST03767,2026-04-16 18:00:00,YouTube,Video,Seasonal Campaign,Promotional,6,461034,307548,185069,8889.0,247,2338,1203
POST03768,2026-04-16 21:00:00,YouTube,Reel,Community Campaign,Entertainment,11,400929,373727,296092,16957.0,296,4229,4486
POST03769,2026-04-17 00:00:00,Instagram,Image,Festival Campaign,Promotional,19,270957,152273,110419,6621.0,166,754,446
POST03770,2026-04-17 03:00:00,Instagram,Reel,Brand Awareness,Promotional,5,33635,78332,62485,3129.0,46,240,1339
POST03771,2026-04-17 06:00:00,YouTube,Reel,Seasonal Campaign,Education,21,96518,173992,142281,4243.0,80,2726,3169
POST03772,2026-04-17 09:00:00,LinkedIn,Reel,Brand Awareness,Entertainment,2,33409,30352,25231,1011.0,16,147,296
POST03773,2026-04-17 12:00:00,Instagram,Image,Brand Awareness,Brand,9,199828,141635,119291,6064.0,73,1289,2907
POST03774,2026-04-17 15:00:00,Facebook,Image,Event Promotion,Promotional,20,38541,18430,15601,293.0,7,53,158
POST03775,2026-04-17 18:00:00,Facebook,Text,Event Promotion,Community,21,78022,54345,37737,1911.0,109,160,329
POST03776,2026-04-17 21:00:00,LinkedIn,Reel,Brand Awareness,Promotional,3,89064,136706,117735,11336.0,651,1420,2916
POST03777,2026-04-18 00:00:00,Facebook,Text,Community Campaign,Brand,12,187399,148581,119140,4443.0,232,659,1013
POST03778,2026-04-18 03:00:00,YouTube,Reel,Product Launch,Education,18,460104,569216,480213,38990.0,413,9025,6134
POST03779,2026-04-18 06:00:00,Facebook,Video,Product Launch,Entertainment,4,241126,260637,233587,13387.0,152,3649,3845
POST03780,2026-04-18 09:00:00,LinkedIn,Reel,Festival Campaign,Education,22,44946,70064,41389,2072.0,21,752,417
POST03781,2026-04-18 12:00:00,Instagram,Reel,Educational Series,Event,21,117616,186924,127052,4937.0,139,1706,1455
POST03782,2026-04-18 15:00:00,Instagram,Video,Special Campaign,Promotional,17,383385,808348,672781,41246.0,2434,3912,12686
POST03783,2026-04-18 18:00:00,Instagram,Reel,Seasonal Campaign,Community,0,149622,120524,69928,6890.0,377,794,1322
POST03784,2026-04-18 21:00:00,Facebook,Carousel,Festival Campaign,Event,20,437772,505105,373410,28778.0,648,4686,7721
POST03785,2026-04-19 00:00:00,Facebook,Image,Special Campaign,Promotional,20,385589,352043,299391,20256.0,618,765,4808
POST03786,2026-04-19 03:00:00,Instagram,Image,Brand Awareness,Event,15,397553,508929,283293,19883.0,1018,3370,2305
POST03787,2026-04-19 06:00:00,YouTube,Image,Seasonal Campaign,Brand,15,147280,156096,137182,3694.0,177,1260,1416
POST03788,2026-04-19 09:00:00,YouTube,Carousel,Brand Awareness,Promotional,15,397755,249998,223085,6744.0,112,2671,5089
POST03789,2026-04-19 12:00:00,Instagram,Reel,Brand Awareness,Community,21,41775,42331,28056,1665.0,25,402,537
POST03790,2026-04-19 15:00:00,LinkedIn,Carousel,Educational Series,Promotional,18,240649,287501,235284,15158.0,563,3216,1161
POST03791,2026-04-19 18:00:00,Instagram,Video,Event Promotion,Event,15,414051,436994,259798,14459.0,218,978,5086
POST03792,2026-04-19 21:00:00,Instagram,Reel,Educational Series,Entertainment,0,464861,1082652,888318,84926.0,4352,7970,9126
POST03793,2026-04-20 00:00:00,YouTube,Reel,Festival Campaign,Event,19,448963,757315,544155,44597.0,1010,6036,1910
POST03794,2026-04-20 03:00:00,Facebook,Carousel,Event Promotion,Promotional,19,194357,173447,147619,8995.0,174,1411,2013
POST03795,2026-04-20 06:00:00,Instagram,Image,Event Promotion,Promotional,9,458100,702566,438690,9579.0,184,5627,9841
POST03796,2026-04-20 09:00:00,Facebook,Image,Festival Campaign,Entertainment,1,429320,450330,353702,9715.0,119,812,4518
POST03797,2026-04-20 12:00:00,YouTube,Reel,Event Promotion,Education,13,34927,46397,38284,2273.0,95,660,947
POST03798,2026-04-20 15:00:00,Instagram,Image,Seasonal Campaign,Entertainment,7,155593,95546,59321,4195.0,76,489,410
POST03799,2026-04-20 18:00:00,Instagram,Reel,Product Launch,Education,5,326230,696355,582431,30335.0,657,6973,6243
POST03800,2026-04-20 21:00:00,YouTube,Image,Festival Campaign,Community,2,165352,207085,183331,9536.0,453,1017,617
POST03801,2026-04-21 00:00:00,Instagram,Video,Special Campaign,Promotional,15,83266,154763,118490,11280.0,145,1474,486
POST03802,2026-04-21 03:00:00,LinkedIn,Reel,Festival Campaign,Brand,16,181825,235400,194133,9045.0,182,2625,2095
POST03803,2026-04-21 06:00:00,Facebook,Image,Product Launch,Brand,11,202600,127305,93747,2531.0,44,376,1371
POST03804,2026-04-21 09:00:00,LinkedIn,Text,Educational Series,Event,18,462821,377341,286528,11342.0,116,2321,2354
POST03805,2026-04-21 12:00:00,Instagram,Carousel,Educational Series,Entertainment,23,482211,305149,169258,9439.0,348,971,1127
POST03806,2026-04-21 15:00:00,LinkedIn,Video,Educational Series,Entertainment,19,114971,81374,59687,5394.0,105,784,731
POST03807,2026-04-21 18:00:00,YouTube,Image,Event Promotion,Brand,2,179149,96936,72842,1415.0,58,652,492
POST03808,2026-04-21 21:00:00,Instagram,Video,Product Launch,Education,12,269307,236790,185765,9907.0,347,2520,3135
POST03809,2026-04-22 00:00:00,Instagram,Reel,Seasonal Campaign,Entertainment,15,217756,350698,213675,10761.0,466,626,5131
POST03810,2026-04-22 03:00:00,Instagram,Reel,Festival Campaign,Education,10,397354,333030,211301,14905.0,880,997,4383
POST03811,2026-04-22 06:00:00,Facebook,Reel,Festival Campaign,Education,19,450561,359194,292600,7820.0,164,4915,2263
POST03812,2026-04-22 09:00:00,YouTube,Image,Festival Campaign,Education,15,444252,322266,196154,11062.0,478,1226,4692
POST03813,2026-04-22 12:00:00,Instagram,Video,Event Promotion,Education,19,200345,333311,231854,13660.0,705,3582,4526
POST03814,2026-04-22 15:00:00,Facebook,Reel,Event Promotion,Event,1,433218,491061,313135,25255.0,1461,1145,2007
POST03815,2026-04-22 18:00:00,Instagram,Carousel,Community Campaign,Event,3,475236,573894,425148,20922.0,860,5357,6695
POST03816,2026-04-22 21:00:00,YouTube,Carousel,Seasonal Campaign,Brand,3,330584,484318,433660,22062.0,364,1406,10521
POST03817,2026-04-23 00:00:00,Instagram,Image,Educational Series,Event,16,452614,467667,396681,26323.0,334,2887,2034
POST03818,2026-04-23 03:00:00,Facebook,Image,Special Campaign,Community,0,253098,173948,112077,3293.0,78,1431,1004
POST03819,2026-04-23 06:00:00,Facebook,Image,Community Campaign,Entertainment,0,399915,473733,321671,9567.0,539,871,3612
POST03820,2026-04-23 09:00:00,YouTube,Reel,Community Campaign,Community,4,210588,153067,133401,9289.0,342,1137,739
POST03821,2026-04-23 12:00:00,Instagram,Reel,Event Promotion,Event,21,91466,114919,99336,7698.0,299,1128,951
POST03822,2026-04-23 15:00:00,Instagram,Text,Educational Series,Entertainment,11,361068,360509,218535,6766.0,274,2244,3984
POST03823,2026-04-23 18:00:00,Facebook,Reel,Educational Series,Entertainment,5,141411,212241,178334,11863.0,315,1466,2407
POST03824,2026-04-23 21:00:00,Instagram,Reel,Festival Campaign,Education,5,73965,151894,99363,4349.0,82,1613,1218
POST03825,2026-04-24 00:00:00,Instagram,Video,Event Promotion,Brand,16,39691,31210,23105,780.0,45,314,288
POST03826,2026-04-24 03:00:00,Instagram,Reel,Educational Series,Education,21,351322,662679,365655,16302.0,778,2848,7207
POST03827,2026-04-24 06:00:00,YouTube,Carousel,Special Campaign,Education,12,39201,55249,49696,3912.0,139,335,1232
POST03828,2026-04-24 09:00:00,YouTube,Reel,Community Campaign,Community,7,289565,295684,241391,21373.0,616,1406,3850
POST03829,2026-04-24 12:00:00,Facebook,Image,Product Launch,Event,23,125351,62217,39483,1009.0,34,391,771
POST03830,2026-04-24 15:00:00,Instagram,Reel,Product Launch,Community,11,426770,831992,656714,19459.0,227,7957,7352
POST03831,2026-04-24 18:00:00,Instagram,Reel,Event Promotion,Event,14,472044,551923,360216,11983.0,268,1879,7901
POST03832,2026-04-24 21:00:00,Facebook,Image,Festival Campaign,Community,18,470836,191326,111219,3764.0,84,1007,1362
POST03833,2026-04-25 00:00:00,Facebook,Carousel,Festival Campaign,Entertainment,20,353268,241556,168813,12174.0,392,1503,3979
POST03834,2026-04-25 03:00:00,Instagram,Image,Educational Series,Event,19,109307,62693,47947,1695.0,36,138,928
POST03835,2026-04-25 06:00:00,YouTube,Text,Special Campaign,Event,16,373504,230854,134223,3134.0,60,1449,2491
POST03836,2026-04-25 09:00:00,Instagram,Reel,Seasonal Campaign,Community,8,264636,344722,252144,,692,4212,2365
POST03837,2026-04-25 12:00:00,LinkedIn,Image,Event Promotion,Promotional,20,94852,52681,38467,950.0,51,101,789
POST03838,2026-04-25 15:00:00,Instagram,Image,Seasonal Campaign,Entertainment,17,342389,525064,404312,17543.0,234,5133,2149
POST03839,2026-04-25 18:00:00,LinkedIn,Text,Product Launch,Entertainment,1,390297,171543,109037,4950.0,101,1138,1617
POST03840,2026-04-25 21:00:00,Facebook,Reel,Community Campaign,Promotional,10,259321,293555,163576,8959.0,436,541,3137
POST03841,2026-04-26 00:00:00,YouTube,Image,Educational Series,Community,22,65562,94596,62783,1718.0,87,261,1408
POST03842,2026-04-26 03:00:00,Instagram,Video,Community Campaign,Community,19,179306,356110,245539,13904.0,486,3279,3813
POST03843,2026-04-26 06:00:00,YouTube,Reel,Seasonal Campaign,Entertainment,16,367466,425246,328506,28078.0,1256,6042,2852
POST03844,2026-04-26 09:00:00,YouTube,Video,Educational Series,Community,20,253708,276787,242343,7152.0,99,3693,5252
POST03845,2026-04-26 12:00:00,Instagram,Reel,Brand Awareness,Brand,17,428545,730923,454038,14317.0,751,3343,9033
POST03846,2026-04-26 15:00:00,Facebook,Carousel,Community Campaign,Brand,14,428914,574693,454333,18646.0,962,1161,2897
POST03847,2026-04-26 18:00:00,LinkedIn,Text,Event Promotion,Promotional,6,241935,74032,43241,1456.0,65,264,959
POST03848,2026-04-26 21:00:00,YouTube,Carousel,Community Campaign,Event,15,198681,204950,126396,4378.0,244,424,3048
POST03849,2026-04-27 00:00:00,Facebook,Image,Community Campaign,Brand,0,298692,326565,237803,4626.0,57,1110,3526
POST03850,2026-04-27 03:00:00,Instagram,Reel,Educational Series,Community,17,452973,643372,513367,22139.0,477,6888,1973
POST03851,2026-04-27 06:00:00,YouTube,Text,Product Launch,Promotional,21,275644,277448,235969,8162.0,229,1492,5461
POST03852,2026-04-27 09:00:00,Instagram,Image,Seasonal Campaign,Brand,7,85234,109719,88912,1981.0,35,551,506
POST03853,2026-04-27 12:00:00,Facebook,Reel,Brand Awareness,Education,6,38340,31645,17574,1438.0,72,321,297
POST03854,2026-04-27 15:00:00,LinkedIn,Carousel,Community Campaign,Promotional,1,89396,71307,56288,3139.0,150,266,665
POST03855,2026-04-27 18:00:00,Facebook,Image,Special Campaign,Entertainment,11,366839,316806,265683,11015.0,536,1993,6595
POST03856,2026-04-27 21:00:00,Instagram,Reel,Seasonal Campaign,Brand,15,178937,339286,249014,16549.0,406,3060,5771
POST03857,2026-04-28 00:00:00,Instagram,Reel,Special Campaign,Entertainment,8,251144,518091,460043,35493.0,1708,3699,9320
POST03858,2026-04-28 03:00:00,YouTube,Reel,Seasonal Campaign,Promotional,19,210839,379869,209501,21703.0,350,3041,1546
POST03859,2026-04-28 06:00:00,YouTube,Image,Special Campaign,Brand,10,164815,86202,72110,4316.0,66,861,1325
POST03860,2026-04-28 09:00:00,Facebook,Carousel,Product Launch,Entertainment,14,222834,246510,164468,9052.0,354,1560,2563
POST03861,2026-04-28 12:00:00,Facebook,Image,Festival Campaign,Event,2,98254,79372,61724,3679.0,45,675,368
POST03862,2026-04-28 15:00:00,Facebook,Video,Brand Awareness,Event,22,130192,150992,119694,6968.0,396,401,2451
POST03863,2026-04-28 18:00:00,Instagram,Video,Brand Awareness,Education,20,255997,321806,211486,9809.0,259,1014,1036
POST03864,2026-04-28 21:00:00,Instagram,Carousel,Special Campaign,Community,12,463150,708468,636486,23870.0,808,5350,8653
POST03865,2026-04-29 00:00:00,Instagram,Reel,Special Campaign,Promotional,20,146658,268569,157418,8997.0,455,2859,1949
POST03866,2026-04-29 03:00:00,Instagram,Carousel,Special Campaign,Community,12,280464,381473,230775,4879.0,146,2159,4785
POST03867,2026-04-29 06:00:00,YouTube,Image,Seasonal Campaign,Community,1,208044,280441,241815,6663.0,210,1658,3000
POST03868,2026-04-29 09:00:00,Facebook,Image,Educational Series,Entertainment,5,307674,150003,88758,2204.0,60,782,1622
POST03869,2026-04-29 12:00:00,Facebook,Carousel,Community Campaign,Education,5,210408,159271,108853,8871.0,244,413,1471
POST03870,2026-04-29 15:00:00,Instagram,Image,Festival Campaign,Promotional,11,79003,84907,68485,1472.0,49,647,1082
POST03871,2026-04-29 18:00:00,Instagram,Text,Special Campaign,Event,3,315052,413582,342041,12841.0,735,826,2839
POST03872,2026-04-29 21:00:00,Instagram,Reel,Educational Series,Community,4,397551,354720,313620,30652.0,1741,3872,2337
POST03873,2026-04-30 00:00:00,Instagram,Carousel,Event Promotion,Entertainment,22,87186,91956,75987,4504.0,167,900,1414
POST03874,2026-04-30 03:00:00,Facebook,Reel,Product Launch,Community,7,60653,101186,85561,5529.0,181,817,486
POST03875,2026-04-30 06:00:00,Instagram,Text,Product Launch,Brand,5,412647,519172,458055,22185.0,1118,4755,3147
POST03876,2026-04-30 09:00:00,YouTube,Reel,Educational Series,Event,20,269333,525819,391099,20948.0,922,2021,9269
POST03877,2026-04-30 12:00:00,Instagram,Reel,Seasonal Campaign,Community,2,277426,349858,234475,9639.0,521,1287,2010
POST03878,2026-04-30 15:00:00,LinkedIn,Reel,Product Launch,Brand,22,198104,277486,226585,20865.0,970,2568,2291
POST03879,2026-04-30 18:00:00,YouTube,Image,Community Campaign,Brand,7,315927,314437,190938,4020.0,231,2424,3232
POST03880,2026-04-30 21:00:00,Instagram,Reel,Product Launch,Entertainment,18,73535,128454,73717,6561.0,356,678,935
POST03881,2026-05-01 00:00:00,YouTube,Image,Community Campaign,Entertainment,20,264066,193147,159320,3757.0,198,2013,2437
POST03882,2026-05-01 03:00:00,Facebook,Image,Event Promotion,Brand,10,388982,380193,335609,17378.0,513,3327,2074
POST03883,2026-05-01 06:00:00,LinkedIn,Reel,Special Campaign,Education,17,485044,417528,294297,18602.0,545,4657,5236
POST03884,2026-05-01 09:00:00,Instagram,Reel,Festival Campaign,Community,9,370417,487636,295700,30719.0,1445,5455,1905
POST03885,2026-05-01 12:00:00,LinkedIn,Video,Brand Awareness,Brand,19,211599,230927,167181,8681.0,123,1893,3251
POST03886,2026-05-01 15:00:00,LinkedIn,Carousel,Educational Series,Brand,11,276653,171928,118228,9613.0,251,1283,1716
POST03887,2026-05-01 18:00:00,LinkedIn,Carousel,Educational Series,Entertainment,19,307695,187241,127392,5915.0,334,1274,2669
POST03888,2026-05-01 21:00:00,Facebook,Carousel,Community Campaign,Community,7,325687,267505,205932,13168.0,428,2638,1400
POST03889,2026-05-02 00:00:00,Facebook,Reel,Event Promotion,Promotional,18,432720,647061,395456,30135.0,708,2855,4470
POST03890,2026-05-02 03:00:00,YouTube,Reel,Event Promotion,Event,20,429587,445179,304132,9958.0,336,4841,6578
POST03891,2026-05-02 06:00:00,Facebook,Reel,Seasonal Campaign,Entertainment,15,70975,106899,91295,7667.0,187,1338,1878
POST03892,2026-05-02 09:00:00,YouTube,Video,Brand Awareness,Community,20,237418,374692,301770,11776.0,570,3558,7316
POST03893,2026-05-02 12:00:00,Facebook,Text,Special Campaign,Community,17,311180,247661,141032,4580.0,240,264,1111
POST03894,2026-05-02 15:00:00,YouTube,Image,Festival Campaign,Education,8,363227,350517,255830,15410.0,757,2778,3801
POST03895,2026-05-02 18:00:00,Facebook,Reel,Educational Series,Event,3,73756,107513,62567,6235.0,108,302,212
POST03896,2026-05-02 21:00:00,Facebook,Reel,Community Campaign,Entertainment,8,112739,67735,59953,4176.0,111,1130,1452
POST03897,2026-05-03 00:00:00,Instagram,Reel,Event Promotion,Entertainment,1,406492,510857,324713,21597.0,447,1291,2225
POST03898,2026-05-03 03:00:00,Facebook,Image,Special Campaign,Promotional,8,291449,278363,243962,11043.0,134,2495,5587
POST03899,2026-05-03 06:00:00,YouTube,Reel,Educational Series,Education,8,487565,1036969,873027,78303.0,3677,7587,15647
POST03900,2026-05-03 09:00:00,Facebook,Text,Community Campaign,Education,17,348580,118237,87847,5243.0,164,761,2074
POST03901,2026-05-03 12:00:00,YouTube,Image,Product Launch,Community,10,285891,285854,190866,9965.0,237,1502,1614
POST03902,2026-05-03 15:00:00,Instagram,Text,Special Campaign,Community,12,196096,251287,213664,6845.0,173,1631,2263
POST03903,2026-05-03 18:00:00,LinkedIn,Video,Educational Series,Entertainment,5,201695,264018,159328,6332.0,106,569,1054
POST03904,2026-05-03 21:00:00,Instagram,Video,Festival Campaign,Promotional,8,305389,230054,141021,5403.0,277,2464,1733
POST03905,2026-05-04 00:00:00,Facebook,Carousel,Special Campaign,Entertainment,15,416319,405050,254635,19081.0,328,548,6071
POST03906,2026-05-04 03:00:00,YouTube,Carousel,Community Campaign,Brand,3,478825,278892,211733,17683.0,475,3164,3295
POST03907,2026-05-04 06:00:00,YouTube,Carousel,Festival Campaign,Community,1,134938,200984,132652,8618.0,89,1307,1612
POST03908,2026-05-04 09:00:00,Instagram,Carousel,Educational Series,Brand,6,219105,223307,200130,16254.0,517,1125,2030
POST03909,2026-05-04 12:00:00,YouTube,Image,Product Launch,Promotional,14,442793,554790,343020,12657.0,351,3176,5441
POST03910,2026-05-04 15:00:00,Instagram,Text,Festival Campaign,Entertainment,5,472962,614999,511656,22124.0,1016,4124,9675
POST03911,2026-05-04 18:00:00,Instagram,Carousel,Event Promotion,Community,10,499764,929494,542399,28875.0,1321,6546,6481
POST03912,2026-05-04 21:00:00,Instagram,Video,Community Campaign,Promotional,19,159559,320317,215799,12668.0,151,573,1743
POST03913,2026-05-05 00:00:00,Instagram,Video,Educational Series,Entertainment,16,462665,469126,298043,20723.0,327,5284,4729
POST03914,2026-05-05 03:00:00,LinkedIn,Reel,Product Launch,Entertainment,3,377703,272846,243349,12217.0,674,3173,2687
POST03915,2026-05-05 06:00:00,LinkedIn,Reel,Event Promotion,Brand,18,241485,282733,158049,12006.0,595,1419,3931
POST03916,2026-05-05 09:00:00,Instagram,Image,Educational Series,Event,6,65567,73931,59335,3223.0,94,502,753
POST03917,2026-05-05 12:00:00,Facebook,Image,Special Campaign,Education,10,215921,89115,56739,3583.0,65,220,712
POST03918,2026-05-05 15:00:00,Instagram,Video,Seasonal Campaign,Community,12,274536,352528,293986,22517.0,518,1839,6311
POST03919,2026-05-05 18:00:00,Facebook,Image,Product Launch,Education,20,223125,254233,167521,5908.0,253,469,1427
POST03920,2026-05-05 21:00:00,Facebook,Image,Event Promotion,Promotional,2,261192,295844,182106,7710.0,441,2201,810
POST03921,2026-05-06 00:00:00,LinkedIn,Image,Festival Campaign,Education,13,393853,199609,158202,3876.0,158,750,3446
POST03922,2026-05-06 03:00:00,YouTube,Reel,Educational Series,Brand,1,280227,353424,226245,10422.0,118,3416,3610
POST03923,2026-05-06 06:00:00,Facebook,Carousel,Educational Series,Event,17,136322,136600,98343,5292.0,225,574,857
POST03924,2026-05-06 09:00:00,Instagram,Video,Festival Campaign,Community,4,270765,527452,314380,9825.0,562,1470,3313
POST03925,2026-05-06 12:00:00,LinkedIn,Reel,Seasonal Campaign,Entertainment,12,140717,151027,121366,8557.0,239,537,1500
POST03926,2026-05-06 15:00:00,Instagram,Image,Brand Awareness,Entertainment,12,156687,248451,172025,6721.0,380,2041,3091
POST03927,2026-05-06 18:00:00,Facebook,Image,Event Promotion,Brand,23,96004,101018,60530,1203.0,52,193,805
POST03928,2026-05-06 21:00:00,Facebook,Reel,Festival Campaign,Community,23,293023,498173,403300,24152.0,470,1642,4721
POST03929,2026-05-07 00:00:00,Facebook,Reel,Special Campaign,Education,13,379635,546995,320635,15367.0,265,884,6467
POST03930,2026-05-07 03:00:00,Instagram,Text,Educational Series,Entertainment,11,203068,251776,189130,3406.0,64,959,866
POST03931,2026-05-07 06:00:00,LinkedIn,Image,Special Campaign,Education,20,426294,408527,311550,10543.0,474,3997,5407
POST03932,2026-05-07 09:00:00,Instagram,Reel,Event Promotion,Brand,12,205847,242073,211964,10373.0,409,3806,2729
POST03933,2026-05-07 12:00:00,Facebook,Reel,Seasonal Campaign,Entertainment,17,24590,20988,12652,679.0,22,57,131
POST03934,2026-05-07 15:00:00,Instagram,Carousel,Event Promotion,Promotional,12,205172,352715,274649,12108.0,280,623,6428
POST03935,2026-05-07 18:00:00,Instagram,Carousel,Special Campaign,Event,3,293054,215891,147511,7091.0,392,1821,2967
POST03936,2026-05-07 21:00:00,YouTube,Carousel,Special Campaign,Education,22,183048,192088,132595,3552.0,73,833,1037
POST03937,2026-05-08 00:00:00,YouTube,Reel,Brand Awareness,Community,21,303718,573583,416214,10992.0,265,6953,7221
POST03938,2026-05-08 03:00:00,Instagram,Video,Educational Series,Education,9,191724,362562,229075,17637.0,224,1319,4831
POST03939,2026-05-08 06:00:00,Instagram,Image,Product Launch,Education,22,53430,36860,26222,949.0,22,198,649
POST03940,2026-05-08 09:00:00,YouTube,Reel,Brand Awareness,Education,4,486951,687781,543619,40152.0,2254,1716,9983
POST03941,2026-05-08 12:00:00,Facebook,Image,Brand Awareness,Brand,17,337771,268076,190331,6581.0,127,2335,3463
POST03942,2026-05-08 15:00:00,LinkedIn,Image,Product Launch,Brand,7,277635,164659,93012,6617.0,133,361,1533
POST03943,2026-05-08 18:00:00,Instagram,Video,Product Launch,Community,13,72239,147421,94384,4408.0,176,660,366
POST03944,2026-05-08 21:00:00,Instagram,Text,Seasonal Campaign,Brand,1,336057,348761,234720,9911.0,380,1449,3725
POST03945,2026-05-09 00:00:00,Instagram,Reel,Seasonal Campaign,Community,7,381116,880032,593275,25604.0,481,4262,12287
POST03946,2026-05-09 03:00:00,Instagram,Video,Brand Awareness,Community,15,375420,306396,177204,10859.0,192,536,2073
POST03947,2026-05-09 06:00:00,Facebook,Video,Event Promotion,Brand,6,422693,408278,288795,18977.0,300,824,4595
POST03948,2026-05-09 09:00:00,Facebook,Text,Festival Campaign,Entertainment,2,72772,65583,51953,1206.0,63,561,1214
POST03949,2026-05-09 12:00:00,Instagram,Reel,Festival Campaign,Brand,3,85696,123349,69943,2493.0,106,566,474
POST03950,2026-05-09 15:00:00,Instagram,Image,Brand Awareness,Entertainment,6,194430,159982,130037,9177.0,529,742,1192
POST03951,2026-05-09 18:00:00,Instagram,Reel,Event Promotion,Promotional,3,195277,456280,403482,38603.0,706,7342,2189
POST03952,2026-05-09 21:00:00,Facebook,Video,Product Launch,Brand,8,485212,719557,398108,28474.0,940,6148,5575
POST03953,2026-05-10 00:00:00,LinkedIn,Reel,Community Campaign,Promotional,22,475592,517602,319770,29790.0,1404,4543,6866
POST03954,2026-05-10 03:00:00,Instagram,Image,Brand Awareness,Brand,16,233009,267178,197770,4580.0,94,1879,2486
POST03955,2026-05-10 06:00:00,Instagram,Reel,Educational Series,Promotional,16,382981,302825,189664,15721.0,695,3060,860
POST03956,2026-05-10 09:00:00,LinkedIn,Reel,Event Promotion,Event,19,436110,671711,549203,26513.0,893,2995,4831
POST03957,2026-05-10 12:00:00,LinkedIn,Carousel,Educational Series,Promotional,13,384894,422339,278425,15310.0,482,3109,6285
POST03958,2026-05-10 15:00:00,YouTube,Video,Educational Series,Entertainment,13,210991,149483,97577,7715.0,325,383,1489
POST03959,2026-05-10 18:00:00,Instagram,Carousel,Brand Awareness,Education,12,395716,337219,185579,4288.0,143,710,4288
POST03960,2026-05-10 21:00:00,Instagram,Video,Event Promotion,Community,3,259885,494375,318646,23588.0,1203,1971,6805
POST03961,2026-05-11 00:00:00,YouTube,Reel,Educational Series,Promotional,12,285062,239229,149801,8976.0,507,2186,1814
POST03962,2026-05-11 03:00:00,Instagram,Image,Seasonal Campaign,Education,20,131683,205047,137409,5735.0,226,1682,2327
POST03963,2026-05-11 06:00:00,Instagram,Image,Special Campaign,Event,16,307773,498556,299971,20095.0,502,2964,5284
POST03964,2026-05-11 09:00:00,YouTube,Reel,Seasonal Campaign,Event,14,36699,72759,55160,5133.0,250,531,1071
POST03965,2026-05-11 12:00:00,Instagram,Image,Event Promotion,Entertainment,17,394580,527954,334490,7060.0,130,2612,3453
POST03966,2026-05-11 15:00:00,Facebook,Carousel,Festival Campaign,Entertainment,10,336128,313601,263773,15814.0,233,3118,2468
POST03967,2026-05-11 18:00:00,Instagram,Image,Special Campaign,Promotional,3,333507,209783,136274,5660.0,203,1223,2461
POST03968,2026-05-11 21:00:00,Instagram,Carousel,Community Campaign,Brand,19,289213,448384,279703,7949.0,336,2608,5877
POST03969,2026-05-12 00:00:00,YouTube,Image,Educational Series,Event,10,126815,112598,64165,4103.0,212,293,777
POST03970,2026-05-12 03:00:00,Instagram,Reel,Educational Series,Education,9,467501,780519,631414,19938.0,1151,8225,6354
POST03971,2026-05-12 06:00:00,LinkedIn,Reel,Event Promotion,Brand,21,124726,102914,74908,2135.0,114,218,1585
POST03972,2026-05-12 09:00:00,YouTube,Image,Seasonal Campaign,Event,12,352207,258778,152633,4375.0,260,1274,2764
POST03973,2026-05-12 12:00:00,Instagram,Reel,Community Campaign,Promotional,21,301243,387369,243061,12071.0,407,4003,2566
POST03974,2026-05-12 15:00:00,Facebook,Reel,Festival Campaign,Event,7,471193,724307,651551,20034.0,517,3673,9546
POST03975,2026-05-12 18:00:00,Instagram,Image,Educational Series,Entertainment,12,35622,35643,29658,1560.0,51,93,715
POST03976,2026-05-12 21:00:00,LinkedIn,Image,Brand Awareness,Education,8,439497,256855,172723,7186.0,303,2271,3367
POST03977,2026-05-13 00:00:00,Instagram,Reel,Seasonal Campaign,Education,0,321577,468034,346295,20137.0,712,5836,2727
POST03978,2026-05-13 03:00:00,YouTube,Carousel,Event Promotion,Entertainment,0,59875,36810,25605,772.0,32,159,243
POST03979,2026-05-13 06:00:00,Instagram,Carousel,Event Promotion,Brand,14,232139,406744,228889,11119.0,604,1132,2022
POST03980,2026-05-13 09:00:00,YouTube,Reel,Seasonal Campaign,Entertainment,21,411525,618941,509101,28730.0,525,4197,11028
POST03981,2026-05-13 12:00:00,Facebook,Video,Educational Series,Education,3,156204,102034,81723,4218.0,67,745,1398
POST03982,2026-05-13 15:00:00,Facebook,Carousel,Festival Campaign,Promotional,19,114932,85629,59347,2063.0,72,789,1405
POST03983,2026-05-13 18:00:00,Instagram,Carousel,Educational Series,Brand,0,340160,635853,537972,14498.0,856,2886,2690
POST03984,2026-05-13 21:00:00,Instagram,Image,Seasonal Campaign,Community,11,194311,229384,169092,5424.0,70,1730,700
POST03985,2026-05-14 00:00:00,Facebook,Reel,Special Campaign,Event,10,80891,74900,42904,3348.0,198,785,766
POST03986,2026-05-14 03:00:00,LinkedIn,Carousel,Product Launch,Community,18,389110,302778,194017,4965.0,289,1412,1720
POST03987,2026-05-14 06:00:00,Instagram,Image,Educational Series,Promotional,14,375487,307581,218880,8458.0,208,460,3927
POST03988,2026-05-14 09:00:00,YouTube,Text,Community Campaign,Community,20,59550,26126,15315,584.0,31,146,289
POST03989,2026-05-14 12:00:00,Instagram,Video,Special Campaign,Brand,9,137295,265325,198961,18572.0,192,2676,1929
POST03990,2026-05-14 15:00:00,LinkedIn,Image,Seasonal Campaign,Education,0,269092,153539,90925,5779.0,188,322,2178
POST03991,2026-05-14 18:00:00,Instagram,Reel,Special Campaign,Education,23,309340,645877,400558,39052.0,1175,5082,8028
POST03992,2026-05-14 21:00:00,Instagram,Reel,Community Campaign,Promotional,2,232601,355076,306393,27563.0,1519,5067,3395
POST03993,2026-05-15 00:00:00,Facebook,Reel,Special Campaign,Community,13,335993,268453,241590,17382.0,584,1367,2915
POST03994,2026-05-15 03:00:00,Instagram,Image,Special Campaign,Brand,14,242566,341052,253261,16330.0,504,1116,4748
POST03995,2026-05-15 06:00:00,YouTube,Reel,Seasonal Campaign,Event,0,329502,413284,316937,22213.0,932,1904,3070
POST03996,2026-05-15 09:00:00,YouTube,Image,Product Launch,Community,9,59513,71156,58995,2201.0,63,794,560
POST03997,2026-05-15 12:00:00,Instagram,Reel,Community Campaign,Community,21,255010,531970,422197,23238.0,855,2735,7070
POST03998,2026-05-15 15:00:00,Instagram,Text,Community Campaign,Event,0,261943,344896,211718,8563.0,494,868,1262
POST03999,2026-05-15 18:00:00,YouTube,Reel,Brand Awareness,Entertainment,14,190100,159249,110532,9852.0,198,376,2747
POST04000,2026-05-15 21:00:00,Instagram,Text,Event Promotion,Promotional,2,362625,165918,122329,2570.0,84,1356,1140
POST04001,2026-05-16 00:00:00,YouTube,Text,Community Campaign,Brand,20,496321,429293,290158,4865.0,52,1133,3313
POST04002,2026-05-16 03:00:00,Facebook,Image,Event Promotion,Promotional,19,108915,67422,41237,2500.0,130,424,327
POST04003,2026-05-16 06:00:00,Facebook,Carousel,Seasonal Campaign,Event,22,406934,372670,300983,18600.0,271,740,5163
POST04004,2026-05-16 09:00:00,Instagram,Image,Festival Campaign,Brand,21,58877,36413,22561,1406.0,20,247,97
POST04005,2026-05-16 12:00:00,Instagram,Carousel,Educational Series,Education,11,173897,219458,140709,11612.0,628,1737,3294
POST04006,2026-05-16 15:00:00,Instagram,Reel,Brand Awareness,Education,18,86451,84270,54799,2499.0,76,220,530
POST04007,2026-05-16 18:00:00,Instagram,Reel,Seasonal Campaign,Brand,15,43848,91563,55544,2285.0,101,259,1299
POST04008,2026-05-16 21:00:00,YouTube,Image,Product Launch,Promotional,7,426885,532279,451022,16422.0,868,2369,3868
POST04009,2026-05-17 00:00:00,Facebook,Image,Festival Campaign,Promotional,23,292019,135788,103703,6783.0,194,616,1483
POST04010,2026-05-17 03:00:00,Instagram,Image,Special Campaign,Education,13,362533,523228,440642,8263.0,190,4832,8061
POST04011,2026-05-17 06:00:00,Instagram,Reel,Brand Awareness,Education,17,350105,450562,325668,8734.0,161,1183,5366
POST04012,2026-05-17 09:00:00,Instagram,Image,Brand Awareness,Event,22,117976,108666,79526,2362.0,95,748,1135
POST04013,2026-05-17 12:00:00,Facebook,Reel,Seasonal Campaign,Brand,0,446409,355060,271851,15039.0,340,1756,5531
POST04014,2026-05-17 15:00:00,Instagram,Reel,Product Launch,Promotional,1,120091,250158,170062,8432.0,351,1541,2270
POST04015,2026-05-17 18:00:00,Facebook,Reel,Product Launch,Event,23,254024,268885,194620,17582.0,454,513,2010
POST04016,2026-05-17 21:00:00,Instagram,Reel,Event Promotion,Promotional,11,36552,31295,23202,1851.0,50,174,436
POST04017,2026-05-18 00:00:00,LinkedIn,Reel,Educational Series,Education,16,184354,281121,248437,22694.0,509,1365,5868
POST04018,2026-05-18 03:00:00,LinkedIn,Video,Seasonal Campaign,Brand,1,187275,135896,116737,6027.0,186,1197,1894
POST04019,2026-05-18 06:00:00,Instagram,Reel,Festival Campaign,Entertainment,16,410826,920429,547872,39706.0,718,2889,5015
POST04020,2026-05-18 09:00:00,Instagram,Carousel,Educational Series,Brand,20,253901,256328,144684,7736.0,201,1954,2862
POST04021,2026-05-18 12:00:00,YouTube,Reel,Festival Campaign,Community,6,235608,448583,353535,22282.0,1089,6194,6986
POST04022,2026-05-18 15:00:00,Instagram,Video,Brand Awareness,Entertainment,5,116338,195037,110628,4949.0,102,1724,981
POST04023,2026-05-18 18:00:00,Facebook,Image,Community Campaign,Event,5,96105,105969,60521,3407.0,195,804,693
POST04024,2026-05-18 21:00:00,Facebook,Reel,Community Campaign,Entertainment,21,372946,644099,390157,26091.0,903,7045,2380
POST04025,2026-05-19 00:00:00,Facebook,Image,Seasonal Campaign,Entertainment,7,350884,389797,262371,5836.0,89,1331,1246
POST04026,2026-05-19 03:00:00,Facebook,Image,Product Launch,Event,4,93301,68293,47958,864.0,49,262,995
POST04027,2026-05-19 06:00:00,Instagram,Image,Product Launch,Brand,14,489448,694851,508479,9710.0,318,4084,5693
POST04028,2026-05-19 09:00:00,Instagram,Reel,Special Campaign,Event,6,438144,828168,743115,23723.0,897,6766,6828
POST04029,2026-05-19 12:00:00,Facebook,Text,Brand Awareness,Community,2,462126,175183,119970,3802.0,73,1314,1035
POST04030,2026-05-19 15:00:00,Instagram,Image,Brand Awareness,Education,9,34679,53549,34001,1173.0,31,196,157
POST04031,2026-05-19 18:00:00,Facebook,Reel,Festival Campaign,Education,2,119421,134966,101405,3875.0,175,1531,2501
POST04032,2026-05-19 21:00:00,Instagram,Carousel,Brand Awareness,Entertainment,13,54173,43306,27079,1448.0,23,269,299
POST04033,2026-05-20 00:00:00,Instagram,Image,Special Campaign,Event,21,327043,326849,287362,20227.0,779,3733,1900
POST04034,2026-05-20 03:00:00,LinkedIn,Video,Seasonal Campaign,Event,2,330009,349484,223928,7965.0,355,3138,4928
POST04035,2026-05-20 06:00:00,Instagram,Image,Festival Campaign,Event,0,58182,67420,60440,1905.0,19,323,1142
POST04036,2026-05-20 09:00:00,LinkedIn,Carousel,Educational Series,Community,0,59109,53365,37170,1862.0,96,178,653
POST04037,2026-05-20 12:00:00,LinkedIn,Reel,Product Launch,Community,18,155246,122034,101830,7737.0,99,1735,971
POST04038,2026-05-20 15:00:00,Facebook,Video,Product Launch,Brand,3,430277,526365,408931,27487.0,614,6793,4964
POST04039,2026-05-20 18:00:00,Facebook,Carousel,Community Campaign,Promotional,1,127046,168972,148141,7975.0,463,1991,3185
POST04040,2026-05-20 21:00:00,YouTube,Reel,Community Campaign,Promotional,10,242003,307535,236463,19746.0,277,3561,4038
POST04041,2026-05-21 00:00:00,LinkedIn,Reel,Special Campaign,Promotional,23,478965,563168,424305,39029.0,2002,3410,4499
POST04042,2026-05-21 03:00:00,Instagram,Reel,Seasonal Campaign,Brand,11,251042,291364,226826,23571.0,1004,2527,1225
POST04043,2026-05-21 06:00:00,YouTube,Text,Product Launch,Event,12,85524,38685,31925,1147.0,45,332,728
POST04044,2026-05-21 09:00:00,Facebook,Reel,Special Campaign,Promotional,15,213180,270803,234134,24257.0,948,1142,5624
POST04045,2026-05-21 12:00:00,YouTube,Image,Seasonal Campaign,Event,15,360956,195664,125887,7231.0,132,955,2368
POST04046,2026-05-21 15:00:00,YouTube,Reel,Educational Series,Entertainment,18,225693,394900,244960,18928.0,822,2108,4460
POST04047,2026-05-21 18:00:00,Instagram,Image,Educational Series,Promotional,22,401086,506965,284925,14970.0,861,2771,4225
POST04048,2026-05-21 21:00:00,YouTube,Image,Event Promotion,Entertainment,19,392716,337983,229668,15429.0,213,2117,5597
POST04049,2026-05-22 00:00:00,LinkedIn,Text,Festival Campaign,Brand,20,441697,241508,204355,11782.0,313,1422,3733
POST04050,2026-05-22 03:00:00,Instagram,Image,Community Campaign,Education,19,71938,110150,63275,1748.0,58,320,296
POST04051,2026-05-22 06:00:00,LinkedIn,Video,Festival Campaign,Community,8,182348,89826,66334,3948.0,85,324,332
POST04052,2026-05-22 09:00:00,Facebook,Image,Community Campaign,Brand,15,346994,298857,237046,16317.0,767,2601,5736
POST04053,2026-05-22 12:00:00,Facebook,Reel,Event Promotion,Brand,6,408337,680016,573184,31986.0,1421,11097,13614
POST04054,2026-05-22 15:00:00,YouTube,Reel,Product Launch,Brand,12,443817,897398,676818,29880.0,474,3693,10336
POST04055,2026-05-22 18:00:00,Facebook,Image,Special Campaign,Promotional,3,70324,61784,38010,894.0,34,102,293
POST04056,2026-05-22 21:00:00,Instagram,Text,Seasonal Campaign,Entertainment,12,172336,136680,121315,5080.0,144,1064,1921
POST04057,2026-05-23 00:00:00,Facebook,Video,Festival Campaign,Community,7,361570,233869,136375,10148.0,217,1058,2699
POST04058,2026-05-23 03:00:00,Instagram,Reel,Community Campaign,Promotional,1,459528,483011,395658,16321.0,855,2452,1259
POST04059,2026-05-23 06:00:00,LinkedIn,Reel,Festival Campaign,Education,6,62852,77110,44746,3514.0,44,513,944
POST04060,2026-05-23 09:00:00,LinkedIn,Reel,Product Launch,Community,10,461123,247761,148705,14301.0,477,2083,1966
POST04061,2026-05-23 12:00:00,Instagram,Text,Seasonal Campaign,Brand,16,137503,171210,147989,3841.0,129,531,1951
POST04062,2026-05-23 15:00:00,Instagram,Video,Brand Awareness,Event,23,172130,269663,219391,7192.0,276,3930,2754
POST04063,2026-05-23 18:00:00,Facebook,Video,Community Campaign,Education,13,363801,214190,145205,12219.0,242,1091,2645
POST04064,2026-05-23 21:00:00,Instagram,Image,Special Campaign,Entertainment,12,385644,308109,238338,16084.0,861,1307,1813
POST04065,2026-05-24 00:00:00,LinkedIn,Image,Brand Awareness,Education,14,319496,251706,178720,5290.0,308,1206,2921
POST04066,2026-05-24 03:00:00,Instagram,Image,Event Promotion,Promotional,21,287165,166110,95228,5423.0,203,1001,378
POST04067,2026-05-24 06:00:00,Instagram,Reel,Seasonal Campaign,Event,20,304758,608534,488284,35201.0,802,8475,10180
POST04068,2026-05-24 09:00:00,LinkedIn,Image,Educational Series,Promotional,8,341275,348900,285099,8814.0,474,1593,5969
POST04069,2026-05-24 12:00:00,Facebook,Reel,Festival Campaign,Community,2,194022,331705,284874,25708.0,1527,1312,2809
POST04070,2026-05-24 15:00:00,Facebook,Reel,Community Campaign,Brand,12,130813,188813,139574,8750.0,412,967,742
POST04071,2026-05-24 18:00:00,Instagram,Video,Special Campaign,Brand,12,194492,380004,298530,22217.0,592,1108,5806
POST04072,2026-05-24 21:00:00,Facebook,Video,Festival Campaign,Education,8,22631,27147,19092,872.0,19,233,254
POST04073,2026-05-25 00:00:00,YouTube,Image,Event Promotion,Brand,17,157417,149382,98833,6132.0,109,1034,2307
POST04074,2026-05-25 03:00:00,Facebook,Image,Event Promotion,Brand,4,388544,381798,265004,8552.0,185,1807,2855
POST04075,2026-05-25 06:00:00,Facebook,Image,Festival Campaign,Community,10,67674,39696,34500,1300.0,27,446,742
POST04076,2026-05-25 09:00:00,YouTube,Carousel,Community Campaign,Entertainment,1,412467,290500,176467,8057.0,470,2123,627
POST04077,2026-05-25 12:00:00,YouTube,Video,Special Campaign,Entertainment,16,46844,78025,49699,1931.0,81,413,994
POST04078,2026-05-25 15:00:00,Instagram,Video,Seasonal Campaign,Promotional,22,91836,192836,146973,12779.0,234,587,2633
POST04079,2026-05-25 18:00:00,Facebook,Carousel,Product Launch,Promotional,19,386292,393329,232338,6540.0,224,2053,3386
POST04080,2026-05-25 21:00:00,Instagram,Reel,Seasonal Campaign,Entertainment,20,497312,762262,657186,45953.0,883,7304,15134
POST04081,2026-05-26 00:00:00,Facebook,Reel,Product Launch,Education,3,287506,347954,197127,17643.0,711,2346,4676
POST04082,2026-05-26 03:00:00,Instagram,Image,Special Campaign,Entertainment,21,290241,306709,249771,12330.0,333,2443,5857
POST04083,2026-05-26 06:00:00,Facebook,Reel,Educational Series,Promotional,17,156671,172710,117581,6055.0,119,831,1899
POST04084,2026-05-26 09:00:00,Facebook,Video,Seasonal Campaign,Event,23,242060,378291,214834,17242.0,381,523,3099
POST04085,2026-05-26 12:00:00,Instagram,Reel,Special Campaign,Brand,19,198445,303309,256303,16643.0,728,4187,2285
POST04086,2026-05-26 15:00:00,Instagram,Reel,Festival Campaign,Community,7,24258,21990,17023,659.0,20,281,111
POST04087,2026-05-26 18:00:00,Instagram,Image,Festival Campaign,Event,18,111066,151800,83960,2947.0,105,1046,1280
POST04088,2026-05-26 21:00:00,Facebook,Text,Community Campaign,Event,11,204343,122974,79150,3295.0,168,866,496
POST04089,2026-05-27 00:00:00,Facebook,Reel,Festival Campaign,Brand,10,354320,501898,337885,26147.0,1118,1787,2293
POST04090,2026-05-27 03:00:00,Instagram,Carousel,Community Campaign,Entertainment,15,57056,77610,51447,2856.0,94,356,558
POST04091,2026-05-27 06:00:00,Facebook,Image,Special Campaign,Education,4,299405,294218,213137,6967.0,402,2506,1515
POST04092,2026-05-27 09:00:00,Instagram,Reel,Festival Campaign,Event,2,401317,351838,258383,18684.0,387,4750,3627
POST04093,2026-05-27 12:00:00,YouTube,Image,Event Promotion,Education,11,71696,37893,26103,938.0,22,51,459
POST04094,2026-05-27 15:00:00,LinkedIn,Carousel,Brand Awareness,Community,14,188899,139402,92858,3265.0,181,686,1704
POST04095,2026-05-27 18:00:00,Instagram,Image,Special Campaign,Community,15,297285,383087,278329,19220.0,1012,870,4097
POST04096,2026-05-27 21:00:00,YouTube,Video,Festival Campaign,Community,12,439968,420284,236101,11019.0,181,3470,3418
POST04097,2026-05-28 00:00:00,Instagram,Reel,Brand Awareness,Promotional,6,109084,158837,123229,6429.0,363,1876,1656
POST04098,2026-05-28 03:00:00,Instagram,Reel,Product Launch,Event,14,120904,279295,212849,20422.0,214,3266,1787
POST04099,2026-05-28 06:00:00,Instagram,Text,Educational Series,Community,2,494654,318254,206141,4415.0,225,1093,3585
POST04100,2026-05-28 09:00:00,Instagram,Image,Seasonal Campaign,Promotional,11,113219,164821,101007,5006.0,119,661,1763
POST04101,2026-05-28 12:00:00,Facebook,Image,Seasonal Campaign,Community,7,72680,78030,44909,2708.0,52,218,387
POST04102,2026-05-28 15:00:00,YouTube,Video,Special Campaign,Entertainment,11,38792,71244,53829,2352.0,76,432,991
POST04103,2026-05-28 18:00:00,YouTube,Reel,Product Launch,Event,17,450844,912351,683455,62767.0,3443,13131,14951
POST04104,2026-05-28 21:00:00,Instagram,Carousel,Festival Campaign,Promotional,2,390613,495775,365218,25378.0,1251,999,5874
POST04105,2026-05-29 00:00:00,Instagram,Reel,Seasonal Campaign,Community,11,335244,618128,553203,35358.0,2063,4467,3090
POST04106,2026-05-29 03:00:00,Facebook,Reel,Community Campaign,Promotional,22,144118,188665,138865,4896.0,181,2214,1416
POST04107,2026-05-29 06:00:00,LinkedIn,Reel,Product Launch,Community,20,218942,184197,147841,15030.0,533,1339,745
POST04108,2026-05-29 09:00:00,Instagram,Video,Event Promotion,Entertainment,22,413983,464859,274044,18893.0,201,4718,2643
POST04109,2026-05-29 12:00:00,LinkedIn,Reel,Brand Awareness,Education,1,309136,270565,177122,11749.0,223,1454,1357
POST04110,2026-05-29 15:00:00,YouTube,Carousel,Community Campaign,Community,13,410612,340733,220251,16911.0,589,3017,3348
POST04111,2026-05-29 18:00:00,YouTube,Text,Seasonal Campaign,Education,13,49570,51421,38647,1312.0,62,365,476
POST04112,2026-05-29 21:00:00,YouTube,Image,Community Campaign,Event,3,215769,312849,208290,10088.0,515,397,3936
POST04113,2026-05-30 00:00:00,Instagram,Image,Festival Campaign,Entertainment,16,228345,337309,261203,16809.0,406,1701,2869
POST04114,2026-05-30 03:00:00,Instagram,Image,Event Promotion,Event,14,492124,381580,302032,11845.0,540,1535,1934
POST04115,2026-05-30 06:00:00,Facebook,Reel,Brand Awareness,Education,15,139571,90126,50632,4366.0,224,542,414
POST04116,2026-05-30 09:00:00,Instagram,Image,Event Promotion,Entertainment,4,106126,144083,111508,3549.0,101,804,1673
POST04117,2026-05-30 12:00:00,LinkedIn,Carousel,Product Launch,Brand,23,387533,289789,171229,11172.0,500,2476,2208
POST04118,2026-05-30 15:00:00,YouTube,Text,Festival Campaign,Entertainment,16,343724,375623,267743,10166.0,323,880,1054
POST04119,2026-05-30 18:00:00,Instagram,Text,Community Campaign,Entertainment,22,282888,325692,261954,5873.0,348,858,1995
POST04120,2026-05-30 21:00:00,Facebook,Video,Community Campaign,Brand,6,243766,296283,235891,7971.0,82,963,2247
POST04121,2026-05-31 00:00:00,Instagram,Video,Product Launch,Promotional,22,171630,186680,122263,6963.0,213,1702,2317
POST04122,2026-05-31 03:00:00,YouTube,Image,Community Campaign,Promotional,14,209933,125538,81013,4567.0,105,1015,1544
POST04123,2026-05-31 06:00:00,Facebook,Carousel,Educational Series,Promotional,16,314403,223619,157445,9290.0,487,1122,2890
POST04124,2026-05-31 09:00:00,LinkedIn,Video,Festival Campaign,Education,11,268316,260097,160228,13705.0,333,539,3365
POST04125,2026-05-31 12:00:00,Facebook,Image,Product Launch,Entertainment,10,434666,520888,464186,18122.0,673,1682,10316
POST04126,2026-05-31 15:00:00,Facebook,Text,Festival Campaign,Community,18,339093,129021,86537,4583.0,215,216,394
POST04127,2026-05-31 18:00:00,Facebook,Image,Brand Awareness,Brand,10,188001,106607,93072,1861.0,64,812,1288
POST04128,2026-05-31 21:00:00,LinkedIn,Carousel,Festival Campaign,Community,1,66589,63054,54724,2410.0,73,325,343
POST04129,2026-06-01 00:00:00,Instagram,Carousel,Festival Campaign,Education,14,277935,281686,190897,4886.0,59,2739,2059
POST04130,2026-06-01 03:00:00,Instagram,Text,Brand Awareness,Brand,4,357266,436812,279092,15731.0,175,860,4909
POST04131,2026-06-01 06:00:00,Instagram,Reel,Product Launch,Community,17,413502,412464,338134,21327.0,1234,6194,5490
POST04132,2026-06-01 09:00:00,Instagram,Carousel,Festival Campaign,Education,20,481999,888602,560070,22916.0,966,3719,3264
POST04133,2026-06-01 12:00:00,Facebook,Image,Event Promotion,Education,20,194634,222665,163087,7272.0,372,1948,3205
POST04134,2026-06-01 15:00:00,Facebook,Reel,Festival Campaign,Education,15,221707,359921,211900,14316.0,487,3949,4304
POST04135,2026-06-01 18:00:00,YouTube,Video,Product Launch,Brand,3,298531,265230,181702,15431.0,356,3231,1101
POST04136,2026-06-01 21:00:00,Instagram,Image,Special Campaign,Community,22,396509,355214,205084,9698.0,239,2297,3393
POST04137,2026-06-02 00:00:00,Facebook,Carousel,Community Campaign,Community,9,42319,52152,33857,1631.0,19,118,805
POST04138,2026-06-02 03:00:00,Instagram,Reel,Seasonal Campaign,Event,21,151483,309052,241942,24432.0,1210,855,1225
POST04139,2026-06-02 06:00:00,Facebook,Image,Brand Awareness,Education,1,302873,295662,265196,18643.0,728,2772,1755
POST04140,2026-06-02 09:00:00,YouTube,Carousel,Community Campaign,Promotional,14,105647,115683,73942,1731.0,58,1060,1467
POST04141,2026-06-02 12:00:00,Instagram,Image,Product Launch,Entertainment,3,394246,345563,247306,13891.0,730,925,2575
POST04142,2026-06-02 15:00:00,Instagram,Reel,Educational Series,Event,15,297848,679752,480459,26423.0,851,8890,11541
POST04143,2026-06-02 18:00:00,Instagram,Text,Seasonal Campaign,Event,6,423325,243554,149652,6791.0,389,1114,2504
POST04144,2026-06-02 21:00:00,Facebook,Image,Community Campaign,Brand,11,480108,211459,161454,8459.0,90,524,2200
POST04145,2026-06-03 00:00:00,LinkedIn,Carousel,Festival Campaign,Event,2,444388,190051,152733,6383.0,378,668,1592
POST04146,2026-06-03 03:00:00,Facebook,Image,Seasonal Campaign,Community,16,224957,232329,139752,9961.0,505,359,1154
POST04147,2026-06-03 06:00:00,Instagram,Image,Festival Campaign,Brand,8,431200,259255,211291,7877.0,218,734,3655
POST04148,2026-06-03 09:00:00,YouTube,Image,Brand Awareness,Brand,7,178532,183576,145953,7608.0,302,1512,2338
POST04149,2026-06-03 12:00:00,Facebook,Image,Festival Campaign,Promotional,22,141845,99647,61688,3819.0,203,268,670
POST04150,2026-06-03 15:00:00,Facebook,Image,Seasonal Campaign,Education,5,150317,78765,61210,1582.0,53,512,1419
POST04151,2026-06-03 18:00:00,Instagram,Image,Event Promotion,Event,14,451690,605193,416242,14248.0,178,4260,8224
POST04152,2026-06-03 21:00:00,Instagram,Image,Event Promotion,Education,9,64449,38631,30456,875.0,48,373,265
POST04153,2026-06-04 00:00:00,Facebook,Reel,Special Campaign,Education,22,140247,134289,97176,8452.0,303,1221,2308
POST04154,2026-06-04 03:00:00,Instagram,Image,Community Campaign,Education,5,158268,181559,102916,6305.0,234,871,2019
POST04155,2026-06-04 06:00:00,Instagram,Reel,Product Launch,Brand,14,333678,469741,387742,17822.0,190,6989,8815
POST04156,2026-06-04 09:00:00,Instagram,Reel,Special Campaign,Education,13,33549,39731,29578,778.0,11,224,177
POST04157,2026-06-04 12:00:00,YouTube,Text,Brand Awareness,Event,18,29821,35082,28194,960.0,46,98,105
POST04158,2026-06-04 15:00:00,LinkedIn,Carousel,Educational Series,Brand,12,55564,66788,39680,2551.0,80,556,549
POST04159,2026-06-04 18:00:00,LinkedIn,Carousel,Special Campaign,Event,13,293217,225636,181060,10903.0,653,564,2328
POST04160,2026-06-04 21:00:00,YouTube,Image,Community Campaign,Brand,2,27282,24139,16771,705.0,31,67,371
POST04161,2026-06-05 00:00:00,YouTube,Text,Product Launch,Entertainment,3,256327,170737,141667,4049.0,232,780,961
POST04162,2026-06-05 03:00:00,Instagram,Carousel,Brand Awareness,Entertainment,13,212218,362521,275410,14014.0,335,1936,969
POST04163,2026-06-05 06:00:00,YouTube,Video,Seasonal Campaign,Entertainment,13,432405,609538,410960,10309.0,193,5513,6017
POST04164,2026-06-05 09:00:00,Instagram,Image,Brand Awareness,Entertainment,7,392110,249650,154950,3407.0,98,445,1070
POST04165,2026-06-05 12:00:00,Facebook,Text,Seasonal Campaign,Brand,9,225855,206316,172392,3847.0,89,1060,704
POST04166,2026-06-05 15:00:00,Instagram,Video,Community Campaign,Education,8,30771,45856,34211,2361.0,96,513,119
POST04167,2026-06-05 18:00:00,Instagram,Video,Product Launch,Promotional,13,343636,453067,405773,16130.0,761,5299,2488
POST04168,2026-06-05 21:00:00,Instagram,Reel,Special Campaign,Community,7,456941,597253,406562,23996.0,722,5397,4581
POST04169,2026-06-06 00:00:00,Instagram,Reel,Product Launch,Promotional,10,173306,162059,128026,9534.0,138,850,2873
POST04170,2026-06-06 03:00:00,Instagram,Reel,Festival Campaign,Entertainment,9,240354,546193,419469,38081.0,430,3881,8277
POST04171,2026-06-06 06:00:00,Instagram,Reel,Educational Series,Education,17,54096,104748,80986,5577.0,116,457,1187
POST04172,2026-06-06 09:00:00,LinkedIn,Video,Event Promotion,Event,3,32236,19551,15796,580.0,27,163,196
POST04173,2026-06-06 12:00:00,YouTube,Reel,Festival Campaign,Education,3,71544,103460,61940,6208.0,130,772,806
POST04174,2026-06-06 15:00:00,YouTube,Reel,Brand Awareness,Event,11,318065,480110,356421,11769.0,653,4728,8005
POST04175,2026-06-06 18:00:00,LinkedIn,Reel,Educational Series,Promotional,17,306720,213049,155141,8476.0,360,2700,2938
POST04176,2026-06-06 21:00:00,LinkedIn,Reel,Educational Series,Education,7,151238,145840,97696,9560.0,507,356,662
POST04177,2026-06-07 00:00:00,YouTube,Reel,Product Launch,Education,2,165724,271525,190787,13924.0,407,1748,4516
POST04178,2026-06-07 03:00:00,Facebook,Video,Educational Series,Community,17,432854,366511,268133,19228.0,1137,3115,5363
POST04179,2026-06-07 06:00:00,Instagram,Image,Community Campaign,Promotional,6,35233,31644,20958,718.0,31,177,78
POST04180,2026-06-07 09:00:00,Instagram,Reel,Educational Series,Education,0,284029,275611,179865,5778.0,160,533,2527
POST04181,2026-06-07 12:00:00,YouTube,Image,Brand Awareness,Event,21,73520,66470,53734,2028.0,41,215,932
POST04182,2026-06-07 15:00:00,Facebook,Image,Community Campaign,Education,12,246972,216822,124330,4937.0,263,1454,539
POST04183,2026-06-07 18:00:00,Facebook,Reel,Community Campaign,Event,2,231316,166856,110047,5181.0,134,1244,1184
POST04184,2026-06-07 21:00:00,Instagram,Carousel,Festival Campaign,Entertainment,2,119203,167435,130398,4508.0,55,1009,2251
POST04185,2026-06-08 00:00:00,Instagram,Carousel,Educational Series,Education,14,448232,507048,315926,13710.0,328,4545,6619
POST04186,2026-06-08 03:00:00,Facebook,Carousel,Product Launch,Event,20,129759,144471,108395,6642.0,126,338,2655
POST04187,2026-06-08 06:00:00,Instagram,Carousel,Seasonal Campaign,Promotional,18,220020,225893,148131,11967.0,310,2175,840
POST04188,2026-06-08 09:00:00,YouTube,Reel,Festival Campaign,Entertainment,3,478026,730401,617302,49936.0,2030,1894,10440
POST04189,2026-06-08 12:00:00,Facebook,Text,Product Launch,Education,12,162841,122316,82257,4119.0,144,574,1862
POST04190,2026-06-08 15:00:00,Facebook,Video,Educational Series,Community,12,494699,636058,400926,18457.0,840,4434,7526
POST04191,2026-06-08 18:00:00,Facebook,Text,Festival Campaign,Event,14,456363,387193,284794,5613.0,149,2201,4816
POST04192,2026-06-08 21:00:00,LinkedIn,Reel,Educational Series,Community,18,157521,104248,62286,3035.0,48,193,480
POST04193,2026-06-09 00:00:00,YouTube,Text,Brand Awareness,Education,15,455395,550492,456423,15116.0,272,3045,9555
POST04194,2026-06-09 03:00:00,Facebook,Video,Festival Campaign,Event,6,252508,366423,288744,21272.0,1060,1204,4439
POST04195,2026-06-09 06:00:00,Facebook,Video,Product Launch,Education,2,126459,145086,118923,10897.0,162,574,648
POST04196,2026-06-09 09:00:00,Instagram,Reel,Brand Awareness,Entertainment,19,290280,629605,434180,38696.0,1931,2709,10239
POST04197,2026-06-09 12:00:00,Instagram,Carousel,Event Promotion,Entertainment,1,249735,277671,233868,8836.0,182,2448,5786
POST04198,2026-06-09 15:00:00,Instagram,Text,Product Launch,Education,17,354130,170286,123072,6389.0,280,652,1825
POST04199,2026-06-09 18:00:00,YouTube,Carousel,Seasonal Campaign,Education,10,325143,460799,268712,12613.0,519,877,5396
POST04200,2026-06-09 21:00:00,Facebook,Image,Special Campaign,Brand,0,109567,128095,80496,2211.0,32,417,1274
POST04201,2026-06-10 00:00:00,Facebook,Text,Educational Series,Education,15,313196,139920,111777,3996.0,172,251,1373
POST04202,2026-06-10 03:00:00,Instagram,Image,Product Launch,Education,16,474497,586185,506316,24512.0,793,4845,6075
POST04203,2026-06-10 06:00:00,Instagram,Image,Event Promotion,Community,15,424562,602241,351296,20805.0,943,2923,8506
POST04204,2026-06-10 09:00:00,LinkedIn,Image,Product Launch,Community,9,208749,211180,180025,6641.0,343,1182,2000
POST04205,2026-06-10 12:00:00,Instagram,Text,Brand Awareness,Entertainment,16,296996,207563,172209,3720.0,44,1815,2374
POST04206,2026-06-10 15:00:00,YouTube,Reel,Community Campaign,Community,2,397562,357443,241201,8046.0,341,2741,2042
POST04207,2026-06-10 18:00:00,YouTube,Image,Special Campaign,Education,17,354747,262644,207816,5002.0,76,2532,1781
POST04208,2026-06-10 21:00:00,YouTube,Carousel,Product Launch,Promotional,18,444701,553549,340672,27543.0,797,3408,3691
POST04209,2026-06-11 00:00:00,Instagram,Video,Festival Campaign,Education,13,226297,462317,385890,35704.0,379,3194,9008
POST04210,2026-06-11 03:00:00,Instagram,Image,Seasonal Campaign,Brand,20,496553,580539,452860,31841.0,841,3671,5309
POST04211,2026-06-11 06:00:00,Instagram,Text,Event Promotion,Event,1,388215,496006,348985,9985.0,184,1040,5287
POST04212,2026-06-11 09:00:00,YouTube,Text,Product Launch,Entertainment,11,44272,46387,39548,934.0,35,319,593
POST04213,2026-06-11 12:00:00,YouTube,Reel,Event Promotion,Community,10,416979,654947,392137,40198.0,1431,7528,6207
POST04214,2026-06-11 15:00:00,Instagram,Image,Community Campaign,Promotional,16,79087,44568,37705,2690.0,133,177,793
POST04215,2026-06-11 18:00:00,Facebook,Reel,Brand Awareness,Event,5,336992,328465,183401,5889.0,247,1478,4186
POST04216,2026-06-11 21:00:00,Facebook,Reel,Festival Campaign,Promotional,18,50075,32660,26572,2250.0,102,251,201
POST04217,2026-06-12 00:00:00,Instagram,Image,Educational Series,Entertainment,12,310836,276029,207208,6959.0,101,1545,4544
POST04218,2026-06-12 03:00:00,YouTube,Text,Product Launch,Community,6,112085,51999,41279,2308.0,26,351,621
POST04219,2026-06-12 06:00:00,Facebook,Video,Brand Awareness,Brand,21,348558,251394,174548,5310.0,310,791,4073
POST04220,2026-06-12 09:00:00,Instagram,Reel,Special Campaign,Entertainment,10,179920,255606,217918,20769.0,651,1680,5045
POST04221,2026-06-12 12:00:00,Instagram,Reel,Event Promotion,Promotional,6,402314,636951,420134,11009.0,327,4917,4859
POST04222,2026-06-12 15:00:00,Facebook,Image,Community Campaign,Promotional,12,247349,143681,92851,4288.0,50,807,1610
POST04223,2026-06-12 18:00:00,LinkedIn,Image,Seasonal Campaign,Entertainment,12,39268,34848,22846,825.0,13,184,506
POST04224,2026-06-12 21:00:00,Facebook,Reel,Event Promotion,Education,20,408031,520536,427374,25356.0,1445,4256,4899
POST04225,2026-06-13 00:00:00,YouTube,Video,Seasonal Campaign,Entertainment,0,358467,563913,407907,22529.0,1007,5506,1617
POST04226,2026-06-13 03:00:00,Facebook,Text,Community Campaign,Community,18,136985,113987,84120,3735.0,113,293,918
POST04227,2026-06-13 06:00:00,Instagram,Image,Seasonal Campaign,Community,18,192692,255331,214753,4133.0,228,1096,2370
POST04228,2026-06-13 09:00:00,Facebook,Video,Community Campaign,Brand,22,96872,150261,126471,9330.0,368,1180,2624
POST04229,2026-06-13 12:00:00,YouTube,Image,Brand Awareness,Entertainment,14,375418,273998,166209,3190.0,150,1651,1630
POST04230,2026-06-13 15:00:00,Instagram,Carousel,Product Launch,Event,13,492239,477666,354628,11586.0,365,1143,8038
POST04231,2026-06-13 18:00:00,Facebook,Image,Educational Series,Community,2,322283,155115,92154,4678.0,147,290,1388
POST04232,2026-06-13 21:00:00,YouTube,Reel,Product Launch,Community,20,466353,728629,622238,20373.0,273,9845,9890
POST04233,2026-06-14 00:00:00,Instagram,Text,Special Campaign,Community,19,316181,254736,214730,12795.0,597,868,4456
POST04234,2026-06-14 03:00:00,LinkedIn,Image,Special Campaign,Education,3,98434,70603,59819,3610.0,53,782,356
POST04235,2026-06-14 06:00:00,Instagram,Carousel,Festival Campaign,Event,6,168750,142420,113466,7427.0,358,1727,385
POST04236,2026-06-14 09:00:00,Instagram,Image,Product Launch,Entertainment,0,456267,566220,403945,13109.0,256,3968,1714
POST04237,2026-06-14 12:00:00,Instagram,Reel,Community Campaign,Education,22,38141,66581,46050,1371.0,30,677,169
POST04238,2026-06-14 15:00:00,Facebook,Reel,Community Campaign,Community,23,488908,437473,301125,30818.0,1722,4095,5540
POST04239,2026-06-14 18:00:00,Instagram ,Image,Festival Campaign,Event,18,306304,239525,137289,3567.0,119,531,1151
POST04240,2026-06-14 21:00:00,Instagram,Carousel,Event Promotion,Event,2,426051,748494,660250,48413.0,787,5896,14435
POST04241,2026-06-15 00:00:00,Facebook,Reel,Community Campaign,Education,19,29383,43780,30978,1282.0,70,495,694
POST04242,2026-06-15 03:00:00,Instagram,Carousel,Festival Campaign,Community,14,124882,114385,100148,4463.0,145,1269,1084
POST04243,2026-06-15 06:00:00,Facebook,Carousel,Community Campaign,Education,12,175636,228856,196298,12699.0,209,2820,1430
POST04244,2026-06-15 09:00:00,YouTube,Carousel,Educational Series,Promotional,21,389693,255344,214492,17279.0,510,3087,2997
POST04245,2026-06-15 12:00:00,YouTube,Image,Community Campaign,Community,13,235833,213379,161294,3075.0,121,783,3378
POST04246,2026-06-15 15:00:00,LinkedIn,Text,Brand Awareness,Education,6,451700,157223,92061,2461.0,69,785,1663
POST04247,2026-06-15 18:00:00,Instagram,Image,Festival Campaign,Entertainment,0,71556,110063,73012,4330.0,243,687,260
POST04248,2026-06-15 21:00:00,Instagram,Image,Seasonal Campaign,Community,12,498698,291219,221691,6066.0,142,2696,699
POST04249,2026-06-16 00:00:00,YouTube,Reel,Special Campaign,Brand,3,441496,411153,228070,7912.0,148,1300,1255
POST04250,2026-06-16 03:00:00,LinkedIn,Reel,Product Launch,Community,11,193854,285283,161162,4770.0,100,2433,1677
POST04251,2026-06-16 06:00:00,Instagram,Reel,Festival Campaign,Promotional,6,463639,782699,616126,40167.0,569,6009,9125
POST04252,2026-06-16 09:00:00,Instagram,Carousel,Event Promotion,Education,1,177367,289451,249179,17284.0,563,1865,5229
POST04253,2026-06-16 12:00:00,Instagram,Reel,Community Campaign,Brand,16,339740,273692,232448,23480.0,1265,744,1427
POST04254,2026-06-16 15:00:00,YouTube,Reel,Festival Campaign,Promotional,0,118236,155398,94614,4433.0,112,1783,601
POST04255,2026-06-16 18:00:00,Instagram,Video,Educational Series,Entertainment,13,395568,845578,734749,24054.0,551,9509,16164
POST04256,2026-06-16 21:00:00,Facebook,Reel,Festival Campaign,Community,21,252144,318555,252838,14512.0,752,3181,5898
POST04257,2026-06-17 00:00:00,LinkedIn,Reel,Educational Series,Brand,20,380289,533800,427421,12961.0,327,2925,6466
POST04258,2026-06-17 03:00:00,YouTube,Reel,Special Campaign,Education,0,265117,554860,364218,18883.0,639,4999,7381
POST04259,2026-06-17 06:00:00,Instagram,Video,Special Campaign,Education,2,357431,609941,488318,34329.0,396,8375,5146
POST04260,2026-06-17 09:00:00,YouTube,Reel,Community Campaign,Entertainment,10,470169,556450,444280,17378.0,423,2381,10581
POST04261,2026-06-17 12:00:00,Instagram,Image,Product Launch,Promotional,6,487680,425888,322879,16828.0,278,4297,7396
POST04262,2026-06-17 15:00:00,LinkedIn,Image,Community Campaign,Brand,8,353822,145533,98242,6924.0,105,668,2130
POST04263,2026-06-17 18:00:00,YouTube,Carousel,Event Promotion,Entertainment,21,328099,351583,293169,22118.0,698,4530,963
POST04264,2026-06-17 21:00:00,Instagram,Carousel,Brand Awareness,Promotional,2,333224,594268,521845,22690.0,541,5611,7573
POST04265,2026-06-18 00:00:00,Facebook,Video,Product Launch,Event,0,363937,384429,328479,17852.0,327,2449,1178
POST04266,2026-06-18 03:00:00,YouTube,Reel,Product Launch,Event,18,216002,435832,276771,16248.0,578,2471,4955
POST04267,2026-06-18 06:00:00,Facebook,Reel,Special Campaign,Promotional,1,435866,671693,474205,44135.0,2171,3561,3336
POST04268,2026-06-18 09:00:00,Instagram,Reel,Brand Awareness,Education,20,385861,893396,598436,61949.0,2895,4941,10214
POST04269,2026-06-18 12:00:00,Facebook,Reel,Festival Campaign,Education,23,436428,739223,589617,53313.0,1201,7975,3039
POST04270,2026-06-18 15:00:00,LinkedIn,Reel,Community Campaign,Event,4,349870,438996,369205,25672.0,594,1063,7253
POST04271,2026-06-18 18:00:00,Facebook,Reel,Festival Campaign,Education,16,217610,349116,218382,7336.0,341,4138,4145
POST04272,2026-06-18 21:00:00,LinkedIn,Image,Festival Campaign,Education,18,62882,56506,49812,3464.0,131,537,154
POST04273,2026-06-19 00:00:00,Instagram,Carousel,Community Campaign,Promotional,4,43038,65257,51361,3861.0,181,767,1049
POST04274,2026-06-19 03:00:00,YouTube,Image,Event Promotion,Community,22,355774,428139,268210,17014.0,171,2734,1771
POST04275,2026-06-19 06:00:00,Facebook,Carousel,Product Launch,Promotional,20,304595,351467,238956,10916.0,156,2070,1291
POST04276,2026-06-19 09:00:00,YouTube,Reel,Educational Series,Education,13,220360,277117,162560,9896.0,495,943,2276
POST04277,2026-06-19 12:00:00,YouTube,Reel,Brand Awareness,Promotional,9,75352,99516,75530,2668.0,140,855,1207
POST04278,2026-06-19 15:00:00,Instagram,Image,Product Launch,Brand,20,40521,34750,21170,1453.0,39,214,111
POST04279,2026-06-19 18:00:00,Instagram,Reel,Festival Campaign,Event,6,346452,350362,277690,27650.0,1601,4730,2694
POST04280,2026-06-19 21:00:00,Instagram,Reel,Brand Awareness,Community,7,466070,696854,563083,25815.0,647,4548,6740
POST04281,2026-06-20 00:00:00,Instagram,Image,Educational Series,Brand,7,244376,369483,265202,14741.0,803,2061,6301
POST04282,2026-06-20 03:00:00,Facebook,Text,Product Launch,Brand,6,140631,109284,63694,1538.0,47,480,543
POST04283,2026-06-20 06:00:00,Instagram,Carousel,Product Launch,Education,12,319350,223796,170936,7821.0,297,1732,1492
POST04284,2026-06-20 09:00:00,Instagram,Reel,Event Promotion,Education,13,352107,720224,489948,24294.0,1024,1707,8577
POST04285,2026-06-20 12:00:00,YouTube,Video,Product Launch,Brand,18,146407,277401,244772,12740.0,212,2433,4650
POST04286,2026-06-20 15:00:00,YouTube,Carousel,Product Launch,Brand,10,418772,643017,469159,18984.0,225,6166,1519
POST04287,2026-06-20 18:00:00,LinkedIn,Carousel,Educational Series,Entertainment,1,388980,401090,230744,9865.0,309,3011,1372
POST04288,2026-06-20 21:00:00,YouTube,Video,Educational Series,Entertainment,16,300916,258233,199515,16152.0,291,2057,2168
POST04289,2026-06-21 00:00:00,Instagram,Image,Brand Awareness,Event,5,179135,164252,135142,4622.0,173,1749,2284
POST04290,2026-06-21 03:00:00,Facebook,Reel,Festival Campaign,Brand,8,387440,482899,292721,26212.0,856,4848,1741
POST04291,2026-06-21 06:00:00,YouTube,Image,Educational Series,Promotional,18,42709,24390,17247,839.0,13,179,187
POST04292,2026-06-21 09:00:00,Instagram,Image,Brand Awareness,Community,4,201924,132214,107109,6441.0,278,838,510
POST04293,2026-06-21 12:00:00,YouTube,Image,Product Launch,Entertainment,8,494071,701537,390877,26431.0,291,3404,6083
POST04294,2026-06-21 15:00:00,LinkedIn,Image,Special Campaign,Education,6,418599,362480,203039,5172.0,84,895,2513
POST04295,2026-06-21 18:00:00,Instagram,Text,Brand Awareness,Brand,3,283377,197677,155555,4740.0,213,1040,3163
POST04296,2026-06-21 21:00:00,Instagram,Text,Special Campaign,Promotional,17,309290,230304,185117,3239.0,117,1227,2892
POST04297,2026-06-22 00:00:00,Instagram,Video,Brand Awareness,Community,17,149205,190024,160770,8568.0,206,894,2813
POST04298,2026-06-22 03:00:00,Instagram,Video,Brand Awareness,Promotional,19,148443,122926,84801,3484.0,66,1461,1506
POST04299,2026-06-22 06:00:00,YouTube,Text,Special Campaign,Promotional,16,333594,341040,234097,9533.0,401,909,3738
POST04300,2026-06-22 09:00:00,YouTube,Reel,Community Campaign,Education,3,175785,170137,126467,11015.0,223,551,424
POST04301,2026-06-22 12:00:00,Instagram,Reel,Brand Awareness,Entertainment,21,194830,396671,323312,20671.0,1224,3392,6888
POST04302,2026-06-22 15:00:00,LinkedIn,Image,Special Campaign,Promotional,15,362469,351242,271983,9795.0,523,2672,6301
POST04303,2026-06-22 18:00:00,Facebook,Video,Educational Series,Community,21,219538,269923,179380,6275.0,104,976,2646
POST04304,2026-06-22 21:00:00,YouTube,Image,Seasonal Campaign,Entertainment,22,490864,617092,414248,8056.0,426,1632,2264
POST04305,2026-06-23 00:00:00,Facebook,Carousel,Seasonal Campaign,Event,4,294518,186984,152775,9732.0,265,866,2658
POST04306,2026-06-23 03:00:00,Instagram,Reel,Seasonal Campaign,Education,8,70985,119145,87824,2492.0,85,677,966
POST04307,2026-06-23 06:00:00,YouTube,Reel,Seasonal Campaign,Entertainment,1,313156,526986,307913,30121.0,516,2081,1420
POST04308,2026-06-23 09:00:00,Facebook,Carousel,Community Campaign,Entertainment,1,104059,114222,68938,4028.0,64,587,1502
POST04309,2026-06-23 12:00:00,Facebook,Reel,Festival Campaign,Promotional,3,306927,221671,187958,10066.0,536,546,3506
POST04310,2026-06-23 15:00:00,Facebook,Image,Special Campaign,Community,19,428779,293263,263813,5345.0,221,744,5462
POST04311,2026-06-23 18:00:00,Instagram,Reel,Brand Awareness,Promotional,19,325337,418727,279495,16281.0,537,4171,5733
POST04312,2026-06-23 21:00:00,LinkedIn,Reel,Event Promotion,Community,16,281204,313662,214966,20131.0,237,2056,2336
POST04313,2026-06-24 00:00:00,Instagram,Carousel,Seasonal Campaign,Education,19,292186,465802,281377,23100.0,1295,1974,3829
POST04314,2026-06-24 03:00:00,LinkedIn,Image,Product Launch,Entertainment,20,79031,60919,38531,870.0,25,74,313
POST04315,2026-06-24 06:00:00,LinkedIn,Image,Seasonal Campaign,Brand,18,63163,57066,39867,2390.0,73,210,781
POST04316,2026-06-24 09:00:00,Instagram,Reel,Seasonal Campaign,Community,2,370500,346191,224863,10377.0,254,3705,3266
POST04317,2026-06-24 12:00:00,Facebook,Video,Product Launch,Community,4,378932,563998,448659,23024.0,1256,3459,7761
POST04318,2026-06-24 15:00:00,Instagram,Image,Community Campaign,Promotional,9,415424,465086,343348,16334.0,444,4489,3723
POST04319,2026-06-24 18:00:00,YouTube,Carousel,Product Launch,Promotional,5,256929,159504,133633,11180.0,209,991,2397
POST04320,2026-06-24 21:00:00,YouTube,Carousel,Product Launch,Event,2,33796,44624,35859,1224.0,42,302,637
POST04321,2026-06-25 00:00:00,YouTube,Reel,Community Campaign,Community,16,110962,161428,96023,3474.0,170,1550,1915
POST04322,2026-06-25 03:00:00,LinkedIn,Video,Product Launch,Education,9,435886,301439,178809,11951.0,341,3171,1147
POST04323,2026-06-25 06:00:00,Facebook,Carousel,Brand Awareness,Entertainment,23,306464,366188,316194,23632.0,1006,2267,5286
POST04324,2026-06-25 09:00:00,YouTube,Image,Seasonal Campaign,Entertainment,11,302218,428917,358930,19024.0,479,1149,8021
POST04325,2026-06-25 12:00:00,Facebook,Reel,Festival Campaign,Entertainment,0,47931,46135,32929,1748.0,80,376,167
POST04326,2026-06-25 15:00:00,LinkedIn,Text,Community Campaign,Community,17,301137,179582,106963,6306.0,273,777,2581
POST04327,2026-06-25 18:00:00,Instagram,Video,Event Promotion,Promotional,18,75330,68141,58908,5634.0,248,1023,446
POST04328,2026-06-25 21:00:00,LinkedIn,Reel,Community Campaign,Education,21,446207,663506,418503,36037.0,1524,4015,9878
POST04329,2026-06-26 00:00:00,Instagram,Reel,Educational Series,Entertainment,19,297147,379552,213474,18911.0,336,882,4717
POST04330,2026-06-26 03:00:00,Facebook,Video,Event Promotion,Community,3,198568,148998,130147,10253.0,557,1633,2595
POST04331,2026-06-26 06:00:00,Instagram,Carousel,Educational Series,Brand,14,34743,42831,35683,1328.0,52,85,271
POST04332,2026-06-26 09:00:00,Instagram,Video,Special Campaign,Event,8,466142,364675,289084,10065.0,293,2612,2243
POST04333,2026-06-26 12:00:00,YouTube,Image,Special Campaign,Event,5,144291,107541,60428,2896.0,53,398,526
POST04334,2026-06-26 15:00:00,Facebook,Carousel,Community Campaign,Entertainment,11,361687,194022,142596,11566.0,568,795,2970
POST04335,2026-06-26 18:00:00,Instagram,Image,Educational Series,Promotional,17,44300,30015,23374,1529.0,54,305,166
POST04336,2026-06-26 21:00:00,Instagram,Reel,Event Promotion,Event,22,130888,124993,101965,3500.0,60,960,1608
POST04337,2026-06-27 00:00:00,YouTube,Carousel,Brand Awareness,Event,14,126818,201024,143707,3533.0,198,2056,2889
POST04338,2026-06-27 03:00:00,LinkedIn,Text,Community Campaign,Event,18,232783,199788,176547,9589.0,146,1151,2318
POST04339,2026-06-27 06:00:00,Instagram,Reel,Community Campaign,Event,8,91509,139116,88432,6527.0,236,1456,1900
POST04340,2026-06-27 09:00:00,Instagram,Image,Product Launch,Entertainment,21,29703,36262,20829,717.0,29,147,320
POST04341,2026-06-27 12:00:00,YouTube,Carousel,Community Campaign,Community,23,235078,324705,216405,12203.0,731,3383,3482
POST04342,2026-06-27 15:00:00,Instagram,Image,Seasonal Campaign,Education,12,216086,208008,162585,4872.0,83,1510,2908
POST04343,2026-06-27 18:00:00,Facebook,Video,Special Campaign,Education,15,239888,225453,182167,16792.0,683,880,3936
POST04344,2026-06-27 21:00:00,Facebook,Video,Seasonal Campaign,Promotional,12,371547,471721,381374,31866.0,1078,953,1183
POST04345,2026-06-28 00:00:00,YouTube,Reel,Community Campaign,Community,0,453647,568738,334836,33836.0,773,6126,3896
POST04346,2026-06-28 03:00:00,Instagram,Text,Special Campaign,Brand,17,76436,74365,63937,,85,524,1546
POST04347,2026-06-28 06:00:00,Facebook,Video,Special Campaign,Education,21,303989,333296,216073,18310.0,907,876,1117
POST04348,2026-06-28 09:00:00,YouTube,Video,Brand Awareness,Brand,2,101777,137631,85808,5520.0,269,1201,698
POST04349,2026-06-28 12:00:00,Facebook,Carousel,Product Launch,Education,16,55055,69162,52913,2194.0,120,275,823
POST04350,2026-06-28 15:00:00,Facebook,Video,Festival Campaign,Education,21,422094,548883,342583,20053.0,927,5146,7493
POST04351,2026-06-28 18:00:00,Facebook,Reel,Educational Series,Promotional,4,30209,51627,37574,3744.0,132,484,193
POST04352,2026-06-28 21:00:00,YouTube,Reel,Event Promotion,Event,5,78812,145494,100748,8053.0,238,472,311
POST04353,2026-06-29 00:00:00,YouTube,Video,Festival Campaign,Promotional,20,114035,97208,61358,3062.0,138,215,1111
POST04354,2026-06-29 03:00:00,LinkedIn,Reel,Product Launch,Education,16,385283,496253,323666,33658.0,1351,3391,5224
POST04355,2026-06-29 06:00:00,YouTube,Reel,Seasonal Campaign,Community,16,274948,458304,320626,16982.0,630,5910,2873
POST04356,2026-06-29 09:00:00,Facebook,Video,Seasonal Campaign,Event,0,382982,474027,318146,26274.0,1036,3565,7656
POST04357,2026-06-29 12:00:00,Instagram,Video,Seasonal Campaign,Community,6,162076,228895,156461,12591.0,538,2228,2394
POST04358,2026-06-29 15:00:00,Facebook,Reel,Brand Awareness,Community,21,271290,178531,144146,11875.0,693,1518,2536
POST04359,2026-06-29 18:00:00,YouTube,Video,Special Campaign,Community,15,378267,724744,441320,31863.0,1518,3703,5001
POST04360,2026-06-29 21:00:00,Instagram,Carousel,Seasonal Campaign,Event,4,446606,760759,585530,16304.0,306,7801,13628
POST04361,2026-06-30 00:00:00,Instagram,Image,Event Promotion,Community,15,48400,51582,40613,2913.0,97,293,368
POST04362,2026-06-30 03:00:00,Facebook,Video,Educational Series,Event,3,358655,255099,211918,7543.0,331,976,4126
POST04363,2026-06-30 06:00:00,Facebook,Image,Community Campaign,Brand,10,98121,105266,89114,4472.0,83,446,496
POST04364,2026-06-30 09:00:00,YouTube,Reel,Community Campaign,Education,13,135763,180681,109408,4970.0,281,1322,1622
POST04365,2026-06-30 12:00:00,Instagram,Reel,Festival Campaign,Entertainment,12,157948,219323,131240,5139.0,71,1234,2061
POST04366,2026-06-30 15:00:00,Facebook,Image,Educational Series,Community,23,461320,435467,333206,16064.0,651,2028,2380
POST04367,2026-06-30 18:00:00,Instagram,Image,Product Launch,Promotional,7,405327,550989,449012,28360.0,1667,4321,4545
POST04368,2026-06-30 21:00:00,YouTube,Video,Educational Series,Brand,20,492351,365792,236050,12071.0,560,2909,1636
POST04369,2026-07-01 00:00:00,Instagram,Video,Brand Awareness,Promotional,19,372919,680682,499652,14767.0,647,3646,10787
POST04370,2026-07-01 03:00:00,Instagram,Image,Festival Campaign,Entertainment,14,326050,434512,356423,18421.0,1102,2140,6222
POST04371,2026-07-01 06:00:00,Instagram,Video,Festival Campaign,Event,17,139925,219467,179661,14226.0,705,2539,2303
POST04372,2026-07-01 09:00:00,Instagram,Reel,Brand Awareness,Entertainment,6,40378,52811,41131,2019.0,118,747,626
POST04373,2026-07-01 12:00:00,Instagram,Reel,Educational Series,Promotional,20,46568,48295,27894,2227.0,100,225,294
POST04374,2026-07-01 15:00:00,Instagram,Video,Seasonal Campaign,Entertainment,18,277447,240774,136693,4026.0,174,950,1699
POST04375,2026-07-01 18:00:00,YouTube,Reel,Brand Awareness,Education,8,379190,271762,186416,10102.0,486,1320,3099
POST04376,2026-07-01 21:00:00,YouTube,Reel,Seasonal Campaign,Entertainment,10,237296,239725,134087,8445.0,164,669,1026
POST04377,2026-07-02 00:00:00,Instagram,Carousel,Event Promotion,Community,9,268958,308840,267594,18802.0,945,1939,1592
POST04378,2026-07-02 03:00:00,Facebook,Image,Brand Awareness,Education,13,107332,64651,36013,1305.0,76,282,856
POST04379,2026-07-02 06:00:00,Instagram,Video,Seasonal Campaign,Community,15,127014,147962,82912,4698.0,190,894,680
POST04380,2026-07-02 09:00:00,YouTube,Reel,Educational Series,Entertainment,7,50796,64680,39316,2949.0,31,561,546
POST04381,2026-07-02 12:00:00,Instagram,Reel,Seasonal Campaign,Education,0,499569,629901,484680,36195.0,492,1690,9574
POST04382,2026-07-02 15:00:00,Instagram,Reel,Brand Awareness,Education,11,215422,411544,304354,20204.0,439,3678,4636
POST04383,2026-07-02 18:00:00,YouTube,Image,Product Launch,Entertainment,2,75061,73695,57542,2056.0,71,275,976
POST04384,2026-07-02 21:00:00,YouTube,Image,Community Campaign,Brand,1,95597,49149,42403,2297.0,70,194,279
POST04385,2026-07-03 00:00:00,LinkedIn,Image,Brand Awareness,Event,15,44401,23230,16475,1041.0,61,181,192
POST04386,2026-07-03 03:00:00,YouTube,Video,Community Campaign,Event,3,154882,247307,139816,4903.0,280,670,2542
POST04387,2026-07-03 06:00:00,LinkedIn,Text,Brand Awareness,Event,1,381360,183265,149768,4541.0,134,705,1140
POST04388,2026-07-03 09:00:00,Instagram,Reel,Educational Series,Education,11,371506,823042,686571,53664.0,2667,9183,9363
POST04389,2026-07-03 12:00:00,Instagram,Image,Event Promotion,Event,23,24902,32613,18506,1088.0,45,172,295
POST04390,2026-07-03 15:00:00,Instagram,Image,Event Promotion,Education,16,275267,234836,149120,8976.0,198,352,3036
POST04391,2026-07-03 18:00:00,Instagram,Text,Community Campaign,Brand,19,213806,195583,160321,7117.0,402,353,1244
POST04392,2026-07-03 21:00:00,YouTube,Text,Special Campaign,Entertainment,20,281566,271140,184823,6750.0,155,1458,4531
POST04393,2026-07-04 00:00:00,Facebook,Reel,Special Campaign,Entertainment,9,367292,297961,213169,16280.0,871,3988,5176
POST04394,2026-07-04 03:00:00,Instagram,Carousel,Educational Series,Education,19,331867,312020,261507,,323,4113,855
POST04395,2026-07-04 06:00:00,LinkedIn,Image,Seasonal Campaign,Education,7,342743,248532,144923,4234.0,173,1934,1607
POST04396,2026-07-04 09:00:00,Facebook,Reel,Educational Series,Brand,17,227271,378889,298204,29327.0,1522,2547,1339
POST04397,2026-07-04 12:00:00,Instagram,Reel,Special Campaign,Event,17,296111,389876,243767,23871.0,828,1629,2432
POST04398,2026-07-04 15:00:00,Instagram,Image,Educational Series,Brand,17,395456,385293,220359,12580.0,662,650,3604
POST04399,2026-07-04 18:00:00,Instagram,Image,Product Launch,Entertainment,1,191608,142914,111740,3984.0,149,627,1831
POST04400,2026-07-04 21:00:00,Instagram,Reel,Festival Campaign,Entertainment,11,156207,266396,157838,12091.0,716,1148,809
POST04401,2026-07-05 00:00:00,Instagram,Carousel,Special Campaign,Community,9,344509,538326,436826,28101.0,1208,4356,7817
POST04402,2026-07-05 03:00:00,YouTube,Reel,Special Campaign,Event,7,99608,133984,83196,5505.0,158,734,1798
POST04403,2026-07-05 06:00:00,Instagram,Image,Brand Awareness,Entertainment,18,368097,497030,281805,16463.0,792,1270,4758
POST04404,2026-07-05 09:00:00,Instagram,Reel,Educational Series,Community,9,398471,498910,291739,8260.0,293,3778,2864
POST04405,2026-07-05 12:00:00,LinkedIn,Reel,Educational Series,Education,10,354123,444517,375369,17261.0,868,3025,1146
POST04406,2026-07-05 15:00:00,Facebook,Image,Educational Series,Entertainment,13,123146,75643,51425,3131.0,161,305,887
POST04407,2026-07-05 18:00:00,LinkedIn,Reel,Event Promotion,Promotional,14,435141,579553,380066,37709.0,1540,4832,6807
POST04408,2026-07-05 21:00:00,Instagram,Image,Educational Series,Event,23,246610,354401,255849,16709.0,895,814,4756
POST04409,2026-07-06 00:00:00,Instagram,Reel,Special Campaign,Community,22,122331,247652,191070,15646.0,472,2996,738
POST04410,2026-07-06 03:00:00,YouTube,Image,Brand Awareness,Event,9,50993,36119,20334,547.0,7,266,292
POST04411,2026-07-06 06:00:00,Instagram,Reel,Seasonal Campaign,Event,3,216868,404031,349230,19123.0,824,3804,4224
POST04412,2026-07-06 09:00:00,Instagram,Carousel,Seasonal Campaign,Promotional,6,148238,193978,171761,4150.0,200,1673,3414
POST04413,2026-07-06 12:00:00,Facebook,Video,Educational Series,Brand,10,356807,572646,398594,27929.0,380,3348,7533
POST04414,2026-07-06 15:00:00,Facebook,Reel,Brand Awareness,Education,23,267557,269709,187291,11441.0,555,3515,4478
POST04415,2026-07-06 18:00:00,YouTube,Image,Product Launch,Event,21,69483,87447,74985,3669.0,153,251,1705
POST04416,2026-07-06 21:00:00,YouTube,Reel,Seasonal Campaign,Entertainment,21,253586,315514,220941,22622.0,357,3612,3375
POST04417,2026-07-07 00:00:00,YouTube,Image,Special Campaign,Education,2,175915,156192,132711,5271.0,195,1248,3260
POST04418,2026-07-07 03:00:00,Instagram,Reel,Festival Campaign,Entertainment,4,136747,130340,72979,3643.0,56,1165,460
POST04419,2026-07-07 06:00:00,Instagram,Image,Event Promotion,Education,1,57879,46235,33352,871.0,22,430,105
POST04420,2026-07-07 09:00:00,Instagram,Image,Brand Awareness,Education,11,481673,345669,305346,7864.0,394,2322,1640
POST04421,2026-07-07 12:00:00,Instagram,Text,Seasonal Campaign,Community,20,260021,154265,98495,3775.0,56,424,1064
POST04422,2026-07-07 15:00:00,LinkedIn,Image,Seasonal Campaign,Entertainment,4,286032,104828,67420,3941.0,129,736,1322
POST04423,2026-07-07 18:00:00,YouTube,Image,Community Campaign,Entertainment,6,347857,445550,343315,16644.0,670,4010,3923
POST04424,2026-07-07 21:00:00,Facebook,Image,Product Launch,Education,3,464367,364075,318262,20737.0,1182,3128,6420
POST04425,2026-07-08 00:00:00,Instagram,Text,Festival Campaign,Event,10,405969,476506,295223,8624.0,404,2886,5709
POST04426,2026-07-08 03:00:00,Instagram,Video,Festival Campaign,Entertainment,21,289570,463912,404799,27058.0,458,5583,8288
POST04427,2026-07-08 06:00:00,Instagram,Reel,Festival Campaign,Promotional,8,90031,186984,146231,11344.0,662,2746,1041
POST04428,2026-07-08 09:00:00,Instagram,Video,Special Campaign,Promotional,3,249645,360842,323879,14318.0,485,3660,4648
POST04429,2026-07-08 12:00:00,Instagram,Image,Brand Awareness,Education,21,292191,187459,151421,5966.0,169,946,2828
POST04430,2026-07-08 15:00:00,Facebook,Video,Product Launch,Brand,8,169111,203965,159853,10637.0,174,2080,1478
POST04431,2026-07-08 18:00:00,Facebook,Video,Educational Series,Education,11,212168,269874,225403,5749.0,325,783,4831
POST04432,2026-07-08 21:00:00,YouTube,Reel,Community Campaign,Education,15,448517,722516,441673,42027.0,1652,4868,8897
POST04433,2026-07-09 00:00:00,YouTube,Carousel,Product Launch,Event,0,461923,694290,611735,17126.0,1017,7742,3448
POST04434,2026-07-09 03:00:00,LinkedIn,Reel,Product Launch,Event,7,458330,587010,356877,10602.0,198,1946,2781
POST04435,2026-07-09 06:00:00,Instagram,Reel,Seasonal Campaign,Community,0,303510,441578,246835,10557.0,393,2312,2029
POST04436,2026-07-09 09:00:00,Instagram,Reel,Product Launch,Brand,19,433961,893005,709269,46230.0,716,6042,15835
POST04437,2026-07-09 12:00:00,Instagram,Carousel,Brand Awareness,Brand,18,456298,685200,421129,17564.0,636,2809,2993
POST04438,2026-07-09 15:00:00,Facebook,Reel,Community Campaign,Brand,3,206342,149769,122146,7369.0,401,1660,2038
POST04439,2026-07-09 18:00:00,LinkedIn,Reel,Brand Awareness,Brand,13,162425,175657,145490,4739.0,73,1601,644
POST04440,2026-07-09 21:00:00,Instagram,Carousel,Community Campaign,Brand,22,307224,475576,300965,10740.0,252,3907,4561
POST04441,2026-07-10 00:00:00,LinkedIn,Reel,Community Campaign,Education,13,38788,42489,24658,828.0,36,88,150
POST04442,2026-07-10 03:00:00,Facebook,Reel,Seasonal Campaign,Education,8,448185,759836,551099,24202.0,334,5660,8630
POST04443,2026-07-10 06:00:00,Instagram,Reel,Brand Awareness,Community,8,468387,439499,378662,30617.0,1001,1074,4199
POST04444,2026-07-10 09:00:00,Instagram,Image,Community Campaign,Promotional,16,342777,452502,383066,18795.0,500,1679,6253
POST04445,2026-07-10 12:00:00,YouTube,Image,Product Launch,Promotional,14,409605,537076,317400,11437.0,593,3450,3706
POST04446,2026-07-10 15:00:00,LinkedIn,Reel,Brand Awareness,Community,9,156731,196032,174012,8069.0,100,764,3792
POST04447,2026-07-10 18:00:00,Instagram,Text,Community Campaign,Community,16,316065,251912,161823,9691.0,515,409,3180
POST04448,2026-07-10 21:00:00,Facebook,Carousel,Special Campaign,Entertainment,8,155233,129895,87326,6058.0,273,661,1884
POST04449,2026-07-11 00:00:00,Instagram,Reel,Festival Campaign,Education,3,166575,282352,170023,15322.0,380,2674,1340
POST04450,2026-07-11 03:00:00,Facebook,Reel,Brand Awareness,Brand,13,243611,255695,174443,4894.0,97,2334,1094
POST04451,2026-07-11 06:00:00,YouTube,Image,Seasonal Campaign,Entertainment,2,307126,420563,324874,6893.0,396,3556,4958
POST04452,2026-07-11 09:00:00,YouTube,Carousel,Special Campaign,Event,20,351158,247380,179876,11852.0,446,499,3993
POST04453,2026-07-11 12:00:00,Facebook,Reel,Special Campaign,Education,11,206982,275868,231629,9488.0,258,2808,1258
POST04454,2026-07-11 15:00:00,Facebook,Reel,Event Promotion,Community,21,72632,53886,41732,2470.0,30,428,339
POST04455,2026-07-11 18:00:00,LinkedIn,Video,Brand Awareness,Promotional,0,178244,177986,114309,4259.0,77,1872,2218
POST04456,2026-07-11 21:00:00,Instagram,Reel,Special Campaign,Education,0,140056,265589,197891,7878.0,314,2980,2619
POST04457,2026-07-12 00:00:00,Facebook,Image,Brand Awareness,Community,12,357840,192898,110427,2638.0,94,747,1797
POST04458,2026-07-12 03:00:00,Instagram,Video,Brand Awareness,Education,13,208876,362150,272799,18219.0,872,3011,4369
POST04459,2026-07-12 06:00:00,YouTube,Carousel,Community Campaign,Education,15,120750,89255,61263,4139.0,214,483,739
POST04460,2026-07-12 09:00:00,YouTube,Reel,Brand Awareness,Education,6,490683,786266,459524,13985.0,417,4620,8512
POST04461,2026-07-12 12:00:00,YouTube,Carousel,Event Promotion,Event,9,247778,287772,189242,7259.0,109,2035,4115
POST04462,2026-07-12 15:00:00,YouTube,Reel,Educational Series,Promotional,14,476323,543602,469851,36344.0,1801,2941,10792
POST04463,2026-07-12 18:00:00,LinkedIn,Carousel,Brand Awareness,Education,7,341070,175207,132301,6048.0,227,879,531
POST04464,2026-07-12 21:00:00,Instagram,Image,Festival Campaign,Community,10,93137,124312,107671,6035.0,356,545,1634
POST04465,2026-07-13 00:00:00,Facebook,Video,Event Promotion,Event,23,89053,84809,58838,4628.0,230,876,228
POST04466,2026-07-13 03:00:00,Instagram,Text,Educational Series,Entertainment,13,352482,186067,166086,2732.0,72,1774,3790
POST04467,2026-07-13 06:00:00,Instagram,Text,Community Campaign,Education,12,392838,450000,304203,9776.0,307,1685,3785
POST04468,2026-07-13 09:00:00,Instagram,Text,Brand Awareness,Event,22,366439,241705,196960,9416.0,205,443,4492
POST04469,2026-07-13 12:00:00,LinkedIn,Image,Educational Series,Brand,12,486602,433195,284561,10936.0,389,823,2028
POST04470,2026-07-13 15:00:00,LinkedIn,Image,Festival Campaign,Entertainment,8,157816,121001,71039,1301.0,59,459,466
POST04471,2026-07-13 18:00:00,LinkedIn,Image,Event Promotion,Promotional,16,108309,54161,45580,1648.0,66,292,1047
POST04472,2026-07-13 21:00:00,LinkedIn,Carousel,Event Promotion,Education,17,395865,191670,156575,11896.0,322,641,3702
POST04473,2026-07-14 00:00:00,Instagram,Video,Community Campaign,Education,18,485000,763525,639238,59154.0,3026,9582,12701
POST04474,2026-07-14 03:00:00,Instagram,Reel,Community Campaign,Event,12,473299,387788,253959,17706.0,270,2806,2002
POST04475,2026-07-14 06:00:00,Facebook,Text,Community Campaign,Promotional,11,70123,26765,21312,613.0,10,54,144
POST04476,2026-07-14 09:00:00,YouTube,Video,Educational Series,Brand,20,395876,628227,393881,22670.0,684,1551,7663
POST04477,2026-07-14 12:00:00,YouTube,Text,Brand Awareness,Entertainment,19,92672,79426,43998,1127.0,50,257,746
POST04478,2026-07-14 15:00:00,Instagram,Video,Product Launch,Community,19,455501,541984,462459,16697.0,746,1952,10259
POST04479,2026-07-14 18:00:00,YouTube,Reel,Special Campaign,Promotional,7,208568,309952,227267,14657.0,415,2746,2065
POST04480,2026-07-14 21:00:00,YouTube,Reel,Event Promotion,Education,23,228408,356558,318862,26612.0,1193,2903,3028
POST04481,2026-07-15 00:00:00,Instagram,Reel,Product Launch,Event,10,269720,448233,306933,13306.0,173,5568,5861
POST04482,2026-07-15 03:00:00,YouTube,Reel,Seasonal Campaign,Brand,6,277058,452671,400571,38832.0,951,3877,3562
POST04483,2026-07-15 06:00:00,YouTube,Carousel,Event Promotion,Event,0,475612,791196,605478,19132.0,854,6349,7975
POST04484,2026-07-15 09:00:00,YouTube,Video,Special Campaign,Entertainment,9,72238,84748,61804,3968.0,76,930,892
POST04485,2026-07-15 12:00:00,Instagram,Video,Community Campaign,Promotional,14,295561,340976,223674,17871.0,368,1593,3963
POST04486,2026-07-15 15:00:00,Facebook,Carousel,Special Campaign,Event,3,372985,189782,159198,5483.0,78,1446,1683
POST04487,2026-07-15 18:00:00,Instagram,Reel,Brand Awareness,Community,0,458345,462669,388678,19092.0,538,1804,8505
POST04488,2026-07-15 21:00:00,Instagram,Reel,Brand Awareness,Community,10,319863,302510,210524,6319.0,323,2087,2494
POST04489,2026-07-16 00:00:00,Facebook,Reel,Event Promotion,Event,4,24002,23461,18875,1880.0,97,168,73
POST04490,2026-07-16 03:00:00,YouTube,Image,Educational Series,Education,18,153404,168574,119103,5275.0,280,811,532
POST04491,2026-07-16 06:00:00,Instagram,Image,Seasonal Campaign,Event,18,308293,181905,147139,3159.0,37,449,3586
POST04492,2026-07-16 09:00:00,Facebook,Reel,Special Campaign,Brand,3,260836,374656,336428,30530.0,1821,3139,5613
POST04493,2026-07-16 12:00:00,YouTube,Reel,Community Campaign,Promotional,1,220983,283593,182030,12816.0,450,3150,2512
POST04494,2026-07-16 15:00:00,Facebook,Reel,Brand Awareness,Entertainment,6,377138,645773,498484,15110.0,810,9190,11032
POST04495,2026-07-16 18:00:00,Facebook,Carousel,Seasonal Campaign,Community,12,381133,384800,262801,12984.0,717,1419,4933
POST04496,2026-07-16 21:00:00,Facebook,Image,Seasonal Campaign,Event,19,105808,108961,80841,3351.0,119,429,565
POST04497,2026-07-17 00:00:00,YouTube,Image,Brand Awareness,Brand,20,341067,459611,393404,10184.0,127,752,1243
POST04498,2026-07-17 03:00:00,Instagram,Image,Festival Campaign,Community,11,37352,56026,37629,1531.0,61,118,925
POST04499,2026-07-17 06:00:00,Instagram,Text,Special Campaign,Community,1,81081,74320,42758,1185.0,31,208,720
POST04500,2026-07-17 09:00:00,YouTube,Reel,Seasonal Campaign,Entertainment,21,273080,350181,290519,23414.0,476,4119,3920
POST04501,2026-07-17 12:00:00,YouTube,Image,Brand Awareness,Community,8,476994,500800,372724,6819.0,130,1945,8864
POST04502,2026-07-17 15:00:00,YouTube,Carousel,Festival Campaign,Brand,15,218641,227800,161120,4463.0,169,504,1792
POST04503,2026-07-17 18:00:00,Instagram,Image,Brand Awareness,Community,7,41645,33314,20460,1383.0,21,211,386
POST04504,2026-07-17 21:00:00,Instagram,Text,Brand Awareness,Community,23,45343,33623,19585,675.0,34,118,347
POST04505,2026-07-18 00:00:00,YouTube,Image,Seasonal Campaign,Event,17,282789,205147,132844,3655.0,78,1046,2377
POST04506,2026-07-18 03:00:00,Instagram,Image,Educational Series,Event,3,313919,260864,209112,12721.0,476,1174,3742
POST04507,2026-07-18 06:00:00,Facebook,Reel,Educational Series,Promotional,23,24121,16752,11627,1074.0,17,150,37
POST04508,2026-07-18 09:00:00,Instagram,Carousel,Community Campaign,Education,10,279982,326835,244988,8404.0,445,3493,5177
POST04509,2026-07-18 12:00:00,YouTube,Reel,Special Campaign,Brand,16,345886,363683,210469,17187.0,766,2516,4904
POST04510,2026-07-18 15:00:00,LinkedIn,Reel,Brand Awareness,Education,7,486864,480194,284819,21071.0,428,3568,3670
POST04511,2026-07-18 18:00:00,Instagram,Image,Special Campaign,Education,18,279806,390490,216314,12596.0,576,1334,3316
POST04512,2026-07-18 21:00:00,YouTube,Image,Community Campaign,Community,7,291415,273588,214944,13014.0,184,594,2180
POST04513,2026-07-19 00:00:00,Instagram,Reel,Community Campaign,Entertainment,5,452420,1026628,659669,51159.0,2486,6492,13372
POST04514,2026-07-19 03:00:00,Facebook,Carousel,Community Campaign,Entertainment,22,176284,107922,95880,7789.0,268,1411,1841
POST04515,2026-07-19 06:00:00,YouTube,Carousel,Community Campaign,Community,1,392965,612850,403230,30422.0,487,4590,7760
POST04516,2026-07-19 09:00:00,YouTube,Reel,Event Promotion,Brand,14,357972,383033,259415,11377.0,426,2823,4972
POST04517,2026-07-19 12:00:00,YouTube,Image,Seasonal Campaign,Education,0,436697,619932,442830,29816.0,597,4013,3457
POST04518,2026-07-19 15:00:00,LinkedIn,Carousel,Seasonal Campaign,Promotional,5,115011,70249,46483,2029.0,88,452,254
POST04519,2026-07-19 18:00:00,Instagram,Image,Event Promotion,Education,18,479620,645913,540051,30908.0,1404,6737,5312
POST04520,2026-07-19 21:00:00,Instagram,Image,Brand Awareness,Entertainment,3,58682,35625,30518,1946.0,93,134,477
POST04521,2026-07-20 00:00:00,LinkedIn,Reel,Event Promotion,Education,12,474657,557724,308902,18545.0,1015,5442,3641
POST04522,2026-07-20 03:00:00,YouTube,Carousel,Brand Awareness,Event,14,93749,77818,60630,1469.0,62,697,514
POST04523,2026-07-20 06:00:00,LinkedIn,Text,Educational Series,Event,8,473185,332224,262500,15155.0,524,720,916
POST04524,2026-07-20 09:00:00,Instagram ,Carousel,Seasonal Campaign,Promotional,2,239347,313995,278356,7116.0,375,1997,1576
POST04525,2026-07-20 12:00:00,Facebook,Reel,Product Launch,Brand,1,346891,577824,392712,20873.0,1147,3916,2088
POST04526,2026-07-20 15:00:00,YouTube,Image,Festival Campaign,Education,15,21903,24430,15106,758.0,37,41,363
POST04527,2026-07-20 18:00:00,Facebook,Video,Seasonal Campaign,Event,17,186416,182857,133888,4346.0,248,1478,2695
POST04528,2026-07-20 21:00:00,LinkedIn,Reel,Event Promotion,Brand,17,122413,88297,62394,5701.0,336,435,355
POST04529,2026-07-21 00:00:00,YouTube,Text,Event Promotion,Event,5,368678,352049,291181,7033.0,158,1737,3866
POST04530,2026-07-21 03:00:00,Instagram,Text,Educational Series,Brand,17,142702,79161,68584,4071.0,78,396,1193
POST04531,2026-07-21 06:00:00,Instagram,Reel,Event Promotion,Brand,10,269053,557608,323606,31545.0,1022,3694,7812
POST04532,2026-07-21 09:00:00,Instagram,Text,Brand Awareness,Event,6,300463,202091,171030,7218.0,431,1667,1525
POST04533,2026-07-21 12:00:00,Instagram,Image,Brand Awareness,Community,22,381063,421490,365912,19627.0,283,4001,3223
POST04534,2026-07-21 15:00:00,Instagram,Video,Product Launch,Entertainment,22,172513,272253,237798,14843.0,676,3809,3686
POST04535,2026-07-21 18:00:00,YouTube,Image,Product Launch,Brand,13,358322,305958,250123,9784.0,514,2125,5468
POST04536,2026-07-21 21:00:00,YouTube,Image,Seasonal Campaign,Community,17,490528,565203,457661,16929.0,1012,4121,4188
POST04537,2026-07-22 00:00:00,YouTube,Carousel,Product Launch,Education,6,175934,152446,84640,6532.0,267,675,488
POST04538,2026-07-22 03:00:00,Facebook,Video,Brand Awareness,Community,9,444319,256547,223726,14657.0,425,3040,1981
POST04539,2026-07-22 06:00:00,Instagram,Reel,Special Campaign,Event,7,162582,370111,249094,22472.0,411,1510,3208
POST04540,2026-07-22 09:00:00,Instagram,Image,Community Campaign,Community,23,185763,164520,92853,4248.0,251,683,1013
POST04541,2026-07-22 12:00:00,Instagram,Reel,Community Campaign,Entertainment,13,492154,931648,647069,32319.0,1816,9492,14201
POST04542,2026-07-22 15:00:00,YouTube,Reel,Product Launch,Event,17,354135,510228,411498,13644.0,685,6479,9770
POST04543,2026-07-22 18:00:00,Instagram,Reel,Product Launch,Promotional,4,191444,349124,246022,12608.0,721,1670,2786
POST04544,2026-07-22 21:00:00,Instagram,Image,Brand Awareness,Education,13,257528,169919,138535,9077.0,118,543,2925
POST04545,2026-07-23 00:00:00,YouTube,Reel,Educational Series,Promotional,21,88309,128662,93703,7639.0,317,700,422
POST04546,2026-07-23 03:00:00,Facebook,Reel,Seasonal Campaign,Community,21,194122,202643,132690,11583.0,274,2408,2014
POST04547,2026-07-23 06:00:00,Instagram,Reel,Event Promotion,Brand,21,270953,402334,249857,21569.0,1041,1194,5321
POST04548,2026-07-23 09:00:00,Facebook,Reel,Seasonal Campaign,Community,9,47377,81273,56678,2004.0,29,1060,692
POST04549,2026-07-23 12:00:00,Facebook,Image,Festival Campaign,Brand,14,340480,175481,98713,2623.0,60,1326,607
POST04550,2026-07-23 15:00:00,Facebook,Text,Community Campaign,Promotional,5,357456,302737,211277,6185.0,324,1930,1954
POST04551,2026-07-23 18:00:00,LinkedIn,Reel,Special Campaign,Promotional,8,267663,231142,132679,6564.0,311,2050,1833
POST04552,2026-07-23 21:00:00,Instagram,Text,Community Campaign,Brand,9,471435,335342,287371,5165.0,307,3102,6194
POST04553,2026-07-24 00:00:00,Instagram,Carousel,Brand Awareness,Entertainment,22,377085,366217,275182,8439.0,356,1669,5357
POST04554,2026-07-24 03:00:00,LinkedIn,Carousel,Seasonal Campaign,Education,16,341373,243390,188898,14156.0,356,729,914
POST04555,2026-07-24 06:00:00,YouTube,Carousel,Special Campaign,Event,0,85679,84819,55225,3209.0,119,736,829
POST04556,2026-07-24 09:00:00,YouTube,Video,Brand Awareness,Promotional,13,469864,478033,300700,14627.0,836,1523,6673
POST04557,2026-07-24 12:00:00,Facebook,Reel,Festival Campaign,Education,3,307842,420502,335462,22497.0,958,1129,5265
POST04558,2026-07-24 15:00:00,Facebook,Image,Special Campaign,Event,1,430299,190904,149868,4812.0,260,614,663
POST04559,2026-07-24 18:00:00,LinkedIn,Carousel,Seasonal Campaign,Community,2,65169,45561,27014,1560.0,17,218,570
POST04560,2026-07-24 21:00:00,LinkedIn,Image,Special Campaign,Event,6,435918,244876,155134,3417.0,97,1177,3560
POST04561,2026-07-25 00:00:00,Facebook,Video,Festival Campaign,Promotional,22,380718,514552,453475,40355.0,2290,1530,5243
POST04562,2026-07-25 03:00:00,Instagram,Reel,Product Launch,Entertainment,13,323166,325925,213957,9575.0,114,2159,2101
POST04563,2026-07-25 06:00:00,LinkedIn,Carousel,Seasonal Campaign,Entertainment,11,86543,104732,58549,4250.0,152,605,875
POST04564,2026-07-25 09:00:00,Instagram,Image,Festival Campaign,Education,18,375099,271631,155460,8338.0,227,1974,3832
POST04565,2026-07-25 12:00:00,Instagram,Image,Event Promotion,Community,17,128768,120994,99387,4595.0,194,443,2129
POST04566,2026-07-25 15:00:00,LinkedIn,Reel,Event Promotion,Education,14,226782,165026,134496,13251.0,239,829,2803
POST04567,2026-07-25 18:00:00,Instagram,Carousel,Community Campaign,Brand,0,378560,375243,256530,7921.0,337,1902,1859
POST04568,2026-07-25 21:00:00,Instagram,Video,Event Promotion,Entertainment,2,420419,763428,460820,15017.0,894,8177,10457
POST04569,2026-07-26 00:00:00,Instagram,Image,Seasonal Campaign,Education,14,210844,222338,161047,5697.0,134,923,2452
POST04570,2026-07-26 03:00:00,LinkedIn,Video,Event Promotion,Brand,3,318636,202675,135014,11310.0,374,416,3128
POST04571,2026-07-26 06:00:00,YouTube,Image,Event Promotion,Community,14,376669,203841,138793,2762.0,31,681,2406
POST04572,2026-07-26 09:00:00,Facebook,Reel,Special Campaign,Event,9,243939,208324,133607,5968.0,189,1607,2852
POST04573,2026-07-26 12:00:00,Instagram,Reel,Product Launch,Education,5,130230,293686,167988,9932.0,300,1607,1115
POST04574,2026-07-26 15:00:00,Facebook,Reel,Community Campaign,Brand,12,370663,583431,482442,39371.0,1505,7566,8946
POST04575,2026-07-26 18:00:00,Facebook,Image,Brand Awareness,Entertainment,6,340780,259517,198887,6794.0,155,1771,1722
POST04576,2026-07-26 21:00:00,Instagram,Reel,Community Campaign,Event,21,75639,115872,97578,5947.0,157,1176,655
POST04577,2026-07-27 00:00:00,YouTube,Carousel,Community Campaign,Education,0,60685,98083,71220,3007.0,121,463,1112
POST04578,2026-07-27 03:00:00,Instagram,Carousel,Community Campaign,Entertainment,21,237501,326586,292211,7831.0,434,2814,4751
POST04579,2026-07-27 06:00:00,LinkedIn,Reel,Festival Campaign,Event,10,297883,427759,379372,31721.0,690,4933,5232
POST04580,2026-07-27 09:00:00,Facebook,Reel,Brand Awareness,Promotional,13,443133,514234,331744,20564.0,902,1867,1645
POST04581,2026-07-27 12:00:00,LinkedIn,Reel,Festival Campaign,Entertainment,5,40704,29636,20313,1815.0,65,305,170
POST04582,2026-07-27 15:00:00,Instagram,Image,Product Launch,Promotional,4,377832,500249,406926,22589.0,344,2603,3328
POST04583,2026-07-27 18:00:00,Facebook,Reel,Product Launch,Community,18,471737,566499,465555,14203.0,543,7050,4609
POST04584,2026-07-27 21:00:00,Facebook,Reel,Educational Series,Education,18,329527,450487,391358,25440.0,1156,2192,6581
POST04585,2026-07-28 00:00:00,Facebook,Text,Educational Series,Brand,12,223814,99290,77289,4605.0,183,610,976
POST04586,2026-07-28 03:00:00,LinkedIn,Video,Special Campaign,Education,6,239864,264257,189285,8738.0,132,533,4600
POST04587,2026-07-28 06:00:00,Instagram,Reel,Product Launch,Entertainment,7,44307,60980,41599,2681.0,141,219,139
POST04588,2026-07-28 09:00:00,Instagram,Image,Product Launch,Promotional,13,286860,257760,179584,9555.0,115,2195,1391
POST04589,2026-07-28 12:00:00,Facebook,Image,Festival Campaign,Promotional,18,469486,445493,377618,10921.0,238,2718,5896
POST04590,2026-07-28 15:00:00,Facebook,Video,Special Campaign,Event,18,120924,142644,127381,9500.0,387,1314,2846
POST04591,2026-07-28 18:00:00,YouTube,Image,Product Launch,Education,22,432136,491604,279313,14978.0,313,3468,1046
POST04592,2026-07-28 21:00:00,Instagram,Reel,Seasonal Campaign,Education,11,451087,1031148,776542,42901.0,647,8383,17425
POST04593,2026-07-29 00:00:00,YouTube,Carousel,Brand Awareness,Entertainment,22,62928,87305,63908,2487.0,88,705,904
POST04594,2026-07-29 03:00:00,Instagram,Image,Festival Campaign,Promotional,8,295731,364391,248387,16798.0,774,1092,5037
POST04595,2026-07-29 06:00:00,YouTube,Reel,Product Launch,Entertainment,13,283339,451183,382626,13739.0,419,1522,9133
POST04596,2026-07-29 09:00:00,Facebook,Image,Festival Campaign,Entertainment,5,407855,296901,223124,9221.0,414,1324,1726
POST04597,2026-07-29 12:00:00,Facebook,Image,Festival Campaign,Community,14,438299,475442,313597,18633.0,988,3494,4996
POST04598,2026-07-29 15:00:00,Instagram,Reel,Event Promotion,Promotional,12,266164,365779,258033,9690.0,561,2619,5790
POST04599,2026-07-29 18:00:00,YouTube,Reel,Special Campaign,Entertainment,6,398126,683322,461161,45548.0,986,2509,9950
POST04600,2026-07-29 21:00:00,Instagram,Image,Educational Series,Promotional,10,173510,148627,104117,4832.0,194,851,1505
POST04601,2026-07-30 00:00:00,Instagram,Reel,Special Campaign,Entertainment,9,40009,40429,23244,1519.0,35,164,555
POST04602,2026-07-30 03:00:00,Facebook,Video,Festival Campaign,Brand,0,126172,85815,50559,2757.0,147,867,939
POST04603,2026-07-30 06:00:00,LinkedIn,Reel,Special Campaign,Entertainment,6,383267,452232,347446,32542.0,1774,4293,5048
POST04604,2026-07-30 09:00:00,Instagram,Reel,Community Campaign,Entertainment,17,499895,645669,509706,50959.0,1330,9792,2178
POST04605,2026-07-30 12:00:00,Facebook,Carousel,Seasonal Campaign,Brand,22,280226,205243,158615,7128.0,301,426,2176
POST04606,2026-07-30 15:00:00,LinkedIn,Video,Seasonal Campaign,Education,2,271505,284639,232571,14664.0,797,600,2856
POST04607,2026-07-30 18:00:00,Facebook,Video,Festival Campaign,Promotional,8,295840,167955,147840,6905.0,244,1455,1436
POST04608,2026-07-30 21:00:00,Instagram,Image,Community Campaign,Event,4,410877,331135,281867,10675.0,491,3350,6692
POST04609,2026-07-31 00:00:00,LinkedIn,Reel,Seasonal Campaign,Brand,22,27564,24095,16781,473.0,23,192,392
POST04610,2026-07-31 03:00:00,Instagram,Carousel,Event Promotion,Education,23,23637,35988,22533,1588.0,85,316,234
POST04611,2026-07-31 06:00:00,Instagram,Carousel,Product Launch,Entertainment,12,251249,330819,218058,17895.0,639,846,2744
POST04612,2026-07-31 09:00:00,Instagram,Reel,Festival Campaign,Community,15,475975,1006850,760886,65453.0,3736,10970,14867
POST04613,2026-07-31 12:00:00,YouTube,Text,Event Promotion,Education,15,168862,116256,98779,3785.0,156,783,2111
POST04614,2026-07-31 15:00:00,Instagram,Reel,Special Campaign,Brand,11,113695,141260,112386,10176.0,178,1327,609
POST04615,2026-07-31 18:00:00,Instagram,Text,Brand Awareness,Community,17,222122,106591,78883,4228.0,171,429,1088
POST04616,2026-07-31 21:00:00,Instagram,Video,Special Campaign,Entertainment,10,250953,524610,399048,25222.0,628,4985,9225
POST04617,2026-08-01 00:00:00,Facebook,Carousel,Event Promotion,Education,16,207996,196849,144662,11578.0,331,1390,2549
POST04618,2026-08-01 03:00:00,LinkedIn,Text,Educational Series,Event,6,238371,143383,127620,2087.0,105,530,1907
POST04619,2026-08-01 06:00:00,Instagram,Carousel,Educational Series,Promotional,14,294712,528574,441693,9556.0,560,1558,8302
POST04620,2026-08-01 09:00:00,LinkedIn,Reel,Product Launch,Promotional,5,113539,93273,76805,2484.0,132,701,1348
POST04621,2026-08-01 12:00:00,LinkedIn,Image,Special Campaign,Brand,5,280515,168061,122863,2595.0,68,957,2915
POST04622,2026-08-01 15:00:00,Facebook,Reel,Community Campaign,Entertainment,17,352991,477570,318125,18807.0,614,3561,7341
POST04623,2026-08-01 18:00:00,Instagram,Image,Product Launch,Entertainment,18,61596,85494,47605,3274.0,193,322,559
POST04624,2026-08-01 21:00:00,Facebook,Carousel,Seasonal Campaign,Promotional,19,320459,363191,205275,13042.0,732,1348,760
POST04625,2026-08-02 00:00:00,LinkedIn,Image,Community Campaign,Education,18,37191,34508,19344,1037.0,61,114,199
POST04626,2026-08-02 03:00:00,Facebook,Reel,Community Campaign,Entertainment,1,137083,172433,154011,8627.0,273,1092,1149
POST04627,2026-08-02 06:00:00,Instagram,Image,Community Campaign,Event,2,303052,446046,263197,12323.0,616,2259,1551
POST04628,2026-08-02 09:00:00,YouTube,Video,Community Campaign,Event,13,152487,211368,126766,5818.0,311,1984,2856
POST04629,2026-08-02 12:00:00,Facebook,Reel,Educational Series,Entertainment,21,60276,51435,37005,2456.0,29,646,688
POST04630,2026-08-02 15:00:00,YouTube,Image,Special Campaign,Entertainment,3,67650,69766,50126,2923.0,68,673,186
POST04631,2026-08-02 18:00:00,Instagram,Reel,Seasonal Campaign,Promotional,21,84427,159752,139302,9692.0,525,571,3236
POST04632,2026-08-02 21:00:00,Instagram,Carousel,Educational Series,Brand,16,104369,151700,87339,4138.0,121,438,1997
POST04633,2026-08-03 00:00:00,Facebook,Reel,Festival Campaign,Promotional,5,166478,144724,128085,11771.0,281,1913,3059
POST04634,2026-08-03 03:00:00,LinkedIn,Carousel,Seasonal Campaign,Brand,18,442552,201142,125861,4922.0,116,1372,2675
POST04635,2026-08-03 06:00:00,Instagram,Reel,Educational Series,Event,8,114957,134944,120039,7629.0,219,583,568
POST04636,2026-08-03 09:00:00,LinkedIn,Reel,Product Launch,Brand,3,252872,390283,288600,29522.0,655,3828,4820
POST04637,2026-08-03 12:00:00,Instagram,Text,Educational Series,Promotional,6,359460,221434,172320,10085.0,102,941,831
POST04638,2026-08-03 15:00:00,Facebook,Reel,Seasonal Campaign,Entertainment,3,59871,67553,44619,1181.0,22,837,834
POST04639,2026-08-03 18:00:00,Facebook,Image,Seasonal Campaign,Brand,10,294365,271422,207403,9694.0,524,2448,1521
POST04640,2026-08-03 21:00:00,Facebook,Reel,Product Launch,Promotional,21,41116,66360,53007,2771.0,38,203,1250
POST04641,2026-08-04 00:00:00,LinkedIn,Image,Brand Awareness,Event,22,453006,411051,227569,7675.0,235,649,5359
POST04642,2026-08-04 03:00:00,Instagram,Image,Special Campaign,Community,1,256871,390872,219662,11026.0,361,1467,3532
POST04643,2026-08-04 06:00:00,LinkedIn,Reel,Seasonal Campaign,Brand,9,493174,566439,507114,30838.0,1508,1390,9918
POST04644,2026-08-04 09:00:00,Instagram,Reel,Educational Series,Event,5,61474,130933,92981,7732.0,174,390,2034
POST04645,2026-08-04 12:00:00,Facebook,Image,Product Launch,Event,7,238091,147309,129268,2516.0,64,1643,1494
POST04646,2026-08-04 15:00:00,Facebook,Carousel,Community Campaign,Education,14,60100,52850,42568,3379.0,36,549,670
POST04647,2026-08-04 18:00:00,Facebook,Video,Special Campaign,Community,12,137982,200249,136277,8839.0,487,1757,936
POST04648,2026-08-04 21:00:00,Instagram,Image,Seasonal Campaign,Brand,21,268668,239546,144397,7933.0,351,1662,3563
POST04649,2026-08-05 00:00:00,LinkedIn,Image,Special Campaign,Promotional,1,287560,283902,253340,12831.0,296,1197,5940
POST04650,2026-08-05 03:00:00,Instagram,Reel,Special Campaign,Brand,19,35251,47464,35815,3694.0,200,532,488
POST04651,2026-08-05 06:00:00,Instagram,Reel,Event Promotion,Brand,0,440290,593024,366088,37681.0,539,4760,5554
POST04652,2026-08-05 09:00:00,Facebook,Reel,Special Campaign,Community,14,478663,453087,357294,26286.0,747,6053,4504
POST04653,2026-08-05 12:00:00,YouTube,Reel,Community Campaign,Event,6,470900,704997,410461,32569.0,1243,3028,1246
POST04654,2026-08-05 15:00:00,Facebook,Reel,Festival Campaign,Event,23,263148,193679,165365,12278.0,433,2564,1332
POST04655,2026-08-05 18:00:00,Instagram,Image,Special Campaign,Event,17,279463,161957,94185,3275.0,139,1109,493
POST04656,2026-08-05 21:00:00,Instagram,Image,Seasonal Campaign,Event,9,228772,345264,218437,6203.0,154,1796,2207
POST04657,2026-08-06 00:00:00,Facebook,Text,Product Launch,Community,14,336966,325014,189158,6265.0,300,1046,1550
POST04658,2026-08-06 03:00:00,YouTube,Reel,Community Campaign,Promotional,4,219076,180501,105832,8387.0,253,1971,2090
POST04659,2026-08-06 06:00:00,Instagram,Carousel,Educational Series,Entertainment,23,464796,614747,450819,11057.0,179,1986,6359
POST04660,2026-08-06 09:00:00,Facebook,Video,Educational Series,Education,10,206372,231726,183166,11178.0,525,543,3841
POST04661,2026-08-06 12:00:00,YouTube,Image,Seasonal Campaign,Event,7,63655,54979,45410,1818.0,101,176,771
POST04662,2026-08-06 15:00:00,Facebook,Reel,Brand Awareness,Event,20,415243,519310,411952,27660.0,780,5829,7183
POST04663,2026-08-06 18:00:00,YouTube,Reel,Event Promotion,Education,7,109091,149466,101221,9423.0,372,1612,2254
POST04664,2026-08-06 21:00:00,Facebook,Reel,Seasonal Campaign,Event,5,163016,188751,140629,4178.0,185,2069,3042
POST04665,2026-08-07 00:00:00,Facebook,Reel,Product Launch,Entertainment,14,282459,414859,362869,31048.0,1601,3518,1593
POST04666,2026-08-07 03:00:00,Facebook,Carousel,Community Campaign,Brand,14,230741,223710,153387,9665.0,192,2347,2411
POST04667,2026-08-07 06:00:00,Instagram,Reel,Event Promotion,Education,4,187829,241342,154058,6455.0,248,1557,1862
POST04668,2026-08-07 09:00:00,Facebook,Reel,Brand Awareness,Promotional,12,275053,348025,254671,21205.0,997,4885,4123
POST04669,2026-08-07 12:00:00,Facebook,Carousel,Seasonal Campaign,Education,13,118834,128104,83788,4379.0,87,1226,1841
POST04670,2026-08-07 15:00:00,Facebook,Video,Festival Campaign,Entertainment,10,437484,549172,352368,20660.0,694,3083,1150
POST04671,2026-08-07 18:00:00,Instagram,Image,Event Promotion,Community,19,128898,155679,128058,5645.0,187,471,415
POST04672,2026-08-07 21:00:00,LinkedIn,Carousel,Brand Awareness,Promotional,20,333155,325914,280870,22694.0,1179,934,1229
POST04673,2026-08-08 00:00:00,Facebook,Image,Seasonal Campaign,Brand,11,477760,313494,227537,15699.0,767,1824,5062
POST04674,2026-08-08 03:00:00,Instagram,Reel,Special Campaign,Event,19,483509,713644,587274,57119.0,1233,9101,6328
POST04675,2026-08-08 06:00:00,YouTube,Image,Seasonal Campaign,Education,0,60640,70161,43182,2845.0,61,166,482
POST04676,2026-08-08 09:00:00,LinkedIn,Image,Product Launch,Promotional,2,395946,357596,265220,5312.0,245,1464,2811
POST04677,2026-08-08 12:00:00,Instagram,Text,Seasonal Campaign,Education,7,181039,152205,117604,3884.0,182,899,950
POST04678,2026-08-08 15:00:00,LinkedIn,Reel,Festival Campaign,Brand,22,111331,100191,72311,6927.0,131,751,278
POST04679,2026-08-08 18:00:00,Facebook,Image,Seasonal Campaign,Education,11,48798,48059,28398,1669.0,51,251,651
POST04680,2026-08-08 21:00:00,Facebook,Reel,Educational Series,Promotional,14,475004,401351,323864,19956.0,1023,4544,2630
POST04681,2026-08-09 00:00:00,Instagram,Image,Brand Awareness,Entertainment,22,128262,70576,59543,3558.0,49,372,1349
POST04682,2026-08-09 03:00:00,Instagram,Reel,Special Campaign,Community,2,381515,578002,446407,18855.0,541,7090,10725
POST04683,2026-08-09 06:00:00,LinkedIn,Reel,Educational Series,Promotional,21,313605,219620,133793,9738.0,411,1937,2098
POST04684,2026-08-09 09:00:00,Instagram,Video,Seasonal Campaign,Education,7,381175,482082,277724,17323.0,841,3645,3107
POST04685,2026-08-09 12:00:00,Facebook,Image,Festival Campaign,Brand,23,364307,233484,153063,7495.0,319,543,3037
POST04686,2026-08-09 15:00:00,Instagram,Image,Brand Awareness,Event,18,345640,476790,268407,15293.0,456,1972,955
POST04687,2026-08-09 18:00:00,Instagram,Reel,Brand Awareness,Event,19,111897,145130,122450,12255.0,730,1512,2869
POST04688,2026-08-09 21:00:00,Instagram,Reel,Seasonal Campaign,Brand,5,86247,153472,122174,5692.0,68,785,1462
POST04689,2026-08-10 00:00:00,YouTube,Image,Festival Campaign,Education,17,162157,188454,140829,8299.0,288,1503,1378
POST04690,2026-08-10 03:00:00,LinkedIn,Video,Product Launch,Community,10,113262,103996,89579,6310.0,224,384,518
POST04691,2026-08-10 06:00:00,Instagram,Text,Special Campaign,Brand,11,486676,254517,149791,6932.0,152,443,3597
POST04692,2026-08-10 09:00:00,Instagram,Image,Brand Awareness,Education,22,101085,131046,104844,4315.0,163,695,2185
POST04693,2026-08-10 12:00:00,Instagram,Image,Special Campaign,Promotional,1,147061,91351,54931,3790.0,79,185,1039
POST04694,2026-08-10 15:00:00,YouTube,Video,Festival Campaign,Community,4,340996,269714,154094,9019.0,290,397,3618
POST04695,2026-08-10 18:00:00,YouTube,Image,Event Promotion,Entertainment,3,225070,155081,92508,2272.0,71,611,2230
POST04696,2026-08-10 21:00:00,LinkedIn,Image,Educational Series,Education,8,128293,72084,63637,3484.0,169,597,566
POST04697,2026-08-11 00:00:00,YouTube,Reel,Brand Awareness,Event,12,284704,548176,385999,13915.0,794,4233,7837
POST04698,2026-08-11 03:00:00,YouTube,Carousel,Event Promotion,Event,12,238131,323152,183275,7574.0,152,515,3642
POST04699,2026-08-11 06:00:00,Instagram,Image,Brand Awareness,Community,14,39944,38273,28868,875.0,52,130,440
POST04700,2026-08-11 09:00:00,LinkedIn,Video,Product Launch,Entertainment,1,349857,496615,307851,19334.0,1102,3257,1942
POST04701,2026-08-11 12:00:00,Instagram,Video,Seasonal Campaign,Education,22,266597,285468,157690,7730.0,120,2194,3735
POST04702,2026-08-11 15:00:00,Instagram,Reel,Festival Campaign,Entertainment,12,473377,819562,668299,25708.0,1429,10704,6641
POST04703,2026-08-11 18:00:00,Facebook,Carousel,Brand Awareness,Promotional,6,40098,51049,30843,2184.0,83,283,485
POST04704,2026-08-11 21:00:00,YouTube,Video,Festival Campaign,Entertainment,22,252454,433885,381762,22039.0,1188,4764,1308
POST04705,2026-08-12 00:00:00,YouTube,Reel,Community Campaign,Promotional,16,47475,40075,30356,1865.0,106,542,377
POST04706,2026-08-12 03:00:00,YouTube,Reel,Brand Awareness,Event,7,455952,780636,453119,43108.0,2282,1677,7508
POST04707,2026-08-12 06:00:00,Facebook,Reel,Product Launch,Promotional,17,172488,152945,95780,6515.0,196,409,1090
POST04708,2026-08-12 09:00:00,Instagram,Image,Product Launch,Education,14,279381,258201,197212,11109.0,464,1411,2661
POST04709,2026-08-12 12:00:00,Facebook,Image,Seasonal Campaign,Community,14,230728,184832,123530,4411.0,146,1103,892
POST04710,2026-08-12 15:00:00,Facebook,Image,Seasonal Campaign,Community,4,398482,416615,306732,14818.0,419,568,3283
POST04711,2026-08-12 18:00:00,YouTube,Reel,Event Promotion,Education,1,22948,21861,18140,1499.0,33,185,343
POST04712,2026-08-12 21:00:00,YouTube,Video,Product Launch,Education,15,153592,123379,102085,4629.0,148,520,2484
POST04713,2026-08-13 00:00:00,Instagram,Reel,Festival Campaign,Education,4,223877,228213,181268,14448.0,726,2447,2413
POST04714,2026-08-13 03:00:00,Facebook,Reel,Community Campaign,Brand,22,409438,344059,295931,20822.0,1086,2108,5354
POST04715,2026-08-13 06:00:00,YouTube,Image,Special Campaign,Promotional,5,82976,45960,28484,1180.0,68,351,697
POST04716,2026-08-13 09:00:00,Instagram,Image,Product Launch,Education,11,164408,253264,155006,8757.0,214,394,3107
POST04717,2026-08-13 12:00:00,YouTube,Reel,Brand Awareness,Community,4,211184,247357,205249,10409.0,442,3340,661
POST04718,2026-08-13 15:00:00,LinkedIn,Reel,Special Campaign,Entertainment,19,261806,184325,122080,9977.0,445,1126,2878
POST04719,2026-08-13 18:00:00,YouTube,Reel,Special Campaign,Entertainment,7,296164,481889,351424,24243.0,474,6004,7753
POST04720,2026-08-13 21:00:00,LinkedIn,Carousel,Product Launch,Brand,10,112816,121962,98835,3604.0,102,1307,886
POST04721,2026-08-14 00:00:00,Instagram,Video,Community Campaign,Promotional,13,346710,625692,430836,31070.0,842,2642,3013
POST04722,2026-08-14 03:00:00,Instagram,Image,Festival Campaign,Promotional,23,391158,514843,306618,20168.0,1195,733,6985
POST04723,2026-08-14 06:00:00,Instagram,Carousel,Brand Awareness,Promotional,16,167818,116409,91708,3717.0,215,1063,1664
POST04724,2026-08-14 09:00:00,YouTube,Carousel,Event Promotion,Community,9,274601,406655,339965,24537.0,1253,1662,2792
POST04725,2026-08-14 12:00:00,Instagram,Reel,Event Promotion,Community,1,349936,546925,303258,15835.0,532,5557,5672
POST04726,2026-08-14 15:00:00,Instagram,Text,Event Promotion,Brand,2,387800,401054,299544,15561.0,361,645,4854
POST04727,2026-08-14 18:00:00,LinkedIn,Video,Seasonal Campaign,Promotional,12,375392,524860,374903,10378.0,579,2794,3675
POST04728,2026-08-14 21:00:00,Facebook,Reel,Brand Awareness,Promotional,16,98372,150852,96674,2567.0,60,272,1474
POST04729,2026-08-15 00:00:00,Facebook,Reel,Special Campaign,Education,2,176783,274134,166223,5790.0,209,1322,2426
POST04730,2026-08-15 03:00:00,Instagram,Reel,Event Promotion,Promotional,9,286502,304577,187562,17662.0,393,2203,2666
POST04731,2026-08-15 06:00:00,Instagram,Reel,Seasonal Campaign,Community,7,162411,247386,198834,13447.0,787,2717,2859
POST04732,2026-08-15 09:00:00,Instagram,Carousel,Product Launch,Education,3,52039,95031,70101,4095.0,49,842,210
POST04733,2026-08-15 12:00:00,Facebook,Image,Special Campaign,Education,12,402129,352657,315065,20000.0,374,3639,2807
POST04734,2026-08-15 15:00:00,LinkedIn,Video,Brand Awareness,Promotional,6,303389,175505,111468,3081.0,148,460,1391
POST04735,2026-08-15 18:00:00,YouTube,Carousel,Brand Awareness,Entertainment,6,149024,212024,187623,8515.0,149,2345,1088
POST04736,2026-08-15 21:00:00,Instagram,Carousel,Brand Awareness,Event,15,263859,180502,131818,8108.0,478,777,2568
POST04737,2026-08-16 00:00:00,YouTube,Carousel,Educational Series,Community,4,299403,429599,258235,12006.0,312,1029,5586
POST04738,2026-08-16 03:00:00,Instagram,Reel,Seasonal Campaign,Entertainment,16,81086,174533,105044,2994.0,167,744,2204
POST04739,2026-08-16 06:00:00,Instagram,Reel,Special Campaign,Promotional,9,206179,297596,227065,17432.0,751,3882,2977
POST04740,2026-08-16 09:00:00,Facebook,Carousel,Festival Campaign,Promotional,3,223737,193166,162452,7417.0,309,1732,2955
POST04741,2026-08-16 12:00:00,Facebook,Reel,Educational Series,Entertainment,22,204075,192019,155861,4285.0,238,1978,731
POST04742,2026-08-16 15:00:00,Instagram,Reel,Educational Series,Promotional,13,199861,429306,334630,13151.0,469,4176,2471
POST04743,2026-08-16 18:00:00,Instagram,Video,Educational Series,Community,4,258720,390359,238211,9448.0,283,2090,960
POST04744,2026-08-16 21:00:00,LinkedIn,Carousel,Festival Campaign,Education,1,453789,411395,241866,12859.0,268,1884,5862
POST04745,2026-08-17 00:00:00,Instagram,Reel,Educational Series,Brand,13,469024,849995,467571,18954.0,326,2387,7310
POST04746,2026-08-17 03:00:00,Instagram,Carousel,Event Promotion,Promotional,23,192660,194257,113762,4978.0,246,755,779
POST04747,2026-08-17 06:00:00,Instagram,Video,Brand Awareness,Promotional,17,358891,482066,394440,30785.0,504,4097,7323
POST04748,2026-08-17 09:00:00,Instagram,Reel,Special Campaign,Entertainment,23,246805,478037,412707,36731.0,1090,5299,5679
POST04749,2026-08-17 12:00:00,Instagram,Reel,Special Campaign,Education,10,150196,348058,220711,19431.0,591,841,2770
POST04750,2026-08-17 15:00:00,Facebook,Text,Brand Awareness,Entertainment,15,101164,36485,30217,1398.0,60,143,697
POST04751,2026-08-17 18:00:00,Instagram,Reel,Seasonal Campaign,Community,17,439516,372064,230529,15736.0,376,1921,4283
POST04752,2026-08-17 21:00:00,YouTube,Reel,Product Launch,Entertainment,15,198164,262994,167591,11555.0,599,1894,3049
POST04753,2026-08-18 00:00:00,Facebook,Image,Community Campaign,Promotional,20,365192,343022,215574,14978.0,305,2178,1108
POST04754,2026-08-18 03:00:00,YouTube,Video,Event Promotion,Education,3,499697,584646,332140,28964.0,1432,4088,1668
POST04755,2026-08-18 06:00:00,LinkedIn,Reel,Festival Campaign,Community,0,250395,390522,241311,18504.0,971,2955,4251
POST04756,2026-08-18 09:00:00,LinkedIn,Reel,Community Campaign,Promotional,13,461624,333834,227254,14213.0,279,1710,1464
POST04757,2026-08-18 12:00:00,Instagram,Reel,Brand Awareness,Community,11,404406,320436,221714,18372.0,927,3720,2875
POST04758,2026-08-18 15:00:00,Facebook,Text,Educational Series,Promotional,23,236919,110365,72654,1294.0,59,665,1128
POST04759,2026-08-18 18:00:00,YouTube,Reel,Special Campaign,Promotional,9,85124,168816,123261,12286.0,659,702,1422
POST04760,2026-08-18 21:00:00,LinkedIn,Image,Seasonal Campaign,Promotional,18,317753,147598,100706,4790.0,170,953,490
POST04761,2026-08-19 00:00:00,YouTube,Text,Seasonal Campaign,Brand,3,424355,342732,304903,11472.0,248,3152,5901
POST04762,2026-08-19 03:00:00,LinkedIn,Reel,Product Launch,Event,19,189317,180995,150691,7336.0,407,1501,3386
POST04763,2026-08-19 06:00:00,Facebook,Text,Product Launch,Education,20,258242,203201,177971,2696.0,133,1871,1166
POST04764,2026-08-19 09:00:00,Instagram,Text,Brand Awareness,Brand,2,463376,231287,172331,3059.0,33,295,3755
POST04765,2026-08-19 12:00:00,YouTube,Video,Event Promotion,Event,3,234218,358248,282091,12112.0,690,2948,5740
POST04766,2026-08-19 15:00:00,Instagram ,Reel,Seasonal Campaign,Community,14,201859,179440,109159,7449.0,427,756,1681
POST04767,2026-08-19 18:00:00,LinkedIn,Carousel,Community Campaign,Event,10,180024,215645,175421,4607.0,127,996,2826
POST04768,2026-08-19 21:00:00,Instagram,Video,Product Launch,Event,15,84403,163944,103709,9747.0,102,1668,1797
POST04769,2026-08-20 00:00:00,Facebook,Text,Special Campaign,Brand,3,492320,298920,179663,6017.0,226,815,2613
POST04770,2026-08-20 03:00:00,Instagram,Reel,Special Campaign,Education,5,273021,635841,359028,18192.0,1012,1075,7746
POST04771,2026-08-20 06:00:00,Instagram,Video,Brand Awareness,Entertainment,7,241507,191949,137297,8486.0,137,1485,1843
POST04772,2026-08-20 09:00:00,YouTube,Reel,Event Promotion,Event,12,97538,179737,116896,3631.0,143,2221,1757
POST04773,2026-08-20 12:00:00,Instagram,Reel,Brand Awareness,Entertainment,22,420745,612934,548793,50672.0,2360,2160,2090
POST04774,2026-08-20 15:00:00,Facebook,Image,Brand Awareness,Entertainment,19,234677,177410,113088,4846.0,81,582,787
POST04775,2026-08-20 18:00:00,Instagram,Video,Event Promotion,Promotional,3,330622,319047,272239,10029.0,357,2647,6229
POST04776,2026-08-20 21:00:00,Facebook,Image,Event Promotion,Entertainment,4,82525,67839,44824,1198.0,17,516,254
POST04777,2026-08-21 00:00:00,Instagram,Image,Event Promotion,Community,9,89248,56359,45774,1716.0,65,226,1047
POST04778,2026-08-21 03:00:00,Instagram,Text,Special Campaign,Community,4,149210,149944,117097,,153,568,1989
POST04779,2026-08-21 06:00:00,Instagram,Image,Special Campaign,Promotional,11,478307,383084,286019,11587.0,269,1801,6647
POST04780,2026-08-21 09:00:00,Instagram,Carousel,Brand Awareness,Education,0,321970,496903,345789,20262.0,1066,2518,7232
POST04781,2026-08-21 12:00:00,Instagram,Image,Product Launch,Education,23,471101,563413,442215,24806.0,721,1832,9744
POST04782,2026-08-21 15:00:00,Instagram,Image,Festival Campaign,Community,9,301472,405816,281046,16418.0,738,3516,4085
POST04783,2026-08-21 18:00:00,YouTube,Carousel,Festival Campaign,Promotional,4,103247,149032,110557,5114.0,253,1428,2339
POST04784,2026-08-21 21:00:00,Instagram,Text,Brand Awareness,Education,18,288050,180618,136624,6457.0,122,1504,1794
POST04785,2026-08-22 00:00:00,YouTube,Image,Brand Awareness,Event,18,274590,136105,87593,2245.0,35,537,347
POST04786,2026-08-22 03:00:00,Instagram,Video,Product Launch,Education,19,311251,388035,259559,15818.0,164,806,4498
POST04787,2026-08-22 06:00:00,LinkedIn,Reel,Event Promotion,Promotional,11,333556,492272,273859,8669.0,219,1246,5210
POST04788,2026-08-22 09:00:00,LinkedIn,Reel,Brand Awareness,Community,22,103349,115855,98274,4426.0,224,849,514
POST04789,2026-08-22 12:00:00,YouTube,Image,Seasonal Campaign,Event,15,276817,336395,274025,13562.0,659,3414,5740
POST04790,2026-08-22 15:00:00,Instagram,Reel,Special Campaign,Entertainment,4,422369,908992,558335,46762.0,2505,10709,2598
POST04791,2026-08-22 18:00:00,Instagram,Reel,Educational Series,Entertainment,16,328357,720234,487394,16295.0,782,8037,6197
POST04792,2026-08-22 21:00:00,LinkedIn,Image,Event Promotion,Entertainment,13,182751,135399,94423,2755.0,30,433,1296
POST04793,2026-08-23 00:00:00,Instagram,Reel,Seasonal Campaign,Community,11,395776,642688,428693,44313.0,1297,5894,1632
POST04794,2026-08-23 03:00:00,Instagram,Reel,Special Campaign,Promotional,12,104388,219994,182459,9549.0,98,2314,811
POST04795,2026-08-23 06:00:00,Instagram,Image,Brand Awareness,Entertainment,20,395102,557917,448507,14952.0,176,5127,5792
POST04796,2026-08-23 09:00:00,Instagram,Image,Educational Series,Education,13,432828,560411,458699,10368.0,351,3561,4517
POST04797,2026-08-23 12:00:00,Instagram,Text,Seasonal Campaign,Entertainment,4,50907,50602,43843,2028.0,56,201,918
POST04798,2026-08-23 15:00:00,Facebook,Carousel,Community Campaign,Brand,21,115707,122159,92633,4911.0,186,218,1121
POST04799,2026-08-23 18:00:00,Instagram,Image,Product Launch,Community,22,411329,383335,293284,7774.0,103,3255,1560
POST04800,2026-08-23 21:00:00,Facebook,Text,Special Campaign,Brand,4,335695,303844,243888,10604.0,417,1626,1578
POST04801,2026-08-24 00:00:00,Instagram,Video,Educational Series,Entertainment,17,494200,795465,627169,38793.0,514,6731,11173
POST04802,2026-08-24 03:00:00,Instagram,Reel,Brand Awareness,Entertainment,13,155038,174991,149518,10476.0,326,2807,3573
POST04803,2026-08-24 06:00:00,LinkedIn,Reel,Festival Campaign,Brand,17,127412,98035,80346,8323.0,229,869,1778
POST04804,2026-08-24 09:00:00,Instagram,Carousel,Seasonal Campaign,Community,19,205505,352568,208776,4760.0,100,1338,1221
POST04805,2026-08-24 12:00:00,Facebook,Image,Brand Awareness,Community,0,172473,157264,137594,9275.0,237,794,462
POST04806,2026-08-24 15:00:00,YouTube,Video,Festival Campaign,Entertainment,6,172611,204766,161577,13672.0,137,417,578
POST04807,2026-08-24 18:00:00,Instagram,Carousel,Product Launch,Community,16,316162,273716,162724,7675.0,201,613,2474
POST04808,2026-08-24 21:00:00,LinkedIn,Carousel,Product Launch,Event,2,341686,318650,261353,19993.0,278,705,3577
POST04809,2026-08-25 00:00:00,Instagram,Text,Event Promotion,Community,9,483440,297740,201106,8885.0,498,778,662
POST04810,2026-08-25 03:00:00,LinkedIn,Image,Seasonal Campaign,Brand,6,83534,58350,48552,3205.0,43,124,206
POST04811,2026-08-25 06:00:00,Instagram,Reel,Event Promotion,Promotional,11,237065,435468,385124,27878.0,1607,3156,9626
POST04812,2026-08-25 09:00:00,LinkedIn,Video,Festival Campaign,Brand,21,56555,57844,36981,1463.0,50,161,896
POST04813,2026-08-25 12:00:00,Instagram,Reel,Festival Campaign,Education,14,116915,259373,220491,15642.0,557,3993,1276
POST04814,2026-08-25 15:00:00,YouTube,Video,Product Launch,Event,22,292614,208467,171098,6312.0,311,2915,1130
POST04815,2026-08-25 18:00:00,Facebook,Text,Educational Series,Promotional,20,320570,168735,132442,2825.0,126,977,3020
POST04816,2026-08-25 21:00:00,LinkedIn,Carousel,Festival Campaign,Entertainment,15,225801,105664,72350,4500.0,98,947,1024
POST04817,2026-08-26 00:00:00,LinkedIn,Image,Festival Campaign,Education,7,335068,167572,98608,6820.0,76,958,2374
POST04818,2026-08-26 03:00:00,Facebook,Image,Seasonal Campaign,Education,5,251588,127159,91473,4553.0,222,1032,1321
POST04819,2026-08-26 06:00:00,LinkedIn,Image,Educational Series,Event,3,387411,343833,201824,12305.0,202,1874,3168
POST04820,2026-08-26 09:00:00,Instagram,Image,Event Promotion,Promotional,10,341098,320265,232208,6290.0,251,1586,1821
POST04821,2026-08-26 12:00:00,Instagram,Carousel,Event Promotion,Education,16,406651,730164,611222,38027.0,2172,8573,13614
POST04822,2026-08-26 15:00:00,Instagram,Video,Festival Campaign,Promotional,1,187831,141561,127287,9772.0,366,1175,2692
POST04823,2026-08-26 18:00:00,Instagram,Carousel,Seasonal Campaign,Promotional,5,488047,708978,439072,10371.0,251,3296,4576
POST04824,2026-08-26 21:00:00,Instagram,Reel,Event Promotion,Community,3,296879,681055,424127,14241.0,269,5578,6986
POST04825,2026-08-27 00:00:00,YouTube,Image,Event Promotion,Education,2,67011,44835,37383,2250.0,25,477,392
POST04826,2026-08-27 03:00:00,Instagram,Video,Community Campaign,Promotional,6,392865,533158,380765,21199.0,872,3540,5028
POST04827,2026-08-27 06:00:00,Facebook,Image,Seasonal Campaign,Event,6,481784,469031,408306,16291.0,617,3481,8892
POST04828,2026-08-27 09:00:00,Instagram,Image,Event Promotion,Education,15,260381,318651,261022,17671.0,584,1973,3168
POST04829,2026-08-27 12:00:00,Instagram,Video,Product Launch,Event,1,407517,625570,505303,48216.0,949,8383,10860
POST04830,2026-08-27 15:00:00,YouTube,Carousel,Brand Awareness,Event,7,318815,304437,178303,12330.0,269,2021,4301
POST04831,2026-08-27 18:00:00,Facebook,Image,Festival Campaign,Promotional,14,405052,402962,226688,13782.0,798,1520,2756
POST04832,2026-08-27 21:00:00,Facebook,Video,Special Campaign,Promotional,15,246505,307025,202902,7912.0,87,2407,4525
POST04833,2026-08-28 00:00:00,Facebook,Reel,Festival Campaign,Community,0,439052,340474,213155,8737.0,246,1116,2064
POST04834,2026-08-28 03:00:00,Instagram,Text,Product Launch,Community,9,384118,506145,404565,23922.0,285,1955,1239
POST04835,2026-08-28 06:00:00,YouTube,Reel,Special Campaign,Education,6,271487,409840,290067,23268.0,455,4363,1409
POST04836,2026-08-28 09:00:00,Instagram,Reel,Brand Awareness,Community,15,368958,590229,432697,34426.0,1950,5237,8314
POST04837,2026-08-28 12:00:00,Instagram,Video,Brand Awareness,Entertainment,9,148338,287992,240418,10723.0,187,1755,1251
POST04838,2026-08-28 15:00:00,YouTube,Reel,Product Launch,Education,11,238510,388960,279069,26552.0,1063,2434,6603
POST04839,2026-08-28 18:00:00,Instagram,Carousel,Educational Series,Event,16,80854,58525,43350,1031.0,28,570,956
POST04840,2026-08-28 21:00:00,Instagram,Video,Educational Series,Community,12,333632,483595,408546,17882.0,744,4427,5853
POST04841,2026-08-29 00:00:00,LinkedIn,Video,Brand Awareness,Community,11,56091,68956,48335,1786.0,93,296,763
POST04842,2026-08-29 03:00:00,LinkedIn,Text,Educational Series,Community,14,158192,113896,65956,3099.0,75,289,1205
POST04843,2026-08-29 06:00:00,Instagram,Reel,Educational Series,Promotional,13,27859,63919,46826,3830.0,53,492,894
POST04844,2026-08-29 09:00:00,Instagram,Carousel,Educational Series,Event,18,249475,165001,124208,6792.0,137,1554,1714
POST04845,2026-08-29 12:00:00,Instagram,Reel,Brand Awareness,Community,18,443827,527045,384283,10149.0,324,7476,3802
POST04846,2026-08-29 15:00:00,Instagram,Image,Special Campaign,Brand,13,196549,222707,142603,9295.0,332,566,3283
POST04847,2026-08-29 18:00:00,LinkedIn,Video,Educational Series,Brand,17,157858,169651,106590,9891.0,564,1511,428
POST04848,2026-08-29 21:00:00,Instagram,Image,Special Campaign,Event,4,381141,318749,216562,6264.0,67,1953,2346
POST04849,2026-08-30 00:00:00,Facebook,Image,Festival Campaign,Community,19,303329,325990,198260,12585.0,602,1589,3501
POST04850,2026-08-30 03:00:00,Instagram,Image,Community Campaign,Entertainment,5,116726,83750,65585,4627.0,63,859,1482
POST04851,2026-08-30 06:00:00,LinkedIn,Carousel,Brand Awareness,Entertainment,17,89245,37546,28727,1195.0,16,186,133
POST04852,2026-08-30 09:00:00,Instagram,Text,Product Launch,Education,13,497906,650838,502016,11710.0,500,1619,8783
POST04853,2026-08-30 12:00:00,Facebook,Reel,Educational Series,Education,3,135718,141570,89002,9100.0,504,1551,1220
POST04854,2026-08-30 15:00:00,Instagram,Image,Event Promotion,Community,22,83906,132075,84037,1783.0,43,218,1521
POST04855,2026-08-30 18:00:00,Facebook,Video,Brand Awareness,Education,0,368539,309633,255628,11214.0,263,3872,2550
POST04856,2026-08-30 21:00:00,Instagram,Image,Seasonal Campaign,Promotional,12,89745,54612,43227,2510.0,102,375,805
POST04857,2026-08-31 00:00:00,Instagram,Reel,Product Launch,Entertainment,10,108915,216210,185143,13729.0,670,994,1289
POST04858,2026-08-31 03:00:00,LinkedIn,Image,Community Campaign,Event,2,493598,474737,328151,18036.0,963,1463,6582
POST04859,2026-08-31 06:00:00,LinkedIn,Reel,Festival Campaign,Community,16,431219,444918,329935,26800.0,602,1726,6429
POST04860,2026-08-31 09:00:00,LinkedIn,Reel,Special Campaign,Community,17,259464,154849,125206,9956.0,468,1845,2983
POST04861,2026-08-31 12:00:00,Facebook,Video,Special Campaign,Brand,9,111087,138466,123366,6000.0,152,579,840
POST04862,2026-08-31 15:00:00,Facebook,Image,Seasonal Campaign,Entertainment,15,366580,202548,181558,6322.0,235,1774,3428
POST04863,2026-08-31 18:00:00,Instagram,Text,Product Launch,Entertainment,20,360060,437272,393418,13486.0,263,1081,3972
POST04864,2026-08-31 21:00:00,Instagram,Video,Educational Series,Entertainment,12,29707,33111,28531,2343.0,40,425,262
POST04865,2026-09-01 00:00:00,Instagram,Carousel,Event Promotion,Education,19,175451,297935,230565,18470.0,1048,3378,2728
POST04866,2026-09-01 03:00:00,Facebook,Reel,Educational Series,Promotional,11,70277,76215,42104,2589.0,96,507,390
POST04867,2026-09-01 06:00:00,Instagram,Image,Product Launch,Event,3,372748,441410,350850,7940.0,81,4597,2968
POST04868,2026-09-01 09:00:00,Instagram,Reel,Brand Awareness,Education,7,223514,449647,284855,28253.0,1403,2619,5669
POST04869,2026-09-01 12:00:00,YouTube,Text,Seasonal Campaign,Promotional,11,363575,162104,92400,1720.0,76,358,1699
POST04870,2026-09-01 15:00:00,Facebook,Reel,Event Promotion,Entertainment,18,336900,520767,413496,15882.0,417,2314,2235
POST04871,2026-09-01 18:00:00,Instagram,Reel,Special Campaign,Promotional,14,236028,235152,191555,17944.0,595,2048,2935
POST04872,2026-09-01 21:00:00,Instagram,Image,Seasonal Campaign,Education,15,100748,93402,72928,3484.0,113,242,749
POST04873,2026-09-02 00:00:00,Instagram,Reel,Seasonal Campaign,Entertainment,11,99859,151539,102714,5496.0,130,1787,2502
POST04874,2026-09-02 03:00:00,Instagram,Reel,Event Promotion,Education,19,380614,828545,603886,59549.0,3515,9579,7458
POST04875,2026-09-02 06:00:00,Instagram,Image,Special Campaign,Event,17,343723,193940,170130,11886.0,442,1425,662
POST04876,2026-09-02 09:00:00,Facebook,Reel,Special Campaign,Entertainment,21,401021,496972,400243,20732.0,1137,5920,4121
POST04877,2026-09-02 12:00:00,Facebook,Reel,Product Launch,Promotional,11,92884,124162,90221,8457.0,332,310,891
POST04878,2026-09-02 15:00:00,Facebook,Image,Community Campaign,Education,15,217183,143651,108845,5947.0,264,455,340
POST04879,2026-09-02 18:00:00,Instagram,Carousel,Community Campaign,Brand,19,191011,190249,166408,6372.0,73,1760,2284
POST04880,2026-09-02 21:00:00,Facebook,Image,Educational Series,Promotional,10,274557,220271,151507,10429.0,371,1119,3473
POST04881,2026-09-03 00:00:00,Instagram,Image,Product Launch,Promotional,21,428964,318320,186422,3990.0,183,1654,3849
POST04882,2026-09-03 03:00:00,YouTube,Image,Event Promotion,Entertainment,19,88879,85184,56565,1989.0,32,160,1021
POST04883,2026-09-03 06:00:00,Facebook,Image,Product Launch,Community,13,136506,139873,97256,3831.0,168,917,1026
POST04884,2026-09-03 09:00:00,Instagram,Text,Event Promotion,Promotional,1,62115,75212,48552,2237.0,31,453,393
POST04885,2026-09-03 12:00:00,Instagram,Reel,Seasonal Campaign,Education,12,344167,475243,349370,10130.0,510,4133,3681
POST04886,2026-09-03 15:00:00,LinkedIn,Carousel,Educational Series,Brand,13,107943,101308,66528,5126.0,301,464,379
POST04887,2026-09-03 18:00:00,Instagram,Video,Brand Awareness,Event,5,473200,340717,199698,14269.0,589,1023,1036
POST04888,2026-09-03 21:00:00,Facebook,Video,Seasonal Campaign,Brand,11,324639,368264,226785,9933.0,137,1483,3546
POST04889,2026-09-04 00:00:00,Instagram,Reel,Special Campaign,Education,6,391373,900693,784823,60706.0,2388,8971,16408
POST04890,2026-09-04 03:00:00,Facebook,Reel,Brand Awareness,Entertainment,3,453963,431423,332350,22559.0,1061,2299,1723
POST04891,2026-09-04 06:00:00,Instagram,Carousel,Product Launch,Education,6,487906,673026,444202,18738.0,1061,5649,4608
POST04892,2026-09-04 09:00:00,Instagram,Reel,Event Promotion,Community,12,473594,932583,632684,17861.0,219,3053,3606
POST04893,2026-09-04 12:00:00,Facebook,Video,Brand Awareness,Community,10,172627,206746,149412,9514.0,463,1562,1468
POST04894,2026-09-04 15:00:00,Instagram,Carousel,Seasonal Campaign,Community,7,439839,509030,399891,10468.0,174,3547,8503
POST04895,2026-09-04 18:00:00,Instagram,Carousel,Event Promotion,Promotional,18,188381,154895,116754,8411.0,416,466,439
POST04896,2026-09-04 21:00:00,Instagram,Reel,Educational Series,Entertainment,1,272140,409128,358577,11798.0,642,6961,6181
POST04897,2026-09-05 00:00:00,Instagram,Carousel,Seasonal Campaign,Community,20,236852,237190,182401,8757.0,464,2432,787
POST04898,2026-09-05 03:00:00,Instagram,Carousel,Special Campaign,Event,17,463882,699005,607279,29378.0,1252,4479,7520
POST04899,2026-09-05 06:00:00,Instagram,Video,Product Launch,Event,20,244535,331676,183052,11723.0,410,2395,2458
POST04900,2026-09-05 09:00:00,LinkedIn,Reel,Event Promotion,Education,9,414283,581601,501163,14574.0,783,7372,5930
POST04901,2026-09-05 12:00:00,Instagram,Reel,Product Launch,Community,5,37265,40305,32345,1355.0,48,440,550
POST04902,2026-09-05 15:00:00,YouTube,Image,Event Promotion,Promotional,23,92445,83990,51256,1474.0,28,351,1251
POST04903,2026-09-05 18:00:00,Instagram,Reel,Seasonal Campaign,Event,21,172488,284554,182701,13285.0,759,3207,1622
POST04904,2026-09-05 21:00:00,Instagram,Image,Community Campaign,Brand,3,361916,244689,181065,5836.0,167,1960,2972
POST04905,2026-09-06 00:00:00,LinkedIn,Text,Community Campaign,Entertainment,18,379045,247420,146900,,130,996,1587
POST04906,2026-09-06 03:00:00,Instagram,Image,Event Promotion,Brand,13,203863,174138,143642,2727.0,54,262,3589
POST04907,2026-09-06 06:00:00,LinkedIn,Video,Educational Series,Event,13,177197,124100,102619,8673.0,134,603,2454
POST04908,2026-09-06 09:00:00,Instagram,Reel,Product Launch,Event,17,227537,227851,149318,15197.0,570,1672,754
POST04909,2026-09-06 12:00:00,Facebook,Reel,Special Campaign,Education,16,335853,333959,191838,15510.0,585,3413,4684
POST04910,2026-09-06 15:00:00,YouTube,Reel,Festival Campaign,Education,17,323204,660449,591826,34439.0,981,7826,11387
POST04911,2026-09-06 18:00:00,LinkedIn,Reel,Event Promotion,Community,17,51411,28391,18106,643.0,16,174,449
POST04912,2026-09-06 21:00:00,YouTube,Text,Event Promotion,Entertainment,4,494071,551150,316164,11501.0,330,621,6310
POST04913,2026-09-07 00:00:00,YouTube,Reel,Community Campaign,Community,8,72684,93270,62070,3827.0,190,787,362
POST04914,2026-09-07 03:00:00,Instagram,Carousel,Brand Awareness,Education,0,186656,249674,221997,10534.0,293,1529,4331
POST04915,2026-09-07 06:00:00,Instagram,Image,Seasonal Campaign,Promotional,3,354091,387317,320514,12316.0,690,2592,6085
POST04916,2026-09-07 09:00:00,LinkedIn,Text,Community Campaign,Entertainment,6,182674,156267,112217,4191.0,65,1006,748
POST04917,2026-09-07 12:00:00,Instagram,Reel,Product Launch,Promotional,10,396169,784969,515619,16349.0,925,8344,10090
POST04918,2026-09-07 15:00:00,Instagram,Reel,Community Campaign,Community,13,92740,214815,149974,4347.0,193,2580,2676
POST04919,2026-09-07 18:00:00,Facebook,Reel,Festival Campaign,Education,9,38899,58911,32759,1015.0,27,437,814
POST04920,2026-09-07 21:00:00,Instagram,Image,Educational Series,Entertainment,18,241125,207261,166105,4783.0,49,2058,2759
POST04921,2026-09-08 00:00:00,LinkedIn,Reel,Seasonal Campaign,Community,7,220660,335711,196349,9363.0,469,2802,2380
POST04922,2026-09-08 03:00:00,Facebook,Video,Festival Campaign,Event,2,462626,741242,542339,19633.0,1147,7933,13008
POST04923,2026-09-08 06:00:00,YouTube,Carousel,Educational Series,Community,7,77852,56028,41911,1545.0,91,480,704
POST04924,2026-09-08 09:00:00,LinkedIn,Carousel,Festival Campaign,Brand,17,451770,531677,292736,9574.0,298,4098,3123
POST04925,2026-09-08 12:00:00,Instagram,Image,Special Campaign,Event,4,163085,205053,183103,4786.0,64,807,634
POST04926,2026-09-08 15:00:00,Instagram,Reel,Seasonal Campaign,Promotional,19,458580,1017272,667074,32588.0,837,10301,13105
POST04927,2026-09-08 18:00:00,YouTube,Image,Community Campaign,Event,10,150320,210685,121571,4797.0,122,385,684
POST04928,2026-09-08 21:00:00,Instagram,Text,Festival Campaign,Community,8,385168,482321,409507,19857.0,300,981,9550
POST04929,2026-09-09 00:00:00,Facebook,Video,Community Campaign,Event,18,460429,688846,415500,38558.0,1397,4183,10034
POST04930,2026-09-09 03:00:00,LinkedIn,Video,Seasonal Campaign,Brand,11,449710,266651,148987,13433.0,540,1055,1221
POST04931,2026-09-09 06:00:00,YouTube,Video,Community Campaign,Community,4,20678,17564,12701,740.0,34,142,69
POST04932,2026-09-09 09:00:00,Instagram,Reel,Product Launch,Brand,15,181424,174844,104114,6453.0,80,1463,1675
POST04933,2026-09-09 12:00:00,LinkedIn,Reel,Community Campaign,Event,12,327941,201575,180177,6451.0,153,1158,1387
POST04934,2026-09-09 15:00:00,YouTube,Reel,Brand Awareness,Brand,5,160170,195439,108203,11014.0,305,1561,1614
POST04935,2026-09-09 18:00:00,YouTube,Reel,Festival Campaign,Event,15,159531,270095,153392,13082.0,714,2979,1857
POST04936,2026-09-09 21:00:00,Instagram,Reel,Seasonal Campaign,Entertainment,17,321038,428046,360264,33184.0,1827,5563,7358
POST04937,2026-09-10 00:00:00,LinkedIn,Image,Event Promotion,Event,16,380346,334178,211839,6491.0,149,812,5295
POST04938,2026-09-10 03:00:00,YouTube,Carousel,Event Promotion,Education,11,360907,550356,478291,22129.0,760,5141,6241
POST04939,2026-09-10 06:00:00,Facebook,Video,Event Promotion,Brand,0,90442,113912,75056,2356.0,73,191,1356
POST04940,2026-09-10 09:00:00,Facebook,Carousel,Seasonal Campaign,Brand,6,27898,25443,14615,1173.0,42,124,153
POST04941,2026-09-10 12:00:00,Instagram,Text,Brand Awareness,Promotional,13,332496,238055,131812,3672.0,89,883,2896
POST04942,2026-09-10 15:00:00,YouTube,Reel,Community Campaign,Promotional,17,329351,294076,190825,13832.0,458,3632,727
POST04943,2026-09-10 18:00:00,Facebook,Reel,Festival Campaign,Education,22,447100,519786,372065,14091.0,243,5602,5155
POST04944,2026-09-10 21:00:00,Instagram,Carousel,Educational Series,Brand,0,354024,544026,299407,21430.0,974,3513,2062
POST04945,2026-09-11 00:00:00,Facebook,Reel,Educational Series,Brand,19,402762,493965,372147,15084.0,429,4316,2564
POST04946,2026-09-11 03:00:00,LinkedIn,Reel,Seasonal Campaign,Promotional,9,389538,494846,329954,29409.0,1091,3719,4858
POST04947,2026-09-11 06:00:00,Facebook,Reel,Product Launch,Promotional,14,178438,174370,119714,6864.0,276,2318,1169
POST04948,2026-09-11 09:00:00,Facebook,Reel,Brand Awareness,Event,10,262588,174135,111706,7938.0,411,330,1463
POST04949,2026-09-11 12:00:00,Facebook,Image,Festival Campaign,Community,3,394526,406199,298623,9724.0,136,1596,2903
POST04950,2026-09-11 15:00:00,Facebook,Image,Community Campaign,Brand,14,161908,94388,59515,3908.0,133,200,774
POST04951,2026-09-11 18:00:00,Instagram,Image,Event Promotion,Brand,20,37442,45139,26956,1591.0,87,147,250
POST04952,2026-09-11 21:00:00,Instagram,Carousel,Brand Awareness,Event,15,338580,556425,479486,20770.0,550,4041,9914
POST04953,2026-09-12 00:00:00,YouTube,Image,Brand Awareness,Brand,14,266447,168586,115767,5743.0,185,671,1768
POST04954,2026-09-12 03:00:00,Facebook,Reel,Festival Campaign,Education,16,148934,191415,110432,3982.0,56,2083,723
POST04955,2026-09-12 06:00:00,YouTube,Reel,Seasonal Campaign,Promotional,22,454136,772396,487082,18760.0,891,6868,1551
POST04956,2026-09-12 09:00:00,Facebook,Reel,Community Campaign,Promotional,10,141751,206735,136130,9206.0,131,2028,460
POST04957,2026-09-12 12:00:00,Instagram,Carousel,Special Campaign,Community,17,32686,26673,21855,1340.0,55,267,268
POST04958,2026-09-12 15:00:00,Facebook,Video,Special Campaign,Promotional,15,63604,91025,50772,3256.0,93,834,503
POST04959,2026-09-12 18:00:00,Instagram,Carousel,Seasonal Campaign,Entertainment,14,423572,317097,227481,12794.0,344,2862,1994
POST04960,2026-09-12 21:00:00,Facebook,Reel,Seasonal Campaign,Education,10,278409,332117,230054,19301.0,758,661,3842
POST04961,2026-09-13 00:00:00,YouTube,Image,Product Launch,Education,12,61163,57124,50779,3388.0,130,246,1060
POST04962,2026-09-13 03:00:00,Instagram,Image,Seasonal Campaign,Event,17,441009,343769,210739,8204.0,248,2818,926
POST04963,2026-09-13 06:00:00,Instagram,Image,Community Campaign,Entertainment,7,22491,19479,14994,704.0,16,141,81
POST04964,2026-09-13 09:00:00,Facebook,Image,Product Launch,Brand,8,368886,198531,123241,8161.0,288,320,1369
POST04965,2026-09-13 12:00:00,YouTube,Image,Special Campaign,Community,21,79382,72751,53977,2324.0,54,391,686
POST04966,2026-09-13 15:00:00,Instagram,Image,Product Launch,Education,10,361608,209136,155654,6543.0,99,2066,1820
POST04967,2026-09-13 18:00:00,LinkedIn,Carousel,Event Promotion,Entertainment,16,321916,375575,216470,14999.0,749,3388,3690
POST04968,2026-09-13 21:00:00,Facebook,Reel,Event Promotion,Entertainment,0,97096,75373,53496,5051.0,227,530,263
POST04969,2026-09-14 00:00:00,LinkedIn,Carousel,Special Campaign,Education,10,27011,31447,22371,1509.0,21,319,310
POST04970,2026-09-14 03:00:00,YouTube,Reel,Festival Campaign,Event,6,457734,892542,590593,19967.0,362,7444,12318
POST04971,2026-09-14 06:00:00,YouTube,Reel,Special Campaign,Entertainment,7,441849,601311,389051,24219.0,363,4361,9113
POST04972,2026-09-14 09:00:00,LinkedIn,Text,Community Campaign,Promotional,18,155934,93347,58668,1439.0,71,323,899
POST04973,2026-09-14 12:00:00,YouTube,Text,Seasonal Campaign,Entertainment,3,320262,211878,116973,3425.0,166,1192,707
POST04974,2026-09-14 15:00:00,Facebook,Reel,Product Launch,Brand,3,275178,481931,265368,16602.0,504,3475,5043
POST04975,2026-09-14 18:00:00,Instagram,Image,Festival Campaign,Education,18,345993,437485,330924,9915.0,506,1888,6790
POST04976,2026-09-14 21:00:00,YouTube,Reel,Product Launch,Brand,23,491434,1020259,665221,44066.0,2586,7259,4868
POST04977,2026-09-15 00:00:00,Instagram,Image,Brand Awareness,Event,8,196375,194014,118108,6228.0,364,826,2114
POST04978,2026-09-15 03:00:00,Instagram,Video,Educational Series,Community,16,424919,846244,668242,58132.0,3432,6306,15684
POST04979,2026-09-15 06:00:00,Instagram,Text,Educational Series,Promotional,17,143793,122714,90209,2211.0,115,409,1697
POST04980,2026-09-15 09:00:00,Instagram,Carousel,Product Launch,Education,0,390059,671761,584590,23714.0,494,6278,7098
POST04981,2026-09-15 12:00:00,LinkedIn,Image,Festival Campaign,Entertainment,13,35096,15942,13404,534.0,6,32,170
POST04982,2026-09-15 15:00:00,Instagram,Carousel,Special Campaign,Promotional,3,342191,490166,394267,13857.0,700,5597,1872
POST04983,2026-09-15 18:00:00,Facebook,Reel,Event Promotion,Entertainment,9,230714,318173,189091,9813.0,249,1819,2755
POST04984,2026-09-15 21:00:00,Facebook,Text,Community Campaign,Event,22,348035,271611,212707,11645.0,313,1979,4394
POST04985,2026-09-16 00:00:00,YouTube,Video,Product Launch,Community,13,138160,172710,136937,4653.0,63,1887,3358
POST04986,2026-09-16 03:00:00,Instagram,Image,Product Launch,Education,6,28432,36353,29706,1246.0,56,217,350
POST04987,2026-09-16 06:00:00,Facebook,Reel,Community Campaign,Event,11,428916,371086,238273,11974.0,377,1419,2997
POST04988,2026-09-16 09:00:00,Facebook,Reel,Special Campaign,Event,21,144790,185641,143705,4601.0,93,1739,604
POST04989,2026-09-16 12:00:00,Facebook,Reel,Seasonal Campaign,Community,15,339006,418148,320467,10734.0,457,5967,6426
POST04990,2026-09-16 15:00:00,Facebook,Video,Event Promotion,Event,4,438412,387471,265362,21364.0,1260,1405,4979
POST04991,2026-09-16 18:00:00,LinkedIn,Image,Product Launch,Event,10,117186,107902,84403,5403.0,188,404,1001
POST04992,2026-09-16 21:00:00,YouTube,Reel,Brand Awareness,Entertainment,3,328762,273085,158483,13285.0,535,3071,2948
POST04993,2026-09-17 00:00:00,Instagram,Image,Event Promotion,Brand,12,102774,74527,57775,2722.0,49,707,965
POST04994,2026-09-17 03:00:00,Facebook,Video,Brand Awareness,Entertainment,7,392383,411547,313642,24975.0,450,3441,6247
POST04995,2026-09-17 06:00:00,Instagram,Reel,Educational Series,Community,6,280624,609265,380009,14386.0,473,5449,3766
POST04996,2026-09-17 09:00:00,LinkedIn,Video,Community Campaign,Promotional,10,79658,82219,68765,5513.0,287,640,1190
POST04997,2026-09-17 12:00:00,Instagram,Video,Event Promotion,Community,10,113312,218984,187460,10214.0,566,1631,3142
POST04998,2026-09-17 15:00:00,Instagram,Text,Seasonal Campaign,Community,16,403195,369251,230290,11229.0,472,1340,1149
POST04999,2026-09-17 18:00:00,Facebook,Image,Event Promotion,Community,21,148081,154184,88900,2693.0,75,591,816
POST05000,2026-09-17 21:00:00,YouTube,Reel,Festival Campaign,Community,13,419920,495879,377488,34328.0,1630,5291,8276
POST01502,2025-07-07 15:00:00,YouTube,Reel,Product Launch,Education,18,375211,801447,523274,19362.0,901,3131,3524
POST02587,2025-11-20 06:00:00,Instagram,Image,Festival Campaign,Community,21,335140,531918,320531,16496.0,614,1552,6156
POST02654,2025-11-28 15:00:00,Instagram,Video,Festival Campaign,Education,17,84206,125042,88256,7847.0,242,1152,281
POST01056,2025-05-12 21:00:00,Instagram,Image,Festival Campaign,Community,9,320292,266074,203741,12526.0,694,2518,800
POST00706,2025-03-30 03:00:00,LinkedIn,Reel,Community Campaign,Education,16,407012,251491,208124,9762.0,385,2620,2422
POST00107,2025-01-14 06:00:00,YouTube,Image,Educational Series,Community,17,350642,416839,369832,17488.0,346,4143,4536
POST00590,2025-03-15 15:00:00,Instagram,Carousel,Educational Series,Education,5,146201,131765,101251,3477.0,88,1196,505
POST02469,2025-11-05 12:00:00,YouTube,Carousel,Festival Campaign,Community,4,291153,273405,205221,15286.0,578,485,2031
POST02414,2025-10-29 15:00:00,Instagram,Video,Special Campaign,Event,14,431731,676513,475978,42275.0,1084,2412,8214
POST01601,2025-07-20 00:00:00,Instagram,Image,Product Launch,Entertainment,1,166362,265040,183137,4611.0,158,1307,824
