post_id,post_date,platform,content_type,campaign,category,posting_hour,followers,impressions,reach,likes,comments,shares,saves,total_engagement,engagement_rate,reach_rate
POST00001,2025-01-01 00:00:00,Instagram,Image,Seasonal Campaign,Promotional,11,179009,259495,216756,9518.0,365,1130,2226,13239.0,6.10778940375353,121.08664927461747
POST00002,2025-01-01 03:00:00,Linkedin,Image,Special Campaign,Community,21,40563,30635,21156,869.0,9,92,142,1112.0,5.256192096804689,52.15590562828193
POST00003,2025-01-01 06:00:00,Facebook,Video,Event Promotion,Event,11,488084,708783,528462,41638.0,1497,7825,9800,60760.0,11.497515431573131,108.27275632882865
POST00004,2025-01-01 09:00:00,Youtube,Reel,Product Launch,Brand,7,319719,665700,407114,41376.0,1055,6227,1501,50159.0,12.320627637467638,127.33494099506129
POST00005,2025-01-01 12:00:00,Instagram,Video,Educational Series,Entertainment,9,279605,581072,506782,29591.0,380,8190,9533,47694.0,9.411147199387509,181.24926235224692
POST00006,2025-01-01 15:00:00,Instagram,Reel,Special Campaign,Community,15,27386,25651,20405,540.0,17,251,179,987.0,4.83704974271012,74.50887314686337
POST00007,2025-01-01 18:00:00,Instagram,Video,Community Campaign,Community,19,120244,250172,212796,14242.0,364,3487,1529,19622.0,9.221037989435892,176.97016067329764
POST00008,2025-01-01 21:00:00,Linkedin,Video,Festival Campaign,Promotional,7,79150,98456,61313,4358.0,88,172,695,5313.0,8.665372759447425,77.4643082754264
POST00009,2025-01-02 00:00:00,Facebook,Reel,Festival Campaign,Brand,8,180644,270037,154917,14033.0,385,1067,865,16350.0,10.554038614225682,85.75817630256195
POST00010,2025-01-02 03:00:00,Facebook,Image,Festival Campaign,Community,12,408197,195119,130344,3749.0,71,1461,1493,6774.0,5.197017123918247,31.931640849883756
POST00011,2025-01-02 06:00:00,Instagram,Reel,Seasonal Campaign,Brand,19,186343,197531,144363,9657.0,241,1408,758,12064.0,8.356711899863537,77.47165173899744
POST00012,2025-01-02 09:00:00,Linkedin,Carousel,Community Campaign,Community,16,200882,248920,206810,10168.0,160,1110,2820,14258.0,6.894250761568589,102.95098615107376
POST00013,2025-01-02 12:00:00,Facebook,Image,Brand Awareness,Promotional,18,477476,275899,190150,10245.0,145,2113,1307,13810.0,7.262687352090455,39.823991153482055
POST00014,2025-01-02 15:00:00,Instagram,Carousel,Community Campaign,Entertainment,16,96566,81405,52464,1313.0,72,699,307,2391.0,4.557410795974382,54.32968125427169
POST00015,2025-01-02 18:00:00,Instagram,Reel,Brand Awareness,Promotional,6,164210,220906,150302,14271.0,786,1549,2365,18971.0,12.621921198653377,91.53035746909445
POST00016,2025-01-02 21:00:00,Instagram,Reel,Festival Campaign,Community,0,149549,329730,262551,17294.0,888,2752,4399,25333.0,9.648792044212362,175.56185598031416
POST00017,2025-01-03 00:00:00,Instagram,Reel,Event Promotion,Brand,19,198441,302198,201770,19049.0,409,3187,629,23274.0,11.534915993457897,101.67757671045803
POST00018,2025-01-03 03:00:00,Youtube,Reel,Event Promotion,Education,13,166718,338676,302338,15884.0,735,4727,3485,24831.0,8.212993404732453,181.3469451408966
POST00019,2025-01-03 06:00:00,Youtube,Image,Special Campaign,Promotional,16,48812,40318,24644,1313.0,51,294,116,1774.0,7.198506735919493,50.48758502007703
POST00020,2025-01-03 09:00:00,Instagram,Video,Brand Awareness,Brand,12,108958,113991,92741,8614.0,108,1156,1785,11663.0,12.575883374127947,85.11628333853412
POST00021,2025-01-03 12:00:00,Facebook,Carousel,Festival Campaign,Promotional,1,358325,336992,254835,20497.0,1126,1181,4585,27389.0,10.747738732905605,71.11839810228145
POST00022,2025-01-03 15:00:00,Instagram,Image,Community Campaign,Community,13,296772,357525,225806,15576.0,932,1858,924,19290.0,8.542731371177029,76.08736673271063
POST00023,2025-01-03 18:00:00,Instagram,Text,Event Promotion,Brand,0,44486,35693,29045,491.0,22,151,688,1352.0,4.654845928731279,65.2902036595783
POST00024,2025-01-03 21:00:00,Instagram,Carousel,Brand Awareness,Entertainment,4,406078,432878,305888,14190.0,306,755,7377,22628.0,7.397478815775709,75.32740015465009
POST00025,2025-01-04 00:00:00,Youtube,Text,Special Campaign,Brand,6,281290,166635,131448,2331.0,87,449,1362,4229.0,3.2172417990384035,46.7304205624089
POST00026,2025-01-04 03:00:00,Facebook,Image,Community Campaign,Event,18,321410,201766,157738,5475.0,84,663,926,7148.0,4.531565000190189,49.07687999751097
POST00027,2025-01-04 06:00:00,Instagram,Reel,Festival Campaign,Education,13,370412,677877,399083,15810.0,394,1592,2201,19997.0,5.010737114835761,107.7402999902811
POST00028,2025-01-04 09:00:00,Youtube,Reel,Product Launch,Community,23,66557,82791,69875,5196.0,238,716,1502,7652.0,10.950983899821109,104.98520065507759
POST00029,2025-01-04 12:00:00,Youtube,Carousel,Festival Campaign,Brand,13,236033,158052,124626,8747.0,219,1125,1632,11723.0,9.406544380787315,52.80024403367326
POST00030,2025-01-04 15:00:00,Instagram,Reel,Seasonal Campaign,Community,14,228803,227778,187508,12383.0,214,1564,601,14762.0,7.872730763487425,81.9517226609791
POST00031,2025-01-04 18:00:00,Facebook,Reel,Festival Campaign,Promotional,4,235330,240197,169751,14946.0,155,1624,3965,20690.0,12.188440716107712,72.13317469085965
POST00032,2025-01-04 21:00:00,Instagram,Image,Special Campaign,Promotional,4,36494,56144,34712,648.0,25,285,556,1514.0,4.361604056234155,95.11700553515647
POST00033,2025-01-05 00:00:00,Instagram,Image,Community Campaign,Brand,20,434787,412766,274148,17080.0,998,879,4986,23943.0,8.733603746881247,63.05340316062807
POST00034,2025-01-05 03:00:00,Linkedin,Carousel,Special Campaign,Event,23,316630,149113,129059,4160.0,142,1261,2725,8288.0,6.421869067635733,40.76019328553833
POST00035,2025-01-05 06:00:00,Linkedin,Reel,Community Campaign,Brand,1,239508,228661,200834,12442.0,256,2931,4219,19848.0,9.882788770825657,83.85273143277051
POST00036,2025-01-05 09:00:00,Facebook,Image,Educational Series,Entertainment,17,81635,77287,55542,2327.0,77,668,259,3331.0,5.99726333225307,68.03699393642432
POST00037,2025-01-05 12:00:00,Instagram,Carousel,Educational Series,Event,23,151197,208339,136374,10365.0,415,847,2131,13758.0,10.088433279070792,90.19623405226295
POST00038,2025-01-05 15:00:00,Instagram,Text,Community Campaign,Community,8,68814,48233,38856,2271.0,113,341,711,3436.0,8.842907144327775,56.465254163396985
POST00039,2025-01-05 18:00:00,Facebook,Carousel,Community Campaign,Brand,9,143141,160710,131476,4874.0,159,1363,642,7038.0,5.353068240591439,91.85069267365745
POST00040,2025-01-05 21:00:00,Youtube,Text,Product Launch,Community,17,432534,403452,337049,6078.0,113,2157,2660,11008.0,3.265993965269145,77.92427878502038
POST00041,2025-01-06 00:00:00,Instagram,Video,Product Launch,Education,3,82363,79721,44713,3167.0,61,748,523,4499.0,10.06195066311811,54.287726284860916
POST00042,2025-01-06 03:00:00,Youtube,Image,Festival Campaign,Event,7,63162,41404,22913,1034.0,56,207,515,1812.0,7.908174398812901,36.2765586903518
POST00043,2025-01-06 06:00:00,Instagram,Reel,Special Campaign,Brand,17,267364,436767,294819,20674.0,450,2590,6401,30115.0,10.2147419264023,110.26877216079951
POST00044,2025-01-06 09:00:00,Linkedin,Carousel,Seasonal Campaign,Education,19,147083,143248,86432,2067.0,95,1022,1746,4930.0,5.703905960755276,58.76409918209446
POST00045,2025-01-06 12:00:00,Instagram,Carousel,Special Campaign,Brand,16,27590,50820,42269,2952.0,69,642,1047,4710.0,11.142917977714164,153.20405944182676
POST00046,2025-01-06 15:00:00,Facebook,Carousel,Event Promotion,Entertainment,15,316994,276172,203399,7248.0,333,2976,1696,12253.0,6.024120079253094,64.16493687577682
POST00047,2025-01-06 18:00:00,Instagram,Image,Special Campaign,Promotional,17,425350,581085,487455,17590.0,244,6468,6479,30781.0,6.314634171359408,114.60091689197131
POST00048,2025-01-06 21:00:00,Youtube,Image,Seasonal Campaign,Community,6,412235,251609,153964,4669.0,95,448,1975,7187.0,4.667974331661947,37.348599706478105
POST00049,2025-01-07 00:00:00,Youtube,Reel,Product Launch,Brand,0,307374,610795,470023,46900.0,1427,4744,8430,61501.0,13.08467883486553,152.9156662567426
POST00050,2025-01-07 03:00:00,Instagram,Image,Festival Campaign,Event,0,297202,363702,273889,7425.0,265,1879,5944,15513.0,5.663973361471253,92.1558401356653
POST00051,2025-01-07 06:00:00,Linkedin,Reel,Seasonal Campaign,Brand,17,99837,117227,78440,6520.0,180,712,1083,8495.0,10.829933707292199,78.56806594749442
POST00052,2025-01-07 09:00:00,Facebook,Video,Special Campaign,Brand,3,123397,85617,62584,2609.0,100,324,864,3897.0,6.226831138949252,50.717602534907655
POST00053,2025-01-07 12:00:00,Linkedin,Reel,Brand Awareness,Brand,22,309183,173503,131195,7759.0,203,2186,2149,12297.0,9.373070620069363,42.432798698505415
POST00054,2025-01-07 15:00:00,Linkedin,Reel,Educational Series,Brand,19,272903,340994,293705,30455.0,1337,4104,5678,41574.0,14.155019492347765,107.62248857652719
POST00055,2025-01-07 18:00:00,Youtube,Image,Seasonal Campaign,Event,20,216892,132496,75452,1767.0,62,670,560,3059.0,4.054233154853417,34.78782066650683
POST00056,2025-01-07 21:00:00,Linkedin,Carousel,Event Promotion,Event,19,320478,168781,141469,10826.0,489,1159,3418,15892.0,11.233556468201513,44.14312370895974
POST00057,2025-01-08 00:00:00,Instagram,Image,Festival Campaign,Brand,3,63525,47167,42122,2910.0,91,267,211,3479.0,8.259341911590143,66.3077528532074
POST00058,2025-01-08 03:00:00,Instagram,Reel,Seasonal Campaign,Promotional,5,146681,136777,110258,8871.0,477,1752,386,11486.0,10.417384679569738,75.1685630722452
POST00059,2025-01-08 06:00:00,Instagram,Image,Community Campaign,Brand,2,104194,126639,102333,1897.0,55,814,1114,3880.0,3.7915432949292995,98.21390867036489
POST00060,2025-01-08 09:00:00,Instagram,Reel,Special Campaign,Community,5,179515,258201,161708,14557.0,369,2081,2980,19987.0,12.359932718232864,90.08049466618388
POST00061,2025-01-08 12:00:00,Instagram,Text,Brand Awareness,Community,12,286116,197273,144616,7910.0,299,357,3545,12111.0,8.374592023012669,50.54453438465517
POST00062,2025-01-08 15:00:00,Instagram,Text,Educational Series,Event,22,84936,71913,57320,3390.0,120,349,1348,5207.0,9.084089323098395,67.48610718658755
POST00063,2025-01-08 18:00:00,Facebook,Image,Brand Awareness,Community,6,373847,407027,309665,19608.0,704,1029,5619,26960.0,8.706182487526844,82.83201416622308
POST00064,2025-01-08 21:00:00,Instagram,Reel,Festival Campaign,Community,23,492431,1096271,750722,45610.0,2271,2634,9462,59977.0,7.989242356025267,152.45222173258793
POST00065,2025-01-09 00:00:00,Instagram,Carousel,Special Campaign,Entertainment,3,129877,161595,142048,9145.0,360,1634,2288,13427.0,9.452438612300067,109.37117426488139
POST00066,2025-01-09 03:00:00,Youtube,Reel,Product Launch,Brand,0,311663,475428,347012,22153.0,1202,2513,8436,34304.0,9.88553709958157,111.34205856967301
POST00067,2025-01-09 06:00:00,Instagram,Image,Educational Series,Brand,5,384561,314484,279719,10367.0,424,3661,2473,16925.0,6.050715182021958,72.73722504362117
POST00068,2025-01-09 09:00:00,Facebook,Reel,Special Campaign,Brand,23,493130,584809,437060,32718.0,362,5608,5910,44598.0,10.204090971491327,88.62977308214872
POST00069,2025-01-09 12:00:00,Instagram,Text,Brand Awareness,Brand,4,358008,402153,332855,16523.0,884,2593,6072,26072.0,7.832840125580208,92.97417934794753
POST00070,2025-01-09 15:00:00,Linkedin,Reel,Product Launch,Education,12,75881,78295,63396,4792.0,249,375,204,5620.0,8.86491261278314,83.54660586971706
POST00071,2025-01-09 18:00:00,Facebook,Image,Event Promotion,Brand,18,306876,199370,155765,9756.0,121,515,1773,12165.0,7.809841748788239,50.758286734707184
POST00072,2025-01-09 21:00:00,Instagram,Carousel,Festival Campaign,Event,3,168745,230060,127697,4100.0,66,1183,1978,7327.0,5.737801201281158,75.67453850484459
POST00073,2025-01-10 00:00:00,Instagram,Image,Festival Campaign,Event,23,95909,149847,86476,3301.0,124,1092,1973,6490.0,7.504972477912947,90.1646352271424
POST00074,2025-01-10 03:00:00,Facebook,Reel,Educational Series,Education,5,268271,435656,328275,16539.0,200,1162,8149,26050.0,7.9354199984768865,122.36693492774097
POST00075,2025-01-10 06:00:00,Facebook,Text,Brand Awareness,Brand,12,25720,22035,19151,454.0,13,123,291,881.0,4.600281969609942,74.45956454121307
POST00076,2025-01-10 09:00:00,Facebook,Image,Event Promotion,Promotional,4,341259,214559,163150,6841.0,402,672,3879,11794.0,7.228930432117683,47.80826293225966
POST00077,2025-01-10 12:00:00,Facebook,Carousel,Community Campaign,Brand,12,397987,278898,176430,14240.0,265,2253,914,17672.0,10.016437113869523,44.330593712859965
POST00078,2025-01-10 15:00:00,Instagram,Reel,Educational Series,Event,9,71940,150219,99456,6759.0,137,1404,1832,10132.0,10.187419562419562,138.24854045037532
POST00079,2025-01-10 18:00:00,Instagram,Image,Special Campaign,Entertainment,2,418369,307845,236457,7913.0,346,694,2793,11746.0,4.967499376207937,56.51876692584775
POST00080,2025-01-10 21:00:00,Instagram,Image,Community Campaign,Community,22,91762,109569,83159,3086.0,37,749,1623,5495.0,6.607823566901959,90.6246594450862
POST00081,2025-01-11 00:00:00,Linkedin,Reel,Educational Series,Entertainment,12,219584,214420,189653,14000.0,714,3645,4189,22548.0,11.889081638571497,86.36922544447683
POST00082,2025-01-11 03:00:00,Facebook,Reel,Brand Awareness,Promotional,11,189091,214153,157440,8425.0,168,1814,658,11065.0,7.02807418699187,83.2614984319719
POST00083,2025-01-11 06:00:00,Instagram,Video,Event Promotion,Brand,3,104833,144097,97158,6097.0,223,665,2291,9276.0,9.54733526832582,92.67883204716072
POST00084,2025-01-11 09:00:00,Instagram,Reel,Brand Awareness,Education,9,429803,938656,688736,32635.0,732,3561,3098,40026.0,5.811515587975654,160.24457716674848
POST00085,2025-01-11 12:00:00,Instagram,Reel,Festival Campaign,Brand,2,300350,275080,226991,12026.0,516,4386,4443,21371.0,9.414910723332644,75.5754952555352
POST00086,2025-01-11 15:00:00,Instagram,Image,Community Campaign,Promotional,16,373615,517656,382613,21468.0,844,3212,1729,27253.0,7.122863049608874,102.40836154865303
POST00087,2025-01-11 18:00:00,Facebook,Video,Product Launch,Promotional,8,377313,544015,361290,23878.0,1368,2978,7932,36156.0,10.007473220958232,95.75339307153477
POST00088,2025-01-11 21:00:00,Facebook,Reel,Seasonal Campaign,Community,0,292880,494430,330535,11004.0,355,2056,2482,15897.0,4.809475547218903,112.85680142037695
POST00089,2025-01-12 00:00:00,Linkedin,Image,Special Campaign,Promotional,17,389081,266859,217459,15342.0,824,2808,2729,21703.0,9.98027214325459,55.890418704588505
POST00090,2025-01-12 03:00:00,Youtube,Reel,Festival Campaign,Entertainment,8,158043,226016,129565,3867.0,150,1709,3047,8773.0,6.7711187434878255,81.9808533120733
POST00091,2025-01-12 06:00:00,Instagram,Reel,Festival Campaign,Community,20,338721,772154,498938,16200.0,902,1783,10191,29076.0,5.827577775194513,147.30058071392088
POST00092,2025-01-12 09:00:00,Facebook,Reel,Community Campaign,Brand,19,488259,547527,330467,26671.0,655,1191,6704,35221.0,10.657947692205273,67.68272576644773
POST00093,2025-01-12 12:00:00,Facebook,Video,Special Campaign,Brand,8,277989,301293,265329,19893.0,745,4525,5251,30414.0,11.462750019786755,95.44586296580081
POST00094,2025-01-12 15:00:00,Youtube,Reel,Educational Series,Education,1,438940,522392,303788,8347.0,246,4435,4717,17745.0,5.841244552121874,69.20945915159247
POST00095,2025-01-12 18:00:00,Facebook,Reel,Festival Campaign,Promotional,18,151003,93924,76582,5830.0,77,332,1832,8071.0,10.53903005928286,50.71554869770799
POST00096,2025-01-12 21:00:00,Youtube,Image,Seasonal Campaign,Promotional,15,369846,341635,263280,5211.0,201,2395,5606,13413.0,5.094576116681859,71.18638568485261
POST00097,2025-01-13 00:00:00,Youtube,Video,Event Promotion,Event,2,360838,550177,424451,39548.0,1965,3795,5384,50692.0,11.94295690197455,117.62924082275148
POST00098,2025-01-13 03:00:00,Youtube,Reel,Festival Campaign,Community,15,273686,465710,380578,30560.0,1155,6062,7358,45135.0,11.859592514543667,139.05643693868154
POST00099,2025-01-13 06:00:00,Instagram,Image,Event Promotion,Event,20,373454,204290,140994,3958.0,94,705,3518,8275.0,5.869044072797424,37.75404735255212
POST00100,2025-01-13 09:00:00,Instagram,Reel,Brand Awareness,Community,12,75155,152537,105290,4035.0,93,954,2333,7415.0,7.042454174185582,140.09713259264188
POST00101,2025-01-13 12:00:00,Instagram,Image,Special Campaign,Entertainment,2,148491,159153,103616,5052.0,110,389,313,5864.0,5.659357628165535,69.7793132243705
POST00102,2025-01-13 15:00:00,Facebook,Image,Educational Series,Community,9,162180,134091,101803,5315.0,313,483,1958,8069.0,7.9260925513000595,62.77161178936984
POST00103,2025-01-13 18:00:00,Instagram,Image,Event Promotion,Brand,21,97613,154100,134904,8483.0,254,541,3069,12347.0,9.152434323667201,138.2029033018143
POST00104,2025-01-13 21:00:00,Youtube,Reel,Festival Campaign,Education,17,482927,541737,473149,45639.0,1179,1424,4831,53073.0,11.216973934215225,97.9752633420786
POST00105,2025-01-14 00:00:00,Linkedin,Reel,Educational Series,Community,5,76938,100951,80360,4549.0,140,271,1969,6929.0,8.622448979591837,104.44773713899505
POST00106,2025-01-14 03:00:00,Instagram,Reel,Seasonal Campaign,Community,5,121163,203148,176162,16178.0,255,2945,2083,21461.0,12.18253652887683,145.39257033912995
POST00107,2025-01-14 06:00:00,Youtube,Image,Educational Series,Community,17,350642,416839,369832,17488.0,346,4143,4536,26513.0,7.1689307577494645,105.47281843019375
POST00108,2025-01-14 09:00:00,Facebook,Reel,Event Promotion,Education,5,492368,528727,437937,27461.0,973,2180,2863,33477.0,7.644250200371286,88.94505735547395
POST00109,2025-01-14 12:00:00,Instagram,Video,Special Campaign,Promotional,5,248861,279236,193438,14377.0,718,2479,991,18565.0,9.597390378312431,77.72933484957466
POST00110,2025-01-14 15:00:00,Instagram,Text,Event Promotion,Education,21,37751,35543,25559,502.0,27,224,378,1131.0,4.425055753354982,67.70416677703902
POST00111,2025-01-14 18:00:00,Instagram,Text,Product Launch,Promotional,12,393305,309706,271283,7309.0,389,542,4411,12651.0,4.6633957896366525,68.97522279147226
POST00112,2025-01-14 21:00:00,Instagram,Video,Product Launch,Brand,13,221818,230910,181149,15000.0,858,684,2005,18547.0,10.238532920413581,81.66559972590142
POST00113,2025-01-15 00:00:00,Linkedin,Carousel,Educational Series,Education,20,314534,353837,296247,15629.0,254,2898,4842,23623.0,7.974089189088835,94.1860021492112
POST00114,2025-01-15 03:00:00,Facebook,Carousel,Community Campaign,Promotional,6,383357,353516,208800,16329.0,196,1504,2439,20468.0,9.802681992337165,54.46620252140954
POST00115,2025-01-15 06:00:00,Facebook,Reel,Special Campaign,Brand,12,128712,202896,125362,4126.0,63,1807,2770,8766.0,6.9925495764266685,97.39729007396359
POST00116,2025-01-15 09:00:00,Linkedin,Carousel,Community Campaign,Brand,14,429209,351173,235439,9592.0,384,2286,5646,17908.0,7.6062164722072385,54.854161958393234
POST00117,2025-01-15 12:00:00,Facebook,Image,Product Launch,Promotional,11,80403,68825,42388,1576.0,59,91,680,2406.0,5.6761347551193735,52.719425892068706
POST00118,2025-01-15 15:00:00,Instagram,Image,Festival Campaign,Promotional,20,309003,499009,432771,17668.0,769,4240,9317,31994.0,7.392824380561544,140.05398005844603
POST00119,2025-01-15 18:00:00,Linkedin,Video,Brand Awareness,Entertainment,0,434094,604885,378604,35986.0,1027,2113,8246,47372.0,12.512281962155708,87.21705437071233
POST00120,2025-01-15 21:00:00,Youtube,Reel,Educational Series,Brand,2,493675,544778,405867,20387.0,603,3199,7590,31779.0,7.829904870314659,82.21339950372209
POST00121,2025-01-16 00:00:00,Facebook,Reel,Brand Awareness,Promotional,17,119124,190756,110621,7351.0,274,1664,799,10088.0,9.119425787147106,92.86205970249488
POST00122,2025-01-16 03:00:00,Linkedin,Text,Product Launch,Brand,21,145940,77967,47110,1843.0,25,424,301,2593.0,5.504139248567183,32.28038920104153
POST00123,2025-01-16 06:00:00,Instagram,Reel,Event Promotion,Education,7,309244,275582,175434,15108.0,755,1481,4075,21419.0,12.20914987972685,56.72996080764704
POST00124,2025-01-16 09:00:00,Instagram,Image,Seasonal Campaign,Event,1,213356,247886,221613,10186.0,571,630,1957,13344.0,6.021307414276238,103.87005755638464
POST00125,2025-01-16 12:00:00,Instagram,Text,Educational Series,Event,3,473192,629036,521453,22035.0,647,4695,4390,31767.0,6.092015963087757,110.19903126003821
POST00126,2025-01-16 15:00:00,Youtube,Carousel,Product Launch,Community,17,453239,771790,606429,41515.0,1950,8476,4035,55976.0,9.230429283559987,133.79894492751066
POST00127,2025-01-16 18:00:00,Facebook,Image,Special Campaign,Promotional,12,399494,202718,176504,4140.0,155,2309,2577,9181.0,5.20158183383946,44.18189009096507
POST00128,2025-01-16 21:00:00,Linkedin,Reel,Festival Campaign,Promotional,14,460925,609382,539103,54530.0,1188,4297,9646,69661.0,12.921649480711478,116.96111080978466
POST00129,2025-01-17 00:00:00,Instagram,Reel,Seasonal Campaign,Brand,1,403936,820967,581860,53537.0,716,2730,10401,67384.0,11.58079263052968,144.04757189257705
POST00130,2025-01-17 03:00:00,Youtube,Video,Educational Series,Community,9,249179,285744,189931,9874.0,220,3234,1660,14988.0,7.891286835745613,76.22271539736495
POST00131,2025-01-17 06:00:00,Youtube,Image,Educational Series,Promotional,1,489769,561769,370969,21269.0,855,2402,1886,26412.0,7.119732376559766,75.74366691236072
POST00132,2025-01-17 09:00:00,Instagram,Image,Special Campaign,Brand,20,336668,359296,202105,11957.0,143,584,1985,14669.0,7.258108408995325,60.03095037247377
POST00133,2025-01-17 12:00:00,Instagram,Reel,Community Campaign,Promotional,11,122757,139392,90308,8337.0,431,996,1271,11035.0,12.219293971741152,73.56647686079002
POST00134,2025-01-17 15:00:00,Instagram,Reel,Event Promotion,Brand,4,105049,206691,139364,5670.0,331,811,2295,9107.0,6.534686145633019,132.66570838370666
POST00135,2025-01-17 18:00:00,Linkedin,Text,Educational Series,Promotional,11,64974,29735,16738,781.0,11,83,149,1024.0,6.1178157485960085,25.761073660233325
POST00136,2025-01-17 21:00:00,Instagram,Image,Event Promotion,Entertainment,22,197550,179312,154013,3049.0,68,854,1082,5053.0,3.2808918727639873,77.96152872690459
POST00137,2025-01-18 00:00:00,Youtube,Carousel,Product Launch,Brand,0,335912,267712,226685,9117.0,280,3530,4877,17804.0,7.8540706266404925,67.48344804591679
POST00138,2025-01-18 03:00:00,Facebook,Reel,Festival Campaign,Entertainment,1,231468,330200,210675,18230.0,917,2824,4608,26579.0,12.616114868873856,91.016900824304
POST00139,2025-01-18 06:00:00,Instagram,Carousel,Seasonal Campaign,Entertainment,15,486838,588096,488646,35289.0,963,4306,4475,45033.0,9.215874068343954,100.3713761045769
POST00140,2025-01-18 09:00:00,Linkedin,Text,Seasonal Campaign,Entertainment,21,330688,187177,155108,6461.0,231,1009,2376,10077.0,6.496763545400625,46.90463518482679
POST00141,2025-01-18 12:00:00,Linkedin,Image,Festival Campaign,Entertainment,1,431266,342979,228854,11307.0,617,2029,2900,16853.0,7.3640836515857275,53.06562539128983
POST00142,2025-01-18 15:00:00,Instagram,Reel,Educational Series,Education,15,170856,175183,139090,11747.0,343,2413,851,15354.0,11.038895679056726,81.40773516879712
POST00143,2025-01-18 18:00:00,Youtube,Image,Educational Series,Community,19,31774,43980,28650,1917.0,26,100,678,2721.0,9.497382198952879,90.16806193743312
POST00144,2025-01-18 21:00:00,Instagram,Video,Product Launch,Event,15,186040,258550,148561,8069.0,482,1746,477,10774.0,7.252239820679721,79.85433240163405
POST00145,2025-01-19 00:00:00,Instagram,Image,Community Campaign,Education,5,471452,441207,320615,7758.0,147,1785,2284,11974.0,3.7346973784757416,68.00586273894267
POST00146,2025-01-19 03:00:00,Instagram,Video,Community Campaign,Promotional,12,97678,88147,62003,5233.0,65,701,657,6656.0,10.73496443720465,63.47693441716661
POST00147,2025-01-19 06:00:00,Facebook,Carousel,Community Campaign,Promotional,11,332279,209740,125498,5336.0,162,1150,2741,9389.0,7.481394125802801,37.76886291339507
POST00148,2025-01-19 09:00:00,Youtube,Video,Event Promotion,Community,22,436223,817863,590246,19851.0,319,1692,12011,33873.0,5.7387936555266785,135.30831707635772
POST00149,2025-01-19 12:00:00,Instagram,Carousel,Community Campaign,Event,9,45158,54430,48022,2867.0,168,482,756,4273.0,8.89800508100454,106.34217635856326
POST00150,2025-01-19 15:00:00,Instagram,Reel,Festival Campaign,Event,4,91587,174620,140741,10005.0,290,2052,2574,14921.0,10.601743628367,153.66918885868083
POST00151,2025-01-19 18:00:00,Linkedin,Reel,Seasonal Campaign,Event,7,417331,251958,203734,12833.0,658,1376,2139,17006.0,8.347158549873855,48.818324064112176
POST00152,2025-01-19 21:00:00,Instagram,Reel,Seasonal Campaign,Entertainment,5,497776,887935,723793,67359.0,1268,3189,17148,88964.0,12.291359546168588,145.40536305486805
POST00153,2025-01-20 00:00:00,Instagram,Text,Event Promotion,Education,4,79317,101475,82257,2241.0,37,293,295,2866.0,3.4842019524174233,103.70664548583532
POST00154,2025-01-20 03:00:00,Youtube,Video,Product Launch,Promotional,19,26371,27846,15509,386.0,16,191,80,673.0,4.339415823070475,58.81081491031816
POST00155,2025-01-20 06:00:00,Linkedin,Carousel,Festival Campaign,Education,21,376370,341171,298061,12333.0,684,2533,6963,22513.0,7.5531518715967545,79.19361266838484
POST00156,2025-01-20 09:00:00,Instagram,Reel,Seasonal Campaign,Education,5,321499,722325,607148,16245.0,255,10457,14444,41401.0,6.818930474941859,188.84910995057527
POST00157,2025-01-20 12:00:00,Facebook,Reel,Festival Campaign,Education,21,380100,542253,350351,23964.0,945,2598,4832,32339.0,9.230457455523174,92.17337542751908
POST00158,2025-01-20 15:00:00,Facebook,Video,Seasonal Campaign,Event,16,194447,118089,87794,4498.0,64,710,1376,6648.0,7.572271453630089,45.15060659202765
POST00159,2025-01-20 18:00:00,Instagram,Image,Brand Awareness,Community,5,133538,126732,96981,6008.0,304,773,2216,9301.0,9.590538352873242,72.6242717428747
POST00160,2025-01-20 21:00:00,Facebook,Reel,Product Launch,Community,16,487832,334337,199325,17582.0,975,2067,4340,24964.0,12.524269409256238,40.85935321996097
POST00161,2025-01-21 00:00:00,Instagram,Carousel,Product Launch,Event,4,218491,374768,239434,11584.0,480,2293,5258,19615.0,8.19223669153086,109.5852918426846
POST00162,2025-01-21 03:00:00,Facebook,Reel,Special Campaign,Promotional,22,221429,290591,162189,6955.0,308,1277,1813,10353.0,6.383293564915006,73.2465033938644
POST00163,2025-01-21 06:00:00,Facebook,Reel,Brand Awareness,Promotional,16,122126,208098,177379,10456.0,133,960,3773,15322.0,8.638001116253898,145.24261827948183
POST00164,2025-01-21 09:00:00,Youtube,Image,Event Promotion,Promotional,16,28338,14581,8146,428.0,5,91,36,560.0,6.874539651362632,28.745853624108967
POST00165,2025-01-21 12:00:00,Instagram,Reel,Seasonal Campaign,Community,12,173079,249236,164880,6733.0,127,538,2261,9659.0,5.858199902959728,95.26285684571785
POST00166,2025-01-21 15:00:00,Facebook,Text,Special Campaign,Community,21,284621,116109,67039,3337.0,79,342,551,4309.0,6.427601843702919,23.55377853355866
POST00167,2025-01-21 18:00:00,Instagram,Reel,Seasonal Campaign,Education,6,229743,304814,251011,12998.0,623,1023,950,15594.0,6.212476744047073,109.25730054887417
POST00168,2025-01-21 21:00:00,Instagram,Reel,Seasonal Campaign,Event,21,324567,335129,292816,28903.0,918,4405,4854,39080.0,13.34626523140812,90.21742814272554
POST00169,2025-01-22 00:00:00,Instagram,Reel,Community Campaign,Entertainment,20,358117,463016,345866,22801.0,317,3035,1617,27770.0,8.02912110470529,96.57905098054546
POST00170,2025-01-22 03:00:00,Youtube,Video,Community Campaign,Education,5,461316,803347,481083,40888.0,2152,1380,2714,47134.0,9.797477774105507,104.28491532918866
POST00171,2025-01-22 06:00:00,Facebook,Image,Community Campaign,Brand,13,488254,261297,194759,9982.0,595,523,934,12034.0,6.178918560888072,39.8888693180189
POST00172,2025-01-22 09:00:00,Instagram,Image,Community Campaign,Community,15,311380,327434,268371,12867.0,421,1106,6561,20955.0,7.8082207093911045,86.18761641723938
POST00173,2025-01-22 12:00:00,Youtube,Reel,Community Campaign,Education,2,151440,307856,246729,19542.0,695,3922,953,25112.0,10.177968540382363,162.92194928684626
POST00174,2025-01-22 15:00:00,Instagram,Reel,Brand Awareness,Event,8,307983,720093,582988,52058.0,724,9389,5208,67379.0,11.557527770725983,189.2922661315722
POST00175,2025-01-22 18:00:00,Facebook,Image,Product Launch,Brand,14,137537,83625,54164,2860.0,83,729,939,4611.0,8.51303448785171,39.381402822513216
POST00176,2025-01-22 21:00:00,Instagram,Video,Event Promotion,Education,20,131902,272670,157005,12780.0,365,966,3315,17426.0,11.099009585681985,119.03155372928387
POST00177,2025-01-23 00:00:00,Facebook,Video,Festival Campaign,Event,17,383195,315101,189734,7155.0,417,634,3107,11313.0,5.962558107666522,49.51369407220867
POST00178,2025-01-23 03:00:00,Instagram,Reel,Community Campaign,Event,9,486314,693048,612950,29204.0,1256,4526,15006,49992.0,8.155967044620278,126.03996594792666
POST00179,2025-01-23 06:00:00,Linkedin,Image,Brand Awareness,Community,9,27139,26924,20589,626.0,30,80,214,950.0,4.614114332896206,75.86499134087475
POST00180,2025-01-23 09:00:00,Instagram,Text,Special Campaign,Entertainment,22,178213,206291,166015,8454.0,138,1398,2221,12211.0,7.355359455470892,93.15538148171008
POST00181,2025-01-23 12:00:00,Instagram,Image,Special Campaign,Education,2,390458,572445,494977,11211.0,345,6504,10428,28488.0,5.755418938657756,126.76830798703062
POST00182,2025-01-23 15:00:00,Instagram,Video,Seasonal Campaign,Event,0,346406,648600,550313,44741.0,875,3664,9904,59184.0,10.754606923696151,158.8635878131441
POST00183,2025-01-23 18:00:00,Linkedin,Reel,Event Promotion,Promotional,2,157776,120613,75556,4257.0,225,616,582,5680.0,7.517602837630368,47.88814521853767
POST00184,2025-01-23 21:00:00,Linkedin,Text,Special Campaign,Event,4,152959,97171,55418,1029.0,18,272,774,2093.0,3.7767512360604854,36.23062389267712
POST00185,2025-01-24 00:00:00,Instagram,Video,Event Promotion,Entertainment,6,294119,374931,327612,17874.0,570,5165,8017,31626.0,9.653492546060583,111.38756761718895
POST00186,2025-01-24 03:00:00,Facebook,Text,Event Promotion,Event,2,151616,98217,87765,2503.0,31,626,1929,5089.0,5.798439013274084,57.88637083157451
POST00187,2025-01-24 06:00:00,Facebook,Carousel,Brand Awareness,Community,3,104984,64878,48565,2830.0,118,747,350,4045.0,8.329043549881602,46.25943000838223
POST00188,2025-01-24 09:00:00,Youtube,Image,Festival Campaign,Education,16,108366,87517,75346,3278.0,111,688,524,4601.0,6.106495368035463,69.5291881217356
POST00189,2025-01-24 12:00:00,Youtube,Text,Community Campaign,Community,2,197395,221094,139540,3956.0,138,1169,2961,8224.0,5.893650566145908,70.69074697940677
POST00190,2025-01-24 15:00:00,Instagram,Reel,Event Promotion,Education,22,140491,306297,180367,16820.0,253,740,1330,19143.0,10.613360537127079,128.38331281007325
POST00191,2025-01-24 18:00:00,Instagram,Reel,Brand Awareness,Brand,3,70382,121890,88362,5101.0,182,1650,1145,8078.0,9.141938842488853,125.54630445284305
POST00192,2025-01-24 21:00:00,Linkedin,Carousel,Seasonal Campaign,Education,1,306070,256653,214026,10841.0,414,2284,1493,15032.0,7.0234457495818265,69.92714085013232
POST00193,2025-01-25 00:00:00,Linkedin,Video,Product Launch,Brand,13,116538,135688,105718,8981.0,522,1111,351,10965.0,10.371932878034015,90.71547478075821
POST00194,2025-01-25 03:00:00,Facebook,Text,Seasonal Campaign,Community,4,133117,99634,77023,1464.0,17,406,1714,3601.0,4.675226880282513,57.861129682910516
POST00195,2025-01-25 06:00:00,Instagram,Reel,Brand Awareness,Promotional,20,295477,683891,380319,21454.0,1204,1484,7658,31800.0,8.361401875793742,128.71357161471113
POST00196,2025-01-25 09:00:00,Instagram,Video,Brand Awareness,Entertainment,1,299086,297210,196492,10415.0,353,880,2623,14271.0,7.2628911100706395,65.697491691353
POST00197,2025-01-25 12:00:00,Facebook,Carousel,Brand Awareness,Promotional,14,231292,207433,182297,9522.0,195,411,1186,11314.0,6.206355562625824,78.81682029642184
POST00198,2025-01-25 15:00:00,Linkedin,Reel,Event Promotion,Brand,10,435663,642589,383622,13149.0,569,7472,7956,29146.0,7.5975830374691755,88.0547579206864
POST00199,2025-01-25 18:00:00,Linkedin,Image,Brand Awareness,Event,21,94397,96153,77328,1820.0,65,850,843,3578.0,4.627043244361681,81.9178575590326
POST00200,2025-01-25 21:00:00,Facebook,Reel,Product Launch,Event,9,175905,204851,167109,9772.0,208,2686,2934,15600.0,9.335224314668869,94.99957363349534
POST00201,2025-01-26 00:00:00,Facebook,Reel,Event Promotion,Promotional,19,234062,173844,140203,4006.0,165,2094,1397,7662.0,5.4649329900216115,59.89994104126257
POST00202,2025-01-26 03:00:00,Instagram,Text,Seasonal Campaign,Event,0,479802,567827,508914,13473.0,453,3165,6366,23457.0,4.609226706280432,106.06750284492352
POST00203,2025-01-26 06:00:00,Instagram,Carousel,Product Launch,Brand,18,499174,682524,473141,15932.0,708,1563,6993,25196.0,5.325262448191976,94.78478446393443
POST00204,2025-01-26 09:00:00,Linkedin,Carousel,Special Campaign,Community,13,303674,324767,256165,13277.0,590,790,5062,19719.0,7.697772919797787,84.35526255128856
POST00205,2025-01-26 12:00:00,Facebook,Text,Educational Series,Entertainment,22,67060,43569,26916,417.0,14,280,573,1284.0,4.7703967900133755,40.13719057560394
POST00206,2025-01-26 15:00:00,Instagram,Image,Seasonal Campaign,Education,21,101292,77001,53122,2894.0,85,95,677,3751.0,7.061104627084823,52.44441811791651
POST00207,2025-01-26 18:00:00,Instagram,Video,Brand Awareness,Brand,13,220630,166475,120202,10289.0,135,1599,976,12999.0,10.814295935175787,54.481258215111275
POST00208,2025-01-26 21:00:00,Facebook,Image,Community Campaign,Brand,0,61104,52421,32773,1840.0,63,300,209,2412.0,7.3597168400817745,53.63478659334905
POST00209,2025-01-27 00:00:00,Instagram,Video,Community Campaign,Education,8,22634,21545,18687,1549.0,34,190,196,1969.0,10.536736768876759,82.5616329415923
POST00210,2025-01-27 03:00:00,Instagram,Reel,Event Promotion,Education,16,216282,231840,185627,14140.0,179,3541,3831,21691.0,11.685261303581914,85.82637482545935
POST00211,2025-01-27 06:00:00,Youtube,Text,Community Campaign,Entertainment,13,243753,188287,122257,4625.0,122,419,1103,6269.0,5.127722747981711,50.15610064286389
POST00212,2025-01-27 09:00:00,Facebook,Reel,Seasonal Campaign,Entertainment,12,289432,319020,190529,8208.0,117,3023,770,12118.0,6.360186638254543,65.82858840763978
POST00213,2025-01-27 12:00:00,Facebook,Reel,Event Promotion,Entertainment,12,225600,204401,133014,6359.0,247,1862,2050,10518.0,7.907438314763859,58.96010638297873
POST00214,2025-01-27 15:00:00,Instagram,Video,Seasonal Campaign,Event,5,54253,49368,37916,1777.0,62,667,141,2647.0,6.981221647853149,69.88737949975116
POST00215,2025-01-27 18:00:00,Facebook,Image,Brand Awareness,Brand,6,408772,478431,401519,8051.0,399,5110,9021,22581.0,5.623893265324929,98.22566124881352
POST00216,2025-01-27 21:00:00,Instagram,Carousel,Festival Campaign,Community,1,47005,37409,27163,2132.0,49,104,486,2771.0,10.201376872952178,57.78746941814701
POST00217,2025-01-28 00:00:00,Instagram,Image,Festival Campaign,Education,7,268583,246783,144583,9631.0,275,780,1250,11936.0,8.255465718652953,53.831776396868
POST00218,2025-01-28 03:00:00,Facebook,Carousel,Product Launch,Brand,23,331968,252494,160904,4471.0,198,2206,2143,9018.0,5.604584099835927,48.4697320223636
POST00219,2025-01-28 06:00:00,Facebook,Reel,Brand Awareness,Brand,5,359846,575255,385881,26788.0,1597,2494,7433,38312.0,9.928449444258721,107.23503943353545
POST00220,2025-01-28 09:00:00,Facebook,Reel,Community Campaign,Entertainment,2,244673,260521,201290,12575.0,694,1811,4658,19738.0,9.805752893834766,82.26898758751476
POST00221,2025-01-28 12:00:00,Facebook,Reel,Brand Awareness,Entertainment,17,466790,340817,216870,17199.0,619,2858,4822,25498.0,11.75727394291511,46.45986417875276
POST00222,2025-01-28 15:00:00,Youtube,Image,Educational Series,Brand,17,37798,19093,12064,609.0,26,101,54,790.0,6.54840848806366,31.917032647230016
POST00223,2025-01-28 18:00:00,Instagram,Reel,Festival Campaign,Entertainment,21,473928,903421,587377,20967.0,767,7886,2810,32430.0,5.52115591860083,123.93802434125014
POST00224,2025-01-28 21:00:00,Instagram,Image,Community Campaign,Event,22,180373,236588,179188,9612.0,305,1818,2893,14628.0,8.163493091055205,99.34302805852317
POST00225,2025-01-29 00:00:00,Instagram,Image,Seasonal Campaign,Education,5,75267,74605,53896,2742.0,109,556,750,4157.0,7.713002820246401,71.60641449772145
POST00226,2025-01-29 03:00:00,Instagram,Reel,Seasonal Campaign,Brand,10,417110,407533,344191,23210.0,680,5185,3250,32325.0,9.391587810256514,82.51804080458392
POST00227,2025-01-29 06:00:00,Linkedin,Image,Festival Campaign,Education,2,23846,14965,11886,472.0,11,159,290,932.0,7.841157664479219,49.84483770863038
POST00228,2025-01-29 09:00:00,Instagram,Video,Brand Awareness,Event,15,83571,131158,102747,9530.0,431,818,1995,12774.0,12.432479780431544,122.94575869619844
POST00229,2025-01-29 12:00:00,Linkedin,Reel,Community Campaign,Entertainment,4,296625,371404,224375,20700.0,1109,750,4065,26624.0,11.865849582172702,75.64264643910661
POST00230,2025-01-29 15:00:00,Facebook,Image,Product Launch,Promotional,23,144908,67871,38640,1916.0,46,227,270,2459.0,6.363871635610765,26.665194468214317
POST00231,2025-01-29 18:00:00,Facebook,Carousel,Seasonal Campaign,Event,21,62154,62042,45197,967.0,43,657,417,2084.0,4.6109255039051265,72.71776555008526
POST00232,2025-01-29 21:00:00,Youtube,Image,Brand Awareness,Promotional,1,202248,155399,89366,3693.0,117,248,1457,5515.0,6.171250811270506,44.186345476840316
POST00233,2025-01-30 00:00:00,Youtube,Carousel,Product Launch,Education,14,149447,192852,130639,8507.0,213,1427,2678,12825.0,9.8171296473488,87.41493639885712
POST00234,2025-01-30 03:00:00,Youtube,Image,Special Campaign,Brand,15,469844,534052,298609,7266.0,298,2015,7012,16591.0,5.556095094253689,63.5549246132759
POST00235,2025-01-30 06:00:00,Instagram,Image,Community Campaign,Entertainment,6,264372,402758,246440,9846.0,560,3100,4522,18028.0,7.315370881350431,93.21713343319263
POST00236,2025-01-30 09:00:00,Facebook,Reel,Festival Campaign,Event,15,28048,29875,17585,720.0,19,321,214,1274.0,7.244810918396361,62.696092413006276
POST00237,2025-01-30 12:00:00,Instagram,Carousel,Special Campaign,Entertainment,23,47386,61950,51439,2176.0,104,659,936,3875.0,7.533194657749956,108.5531591609336
POST00238,2025-01-30 15:00:00,Instagram,Carousel,Educational Series,Promotional,3,184408,178497,119797,2717.0,69,412,541,3739.0,3.1211132165246207,64.96301678885949
POST00239,2025-01-30 18:00:00,Facebook,Reel,Special Campaign,Promotional,15,124794,114844,66333,2380.0,119,200,1074,3773.0,5.687968281247644,53.15399778835521
POST00240,2025-01-30 21:00:00,Instagram,Image,Event Promotion,Community,16,437069,257746,165709,7052.0,338,563,3758,11711.0,7.0672081781918905,37.913693261247076
POST00241,2025-01-31 00:00:00,Linkedin,Text,Festival Campaign,Brand,1,316857,149442,117907,6534.0,315,546,2005,9400.0,7.972385015308675,37.211423449694976
POST00242,2025-01-31 03:00:00,Linkedin,Image,Product Launch,Promotional,15,470906,191167,155031,6897.0,413,716,490,8516.0,5.493094929401217,32.92185701604991
POST00243,2025-01-31 06:00:00,Linkedin,Image,Brand Awareness,Brand,3,167863,176930,104734,4447.0,75,641,1914,7077.0,6.757118032348616,62.39254630263965
POST00244,2025-01-31 09:00:00,Instagram,Text,Special Campaign,Community,6,482980,488696,401951,20274.0,596,1163,7629,29662.0,7.379506457254741,83.22311482877139
POST00245,2025-01-31 12:00:00,Instagram,Carousel,Seasonal Campaign,Event,17,97481,82680,56197,2128.0,88,695,837,3748.0,6.669395163442888,57.649182917696784
POST00246,2025-01-31 15:00:00,Linkedin,Image,Community Campaign,Community,5,454789,201958,159099,3680.0,145,1859,3333,9017.0,5.6675403365200285,34.98303608926337
POST00247,2025-01-31 18:00:00,Youtube,Video,Special Campaign,Brand,17,322043,369886,290370,11350.0,556,2907,2163,16976.0,5.846333987670903,90.16497796878056
POST00248,2025-01-31 21:00:00,Linkedin,Video,Festival Campaign,Promotional,6,110217,85455,70736,5727.0,70,1225,848,7870.0,11.125876498529745,64.17884718328388
POST00249,2025-02-01 00:00:00,Linkedin,Image,Seasonal Campaign,Education,1,297119,166702,132363,7221.0,326,424,2748,10719.0,8.098184537975115,44.548817140606964
POST00250,2025-02-01 03:00:00,Linkedin,Image,Seasonal Campaign,Brand,18,264985,184721,104109,2388.0,111,316,1695,4510.0,4.33199819420031,39.28863897956488
POST00251,2025-02-01 06:00:00,Instagram,Image,Educational Series,Entertainment,8,93247,142285,104126,5625.0,73,431,2590,8719.0,8.373509017920597,111.66686327710276
POST00252,2025-02-01 09:00:00,Instagram,Text,Community Campaign,Education,3,130295,125245,76169,4335.0,160,843,344,5682.0,7.459727710748468,58.45888176829502
POST00253,2025-02-01 12:00:00,Linkedin,Carousel,Special Campaign,Brand,13,401189,344153,306119,7295.0,162,2383,2563,12403.0,4.051692315733424,76.3029395122997
POST00254,2025-02-01 15:00:00,Instagram,Reel,Product Launch,Entertainment,4,294249,599742,383560,28414.0,1423,6987,2830,39654.0,10.338408593179684,130.3521847143066
POST00255,2025-02-01 18:00:00,Instagram,Video,Community Campaign,Community,6,69645,50548,35233,1807.0,22,195,862,2886.0,8.19118440098771,50.58941776150478
POST00256,2025-02-01 21:00:00,Youtube,Image,Special Campaign,Education,7,412435,284749,176215,7939.0,137,2061,3898,14035.0,7.964702210368016,42.72552038503037
POST00257,2025-02-02 00:00:00,Linkedin,Reel,Community Campaign,Brand,14,312290,323542,193188,12981.0,197,1514,1145,15837.0,8.197714143735636,61.86173108328797
POST00258,2025-02-02 03:00:00,Facebook,Image,Brand Awareness,Event,18,231846,226351,172100,10263.0,136,1788,1855,14042.0,8.159209761766414,74.23030804930859
POST00259,2025-02-02 06:00:00,Youtube,Image,Event Promotion,Community,10,417084,406731,293909,14130.0,565,3879,1221,19795.0,6.73507786423689,70.46757967220032
POST00260,2025-02-02 09:00:00,Instagram,Video,Special Campaign,Entertainment,19,466753,446099,303851,20267.0,1082,5151,5140,31640.0,10.412998476226836,65.0988852776522
POST00261,2025-02-02 12:00:00,Facebook,Reel,Seasonal Campaign,Event,22,326438,546156,316714,12121.0,585,5273,3257,21236.0,6.705103026705482,97.02118013221501
POST00262,2025-02-02 15:00:00,Linkedin,Video,Product Launch,Promotional,3,474480,377457,304828,10080.0,206,970,2641,13897.0,4.558964399595838,64.24464677120216
POST00263,2025-02-02 18:00:00,Instagram,Image,Special Campaign,Community,17,357740,497713,274762,15075.0,409,2448,3986,21918.0,7.977085623193892,76.80494213674736
POST00264,2025-02-02 21:00:00,Youtube,Reel,Special Campaign,Community,13,418649,832994,591576,15403.0,431,9890,12128,37852.0,6.398501629545485,141.30596275161292
POST00265,2025-02-03 00:00:00,Linkedin,Text,Brand Awareness,Brand,5,42612,21641,16693,497.0,16,90,198,801.0,4.798418498771941,39.17441096404769
POST00266,2025-02-03 03:00:00,Facebook,Image,Seasonal Campaign,Brand,15,431038,469703,329143,9800.0,304,3408,6472,19984.0,6.0715251425672125,76.36055289788835
POST00267,2025-02-03 06:00:00,Facebook,Reel,Event Promotion,Entertainment,17,54120,76666,45552,2564.0,111,224,583,3482.0,7.64401123990165,84.16851441241685
POST00268,2025-02-03 09:00:00,Facebook,Image,Brand Awareness,Community,0,192076,218480,179675,6254.0,168,695,1386,8503.0,4.73243356059552,93.54370145150878
POST00269,2025-02-03 12:00:00,Instagram,Video,Event Promotion,Brand,7,41294,44675,29636,2213.0,95,368,379,3055.0,10.308408692131191,71.7682956361699
POST00270,2025-02-03 15:00:00,Instagram,Reel,Event Promotion,Promotional,0,104300,232880,139067,6438.0,240,1388,2063,10129.0,7.283539588831283,133.33365292425694
POST00271,2025-02-03 18:00:00,Facebook,Reel,Event Promotion,Brand,0,221168,146282,108627,7575.0,94,683,1428,9780.0,9.003286475738076,49.115152282427836
POST00272,2025-02-03 21:00:00,Facebook,Reel,Brand Awareness,Community,18,364263,551346,306939,18892.0,1057,2265,2773,24987.0,8.14070548219679,84.263018752934
POST00273,2025-02-04 00:00:00,Linkedin,Reel,Community Campaign,Education,20,363240,353465,234496,20748.0,392,3062,1658,25860.0,11.027906659388647,64.55676687589472
POST00274,2025-02-04 03:00:00,Linkedin,Video,Special Campaign,Event,9,155496,101192,82241,4508.0,146,1127,1960,7741.0,9.412580099950146,52.88946339455677
POST00275,2025-02-04 06:00:00,Youtube,Image,Event Promotion,Community,17,60615,34769,30229,1954.0,112,127,288,2481.0,8.207350557411756,49.87049410211994
POST00276,2025-02-04 09:00:00,Youtube,Reel,Community Campaign,Promotional,11,46863,59612,45132,1173.0,26,845,835,2879.0,6.379065851280688,96.3062544011267
POST00277,2025-02-04 12:00:00,Facebook,Reel,Special Campaign,Community,16,263571,274247,171723,12566.0,139,470,1802,14977.0,8.721603978500259,65.15246366254253
POST00278,2025-02-04 15:00:00,Facebook,Reel,Seasonal Campaign,Promotional,0,49469,42249,26490,709.0,24,382,644,1759.0,6.640241600604002,53.54868705654046
POST00279,2025-02-04 18:00:00,Facebook,Text,Special Campaign,Community,7,123101,59454,45265,2133.0,45,196,1119,3493.0,7.7167789682978025,36.77061924760969
POST00280,2025-02-04 21:00:00,Facebook,Reel,Seasonal Campaign,Event,9,174256,183392,126974,5627.0,220,1356,2685,9888.0,7.787421046828484,72.86635754292536
POST00281,2025-02-05 00:00:00,Linkedin,Text,Product Launch,Event,9,371590,202913,124191,3986.0,202,876,1961,7025.0,5.6566095771835325,33.42151295782987
POST00282,2025-02-05 03:00:00,Instagram,Image,Educational Series,Promotional,17,132613,134967,111427,4294.0,152,932,1663,7041.0,6.318935267035817,84.02419069020382
POST00283,2025-02-05 06:00:00,Instagram,Reel,Community Campaign,Community,8,137456,293504,181997,16747.0,707,2860,1863,22177.0,12.18536569284109,132.40382376906064
POST00284,2025-02-05 09:00:00,Instagram,Video,Special Campaign,Event,1,186247,298033,197469,6190.0,268,3011,1122,10591.0,5.363373491535381,106.0253319516556
POST00285,2025-02-05 12:00:00,Youtube,Image,Seasonal Campaign,Entertainment,2,467865,241057,137764,7440.0,379,366,652,8837.0,6.4145930722104465,29.44524595770147
POST00286,2025-02-05 15:00:00,Instagram,Carousel,Educational Series,Community,1,83872,107697,85670,7095.0,314,1002,1134,9545.0,11.141589821407727,102.1437428462419
POST00287,2025-02-05 18:00:00,Youtube,Text,Event Promotion,Event,5,482543,502579,324840,5199.0,305,1751,7969,15224.0,4.686614948897919,67.31835297579698
POST00288,2025-02-05 21:00:00,Youtube,Reel,Educational Series,Education,22,52208,41540,26232,2658.0,87,431,221,3397.0,12.949832265934734,50.24517315353969
POST00289,2025-02-06 00:00:00,Instagram,Reel,Educational Series,Education,11,203517,292915,192203,5273.0,65,2477,2314,10129.0,5.269948960213941,94.44075924861313
POST00290,2025-02-06 03:00:00,Youtube,Carousel,Event Promotion,Entertainment,21,71998,79100,67705,5009.0,148,151,1158,6466.0,9.550254781773871,94.03733437039918
POST00291,2025-02-06 06:00:00,Instagram,Reel,Community Campaign,Event,18,339138,769257,562562,56805.0,2953,7798,6032,73588.0,13.080869308627316,165.87996626741918
POST00292,2025-02-06 09:00:00,Instagram,Reel,Special Campaign,Education,14,263783,401495,243008,25140.0,418,4433,748,30739.0,12.649377798261785,92.12420815594636
POST00293,2025-02-06 12:00:00,Facebook,Reel,Event Promotion,Community,18,203535,297646,244387,15105.0,706,978,2863,19652.0,8.041344261355963,120.07124081853244
POST00294,2025-02-06 15:00:00,Instagram,Reel,Product Launch,Brand,11,79895,100070,62339,5836.0,214,682,1290,8022.0,12.868348866680568,78.02615933412605
POST00295,2025-02-06 18:00:00,Instagram,Video,Festival Campaign,Event,17,488381,899696,624718,20496.0,1127,7598,14847,44068.0,7.054062793132261,127.91611467276573
POST00296,2025-02-06 21:00:00,Youtube,Reel,Special Campaign,Entertainment,15,52894,62224,46594,2757.0,128,275,421,3581.0,7.6855389105893455,88.08938631980942
POST00297,2025-02-07 00:00:00,Facebook,Image,Brand Awareness,Event,1,41990,31631,23867,826.0,35,224,555,1640.0,6.871412410441195,56.839723743748515
POST00298,2025-02-07 03:00:00,Instagram,Carousel,Event Promotion,Promotional,10,455796,562519,322976,14823.0,805,897,7130,23655.0,7.324073615376994,70.85977059912769
POST00299,2025-02-07 06:00:00,Facebook,Image,Event Promotion,Promotional,11,93230,107713,90789,5075.0,281,1125,1084,7565.0,8.33250724206677,97.38174407379599
POST00300,2025-02-07 09:00:00,Instagram,Reel,Educational Series,Education,4,56087,48424,34758,1140.0,33,538,107,1818.0,5.2304505437597095,61.97157986699236
POST00301,2025-02-07 12:00:00,Instagram,Video,Product Launch,Promotional,23,290817,291831,261550,25074.0,1413,4467,5646,36600.0,13.993500286752056,89.93628295457282
POST00302,2025-02-07 15:00:00,Youtube,Reel,Seasonal Campaign,Entertainment,5,189271,326343,261434,19747.0,251,2528,2433,24959.0,9.546960227055393,138.12681287677458
POST00303,2025-02-07 18:00:00,Youtube,Video,Seasonal Campaign,Education,10,314331,447105,401231,34864.0,1677,1177,7875,45593.0,11.363279507316234,127.6460164603555
POST00304,2025-02-07 21:00:00,Facebook,Video,Educational Series,Entertainment,20,483130,392134,277911,23271.0,624,2147,4327,30369.0,10.927599123460388,57.523026928569955
POST00305,2025-02-08 00:00:00,Facebook,Image,Community Campaign,Community,9,305697,195417,117108,6951.0,238,917,922,9028.0,7.709123202513919,38.308521182739774
POST00306,2025-02-08 03:00:00,Linkedin,Image,Special Campaign,Entertainment,3,267881,167281,134587,2707.0,140,1715,2323,6885.0,5.115650099935358,50.24133850478384
POST00307,2025-02-08 06:00:00,Youtube,Image,Event Promotion,Promotional,8,203359,191328,157312,7218.0,302,1908,3118,12546.0,7.97523393002441,77.35679266715513
POST00308,2025-02-08 09:00:00,Instagram,Image,Special Campaign,Community,11,325924,463942,393651,14061.0,462,3444,5289,23256.0,5.907771096732893,120.77999779089603
POST00309,2025-02-08 12:00:00,Facebook,Video,Special Campaign,Promotional,9,124794,69250,45393,1458.0,26,625,883,2992.0,6.591324653580949,36.37434492042887
POST00310,2025-02-08 15:00:00,Instagram,Video,Event Promotion,Entertainment,13,259939,523295,381345,18569.0,1057,6589,4541,30756.0,8.065137867285529,146.70557323064259
POST00311,2025-02-08 18:00:00,Youtube,Reel,Educational Series,Promotional,4,102158,133380,113389,8650.0,230,1924,2785,13589.0,11.984407658591222,110.9937547720198
POST00312,2025-02-08 21:00:00,Instagram,Carousel,Special Campaign,Promotional,0,21420,19715,16810,597.0,8,186,139,930.0,5.532421177870315,78.4780578898226
POST00313,2025-02-09 00:00:00,Instagram,Text,Event Promotion,Promotional,4,198512,180163,100709,3525.0,134,681,2025,6365.0,6.320189853935597,50.73194567582816
POST00314,2025-02-09 03:00:00,Linkedin,Text,Community Campaign,Event,15,216948,150952,118470,3933.0,119,727,2309,7088.0,5.9829492698573485,54.6075557276398
POST00315,2025-02-09 06:00:00,Facebook,Image,Special Campaign,Community,4,64310,28376,21582,449.0,17,229,316,1011.0,4.684459271615235,33.559322033898304
POST00316,2025-02-09 09:00:00,Facebook,Image,Festival Campaign,Community,4,256896,252985,146520,7606.0,164,1650,1568,10988.0,7.4993174993175,57.034753363228695
POST00317,2025-02-09 12:00:00,Youtube,Reel,Brand Awareness,Community,17,63953,115300,100950,7497.0,216,633,1292,9638.0,9.54730064388311,157.85029631135365
POST00318,2025-02-09 15:00:00,Instagram,Text,Brand Awareness,Entertainment,5,287131,172153,121519,7107.0,416,743,2047,10313.0,8.486738699298051,42.321797367752
POST00319,2025-02-09 18:00:00,Instagram,Reel,Brand Awareness,Brand,20,242670,252836,198726,9786.0,556,3106,2914,16362.0,8.23344705775792,81.89145753492397
POST00320,2025-02-09 21:00:00,Instagram,Image,Festival Campaign,Entertainment,17,196589,149424,128352,5214.0,277,1245,2535,9271.0,7.223105210670655,65.2895126380418
POST00321,2025-02-10 00:00:00,Youtube,Reel,Event Promotion,Community,9,52456,97262,57923,3329.0,162,729,633,4853.0,8.378364380297981,110.42206801891108
POST00322,2025-02-10 03:00:00,Facebook,Reel,Educational Series,Education,14,138763,125336,106478,10407.0,185,859,570,12021.0,11.289656079190067,76.73371143604562
POST00323,2025-02-10 06:00:00,Facebook,Image,Seasonal Campaign,Promotional,23,189252,198659,159623,6395.0,213,1425,2254,10287.0,6.444559994487011,84.34415488343583
POST00324,2025-02-10 09:00:00,Instagram,Text,Product Launch,Promotional,21,475453,445248,375725,13121.0,608,2806,3268,19803.0,5.270610153702841,79.02463545292595
POST00325,2025-02-10 12:00:00,Linkedin,Reel,Event Promotion,Brand,10,241916,318810,230560,10532.0,243,2284,3819,16878.0,7.320437196391396,95.30580862778815
POST00326,2025-02-10 15:00:00,Facebook,Image,Festival Campaign,Education,18,105398,89954,50528,912.0,10,658,729,2309.0,4.569743508549715,47.94018861837985
POST00327,2025-02-10 18:00:00,Youtube,Reel,Special Campaign,Event,12,470721,562581,441446,15280.0,472,6020,8887,30659.0,6.945130321715453,93.78081708697934
POST00328,2025-02-10 21:00:00,Facebook,Reel,Community Campaign,Entertainment,19,224278,370178,252123,20397.0,637,4280,3946,29260.0,11.605446547915104,112.41539517919725
POST00329,2025-02-11 00:00:00,Youtube,Image,Festival Campaign,Event,2,137183,165050,114024,6254.0,82,377,1422,8135.0,7.134462920087,83.11817061880845
POST00330,2025-02-11 03:00:00,Instagram,Image,Special Campaign,Education,15,371926,395275,278448,9861.0,256,2966,1569,14652.0,5.262023789001896,74.86650570274732
POST00331,2025-02-11 06:00:00,Instagram,Reel,Seasonal Campaign,Brand,6,492518,873918,631421,39712.0,2218,8064,3563,53557.0,8.481979535048724,128.20262406653157
POST00332,2025-02-11 09:00:00,Facebook,Reel,Brand Awareness,Education,11,404884,528590,413186,20326.0,457,3226,7060,31069.0,7.519373841320857,102.05046383655565
POST00333,2025-02-11 12:00:00,Instagram,Reel,Event Promotion,Brand,14,280360,375307,301886,25060.0,963,1480,6755,34258.0,11.347992288479759,107.67798544728207
POST00334,2025-02-11 15:00:00,Instagram,Reel,Seasonal Campaign,Event,7,49681,71594,58842,5396.0,185,530,713,6824.0,11.59715849223344,118.43964493468329
POST00335,2025-02-11 18:00:00,Instagram,Text,Brand Awareness,Event,22,290467,213908,167931,9313.0,494,974,2464,13245.0,7.88716794397699,57.81414067690994
POST00336,2025-02-11 21:00:00,Instagram,Text,Product Launch,Education,16,349537,471723,392104,8949.0,381,1126,6276,16732.0,4.267235223308101,112.17810989966728
POST00337,2025-02-12 00:00:00,Linkedin,Reel,Special Campaign,Education,0,198295,222738,132028,10590.0,189,1838,1782,14399.0,10.906019935165268,66.58160820999016
POST00338,2025-02-12 03:00:00,Facebook,Image,Special Campaign,Promotional,20,116123,55688,46938,3285.0,56,253,202,3796.0,8.087264050449528,40.42093297624071
POST00339,2025-02-12 06:00:00,Youtube,Text,Community Campaign,Brand,7,111354,93622,64182,2841.0,107,600,1024,4572.0,7.123492568009722,57.6378037609785
POST00340,2025-02-12 09:00:00,Instagram,Reel,Brand Awareness,Promotional,13,474048,406705,298957,15957.0,196,4052,1798,22003.0,7.35992132647839,63.06471074659106
POST00341,2025-02-12 12:00:00,Youtube,Video,Product Launch,Entertainment,9,176319,183551,128820,8990.0,266,933,1961,12150.0,9.43176525384257,73.06075919214605
POST00342,2025-02-12 15:00:00,Youtube,Text,Special Campaign,Entertainment,18,380952,297301,213016,9794.0,293,1067,4272,15426.0,7.241709542945131,55.91675591675591
POST00343,2025-02-12 18:00:00,Instagram,Reel,Festival Campaign,Education,7,235148,379402,246573,14047.0,278,4567,769,19661.0,7.973703527961293,104.85864221681665
POST00344,2025-02-12 21:00:00,Youtube,Reel,Brand Awareness,Event,18,242445,511786,311924,10640.0,266,5809,3889,20604.0,6.605455174978521,128.6576336901153
POST00345,2025-02-13 00:00:00,Instagram,Text,Brand Awareness,Entertainment,3,290628,387697,227466,9621.0,254,1269,4414,15558.0,6.839703516129883,78.26706304967175
POST00346,2025-02-13 03:00:00,Facebook,Image,Educational Series,Entertainment,9,181754,88048,62337,3822.0,40,607,911,5380.0,8.630508365818052,34.29745700232182
POST00347,2025-02-13 06:00:00,Facebook,Reel,Community Campaign,Promotional,22,90459,109872,65246,6773.0,340,1250,533,8896.0,13.634552309720135,72.12770426381012
POST00348,2025-02-13 09:00:00,Instagram,Reel,Community Campaign,Promotional,2,147162,302372,192231,8342.0,482,3729,3526,16079.0,8.364415728992721,130.62543319606962
POST00349,2025-02-13 12:00:00,Instagram,Image,Seasonal Campaign,Entertainment,3,455235,362699,216446,12082.0,295,572,4380,17329.0,8.006153959879137,47.54599272903006
POST00350,2025-02-13 15:00:00,Facebook,Carousel,Festival Campaign,Education,15,363600,429695,252743,5754.0,89,2440,2773,11056.0,4.374404038885349,69.51127612761276
POST00351,2025-02-13 18:00:00,Youtube,Carousel,Educational Series,Promotional,23,456479,726853,624265,51251.0,2956,7502,5957,67666.0,10.839307025061471,136.75656492412577
POST00352,2025-02-13 21:00:00,Linkedin,Text,Seasonal Campaign,Entertainment,3,173010,120673,94838,1476.0,69,315,1421,3281.0,3.459583711170628,54.816484596266115
POST00353,2025-02-14 00:00:00,Facebook,Reel,Product Launch,Event,19,74890,72524,63336,3419.0,186,1044,699,5348.0,8.443854995579134,84.57203899051943
POST00354,2025-02-14 03:00:00,Instagram,Image,Seasonal Campaign,Promotional,19,33319,51210,39708,878.0,24,289,849,2040.0,5.137503777576307,119.17524535550285
POST00355,2025-02-14 06:00:00,Instagram,Image,Product Launch,Entertainment,12,389841,582501,492436,25376.0,867,3754,9917,39914.0,8.105418775231705,126.31713955176598
POST00356,2025-02-14 09:00:00,Facebook,Image,Festival Campaign,Brand,20,146193,143973,107166,3893.0,220,536,1056,5705.0,5.323516787040665,73.3044673821592
POST00357,2025-02-14 12:00:00,Instagram,Reel,Special Campaign,Promotional,16,341576,460212,327634,27249.0,898,2513,4276,34936.0,10.663117991417252,95.91833149870014
POST00358,2025-02-14 15:00:00,Youtube,Text,Community Campaign,Brand,22,473988,505183,371292,13695.0,597,861,8379,23532.0,6.337868847160726,78.33362869946075
POST00359,2025-02-14 18:00:00,Linkedin,Video,Special Campaign,Promotional,15,420116,329146,217920,11810.0,534,3689,1360,17393.0,7.981369309838472,51.87138790238887
POST00360,2025-02-14 21:00:00,Youtube,Image,Product Launch,Promotional,16,87696,65370,51007,1878.0,97,319,999,3293.0,6.4559766306585376,58.163428206531655
POST00361,2025-02-15 00:00:00,Instagram,Carousel,Festival Campaign,Community,5,429452,549233,474543,12540.0,736,2047,4731,20054.0,4.225960555734675,110.49966003185455
POST00362,2025-02-15 03:00:00,Facebook,Reel,Special Campaign,Community,2,477471,836361,689014,28922.0,773,3449,3878,37022.0,5.3731854505133425,144.3048897210511
POST00363,2025-02-15 06:00:00,Youtube,Image,Seasonal Campaign,Brand,19,338629,437264,311200,16341.0,365,2043,1734,20483.0,6.58194087403599,91.89998493926981
POST00364,2025-02-15 09:00:00,Youtube,Carousel,Product Launch,Education,23,142359,202208,178725,9346.0,129,1917,1622,13014.0,7.281577843054973,125.54527637873265
POST00365,2025-02-15 12:00:00,Linkedin,Image,Event Promotion,Entertainment,3,213365,146250,130878,2851.0,150,1426,1970,6397.0,4.887758064762603,61.339957350080844
POST00366,2025-02-15 15:00:00,Instagram,Text,Brand Awareness,Education,7,157293,114942,83055,3278.0,80,873,1908,6139.0,7.391487568478719,52.80273120863611
POST00367,2025-02-15 18:00:00,Linkedin,Carousel,Seasonal Campaign,Education,19,45294,51587,43984,1073.0,13,474,425,1985.0,4.51300472899236,97.10778469554467
POST00368,2025-02-15 21:00:00,Linkedin,Image,Community Campaign,Community,8,161110,123856,68327,3117.0,166,459,504,4246.0,6.2142344900259054,42.41015455279002
POST00369,2025-02-16 00:00:00,Instagram,Video,Special Campaign,Entertainment,21,498403,942523,540376,50512.0,1792,4853,7311,64468.0,11.930211556397767,108.42149826545989
POST00370,2025-02-16 03:00:00,Instagram,Reel,Seasonal Campaign,Community,0,204721,315453,175971,8793.0,456,2165,1134,12548.0,7.130720402793641,85.95649689089053
POST00371,2025-02-16 06:00:00,Instagram,Image,Event Promotion,Community,12,436576,591243,485178,27688.0,1044,3927,4355,37014.0,7.628952673039585,111.13254049695816
POST00372,2025-02-16 09:00:00,Instagram,Reel,Festival Campaign,Community,1,28255,60287,34841,2931.0,75,467,860,4333.0,12.436497230274677,123.30914882321713
POST00373,2025-02-16 12:00:00,Instagram,Image,Festival Campaign,Event,22,219307,211127,117379,4679.0,77,902,1793,7451.0,6.347813493043901,53.52268737432002
POST00374,2025-02-16 15:00:00,Facebook,Video,Seasonal Campaign,Education,9,129429,71788,43187,2881.0,91,143,874,3989.0,9.236575821427746,33.367328805754504
POST00375,2025-02-16 18:00:00,Instagram,Image,Event Promotion,Education,22,107464,87617,57582,2504.0,28,440,441,3413.0,5.92719947205724,53.582595101615425
POST00376,2025-02-16 21:00:00,Instagram,Video,Special Campaign,Education,18,461385,940061,669929,29746.0,1193,1843,9674,42456.0,6.337387991861824,145.19956218776076
POST00377,2025-02-17 00:00:00,Facebook,Image,Seasonal Campaign,Event,16,413588,397834,227915,13391.0,420,891,3243,17945.0,7.873549349538204,55.106772923779225
POST00378,2025-02-17 03:00:00,Instagram,Reel,Brand Awareness,Promotional,23,466395,900170,652302,52719.0,900,5966,13619,73204.0,11.22240925215621,139.8604187437687
POST00379,2025-02-17 06:00:00,Facebook,Video,Brand Awareness,Brand,12,470865,419687,267265,23743.0,866,2940,928,28477.0,10.65496791573906,56.76043027194632
POST00380,2025-02-17 09:00:00,Instagram,Reel,Educational Series,Brand,13,132848,248955,160832,11935.0,597,920,3527,16979.0,10.556978710704337,121.06467541852342
POST00381,2025-02-17 12:00:00,Instagram,Reel,Product Launch,Event,10,432114,772706,647269,36454.0,2141,4705,3075,46375.0,7.1647182237987606,149.79125878819016
POST00382,2025-02-17 15:00:00,Facebook,Image,Educational Series,Education,9,201155,110531,98972,5597.0,203,611,2292,8703.0,8.793396112031687,49.20185926275757
POST00383,2025-02-17 18:00:00,Facebook,Reel,Special Campaign,Brand,6,43855,75359,53682,3987.0,65,318,329,4699.0,8.7533996497895,122.40793524113556
POST00384,2025-02-17 21:00:00,Linkedin,Reel,Brand Awareness,Event,9,54758,48635,32226,2387.0,120,627,474,3608.0,11.195928753180661,58.85167464114832
POST00385,2025-02-18 00:00:00,Facebook,Carousel,Event Promotion,Community,23,269416,211134,184954,13786.0,617,2420,959,17782.0,9.614282470235842,68.64996882145084
POST00386,2025-02-18 03:00:00,Facebook,Image,Product Launch,Entertainment,0,422823,297676,215861,14498.0,836,2436,2771,20541.0,9.515845845243003,51.052331590287196
POST00387,2025-02-18 06:00:00,Instagram,Image,Special Campaign,Brand,13,281272,179748,144809,4015.0,147,1224,1387,6773.0,4.677195478181605,51.48361728149264
POST00388,2025-02-18 09:00:00,Instagram,Text,Event Promotion,Entertainment,2,125094,126653,87999,2563.0,71,956,1077,4667.0,5.303469357606336,70.3462995827138
POST00389,2025-02-18 12:00:00,Facebook,Image,Special Campaign,Education,12,356233,213129,132330,7028.0,408,1371,1983,10790.0,8.153857779792942,37.14703578837446
POST00390,2025-02-18 15:00:00,Facebook,Video,Educational Series,Brand,1,287527,404716,315358,20220.0,746,2384,4133,27483.0,8.714857400161087,109.67943880053004
POST00391,2025-02-18 18:00:00,Linkedin,Reel,Festival Campaign,Event,16,264951,246383,192842,14825.0,160,2491,676,18152.0,9.412887234108751,72.7840242157984
POST00392,2025-02-18 21:00:00,Youtube,Image,Event Promotion,Promotional,20,80112,76024,54057,2237.0,75,441,1189,3942.0,7.292302569509962,67.4767825044937
POST00393,2025-02-19 00:00:00,Instagram,Video,Educational Series,Brand,2,413931,683337,440398,23647.0,239,5043,2241,31170.0,7.077688817842043,106.39406084588978
POST00394,2025-02-19 03:00:00,Facebook,Image,Educational Series,Brand,14,160909,164467,138338,3368.0,157,1572,3399,8496.0,6.14147956454481,85.97281693379489
POST00395,2025-02-19 06:00:00,Instagram,Carousel,Educational Series,Brand,7,471102,433981,280508,16911.0,647,2540,6095,26193.0,9.337701598528385,59.54294399089793
POST00396,2025-02-19 09:00:00,Linkedin,Image,Festival Campaign,Brand,5,463915,489769,382342,10511.0,162,3947,5869,20489.0,5.358814883010499,82.41639093368397
POST00397,2025-02-19 12:00:00,Linkedin,Reel,Festival Campaign,Event,8,99486,116121,79472,6225.0,315,543,667,7750.0,9.7518622911214,79.88259654624771
POST00398,2025-02-19 15:00:00,Youtube,Image,Seasonal Campaign,Event,10,93528,46818,33492,2351.0,86,425,164,3026.0,9.034993431267168,35.80959712599435
POST00399,2025-02-19 18:00:00,Facebook,Image,Festival Campaign,Promotional,21,440033,326352,203640,6485.0,101,572,3620,10778.0,5.292673345118837,46.278347305770254
POST00400,2025-02-19 21:00:00,Facebook,Video,Product Launch,Event,1,200875,203237,157979,5408.0,97,2827,1174,9506.0,6.017255458003912,78.645426260112
POST00401,2025-02-20 00:00:00,Instagram,Reel,Festival Campaign,Event,8,119354,243756,153332,4275.0,218,2038,2933,9464.0,6.172227584587692,128.46825410124504
POST00402,2025-02-20 03:00:00,Linkedin,Text,Festival Campaign,Education,17,229965,111092,79986,2563.0,71,486,1704,4824.0,6.031055434701073,34.78181462396452
POST00403,2025-02-20 06:00:00,Youtube,Text,Festival Campaign,Education,18,352422,241677,160705,3962.0,202,728,3978,8870.0,5.519430011511776,45.600161170415014
POST00404,2025-02-20 09:00:00,Facebook,Reel,Special Campaign,Entertainment,21,473561,316091,280455,18051.0,243,2649,3952,24895.0,8.876646877395661,59.222571115442356
POST00405,2025-02-20 12:00:00,Instagram,Reel,Event Promotion,Promotional,17,33369,40787,36454,2438.0,54,576,891,3959.0,10.860262248312942,109.24510773472385
POST00406,2025-02-20 15:00:00,Linkedin,Video,Festival Campaign,Education,4,80428,93962,76458,3758.0,181,349,480,4768.0,6.236103481650057,95.06390809170937
POST00407,2025-02-20 18:00:00,Instagram,Text,Product Launch,Promotional,17,156116,159438,142596,6950.0,292,565,3051,10858.0,7.614519341355999,91.33977298931563
POST00408,2025-02-20 21:00:00,Instagram,Image,Special Campaign,Promotional,11,85123,53449,31521,2107.0,53,102,344,2606.0,8.267504203546842,37.029944903257636
POST00409,2025-02-21 00:00:00,Linkedin,Reel,Educational Series,Brand,3,489040,312634,280530,11922.0,677,2752,3093,18444.0,6.574697893273447,57.363405856371664
POST00410,2025-02-21 03:00:00,Instagram,Image,Event Promotion,Community,14,373058,353315,207129,13082.0,268,1311,1845,16506.0,7.96894688817114,55.521929565912
POST00411,2025-02-21 06:00:00,Instagram,Carousel,Brand Awareness,Community,10,158333,248129,172550,5049.0,265,1890,1175,8379.0,4.855983772819473,108.97917679826693
POST00412,2025-02-21 09:00:00,Linkedin,Reel,Special Campaign,Community,18,260222,360728,228568,10020.0,448,4440,2909,17817.0,7.795054425816388,87.83577099553457
POST00413,2025-02-21 12:00:00,Linkedin,Carousel,Festival Campaign,Promotional,4,300208,129775,114701,6465.0,103,1638,2835,11041.0,9.625896897149982,38.20717635772531
POST00414,2025-02-21 15:00:00,Youtube,Reel,Special Campaign,Brand,5,488551,579169,447423,22332.0,843,7820,4589,35584.0,7.953100309997474,91.58163630818481
POST00415,2025-02-21 18:00:00,Facebook,Reel,Seasonal Campaign,Entertainment,12,220130,238045,180674,5285.0,298,2441,2374,10398.0,5.75511695097247,82.07604597283424
POST00416,2025-02-21 21:00:00,Youtube,Image,Seasonal Campaign,Entertainment,22,295834,413286,371586,12605.0,516,1845,2982,17948.0,4.830106624038581,125.60625215492472
POST00417,2025-02-22 00:00:00,Instagram,Image,Special Campaign,Community,9,415273,449125,343288,22953.0,836,2160,3575,29524.0,8.600358882337861,82.66561996566114
POST00418,2025-02-22 03:00:00,Instagram,Reel,Educational Series,Entertainment,23,383169,460083,357096,14137.0,400,2437,1504,18478.0,5.17451889687927,93.19543073682892
POST00419,2025-02-22 06:00:00,Facebook,Image,Educational Series,Brand,13,450805,325002,183844,10891.0,538,621,4418,16468.0,8.957594482278454,40.78126906312042
POST00420,2025-02-22 09:00:00,Facebook,Reel,Event Promotion,Community,3,383011,419637,356971,29392.0,1635,3558,5074,39659.0,11.109866067551707,93.20123965108051
POST00421,2025-02-22 12:00:00,Facebook,Reel,Seasonal Campaign,Brand,19,34559,47307,42081,1442.0,68,747,804,3061.0,7.274066680924883,121.76567609016465
POST00422,2025-02-22 15:00:00,Facebook,Reel,Brand Awareness,Entertainment,22,426908,270263,239482,12380.0,572,3633,3422,20007.0,8.354281323857325,56.09686396132187
POST00423,2025-02-22 18:00:00,Instagram,Text,Community Campaign,Community,11,330573,264625,166022,3905.0,76,1843,3311,9135.0,5.502282829986387,50.22249246006177
POST00424,2025-02-22 21:00:00,Youtube,Image,Seasonal Campaign,Brand,14,478954,543655,341997,6583.0,340,1395,5044,13362.0,3.9070518162440018,71.40497834865144
POST00425,2025-02-23 00:00:00,Instagram,Image,Special Campaign,Event,9,299116,253048,171596,4692.0,56,1313,3163,9224.0,5.375416676379403,57.36771018601479
POST00426,2025-02-23 03:00:00,Youtube,Image,Seasonal Campaign,Event,10,61530,66503,43797,1265.0,60,485,791,2601.0,5.938762928967738,71.17991223793271
POST00427,2025-02-23 06:00:00,Youtube,Text,Product Launch,Brand,8,226145,159942,105076,2360.0,48,629,1548,4585.0,4.363508317789029,46.463994339914656
POST00428,2025-02-23 09:00:00,Linkedin,Reel,Community Campaign,Brand,10,143297,187585,142907,4731.0,162,1229,1153,7275.0,5.090723337555193,99.72783798683852
POST00429,2025-02-23 12:00:00,Instagram,Carousel,Educational Series,Education,1,218250,154161,128256,6945.0,310,1697,982,9934.0,7.745446606786427,58.76563573883161
POST00430,2025-02-23 15:00:00,Instagram,Carousel,Community Campaign,Education,12,283509,506526,444663,18376.0,881,3545,9886,32688.0,7.351185054749328,156.84263991619315
POST00431,2025-02-23 18:00:00,Instagram,Carousel,Seasonal Campaign,Promotional,21,256932,217424,124747,9757.0,530,1816,705,12808.0,10.267180773886347,48.55253530116918
POST00432,2025-02-23 21:00:00,Facebook,Reel,Educational Series,Community,7,478760,368884,238775,9694.0,233,1703,3654,15284.0,6.401005130352842,49.873631882362766
POST00433,2025-02-24 00:00:00,Facebook,Carousel,Community Campaign,Promotional,20,331827,420394,268738,15850.0,336,3852,3777,23815.0,8.86179103811147,80.98738197916384
POST00434,2025-02-24 03:00:00,Instagram,Reel,Educational Series,Promotional,20,114356,244273,164909,15872.0,949,1204,3391,21416.0,12.986556221916329,144.20668788694954
POST00435,2025-02-24 06:00:00,Instagram,Image,Educational Series,Entertainment,7,411550,263561,184101,3782.0,77,955,1100,5914.0,3.212367124567493,44.73356821771352
POST00436,2025-02-24 09:00:00,Facebook,Carousel,Event Promotion,Event,0,78896,105029,72071,3857.0,166,565,1305,5893.0,8.176659127804527,91.349371324275
POST00437,2025-02-24 12:00:00,Instagram,Reel,Brand Awareness,Entertainment,5,381483,460199,406471,24856.0,1432,4600,6637,37525.0,9.231900922821062,106.55022635346792
POST00438,2025-02-24 15:00:00,Facebook,Video,Educational Series,Community,12,431217,520958,366230,33280.0,1824,3268,6748,45120.0,12.320126696338367,84.92939749592433
POST00439,2025-02-24 18:00:00,Facebook,Reel,Product Launch,Brand,8,419938,279365,207584,16144.0,519,3564,3459,23686.0,11.410320641282565,49.432059018236025
POST00440,2025-02-24 21:00:00,Instagram,Video,Seasonal Campaign,Education,5,302244,383291,311240,15294.0,640,4609,4785,25328.0,8.137771494666495,102.97640317094799
POST00441,2025-02-25 00:00:00,Instagram,Image,Seasonal Campaign,Community,14,402907,413697,332521,18761.0,683,1804,7773,29021.0,8.727569085862246,82.53045988280175
POST00442,2025-02-25 03:00:00,Linkedin,Reel,Product Launch,Brand,22,430676,492615,371450,26538.0,725,4176,3963,35402.0,9.530757840893795,86.24813084546156
POST00443,2025-02-25 06:00:00,Instagram,Reel,Festival Campaign,Community,15,240595,384813,327587,17388.0,299,3238,2313,23238.0,7.09368808896568,136.15702736964607
POST00444,2025-02-25 09:00:00,Instagram,Text,Educational Series,Brand,3,81645,70650,54291,2732.0,137,111,1112,4092.0,7.537160855390396,66.4964174168657
POST00445,2025-02-25 12:00:00,Facebook,Reel,Special Campaign,Education,16,89551,152933,130935,10228.0,148,1995,766,13137.0,10.033222591362126,146.2127726100211
POST00446,2025-02-25 15:00:00,Linkedin,Reel,Educational Series,Brand,8,219570,156426,102610,2711.0,109,581,1842,5243.0,5.109638436799532,46.7322493965478
POST00447,2025-02-25 18:00:00,Linkedin,Reel,Educational Series,Promotional,11,286984,196387,117087,10945.0,434,2152,1766,15297.0,13.06464423889928,40.799138627937445
POST00448,2025-02-25 21:00:00,Facebook,Carousel,Special Campaign,Community,21,463280,531234,444553,20456.0,547,3347,1346,25696.0,5.780188189034828,95.95773614228976
POST00449,2025-02-26 00:00:00,Instagram,Image,Community Campaign,Education,18,106069,65817,45011,2379.0,39,408,372,3198.0,7.1049299060229725,42.435584383750204
POST00450,2025-02-26 03:00:00,Instagram,Reel,Educational Series,Brand,19,368134,564463,439084,25004.0,1249,7213,6107,39573.0,9.012626285630995,119.27287346455367
POST00451,2025-02-26 06:00:00,Facebook,Reel,Educational Series,Promotional,11,68105,78412,63361,6003.0,198,357,649,7207.0,11.374504821577942,93.03428529476544
POST00452,2025-02-26 09:00:00,Youtube,Reel,Product Launch,Promotional,21,25699,29768,19776,1518.0,70,232,245,2065.0,10.441949838187703,76.95241059963422
POST00453,2025-02-26 12:00:00,Youtube,Reel,Brand Awareness,Event,5,419138,857361,623136,44362.0,480,4120,10112,59074.0,9.48011349047399,148.6708434930739
POST00454,2025-02-26 15:00:00,Linkedin,Image,Brand Awareness,Promotional,11,438135,246858,213093,15115.0,207,1654,4065,21041.0,9.874092532368497,48.63637919819234
POST00455,2025-02-26 18:00:00,Instagram,Carousel,Festival Campaign,Entertainment,8,209608,208232,178647,6910.0,129,1788,1130,9957.0,5.573561268871013,85.2290943093775
POST00456,2025-02-26 21:00:00,Youtube,Reel,Product Launch,Education,19,439724,461731,375052,11660.0,182,2047,3459,17348.0,4.625491931785459,85.29259262628376
POST00457,2025-02-27 00:00:00,Instagram,Image,Educational Series,Education,4,369344,257599,210447,9652.0,189,1808,3578,15227.0,7.235550993836928,56.97858906601976
POST00458,2025-02-27 03:00:00,Youtube,Image,Brand Awareness,Education,20,379950,324998,280859,11486.0,509,2000,4478,18473.0,6.5773217165908875,73.91998947229898
POST00459,2025-02-27 06:00:00,Instagram,Text,Event Promotion,Brand,2,438494,466030,376420,13341.0,164,2480,7231,23216.0,6.167578768397004,85.84381998385383
POST00460,2025-02-27 09:00:00,Instagram,Text,Event Promotion,Community,1,428078,478568,320092,13733.0,163,3304,5470,22670.0,7.082338827587069,74.77422338919543
POST00461,2025-02-27 12:00:00,Instagram,Video,Event Promotion,Brand,7,164670,311444,184460,12596.0,145,1834,1893,16468.0,8.927680798004987,112.01797534462865
POST00462,2025-02-27 15:00:00,Facebook,Reel,Educational Series,Entertainment,9,480650,392271,273671,15488.0,695,2913,3826,22922.0,8.375750444877243,56.9376885467596
POST00463,2025-02-27 18:00:00,Facebook,Reel,Educational Series,Community,14,239547,150121,87155,8131.0,299,919,1957,11306.0,12.972290746371407,36.383256730411986
POST00464,2025-02-27 21:00:00,Youtube,Reel,Special Campaign,Promotional,8,146473,308882,182400,14010.0,399,2394,1293,18096.0,9.921052631578947,124.5280700197306
POST00465,2025-02-28 00:00:00,Linkedin,Reel,Festival Campaign,Brand,9,175846,94061,83014,7920.0,346,731,937,9934.0,11.966656226660563,47.20835276321327
POST00466,2025-02-28 03:00:00,Instagram,Image,Seasonal Campaign,Community,10,203456,320958,252452,16992.0,640,2821,5432,25885.0,10.25343431622645,124.08186536646744
POST00467,2025-02-28 06:00:00,Instagram,Video,Festival Campaign,Promotional,8,284966,545280,462431,16669.0,172,3173,5092,25106.0,5.429134292467417,162.27585045233465
POST00468,2025-02-28 09:00:00,Linkedin,Video,Festival Campaign,Community,13,450468,610650,473262,34548.0,1793,3347,5711,45399.0,9.592783701205674,105.06007085963931
POST00469,2025-02-28 12:00:00,Instagram,Video,Community Campaign,Promotional,4,110585,141277,98397,4610.0,126,1139,986,6861.0,6.972773560169518,88.97861373604015
POST00470,2025-02-28 15:00:00,Linkedin,Image,Event Promotion,Community,8,107420,53923,30132,1903.0,57,145,686,2791.0,9.262577990176556,28.050642338484455
POST00471,2025-02-28 18:00:00,Instagram,Carousel,Educational Series,Brand,3,295196,411545,364029,24451.0,1200,1211,6404,33266.0,9.138282938996618,123.31772788249162
POST00472,2025-02-28 21:00:00,Linkedin,Reel,Event Promotion,Brand,1,103574,133703,76856,3189.0,61,466,583,4299.0,5.59357759966691,74.20395079846294
POST00473,2025-03-01 00:00:00,Instagram,Reel,Festival Campaign,Entertainment,18,495727,487866,372513,36961.0,388,6720,7261,51330.0,13.77938488052766,75.1447873527163
POST00474,2025-03-01 03:00:00,Linkedin,Carousel,Educational Series,Event,0,150171,163686,95882,6142.0,340,215,368,7065.0,7.368432031038151,63.8485459909037
POST00475,2025-03-01 06:00:00,Youtube,Reel,Product Launch,Education,20,251224,254562,165325,16531.0,583,802,1937,19853.0,12.008468168758506,65.8078049867847
POST00476,2025-03-01 09:00:00,Linkedin,Image,Special Campaign,Brand,0,139879,99874,61426,1775.0,48,655,1413,3891.0,6.334451209585517,43.91366824183759
POST00477,2025-03-01 12:00:00,Instagram,Reel,Brand Awareness,Brand,11,426485,902490,671272,62990.0,3209,12861,12200,91260.0,13.595085151771563,157.39639143228953
POST00478,2025-03-01 15:00:00,Youtube,Carousel,Brand Awareness,Promotional,10,481793,385870,332032,20947.0,237,3816,6789,31789.0,9.574077197378566,68.91590371798677
POST00479,2025-03-01 18:00:00,Linkedin,Video,Festival Campaign,Event,0,298695,212733,164329,10478.0,210,2758,3859,17305.0,10.530703649386291,55.01565141699727
POST00480,2025-03-01 21:00:00,Youtube,Reel,Seasonal Campaign,Brand,13,89915,72360,56619,5095.0,90,965,1134,7284.0,12.864939331319874,62.96947116721348
POST00481,2025-03-02 00:00:00,Facebook,Video,Event Promotion,Community,10,289805,202383,175693,12222.0,573,1737,869,15401.0,8.765858628402952,60.624557892375904
POST00482,2025-03-02 03:00:00,Facebook,Reel,Product Launch,Event,6,215619,163101,132486,10364.0,265,1091,1069,12789.0,9.653095421403016,61.444492368483296
POST00483,2025-03-02 06:00:00,Youtube,Image,Educational Series,Education,1,354647,246973,210688,6678.0,324,1937,2949,11888.0,5.642466585662211,59.40780550801219
POST00484,2025-03-02 09:00:00,Facebook,Carousel,Seasonal Campaign,Community,14,115406,85741,59653,4323.0,52,559,197,5131.0,8.601411496488023,51.68968684470479
POST00485,2025-03-02 12:00:00,Youtube,Carousel,Event Promotion,Promotional,7,211686,321509,274206,16992.0,686,672,4590,22940.0,8.365973027577807,129.534310251977
POST00486,2025-03-02 15:00:00,Linkedin,Text,Festival Campaign,Entertainment,21,273043,231938,179995,9539.0,247,1950,3142,14878.0,8.26578516069891,65.9218511370004
POST00487,2025-03-02 18:00:00,Instagram,Reel,Event Promotion,Community,19,261575,369814,220950,11802.0,228,2703,4048,18781.0,8.500113147770989,84.46908152537513
POST00488,2025-03-02 21:00:00,Instagram,Carousel,Festival Campaign,Education,14,232282,183861,103614,4341.0,220,1454,1577,7592.0,7.327195166676318,44.60698633557486
POST00489,2025-03-03 00:00:00,Linkedin,Carousel,Community Campaign,Community,7,368074,223789,142198,3200.0,97,1724,1841,6862.0,4.825665621176107,38.632992278726555
POST00490,2025-03-03 03:00:00,Linkedin,Text,Brand Awareness,Event,9,164603,122089,83316,4131.0,159,401,1818,6509.0,7.812424984396754,50.61633141558781
POST00491,2025-03-03 06:00:00,Youtube,Reel,Seasonal Campaign,Event,18,434586,731720,616948,31936.0,372,10999,12265,55572.0,9.007566277871067,141.96223532281297
POST00492,2025-03-03 09:00:00,Facebook,Video,Brand Awareness,Education,2,281697,446372,361309,17183.0,851,5322,5951,29307.0,8.111339601283113,128.26157183072593
POST00493,2025-03-03 12:00:00,Instagram,Image,Event Promotion,Event,19,466216,259051,229099,12643.0,307,1564,919,15433.0,6.736389071973252,49.14009815192958
POST00494,2025-03-03 15:00:00,Instagram,Reel,Product Launch,Community,13,431781,842484,628249,28725.0,1283,10557,11475,52040.0,8.283339885936945,145.50177057350834
POST00495,2025-03-03 18:00:00,Youtube,Image,Educational Series,Entertainment,8,406678,404943,328696,22051.0,1058,1635,5022,29766.0,9.055784067953367,80.82463275613631
POST00496,2025-03-03 21:00:00,Instagram,Reel,Festival Campaign,Community,8,414048,906020,585605,39803.0,631,8160,10691,59285.0,10.12371820595794,141.43408493701213
POST00497,2025-03-04 00:00:00,Youtube,Image,Educational Series,Entertainment,20,460194,490292,386277,27175.0,673,1213,3805,32866.0,8.508402001672374,83.93786098906114
POST00498,2025-03-04 03:00:00,Instagram,Video,Brand Awareness,Event,5,496157,676361,539163,15916.0,734,8575,10833,36058.0,6.687773456264617,108.66782087121616
POST00499,2025-03-04 06:00:00,Linkedin,Image,Special Campaign,Community,7,161257,135361,114643,4148.0,89,1184,1398,6819.0,5.9480299713022164,71.09334788567317
POST00500,2025-03-04 09:00:00,Linkedin,Carousel,Product Launch,Event,10,154564,173136,127729,5751.0,301,534,2896,9482.0,7.423529503871477,82.63825987940271
POST00501,2025-03-04 12:00:00,Facebook,Image,Product Launch,Entertainment,7,209310,132665,103100,5922.0,151,211,545,6829.0,6.623666343355965,49.257082795853044
POST00502,2025-03-04 15:00:00,Youtube,Reel,Educational Series,Event,11,78859,68509,42548,1813.0,54,390,581,2838.0,6.670113753877974,53.95452643325429
POST00503,2025-03-04 18:00:00,Instagram,Reel,Brand Awareness,Brand,9,326774,475622,384238,21239.0,318,5383,2891,29831.0,7.763677720579433,117.58524239994614
POST00504,2025-03-04 21:00:00,Facebook,Image,Special Campaign,Promotional,22,216896,125530,105877,7112.0,123,541,1373,9149.0,8.641159080820197,48.814639274122165
POST00505,2025-03-05 00:00:00,Facebook,Reel,Educational Series,Community,3,191656,208438,157956,5518.0,131,3008,1703,10360.0,6.5587885233862595,82.41641273949159
POST00506,2025-03-05 03:00:00,Instagram,Reel,Event Promotion,Brand,15,21076,49023,28947,2435.0,30,532,598,3595.0,12.419248972259647,137.34579616625547
POST00507,2025-03-05 06:00:00,Linkedin,Image,Product Launch,Event,19,133868,103529,68277,3819.0,75,600,455,4949.0,7.248414546626243,51.003227059491444
POST00508,2025-03-05 09:00:00,Facebook,Reel,Product Launch,Event,5,185211,258649,185303,6704.0,204,1470,2996,11374.0,6.13805496942845,100.04967307557327
POST00509,2025-03-05 12:00:00,Linkedin,Reel,Event Promotion,Promotional,8,217682,266670,209871,16727.0,485,3724,2506,23442.0,11.16971854138971,96.41173822364733
POST00510,2025-03-05 15:00:00,Facebook,Image,Brand Awareness,Event,22,188774,201944,133710,6520.0,129,1497,1925,10071.0,7.531972178595468,70.83072880799263
POST00511,2025-03-05 18:00:00,Facebook,Reel,Product Launch,Promotional,4,282041,476545,402252,19479.0,273,1631,7528,28911.0,7.18728558217237,142.62181739534324
POST00512,2025-03-05 21:00:00,Youtube,Text,Seasonal Campaign,Community,20,178607,170752,116132,3367.0,87,713,1260,5427.0,4.673130575551958,65.02096782320962
POST00513,2025-03-06 00:00:00,Linkedin,Video,Special Campaign,Entertainment,23,118343,110893,62653,5261.0,248,1109,693,7311.0,11.669034204267952,52.941872354089384
POST00514,2025-03-06 03:00:00,Linkedin,Carousel,Community Campaign,Promotional,5,476953,327656,271265,9644.0,342,2250,1272,13508.0,4.979632462720955,56.874576740265816
POST00515,2025-03-06 06:00:00,Instagram,Reel,Community Campaign,Promotional,16,345849,464139,359929,23754.0,1362,6610,5450,37176.0,10.328703716566324,104.07114087361826
POST00516,2025-03-06 09:00:00,Instagram,Video,Community Campaign,Brand,16,483026,580429,482153,35217.0,598,8507,5868,50190.0,10.409558791503942,99.81926438742428
POST00517,2025-03-06 12:00:00,Instagram,Video,Festival Campaign,Event,23,179270,212834,143048,4771.0,97,1207,2985,9060.0,6.333538392707343,79.79472304345401
POST00518,2025-03-06 15:00:00,Facebook,Video,Seasonal Campaign,Community,21,397014,512225,284884,25961.0,623,4970,3607,35161.0,12.34221648109406,71.75666349297506
POST00519,2025-03-06 18:00:00,Linkedin,Reel,Festival Campaign,Entertainment,12,377539,427078,245917,11393.0,121,1212,5989,18715.0,7.610291277138222,65.13684678933832
POST00520,2025-03-06 21:00:00,Instagram,Carousel,Brand Awareness,Education,16,210185,185911,109525,4500.0,257,469,742,5968.0,5.448984250171194,52.108856483573994
POST00521,2025-03-07 00:00:00,Youtube,Video,Event Promotion,Promotional,13,385944,748695,622765,44814.0,1446,4181,5527,55968.0,8.987017574847656,161.36149285906765
POST00522,2025-03-07 03:00:00,Instagram,Image,Educational Series,Education,1,327904,328541,215359,4785.0,163,1565,2502,9015.0,4.1860335532761574,65.6774543768908
POST00523,2025-03-07 06:00:00,Linkedin,Carousel,Seasonal Campaign,Event,18,208912,187083,168237,10185.0,182,769,1135,12271.0,7.293877090057478,80.53007965076205
POST00524,2025-03-07 09:00:00,Facebook,Image,Special Campaign,Promotional,2,143476,139760,113965,7688.0,412,658,2779,11537.0,10.123283464221473,79.43140316150436
POST00525,2025-03-07 12:00:00,Facebook,Image,Brand Awareness,Education,1,317420,286337,217731,6847.0,305,655,3723,11530.0,5.2955252123032555,68.59397643500725
POST00526,2025-03-07 15:00:00,Youtube,Reel,Educational Series,Brand,1,490770,569197,509013,27603.0,871,5022,1652,35148.0,6.905128159791597,103.71721987896572
POST00527,2025-03-07 18:00:00,Youtube,Carousel,Brand Awareness,Education,21,81913,122775,81118,2890.0,155,1086,1275,5406.0,6.664365492245864,99.02945808357649
POST00528,2025-03-07 21:00:00,Instagram,Reel,Festival Campaign,Brand,6,471244,448548,272701,24505.0,1354,3451,5505,34815.0,12.76672986164334,57.86832299191077
POST00529,2025-03-08 00:00:00,Instagram,Image,Community Campaign,Entertainment,3,355752,410721,331881,8977.0,111,3743,1370,14201.0,4.278943356202976,93.28998853133643
POST00530,2025-03-08 03:00:00,Linkedin,Reel,Event Promotion,Event,16,33348,26820,17361,920.0,14,84,272,1290.0,7.430447554864352,52.06009355883411
POST00531,2025-03-08 06:00:00,Facebook,Image,Festival Campaign,Community,5,328822,297178,263407,13290.0,151,1705,2959,18105.0,6.873393645575099,80.10625809708596
POST00532,2025-03-08 09:00:00,Linkedin,Reel,Event Promotion,Education,6,165024,123225,110387,6353.0,248,360,1743,8704.0,7.884986456738566,66.89148245103742
POST00533,2025-03-08 12:00:00,Linkedin,Carousel,Seasonal Campaign,Promotional,19,134369,143593,125534,3153.0,65,897,1074,5189.0,4.133541510666433,93.42482268975732
POST00534,2025-03-08 15:00:00,Youtube,Video,Educational Series,Event,5,20318,19512,17183,1584.0,82,205,303,2174.0,12.652039806785776,84.57033172556353
POST00535,2025-03-08 18:00:00,Facebook,Reel,Brand Awareness,Education,8,359498,584816,447664,23438.0,780,5467,7954,37639.0,8.407868401300975,124.52475396246989
POST00536,2025-03-08 21:00:00,Linkedin,Reel,Product Launch,Promotional,19,308155,436352,345696,21004.0,1089,1251,5140,28484.0,8.239609367768212,112.18250555726826
POST00537,2025-03-09 00:00:00,Facebook,Reel,Product Launch,Promotional,3,300931,303639,177017,6915.0,261,645,4128,11949.0,6.750199133416565,58.82311892094866
POST00538,2025-03-09 03:00:00,Instagram,Video,Event Promotion,Community,4,394430,503127,411088,35479.0,1767,2943,9458,49647.0,12.076976219203674,104.22330958598485
POST00539,2025-03-09 06:00:00,Youtube,Image,Community Campaign,Community,18,391304,465451,288915,9747.0,278,3127,1168,14320.0,4.956475087828601,73.83389896346574
POST00540,2025-03-09 09:00:00,Instagram,Image,Community Campaign,Promotional,9,476644,303909,256533,4892.0,280,523,2405,8100.0,3.1574885102501433,53.82067119275602
POST00541,2025-03-09 12:00:00,Linkedin,Reel,Event Promotion,Community,17,425732,257208,228024,11556.0,501,2966,2511,17534.0,7.689541451777006,53.560455873648216
POST00542,2025-03-09 15:00:00,Facebook,Carousel,Festival Campaign,Promotional,14,381176,229211,143103,11876.0,472,659,603,13610.0,9.51063220198039,37.5425000524692
POST00543,2025-03-09 18:00:00,Instagram,Video,Product Launch,Education,0,185127,283237,163515,5653.0,156,2801,2374,10984.0,6.717426535791823,88.32585198269297
POST00544,2025-03-09 21:00:00,Facebook,Video,Festival Campaign,Entertainment,4,384449,269468,193844,5087.0,289,1766,686,7828.0,4.03829883824106,50.42125223371631
POST00545,2025-03-10 00:00:00,Facebook,Carousel,Educational Series,Community,4,271366,199412,164922,9470.0,254,454,2954,13132.0,7.962551994276082,60.77474702062896
POST00546,2025-03-10 03:00:00,Instagram,Reel,Product Launch,Brand,7,290896,520465,426637,23460.0,1215,6254,1305,32234.0,7.55536908425664,146.66306858808647
POST00547,2025-03-10 06:00:00,Instagram,Reel,Educational Series,Brand,21,217983,175339,139199,12250.0,370,1501,515,14636.0,10.514443350886141,63.857732024974425
POST00548,2025-03-10 09:00:00,Facebook,Reel,Brand Awareness,Brand,21,406489,323515,270860,22505.0,1088,4738,5780,34111.0,12.593590784907333,66.63402945713169
POST00549,2025-03-10 12:00:00,Youtube,Reel,Festival Campaign,Entertainment,21,362650,741547,453267,18340.0,1019,6171,3878,29408.0,6.48800817178396,124.98745346753068
POST00550,2025-03-10 15:00:00,Facebook,Reel,Event Promotion,Promotional,19,210922,287146,223450,15650.0,520,3196,1069,20435.0,9.145222644887,105.93963645328606
POST00551,2025-03-10 18:00:00,Youtube,Reel,Product Launch,Promotional,14,392526,452165,344544,9829.0,356,5363,4061,19609.0,5.691290517321445,87.77609636049587
POST00552,2025-03-10 21:00:00,Linkedin,Image,Festival Campaign,Event,16,118328,46457,28046,1170.0,31,188,115,1504.0,5.362618555230692,23.70191332567102
POST00553,2025-03-11 00:00:00,Youtube,Text,Event Promotion,Brand,18,168610,151072,105002,4948.0,63,968,2048,8027.0,7.644616293022991,62.27507265286757
POST00554,2025-03-11 03:00:00,Youtube,Carousel,Brand Awareness,Brand,12,294801,246132,208814,9843.0,419,582,2896,13740.0,6.580018581129618,70.83218849325478
POST00555,2025-03-11 06:00:00,Linkedin,Video,Product Launch,Promotional,21,431059,604244,537856,17476.0,279,7714,8144,33613.0,6.249442229890528,124.7754947698575
POST00556,2025-03-11 09:00:00,Youtube,Carousel,Educational Series,Brand,20,101119,138628,108531,2699.0,74,1170,2123,6066.0,5.5891864997097604,107.32997755120203
POST00557,2025-03-11 12:00:00,Instagram,Reel,Brand Awareness,Promotional,9,303635,698249,609347,56416.0,1550,7419,12344,77729.0,12.756114332227778,200.684044988226
POST00558,2025-03-11 15:00:00,Instagram,Carousel,Community Campaign,Promotional,16,123010,209069,124650,9617.0,168,803,747,11335.0,9.093461692739671,101.3332249410617
POST00559,2025-03-11 18:00:00,Facebook,Reel,Event Promotion,Community,4,197503,227156,202457,10681.0,462,916,1855,13914.0,6.872570471754496,102.5083163293722
POST00560,2025-03-11 21:00:00,Facebook,Carousel,Special Campaign,Promotional,17,148801,164460,92381,2895.0,54,1010,634,4593.0,4.97180156092703,62.08358814792911
POST00561,2025-03-12 00:00:00,Facebook,Reel,Product Launch,Education,16,214547,329365,241932,24757.0,1211,2557,1013,29538.0,12.209215812707704,112.7641029704447
POST00562,2025-03-12 03:00:00,Instagram,Text,Product Launch,Education,3,324324,314711,205145,8116.0,182,743,3041,12082.0,5.889492797777182,63.25310491977159
POST00563,2025-03-12 06:00:00,Instagram,Reel,Seasonal Campaign,Education,21,300684,263375,219883,13892.0,338,732,1868,16830.0,7.654070573896117,73.12760239986164
POST00564,2025-03-12 09:00:00,Instagram,Reel,Seasonal Campaign,Education,6,222587,336973,210992,17690.0,480,2469,1347,21986.0,10.420300295745811,94.79080090032213
POST00565,2025-03-12 12:00:00,Instagram,Text,Brand Awareness,Entertainment,4,473851,268918,148990,3367.0,59,406,2119,5951.0,3.9942278005235248,31.442373235468533
POST00566,2025-03-12 15:00:00,Youtube,Reel,Product Launch,Event,7,27943,48543,33742,2403.0,76,617,571,3667.0,10.867761247110426,120.75296138567799
POST00567,2025-03-12 18:00:00,Instagram,Carousel,Event Promotion,Event,7,140730,209348,119838,9237.0,129,498,2395,12259.0,10.229643351858343,85.15455126838627
POST00568,2025-03-12 21:00:00,Youtube,Carousel,Brand Awareness,Promotional,10,291055,501868,326983,7341.0,230,829,1106,9506.0,2.9071847771902517,112.34405868306678
POST00569,2025-03-13 00:00:00,Linkedin,Video,Educational Series,Brand,8,453470,491406,380992,27603.0,745,2471,5554,36373.0,9.546919620359482,84.01702427944517
POST00570,2025-03-13 03:00:00,Instagram,Text,Brand Awareness,Education,18,250481,293093,191432,7621.0,205,613,1699,10138.0,5.2958752977558605,76.42575684383247
POST00571,2025-03-13 06:00:00,Youtube,Text,Brand Awareness,Event,18,345144,218765,139140,8040.0,345,1282,3452,13119.0,9.428633031479086,40.31360823308532
POST00572,2025-03-13 09:00:00,Facebook,Reel,Special Campaign,Event,8,89305,87771,53050,2449.0,118,397,342,3306.0,6.231856738925542,59.40316891551425
POST00573,2025-03-13 12:00:00,Instagram,Video,Educational Series,Education,22,22479,45868,27397,2351.0,65,170,346,2932.0,10.701901668065847,121.87819742871125
POST00574,2025-03-13 15:00:00,Facebook,Carousel,Community Campaign,Entertainment,19,30112,35717,26218,1060.0,24,411,638,2133.0,8.135632008543748,87.0682784272051
POST00575,2025-03-13 18:00:00,Linkedin,Carousel,Seasonal Campaign,Entertainment,16,391719,380134,299746,14412.0,500,1243,2304,18459.0,6.158213954481461,76.52066915314293
POST00576,2025-03-13 21:00:00,Linkedin,Reel,Event Promotion,Event,15,483483,379141,268604,11452.0,565,1084,5574,18675.0,6.952614257419845,55.55603816473381
POST00577,2025-03-14 00:00:00,Instagram,Carousel,Community Campaign,Entertainment,6,213684,322707,191449,14436.0,609,1200,1597,17842.0,9.319453222529237,89.59444787630333
POST00578,2025-03-14 03:00:00,Linkedin,Text,Community Campaign,Community,21,490113,407802,316745,7536.0,89,1726,1474,10825.0,3.4175756523386323,64.62693297260019
POST00579,2025-03-14 06:00:00,Youtube,Text,Community Campaign,Education,2,252548,152263,113434,6086.0,206,1011,446,7749.0,6.831285152599749,44.91581798311608
POST00580,2025-03-14 09:00:00,Instagram,Image,Seasonal Campaign,Event,20,66809,87026,59477,2533.0,150,771,1419,4873.0,8.193083040503051,89.02543070544388
POST00581,2025-03-14 12:00:00,Youtube,Reel,Festival Campaign,Education,18,280462,358425,238537,21739.0,601,3698,1832,27870.0,11.683722022160085,85.05145082043201
POST00582,2025-03-14 15:00:00,Linkedin,Image,Seasonal Campaign,Entertainment,7,52205,23257,14282,461.0,14,147,134,756.0,5.293376277832237,27.357532803371328
POST00583,2025-03-14 18:00:00,Youtube,Video,Community Campaign,Education,4,223676,373039,224272,7525.0,183,4006,5443,17157.0,7.650085610330313,100.26645683935693
POST00584,2025-03-14 21:00:00,Instagram,Carousel,Festival Campaign,Entertainment,5,419773,352857,235909,13202.0,460,2960,4119,20741.0,8.791949438130803,56.19918384460173
POST00585,2025-03-15 00:00:00,Facebook,Image,Educational Series,Entertainment,1,187170,114144,64442,2932.0,52,221,885,4090.0,6.346792464541759,34.42966287332372
POST00586,2025-03-15 03:00:00,Instagram,Reel,Seasonal Campaign,Education,23,452006,904640,635798,34215.0,764,6612,7997,49588.0,7.799332492395383,140.66140714946263
POST00587,2025-03-15 06:00:00,Instagram,Image,Event Promotion,Entertainment,18,130947,175665,133602,7186.0,327,1027,543,9083.0,6.7985509198964085,102.02753785882838
POST00588,2025-03-15 09:00:00,Instagram,Image,Community Campaign,Community,12,316970,258177,227087,5254.0,88,1218,4872,11432.0,5.0341939432904566,71.6430577026217
POST00589,2025-03-15 12:00:00,Instagram,Text,Product Launch,Promotional,5,435290,564513,434132,18663.0,1050,1346,8580,29639.0,6.827186201431823,99.7339704564773
POST00590,2025-03-15 15:00:00,Instagram,Carousel,Educational Series,Education,5,146201,131765,101251,3477.0,88,1196,505,5266.0,5.200936287049017,69.25465626090109
POST00591,2025-03-15 18:00:00,Instagram,Reel,Festival Campaign,Promotional,1,369835,861734,586879,21161.0,820,4278,6324,32583.0,5.551911041287898,158.68671164167804
POST00592,2025-03-15 21:00:00,Facebook,Image,Seasonal Campaign,Education,23,136558,136926,81698,5483.0,143,744,1836,8206.0,10.044309530221058,59.826593828263455
POST00593,2025-03-16 00:00:00,Instagram,Reel,Event Promotion,Entertainment,4,384069,534743,377757,23369.0,792,3041,3098,30300.0,8.021029391910673,98.35654530826491
POST00594,2025-03-16 03:00:00,Instagram,Text,Brand Awareness,Entertainment,10,258713,146771,111477,5501.0,303,717,1833,8354.0,7.49392251316415,43.0890600781561
POST00595,2025-03-16 06:00:00,Linkedin,Image,Event Promotion,Event,10,253367,149680,120254,2743.0,36,690,1651,5120.0,4.257654631030984,47.46237671046348
POST00596,2025-03-16 09:00:00,Youtube,Image,Event Promotion,Community,23,116320,79888,67036,1414.0,74,443,1408,3339.0,4.980905781967898,57.630674002751036
POST00597,2025-03-16 12:00:00,Facebook,Image,Community Campaign,Event,13,314545,285823,182805,8175.0,309,1894,693,11071.0,6.05618008260168,58.11728051630133
POST00598,2025-03-16 15:00:00,Instagram,Carousel,Community Campaign,Promotional,12,424781,458609,290953,11894.0,514,4121,6096,22625.0,7.776170034335443,68.49482439186309
POST00599,2025-03-16 18:00:00,Instagram,Carousel,Seasonal Campaign,Entertainment,7,110236,110424,82581,1759.0,22,746,494,3021.0,3.658226468558143,74.9129141115425
POST00600,2025-03-16 21:00:00,Instagram,Carousel,Seasonal Campaign,Event,14,257879,408477,305583,9945.0,478,3187,1018,14628.0,4.786915502498503,118.49859817976649
POST00601,2025-03-17 00:00:00,Instagram,Reel,Special Campaign,Entertainment,11,84702,96537,60459,2603.0,42,1040,973,4658.0,7.70439471377297,71.37847984699299
POST00602,2025-03-17 03:00:00,Instagram,Reel,Festival Campaign,Education,2,463142,785279,593369,28780.0,1676,2978,5156,38590.0,6.503541641036185,128.11815814588184
POST00603,2025-03-17 06:00:00,Instagram,Reel,Special Campaign,Event,20,231945,251328,168655,15929.0,795,900,3137,20761.0,12.309744745189885,72.71335877039814
POST00604,2025-03-17 09:00:00,Instagram,Carousel,Seasonal Campaign,Promotional,22,162184,248246,192082,9123.0,316,1345,2561,13345.0,6.947553648962422,118.43461747151383
POST00605,2025-03-17 12:00:00,Instagram,Reel,Festival Campaign,Event,4,99297,174285,113610,8974.0,504,888,1854,12220.0,10.75609541413608,114.41433275929786
POST00606,2025-03-17 15:00:00,Youtube,Image,Community Campaign,Entertainment,5,390471,501822,380030,7218.0,133,5069,6906,19326.0,5.085387995684551,97.32604982188178
POST00607,2025-03-17 18:00:00,Instagram,Video,Community Campaign,Brand,1,422101,345546,282970,23374.0,1392,3169,6619,34554.0,12.211188465208327,67.03845762033257
POST00608,2025-03-17 21:00:00,Instagram,Video,Product Launch,Brand,7,414592,423941,378602,15637.0,716,4002,7991,28346.0,7.48701802948743,91.31917644334672
POST00609,2025-03-18 00:00:00,Youtube,Image,Product Launch,Community,4,157011,101729,88389,3066.0,45,757,1227,5095.0,5.764291936779464,56.29478189426218
POST00610,2025-03-18 03:00:00,Facebook,Image,Educational Series,Entertainment,21,193021,107967,78409,1602.0,59,943,990,3594.0,4.583657488298537,40.622004859574865
POST00611,2025-03-18 06:00:00,Instagram,Reel,Community Campaign,Education,16,153918,144790,104382,6049.0,275,701,1816,8841.0,8.46985112375697,67.81662963396094
POST00612,2025-03-18 09:00:00,Facebook,Carousel,Brand Awareness,Event,1,92353,92691,65179,4869.0,197,591,1247,6904.0,10.592368707712607,70.575942308317
POST00613,2025-03-18 12:00:00,Facebook,Video,Product Launch,Brand,10,27430,32392,18130,929.0,28,120,123,1200.0,6.618863761720904,66.09551585854904
POST00614,2025-03-18 15:00:00,Instagram,Reel,Festival Campaign,Education,3,177400,371802,226086,21901.0,490,3570,840,26801.0,11.854338614509523,127.44419391206314
POST00615,2025-03-18 18:00:00,Linkedin,Image,Event Promotion,Entertainment,10,162223,107192,61176,3966.0,86,666,795,5513.0,9.011703936184125,37.711052070298294
POST00616,2025-03-18 21:00:00,Linkedin,Video,Seasonal Campaign,Education,8,473013,468798,372096,10590.0,596,6450,1930,19566.0,5.258320433436533,78.66506840192554
POST00617,2025-03-19 00:00:00,Instagram,Video,Seasonal Campaign,Entertainment,5,178691,383734,266553,12255.0,266,2497,2399,17417.0,6.534160185779188,149.16979590466224
POST00618,2025-03-19 03:00:00,Instagram,Reel,Educational Series,Community,23,316628,509669,291693,28297.0,1644,1540,4627,36108.0,12.37876808836688,92.12482787371931
POST00619,2025-03-19 06:00:00,Facebook,Image,Product Launch,Event,1,144506,125661,99485,1950.0,39,1222,629,3840.0,3.859878373624164,68.84489225360885
POST00620,2025-03-19 09:00:00,Facebook,Reel,Event Promotion,Education,14,178736,312827,242613,20799.0,607,4282,879,26567.0,10.95036127495229,135.73818368991138
POST00621,2025-03-19 12:00:00,Instagram,Reel,Event Promotion,Event,4,157852,367928,295073,28533.0,302,1937,4485,35257.0,11.948568659280925,186.93016243063124
POST00622,2025-03-19 15:00:00,Instagram,Text,Product Launch,Education,11,219939,182907,138998,6904.0,380,582,1842,9708.0,6.984273155009424,63.198432292590226
POST00623,2025-03-19 18:00:00,Instagram,Video,Brand Awareness,Entertainment,12,48604,79434,48179,3736.0,56,351,469,4612.0,9.572635380559994,99.12558637149206
POST00624,2025-03-19 21:00:00,Youtube,Video,Brand Awareness,Entertainment,16,127385,164920,94249,7984.0,222,890,1254,10350.0,10.981548875850141,73.98751815362876
POST00625,2025-03-20 00:00:00,Facebook,Reel,Educational Series,Education,3,37762,53933,45087,3513.0,183,748,813,5257.0,11.659680173886043,119.39780731952756
POST00626,2025-03-20 03:00:00,Instagram,Video,Special Campaign,Community,9,401416,831443,520095,28325.0,1404,2419,2807,34955.0,6.720887530162758,129.56508958287662
POST00627,2025-03-20 06:00:00,Youtube,Image,Brand Awareness,Entertainment,0,174837,140142,103688,2217.0,115,1036,894,4262.0,4.110408147519482,59.30552457431779
POST00628,2025-03-20 09:00:00,Facebook,Reel,Educational Series,Promotional,10,214798,331451,238587,20867.0,1162,2042,4888,28959.0,12.137710772171157,111.07505656477248
POST00629,2025-03-20 12:00:00,Instagram,Image,Special Campaign,Promotional,15,188115,234623,204677,13689.0,760,836,3631,18916.0,9.2418786673637,108.80418892698616
POST00630,2025-03-20 15:00:00,Instagram,Reel,Special Campaign,Event,10,238530,290312,215804,14222.0,690,1795,1911,18618.0,8.627272895775796,90.47247725652959
POST00631,2025-03-20 18:00:00,Facebook,Video,Festival Campaign,Promotional,8,472267,661685,498252,31061.0,1215,5340,5859,43475.0,8.725504363253936,105.50218414583277
POST00632,2025-03-20 21:00:00,Linkedin,Image,Special Campaign,Promotional,1,371374,247905,164070,6526.0,248,2064,924,9762.0,5.94989943316877,44.17918324923124
POST00633,2025-03-21 00:00:00,Youtube,Reel,Product Launch,Community,6,161628,143391,126978,11788.0,125,1678,1088,14679.0,11.560270283041156,78.56188284208181
POST00634,2025-03-21 03:00:00,Youtube,Reel,Special Campaign,Community,18,361235,771448,589641,16011.0,738,7582,12680,37011.0,6.276870163370593,163.22919982836657
POST00635,2025-03-21 06:00:00,Instagram,Reel,Event Promotion,Brand,17,134919,194824,107492,8031.0,171,477,1363,10042.0,9.342090574182265,79.6715066076683
POST00636,2025-03-21 09:00:00,Instagram,Reel,Educational Series,Brand,19,150731,224501,167169,16178.0,832,660,2856,20526.0,12.278592322739264,110.90552043043567
POST00637,2025-03-21 12:00:00,Youtube,Image,Seasonal Campaign,Community,6,30004,38851,26315,620.0,23,87,171,901.0,3.4239027170815124,87.70497267031062
POST00638,2025-03-21 15:00:00,Instagram,Video,Brand Awareness,Brand,22,210028,441827,247970,23076.0,1369,964,1743,27152.0,10.949711658668388,118.06521035290534
POST00639,2025-03-21 18:00:00,Instagram,Reel,Seasonal Campaign,Community,8,385870,826419,579354,58792.0,1206,7149,13730,80877.0,13.959858739216438,150.14227589602714
POST00640,2025-03-21 21:00:00,Instagram,Reel,Educational Series,Brand,11,171882,274853,225585,22225.0,1026,2312,4852,30415.0,13.482722698760998,131.24410933081998
POST00641,2025-03-22 00:00:00,Instagram,Image,Community Campaign,Entertainment,2,475216,536686,389809,16753.0,626,724,7947,26050.0,6.682760018367969,82.02775159085553
POST00642,2025-03-22 03:00:00,Instagram,Video,Educational Series,Community,22,227796,256151,198212,10222.0,578,1561,2031,14392.0,7.260912558270942,87.01294140371209
POST00643,2025-03-22 06:00:00,Instagram,Reel,Brand Awareness,Event,21,20247,30410,23534,1907.0,44,111,361,2423.0,10.295742330245602,116.2345038771176
POST00644,2025-03-22 09:00:00,Instagram,Reel,Community Campaign,Event,15,433978,979518,768781,39098.0,507,14836,10633,65074.0,8.464569233630904,177.14745908778787
POST00645,2025-03-22 12:00:00,Instagram,Image,Community Campaign,Community,6,394046,522148,358015,7765.0,288,2571,8605,19229.0,5.371004008211947,90.856143698959
POST00646,2025-03-22 15:00:00,Linkedin,Reel,Special Campaign,Promotional,22,65995,35132,23872,2299.0,82,233,197,2811.0,11.775301608579088,36.172437305856505
POST00647,2025-03-22 18:00:00,Youtube,Reel,Brand Awareness,Event,4,341567,301127,166103,12543.0,320,2240,3959,19062.0,11.476011872151618,48.62969783380713
POST00648,2025-03-22 21:00:00,Facebook,Carousel,Community Campaign,Promotional,22,230419,310029,187250,6375.0,378,1305,3473,11531.0,6.15807743658211,81.2649998481028
POST00649,2025-03-23 00:00:00,Facebook,Carousel,Product Launch,Event,6,220349,280843,247923,5493.0,74,2942,3000,11509.0,4.642167124470097,112.51378495023803
POST00650,2025-03-23 03:00:00,Youtube,Image,Event Promotion,Education,18,81969,80026,67609,3858.0,148,837,599,5442.0,8.049224215710925,82.48118191023435
POST00651,2025-03-23 06:00:00,Instagram,Carousel,Seasonal Campaign,Education,16,311196,437974,283057,21151.0,486,2522,5565,29724.0,10.501065156487915,90.95778866052264
POST00652,2025-03-23 09:00:00,Youtube,Carousel,Product Launch,Community,15,331358,302212,208652,9713.0,98,1528,4403,15742.0,7.5446197496309635,62.96875282926623
POST00653,2025-03-23 12:00:00,Youtube,Reel,Product Launch,Event,20,269983,499130,438721,14175.0,841,5010,4766,24792.0,5.650971802124813,162.49949070867424
POST00654,2025-03-23 15:00:00,Facebook,Image,Brand Awareness,Entertainment,23,185391,165681,105647,5601.0,190,936,716,7443.0,7.045159824699235,56.98604570879924
POST00655,2025-03-23 18:00:00,Youtube,Reel,Special Campaign,Promotional,20,485058,828770,610295,30002.0,1585,10329,8440,50356.0,8.251091685168648,125.81897422576269
POST00656,2025-03-23 21:00:00,Instagram,Reel,Brand Awareness,Event,18,219613,299740,167173,6223.0,323,1549,2224,10319.0,6.172647496904404,76.12163214381663
POST00657,2025-03-24 00:00:00,Instagram,Carousel,Seasonal Campaign,Community,17,88858,104172,79890,4246.0,214,223,1514,6197.0,7.756915759168857,89.90749285376668
POST00658,2025-03-24 03:00:00,Instagram,Video,Event Promotion,Promotional,18,494760,504191,441432,25908.0,853,5402,10775,42938.0,9.726979466826148,89.2214406985205
POST00659,2025-03-24 06:00:00,Facebook,Text,Educational Series,Brand,3,60765,59393,51057,1953.0,107,567,749,3376.0,6.612217717453042,84.02369785238213
POST00660,2025-03-24 09:00:00,Youtube,Carousel,Product Launch,Community,0,438086,731942,531162,38725.0,1098,7308,10144,57275.0,10.782962636634398,121.24605671032629
POST00661,2025-03-24 12:00:00,Instagram,Reel,Community Campaign,Event,3,163538,336183,261340,16672.0,507,4028,2799,24006.0,9.185735057779139,159.80383764018148
POST00662,2025-03-24 15:00:00,Linkedin,Reel,Event Promotion,Entertainment,3,327428,488842,366352,35258.0,803,2045,5931,44037.0,12.020406603485172,111.88780434171788
POST00663,2025-03-24 18:00:00,Facebook,Video,Product Launch,Brand,8,332178,418064,239735,20284.0,657,3375,1327,25643.0,10.696393934969862,72.17064345019838
POST00664,2025-03-24 21:00:00,Instagram,Image,Educational Series,Community,7,315305,250170,151491,8053.0,477,417,3170,12117.0,7.998494960096639,48.04586035743169
POST00665,2025-03-25 00:00:00,Instagram,Carousel,Special Campaign,Event,1,481491,764542,678405,16676.0,644,5998,7174,30492.0,4.494660269308157,140.89671458033484
POST00666,2025-03-25 03:00:00,Instagram,Video,Community Campaign,Education,22,211883,251801,161049,13894.0,716,1318,766,16694.0,10.365789293941594,76.00845749777
POST00667,2025-03-25 06:00:00,Instagram,Carousel,Product Launch,Event,5,253543,300450,205675,16053.0,371,2973,5099,24496.0,11.910052266925977,81.12036222652567
POST00668,2025-03-25 09:00:00,Instagram,Video,Festival Campaign,Education,22,73565,82029,59727,3046.0,176,292,1364,4878.0,8.167160580641921,81.18942431862979
POST00669,2025-03-25 12:00:00,Instagram,Reel,Seasonal Campaign,Education,10,343458,494871,441769,29616.0,315,7038,3244,40213.0,9.102721105374076,128.62387831991103
POST00670,2025-03-25 15:00:00,Instagram,Carousel,Event Promotion,Community,3,401522,596637,472236,18277.0,1032,1304,5190,25803.0,5.464005285492847,117.61148828706771
POST00671,2025-03-25 18:00:00,Instagram,Video,Seasonal Campaign,Event,13,204698,179986,138653,3474.0,190,1850,3273,8787.0,6.337403446012709,67.73539555833472
POST00672,2025-03-25 21:00:00,Linkedin,Reel,Brand Awareness,Event,20,491946,309638,227131,14399.0,192,1718,4660,20969.0,9.23211714825365,46.16990482695255
POST00673,2025-03-26 00:00:00,Instagram,Carousel,Product Launch,Education,21,220839,329392,261944,7635.0,307,4039,6009,17990.0,6.867880157590936,118.61310728630359
POST00674,2025-03-26 03:00:00,Youtube,Reel,Community Campaign,Promotional,8,334073,611287,478274,19274.0,949,6673,7353,34249.0,7.160957944609157,143.16451793470287
POST00675,2025-03-26 06:00:00,Youtube,Text,Community Campaign,Brand,1,244876,212420,183954,6738.0,203,829,1535,9305.0,5.058329799841264,75.12128587530015
POST00676,2025-03-26 09:00:00,Linkedin,Reel,Event Promotion,Entertainment,0,480153,340383,251761,23572.0,343,1656,2012,27583.0,10.956025754584706,52.433495156752116
POST00677,2025-03-26 12:00:00,Instagram,Image,Event Promotion,Event,3,28086,28232,19692,1252.0,64,182,286,1784.0,9.059516554946171,70.11322367015595
POST00678,2025-03-26 15:00:00,Instagram,Reel,Seasonal Campaign,Brand,11,475798,933874,777456,78737.0,2623,5604,18136,105100.0,13.518449918709226,163.40043463822883
POST00679,2025-03-26 18:00:00,Linkedin,Carousel,Community Campaign,Brand,4,381353,379833,315232,16205.0,375,1465,5325,23370.0,7.413587453050452,82.66147113042247
POST00680,2025-03-26 21:00:00,Linkedin,Reel,Community Campaign,Promotional,8,479281,303988,185263,12793.0,173,2509,695,16170.0,8.728132438749238,38.65435934243168
POST00681,2025-03-27 00:00:00,Facebook,Reel,Community Campaign,Brand,21,453995,780373,493880,44510.0,1869,7329,7571,61279.0,12.407669879322912,108.78533904558421
POST00682,2025-03-27 03:00:00,Instagram,Image,Product Launch,Event,3,174534,136351,120741,6735.0,81,553,1978,9347.0,7.74136374553797,69.17907112654268
POST00683,2025-03-27 06:00:00,Instagram,Text,Community Campaign,Community,15,198841,128918,90943,2112.0,104,611,1436,4263.0,4.687551543274358,45.73654326823945
POST00684,2025-03-27 09:00:00,Facebook,Reel,Brand Awareness,Community,1,138409,155437,113761,6490.0,315,1571,2070,10446.0,9.18240873410044,82.19190948565483
POST00685,2025-03-27 12:00:00,Linkedin,Reel,Community Campaign,Brand,15,206950,178045,117252,11546.0,301,2171,1108,15126.0,12.900419609047182,56.65716356607876
POST00686,2025-03-27 15:00:00,Youtube,Video,Brand Awareness,Event,15,168028,329143,236448,8162.0,274,3531,1457,13424.0,5.677358235214508,140.71940390887232
POST00687,2025-03-27 18:00:00,Youtube,Image,Product Launch,Event,20,364707,208147,168635,4941.0,214,1133,3288,9576.0,5.678536484122513,46.23848733366785
POST00688,2025-03-27 21:00:00,Instagram,Text,Event Promotion,Education,23,395356,286947,206263,6812.0,394,2007,1509,10722.0,5.198217809301717,52.1714606582422
POST00689,2025-03-28 00:00:00,Facebook,Reel,Special Campaign,Promotional,23,499207,515573,340368,33802.0,1217,3425,1875,40319.0,11.845708174681521,68.18173623366658
POST00690,2025-03-28 03:00:00,Instagram,Carousel,Brand Awareness,Entertainment,21,273831,342770,200040,5635.0,337,775,2181,8928.0,4.463107378524295,73.0523571107727
POST00691,2025-03-28 06:00:00,Instagram,Reel,Product Launch,Education,10,125317,100954,88323,6932.0,182,738,1883,9735.0,11.022044088176353,70.47966357317841
POST00692,2025-03-28 09:00:00,Youtube,Reel,Special Campaign,Entertainment,0,258860,215572,184331,6692.0,243,2986,885,10806.0,5.862280354362532,71.20876149269876
POST00693,2025-03-28 12:00:00,Youtube,Carousel,Special Campaign,Event,14,457771,400673,331347,17907.0,282,5018,2419,25626.0,7.733886228032848,72.38269789916792
POST00694,2025-03-28 15:00:00,Instagram,Image,Community Campaign,Community,23,65602,74676,59212,2781.0,105,787,796,4469.0,7.547456596635817,90.2594433096552
POST00695,2025-03-28 18:00:00,Instagram,Video,Product Launch,Education,3,156677,286028,208922,5655.0,208,2584,1948,10395.0,4.975541111036655,133.34567294497597
POST00696,2025-03-28 21:00:00,Facebook,Reel,Special Campaign,Brand,17,358357,497471,429859,43166.0,2263,4592,8114,58135.0,13.524202122091197,119.95272870349957
POST00697,2025-03-29 00:00:00,Instagram,Image,Community Campaign,Brand,16,168010,193612,160135,9857.0,589,591,2858,13895.0,8.677053735910325,95.31277900124992
POST00698,2025-03-29 03:00:00,Youtube,Image,Seasonal Campaign,Entertainment,6,132355,117565,98237,3374.0,200,294,2115,5983.0,6.090373280943026,74.22235654112048
POST00699,2025-03-29 06:00:00,Instagram,Text,Product Launch,Event,17,472718,583156,383916,8015.0,174,2516,2873,13578.0,3.53671115556528,81.21459305547917
POST00700,2025-03-29 09:00:00,Youtube,Reel,Special Campaign,Community,12,334689,459352,320724,16985.0,457,4778,5540,27760.0,8.655417118768785,95.82746968080815
POST00701,2025-03-29 12:00:00,Youtube,Reel,Event Promotion,Entertainment,19,194606,222421,177354,16982.0,403,1432,3554,22371.0,12.61375553976792,91.13490848175287
POST00702,2025-03-29 15:00:00,Instagram,Image,Brand Awareness,Community,19,390864,476729,324114,8156.0,162,3141,1419,12878.0,3.9732933474024574,82.92244872896967
POST00703,2025-03-29 18:00:00,Instagram,Image,Seasonal Campaign,Promotional,9,35009,45073,32582,1201.0,21,276,124,1622.0,4.978208826959671,93.06749692936103
POST00704,2025-03-29 21:00:00,Instagram,Reel,Event Promotion,Community,0,312390,437850,339893,21942.0,780,6287,5201,34210.0,10.06493219925094,108.80405902877813
POST00705,2025-03-30 00:00:00,Instagram,Text,Festival Campaign,Brand,1,48185,22903,16105,265.0,14,57,256,592.0,3.675877056814654,33.42326450140085
POST00706,2025-03-30 03:00:00,Linkedin,Reel,Community Campaign,Education,16,407012,251491,208124,9762.0,385,2620,2422,15189.0,7.29805308373854,51.13461028176074
POST00707,2025-03-30 06:00:00,Instagram,Video,Special Campaign,Education,21,242127,469160,277131,18536.0,994,2454,1051,23035.0,8.311953552651994,114.45687593700826
POST00708,2025-03-30 09:00:00,Facebook,Reel,Brand Awareness,Education,2,368632,240038,192347,9861.0,571,1350,2277,14059.0,7.309186002381113,52.17859545563055
POST00709,2025-03-30 12:00:00,Instagram,Carousel,Event Promotion,Community,16,66642,91695,55092,4178.0,121,384,943,5626.0,10.21200900312205,82.66858737732962
POST00710,2025-03-30 15:00:00,Facebook,Text,Brand Awareness,Brand,11,29185,13468,11828,676.0,35,51,218,980.0,8.285424416638485,40.52766832276855
POST00711,2025-03-30 18:00:00,Facebook,Reel,Festival Campaign,Community,23,84366,71951,47481,2869.0,36,546,657,4108.0,8.65188180535372,56.279780954412914
POST00712,2025-03-30 21:00:00,Youtube,Text,Educational Series,Event,11,433059,276291,228879,8912.0,303,1588,3330,14133.0,6.174878429213689,52.85168995448657
POST00713,2025-03-31 00:00:00,Youtube,Image,Community Campaign,Brand,19,299649,159685,116968,6089.0,173,1395,2081,9738.0,8.325353942958758,39.035004288350706
POST00714,2025-03-31 03:00:00,Youtube,Text,Community Campaign,Brand,9,310166,173295,100836,4527.0,91,919,1299,6836.0,6.779324844301639,32.510333176428105
POST00715,2025-03-31 06:00:00,Instagram,Carousel,Product Launch,Community,6,474825,688320,518928,12965.0,413,3232,4565,21175.0,4.080527549101224,109.28826409729902
POST00716,2025-03-31 09:00:00,Linkedin,Reel,Special Campaign,Community,9,205333,213272,185389,5596.0,180,3399,1465,10640.0,5.739283344750767,90.28699721915133
POST00717,2025-03-31 12:00:00,Facebook,Reel,Community Campaign,Education,17,167511,254260,153835,14386.0,725,2657,3009,20777.0,13.506029187116066,91.8357600396392
POST00718,2025-03-31 15:00:00,Linkedin,Reel,Community Campaign,Brand,21,362340,211494,140105,6045.0,323,1846,1923,10137.0,7.235287819849398,38.66672186344318
POST00719,2025-03-31 18:00:00,Instagram,Reel,Event Promotion,Education,5,94385,204502,143909,10298.0,441,419,2407,13565.0,9.426095657672557,152.47020183291838
POST00720,2025-03-31 21:00:00,Facebook,Reel,Seasonal Campaign,Event,6,246236,431106,278610,20818.0,867,1709,3723,27117.0,9.73296005168515,113.1475495053526
POST00721,2025-04-01 00:00:00,Linkedin,Reel,Community Campaign,Promotional,16,241443,129502,114003,4426.0,68,1817,2395,8706.0,7.636641141022604,47.21735564915943
POST00722,2025-04-01 03:00:00,Instagram,Image,Community Campaign,Education,11,90272,143085,97601,7052.0,223,693,1359,9327.0,9.556254546572267,108.11879652605458
POST00723,2025-04-01 06:00:00,Instagram,Video,Special Campaign,Community,16,186449,197569,154167,13312.0,315,672,3813,18112.0,11.748298922596923,82.68588193017929
POST00724,2025-04-01 09:00:00,Facebook,Reel,Festival Campaign,Entertainment,17,23909,33359,20961,1011.0,25,199,174,1409.0,6.722007537808311,87.6699150947342
POST00725,2025-04-01 12:00:00,Youtube,Reel,Seasonal Campaign,Promotional,13,165939,188050,117887,11136.0,164,728,712,12740.0,10.80695920669794,71.04237099174998
POST00726,2025-04-01 15:00:00,Facebook,Carousel,Festival Campaign,Event,10,215757,208337,127407,3326.0,139,1819,1429,6713.0,5.2689412669633535,59.051154771339974
POST00727,2025-04-01 18:00:00,Instagram,Reel,Special Campaign,Community,1,414010,652584,458234,40524.0,1588,8077,10635,60824.0,13.27356765320775,110.68186758773943
POST00728,2025-04-01 21:00:00,Facebook,Reel,Brand Awareness,Promotional,20,365625,368364,271300,20599.0,432,2480,5901,29412.0,10.84113527460376,74.20170940170941
POST00729,2025-04-02 00:00:00,Instagram,Reel,Brand Awareness,Community,0,78527,149152,82594,5904.0,136,406,697,7143.0,8.648327965711795,105.17911036968177
POST00730,2025-04-02 03:00:00,Instagram,Text,Community Campaign,Education,10,166441,164722,138617,3514.0,170,692,2244,6620.0,4.775749006254644,83.2829651347925
POST00731,2025-04-02 06:00:00,Instagram,Video,Community Campaign,Community,1,260209,377802,275592,13794.0,684,1214,4397,20089.0,7.289398821446196,105.91178629486298
POST00732,2025-04-02 09:00:00,Facebook,Image,Product Launch,Event,15,305951,367477,222332,14931.0,517,1191,2102,18741.0,8.429285932749222,72.66915290356953
POST00733,2025-04-02 12:00:00,Facebook,Carousel,Brand Awareness,Entertainment,21,30856,41989,24082,1212.0,21,304,196,1733.0,7.196246158956897,78.04640912626394
POST00734,2025-04-02 15:00:00,Youtube,Image,Event Promotion,Education,2,157867,227467,130138,6519.0,83,678,1507,8787.0,6.7520631944551175,82.43521445267218
POST00735,2025-04-02 18:00:00,Instagram,Carousel,Community Campaign,Education,19,245993,428142,274085,21915.0,516,2611,5577,30619.0,11.171351952861338,111.41983714983759
POST00736,2025-04-02 21:00:00,Linkedin,Carousel,Event Promotion,Event,0,182135,115533,83732,4219.0,196,311,604,5330.0,6.365547222089524,45.97249293106761
POST00737,2025-04-03 00:00:00,Instagram,Carousel,Community Campaign,Event,20,212023,227070,193255,8785.0,351,1322,2474,12932.0,6.691676800082792,91.14813015569065
POST00738,2025-04-03 03:00:00,Facebook,Reel,Special Campaign,Promotional,19,451476,386162,334430,31994.0,1468,1093,4547,39102.0,11.692132882815537,74.07481239312833
POST00739,2025-04-03 06:00:00,Youtube,Reel,Event Promotion,Entertainment,7,423365,899749,756972,73463.0,2467,8980,17910,102820.0,13.583065159609603,178.79890874304678
POST00740,2025-04-03 09:00:00,Instagram,Image,Educational Series,Community,18,374349,263869,175472,6518.0,311,1029,1698,9556.0,5.4458831038570255,46.87390643490433
POST00741,2025-04-03 12:00:00,Youtube,Video,Event Promotion,Promotional,0,177400,202909,133371,8885.0,302,2134,457,11778.0,8.831005241019412,75.18094701240136
POST00742,2025-04-03 15:00:00,Instagram,Image,Seasonal Campaign,Community,4,385447,291000,260622,7052.0,259,1666,4759,13736.0,5.270468341122392,67.6155217189393
POST00743,2025-04-03 18:00:00,Facebook,Video,Brand Awareness,Community,0,271958,212488,167535,4689.0,65,1859,3288,9901.0,5.9098098904706475,61.603262268438506
POST00744,2025-04-03 21:00:00,Youtube,Text,Community Campaign,Community,10,254573,156905,103044,1730.0,89,1135,1902,4856.0,4.712549978649897,40.47719121823602
POST00745,2025-04-04 00:00:00,Instagram,Reel,Brand Awareness,Promotional,20,89098,158406,105368,6985.0,289,1418,1940,10632.0,10.090350011388658,118.26079148802442
POST00746,2025-04-04 03:00:00,Linkedin,Carousel,Seasonal Campaign,Education,8,136382,65992,46334,1823.0,43,413,631,2910.0,6.280485172875211,33.973691542872224
POST00747,2025-04-04 06:00:00,Instagram,Carousel,Seasonal Campaign,Event,4,446839,603852,463536,26725.0,1279,1594,1580,31178.0,6.726122674398536,103.73669263425978
POST00748,2025-04-04 09:00:00,Youtube,Text,Event Promotion,Education,1,455471,495739,428463,20391.0,342,4072,8165,32970.0,7.694946821545851,94.07031402657908
POST00749,2025-04-04 12:00:00,Linkedin,Text,Festival Campaign,Entertainment,12,401587,305171,189025,3422.0,144,1467,4461,9494.0,5.022616056077238,47.069501751799734
POST00750,2025-04-04 15:00:00,Facebook,Carousel,Festival Campaign,Promotional,17,449605,276667,160339,12280.0,730,574,1036,14620.0,9.118180854314922,35.66219236885711
POST00751,2025-04-04 18:00:00,Instagram,Reel,Seasonal Campaign,Entertainment,11,417422,921242,637511,30343.0,531,4304,2865,38043.0,5.967426444406449,152.7257787083575
POST00752,2025-04-04 21:00:00,Linkedin,Video,Festival Campaign,Event,13,214637,261704,166420,8563.0,146,1795,1470,11974.0,7.195048672034611,77.53556003857676
POST00753,2025-04-05 00:00:00,Facebook,Reel,Community Campaign,Event,4,385044,227639,171096,8946.0,298,575,3712,13531.0,7.908425679150886,44.43544114438869
POST00754,2025-04-05 03:00:00,Instagram,Video,Product Launch,Brand,23,411755,733672,583067,49250.0,2075,7932,3110,62367.0,10.696369370929927,141.6053235540552
POST00755,2025-04-05 06:00:00,Instagram,Text,Educational Series,Entertainment,9,303041,337490,222324,5042.0,57,827,4164,10090.0,4.538421402997427,73.36433023914256
POST00756,2025-04-05 09:00:00,Facebook,Image,Event Promotion,Education,19,492903,397980,314367,6145.0,214,2367,1378,10104.0,3.21407781351096,63.778674505937275
POST00757,2025-04-05 12:00:00,Facebook,Carousel,Product Launch,Entertainment,1,155442,80200,53742,4418.0,62,290,199,4969.0,9.2460273156935,34.57366734859305
POST00758,2025-04-05 15:00:00,Youtube,Image,Festival Campaign,Promotional,3,175117,187218,144577,10258.0,226,1087,3268,14839.0,10.263734895591968,82.56023115973892
POST00759,2025-04-05 18:00:00,Linkedin,Image,Event Promotion,Event,11,107236,97728,75404,2406.0,109,303,1504,4322.0,5.73179141690096,70.31593867730986
POST00760,2025-04-05 21:00:00,Facebook,Reel,Product Launch,Event,10,383895,346243,224142,5991.0,281,2832,3624,12728.0,5.678543066448947,58.38627749775329
POST00761,2025-04-06 00:00:00,Instagram,Video,Brand Awareness,Entertainment,3,404062,679057,524573,36985.0,1719,8709,3558,50971.0,9.716664792126167,129.82487836025166
POST00762,2025-04-06 03:00:00,Instagram,Text,Festival Campaign,Entertainment,10,465800,357982,244621,10807.0,143,2292,2234,15476.0,6.3265214351997585,52.51631601545728
POST00763,2025-04-06 06:00:00,Instagram,Text,Special Campaign,Community,8,68671,66368,44317,2540.0,125,170,180,3015.0,6.803258343299411,64.53524777562582
POST00764,2025-04-06 09:00:00,Facebook,Reel,Product Launch,Entertainment,9,428542,443516,288840,14234.0,449,3182,4967,22832.0,7.904722337626367,67.40062817646812
POST00765,2025-04-06 12:00:00,Instagram,Video,Special Campaign,Community,5,385677,446388,299515,11275.0,380,2695,5419,19769.0,6.600337211825785,77.65954412630258
POST00766,2025-04-06 15:00:00,Youtube,Carousel,Community Campaign,Promotional,14,218849,342735,282880,16925.0,524,4322,2882,24653.0,8.715002828054299,129.2580729178566
POST00767,2025-04-06 18:00:00,Facebook,Reel,Brand Awareness,Promotional,9,181711,266568,169487,11858.0,626,2728,1770,16982.0,10.019647524588907,93.27283433584098
POST00768,2025-04-06 21:00:00,Linkedin,Reel,Festival Campaign,Education,21,80874,71109,56083,10602.0,202,247,944,11995.0,21.38794287038853,69.34614338353488
POST00769,2025-04-07 00:00:00,Instagram,Reel,Educational Series,Entertainment,20,452982,660459,571440,54309.0,1900,3113,13602,72924.0,12.761444771104577,126.15070797515133
POST00770,2025-04-07 03:00:00,Facebook,Text,Seasonal Campaign,Education,5,172350,138638,93254,3747.0,193,778,1089,5807.0,6.22707873120724,54.1073397156948
POST00771,2025-04-07 06:00:00,Instagram,Carousel,Festival Campaign,Brand,0,390603,645260,361558,11011.0,553,1548,5010,18122.0,5.012197213171884,92.56406120792722
POST00772,2025-04-07 09:00:00,Facebook,Carousel,Special Campaign,Promotional,20,485196,543032,303344,17800.0,182,4572,5570,28124.0,9.271322327126958,62.519888869652675
POST00773,2025-04-07 12:00:00,Instagram,Reel,Community Campaign,Event,21,219623,356635,213562,11784.0,399,4139,2249,18571.0,8.695835401429093,97.24027082773662
POST00774,2025-04-07 15:00:00,Instagram,Carousel,Educational Series,Community,23,493655,904635,532391,26365.0,319,6774,11773,45231.0,8.495823558249482,107.84677558213733
POST00775,2025-04-07 18:00:00,Facebook,Reel,Educational Series,Brand,19,190655,284218,230736,23267.0,590,704,4987,29548.0,12.80597739407808,121.02278985602265
POST00776,2025-04-07 21:00:00,Instagram,Image,Educational Series,Event,20,375823,249861,163208,7828.0,392,1215,2910,12345.0,7.563967452575854,43.426825926034326
POST00777,2025-04-08 00:00:00,Instagram,Carousel,Event Promotion,Brand,3,408894,545160,424340,12911.0,738,3243,6285,23177.0,5.46189376443418,103.77750712898697
POST00778,2025-04-08 03:00:00,Facebook,Reel,Event Promotion,Education,22,90400,96201,54340,3291.0,72,875,1338,5576.0,10.261317629738683,60.11061946902655
POST00779,2025-04-08 06:00:00,Facebook,Video,Special Campaign,Education,21,29676,41502,27121,1096.0,12,186,500,1794.0,6.614800339220531,91.39034910365278
POST00780,2025-04-08 09:00:00,Facebook,Reel,Seasonal Campaign,Community,13,286378,182496,115328,4217.0,127,1052,1977,7373.0,6.393070199778024,40.27124988651363
POST00781,2025-04-08 12:00:00,Facebook,Carousel,Educational Series,Promotional,19,434556,373993,241939,15936.0,426,816,5392,22570.0,9.328797754805963,55.67498780364326
POST00782,2025-04-08 15:00:00,Youtube,Image,Seasonal Campaign,Community,21,132451,107297,66175,3437.0,150,384,1006,4977.0,7.520967132602947,49.961872692542904
POST00783,2025-04-08 18:00:00,Instagram,Image,Brand Awareness,Event,19,366403,253727,194423,8725.0,303,2565,1622,13215.0,6.797035330182129,53.062611386915506
POST00784,2025-04-08 21:00:00,Instagram,Reel,Educational Series,Brand,7,159598,218798,171085,10096.0,302,3168,1031,14597.0,8.532016249232838,107.19745861476962
POST00785,2025-04-09 00:00:00,Instagram,Reel,Product Launch,Community,10,485594,888427,534800,27345.0,587,8171,7146,43249.0,8.086948391922213,110.13315650522865
POST00786,2025-04-09 03:00:00,Linkedin,Text,Educational Series,Entertainment,14,316770,163772,132557,2513.0,129,1371,1901,5914.0,4.461476949538689,41.84645010575496
POST00787,2025-04-09 06:00:00,Youtube,Reel,Special Campaign,Entertainment,18,21207,32752,20879,1030.0,23,128,442,1623.0,7.773360793141435,98.45334087801197
POST00788,2025-04-09 09:00:00,Youtube,Video,Event Promotion,Promotional,7,411474,593556,385231,32499.0,413,4661,2337,39910.0,10.360017755580419,93.62219727127352
POST00789,2025-04-09 12:00:00,Youtube,Text,Event Promotion,Community,12,102844,92237,77486,3894.0,148,493,1393,5928.0,7.650414268383966,75.343238302672
POST00790,2025-04-09 15:00:00,Linkedin,Reel,Product Launch,Event,17,475636,509269,440725,44883.0,1161,4294,4270,54608.0,12.390492937772986,92.6601434710577
POST00791,2025-04-09 18:00:00,Instagram,Reel,Product Launch,Entertainment,21,72097,69393,58197,4491.0,204,470,1376,6541.0,11.239410966201007,80.72041832531174
POST00792,2025-04-09 21:00:00,Youtube,Carousel,Festival Campaign,Promotional,23,140069,116231,69938,3908.0,54,973,933,5868.0,8.390288541279418,49.93110538377514
POST00793,2025-04-10 00:00:00,Youtube,Text,Brand Awareness,Community,16,477630,512284,460924,13054.0,761,2868,7694,24377.0,5.288724388402426,96.50231350627054
POST00794,2025-04-10 03:00:00,Facebook,Text,Brand Awareness,Promotional,5,418645,283253,222425,4105.0,79,1903,3848,9935.0,4.4666741598291555,53.12973999450609
POST00795,2025-04-10 06:00:00,Instagram,Image,Special Campaign,Event,14,335735,437315,318686,16371.0,455,3205,1594,21625.0,6.785676182825728,94.92188779841244
POST00796,2025-04-10 09:00:00,Linkedin,Video,Special Campaign,Entertainment,12,420807,432216,382163,22604.0,769,1728,8311,33412.0,8.742866263871699,90.81669268809692
POST00797,2025-04-10 12:00:00,Linkedin,Reel,Special Campaign,Entertainment,17,131248,73530,61477,5238.0,285,210,406,6139.0,9.985848366055599,46.84033280507131
POST00798,2025-04-10 15:00:00,Youtube,Text,Special Campaign,Entertainment,10,451876,483225,382767,12835.0,592,3708,4494,21629.0,5.650696115391348,84.70620258655029
POST00799,2025-04-10 18:00:00,Facebook,Text,Special Campaign,Education,12,97313,37068,31264,1855.0,31,196,556,2638.0,8.437819856704197,32.12725946173687
POST00800,2025-04-10 21:00:00,Linkedin,Reel,Special Campaign,Entertainment,0,386393,579937,397206,22646.0,723,6470,1674,31513.0,7.933666661631496,102.79844614162266
POST00801,2025-04-11 00:00:00,Facebook,Reel,Brand Awareness,Brand,17,60459,50603,39953,2076.0,77,304,630,3087.0,7.726578730007759,66.0827999139913
POST00802,2025-04-11 03:00:00,Instagram,Reel,Community Campaign,Education,4,491300,775936,478522,44950.0,2027,8213,5750,60940.0,12.735046664521171,97.3991451251781
POST00803,2025-04-11 06:00:00,Youtube,Reel,Event Promotion,Community,5,384475,309860,277572,15779.0,608,4619,1222,22228.0,8.008012335538167,72.19507120098837
POST00804,2025-04-11 09:00:00,Facebook,Video,Brand Awareness,Education,0,261832,394456,298265,25860.0,849,2491,5661,34861.0,11.687928519940321,113.91464756026765
POST00805,2025-04-11 12:00:00,Youtube,Image,Special Campaign,Education,6,213171,312325,260786,5079.0,245,1725,3658,10707.0,4.105665181413113,122.33652795173828
POST00806,2025-04-11 15:00:00,Facebook,Reel,Festival Campaign,Education,3,122599,92704,64203,5137.0,148,547,621,6453.0,10.050932199429933,52.36829011655886
POST00807,2025-04-11 18:00:00,Linkedin,Reel,Festival Campaign,Promotional,8,476064,393999,321308,10154.0,602,1024,1560,13340.0,4.151779600881397,67.49260603616321
POST00808,2025-04-11 21:00:00,Linkedin,Text,Brand Awareness,Brand,14,248663,76967,52767,1143.0,65,432,793,2433.0,4.610836318153392,21.22028609000937
POST00809,2025-04-12 00:00:00,Youtube,Carousel,Product Launch,Event,5,98405,146273,110655,7204.0,326,644,1076,9250.0,8.359314988025845,112.44855444337179
POST00810,2025-04-12 03:00:00,Instagram,Image,Festival Campaign,Entertainment,16,109399,95875,78842,2652.0,143,957,1878,5630.0,7.1408640064940005,72.06830044150311
POST00811,2025-04-12 06:00:00,Linkedin,Reel,Seasonal Campaign,Education,19,417877,473200,279550,11856.0,351,4966,4476,21649.0,7.744231801108925,66.89767563182467
POST00812,2025-04-12 09:00:00,Facebook,Text,Product Launch,Event,17,326946,118999,80309,4101.0,160,686,744,5691.0,7.086378861646889,24.563383555694212
POST00813,2025-04-12 12:00:00,Instagram,Video,Seasonal Campaign,Promotional,21,300926,526699,390140,35943.0,849,2041,5707,44540.0,11.41641462039268,129.64649116394065
POST00814,2025-04-12 15:00:00,Linkedin,Reel,Event Promotion,Event,3,462395,495030,330135,14567.0,790,1356,4908,21621.0,6.549138988595575,71.39674953232625
POST00815,2025-04-12 18:00:00,Linkedin,Reel,Community Campaign,Education,8,392590,500151,329203,16704.0,560,5398,6251,28913.0,8.782726767374538,83.85414809343081
POST00816,2025-04-12 21:00:00,Youtube,Reel,Festival Campaign,Community,13,152970,282088,182957,14947.0,550,3237,4180,22914.0,12.524254332985347,119.6031901680068
POST00817,2025-04-13 00:00:00,Youtube,Reel,Product Launch,Brand,2,491671,414290,260889,23373.0,1244,2230,6307,33154.0,12.708086580883057,53.06170182906863
POST00818,2025-04-13 03:00:00,Instagram,Image,Special Campaign,Event,0,191140,222551,188526,13565.0,676,1117,3543,18901.0,10.02567285148998,98.63241603013499
POST00819,2025-04-13 06:00:00,Instagram,Text,Seasonal Campaign,Education,10,87963,91037,79501,2170.0,56,421,1193,3840.0,4.830127922919209,90.38004615577005
POST00820,2025-04-13 09:00:00,Instagram,Image,Brand Awareness,Education,0,358447,393594,312930,15038.0,216,3593,2487,21334.0,6.817499121209217,87.3016094429581
POST00821,2025-04-13 12:00:00,Facebook,Video,Seasonal Campaign,Entertainment,11,103956,76615,42942,1444.0,26,576,509,2555.0,5.94988589259932,41.307861018123056
POST00822,2025-04-13 15:00:00,Instagram,Image,Seasonal Campaign,Community,8,209726,293458,242156,8685.0,234,781,3330,13030.0,5.380828887163647,115.46303271888083
POST00823,2025-04-13 18:00:00,Instagram,Carousel,Event Promotion,Entertainment,4,56123,105892,77955,1857.0,46,839,454,3196.0,4.099801167340132,138.90027261550523
POST00824,2025-04-13 21:00:00,Instagram,Carousel,Educational Series,Community,14,338342,626365,510699,17508.0,208,1140,4412,23268.0,4.556108392614828,150.9416507557442
POST00825,2025-04-14 00:00:00,Youtube,Reel,Educational Series,Brand,17,263429,481249,338350,22165.0,700,4941,8343,36149.0,10.683907196689818,128.44068041104055
POST00826,2025-04-14 03:00:00,Linkedin,Image,Brand Awareness,Entertainment,8,335016,221458,125001,3355.0,51,1343,2455,7204.0,5.763153894768842,37.31194928003438
POST00827,2025-04-14 06:00:00,Instagram,Carousel,Event Promotion,Brand,12,24902,26271,20717,1595.0,33,273,281,2182.0,10.532412994159387,83.19412095414023
POST00828,2025-04-14 09:00:00,Instagram,Reel,Event Promotion,Promotional,12,177922,157804,111322,9062.0,447,1466,887,11862.0,10.655575717288587,62.56786681804386
POST00829,2025-04-14 12:00:00,Facebook,Image,Special Campaign,Promotional,23,68554,50880,43548,849.0,29,170,680,1728.0,3.968035271424635,63.523645593254955
POST00830,2025-04-14 15:00:00,Youtube,Image,Event Promotion,Community,12,194106,126069,101907,6658.0,190,1129,825,8802.0,8.637286938090611,52.50069549627523
POST00831,2025-04-14 18:00:00,Instagram,Text,Event Promotion,Community,9,215915,146584,99068,5842.0,112,1017,718,7689.0,7.761335648241611,45.882870574068505
POST00832,2025-04-14 21:00:00,Youtube,Image,Educational Series,Entertainment,9,159352,219581,176417,7956.0,424,1625,893,10898.0,6.177409206595736,110.70899643556405
POST00833,2025-04-15 00:00:00,Instagram,Video,Product Launch,Promotional,21,362634,766853,554682,25877.0,1428,3711,5884,36900.0,6.652460328620722,152.95918198514204
POST00834,2025-04-15 03:00:00,Instagram,Image,Event Promotion,Event,6,261372,408901,253439,8167.0,293,988,3780,13228.0,5.219401907362324,96.96486234179636
POST00835,2025-04-15 06:00:00,Youtube,Video,Product Launch,Event,21,197886,181111,126227,3823.0,214,758,821,5616.0,4.449127365777528,63.78773637346755
POST00836,2025-04-15 09:00:00,Youtube,Image,Seasonal Campaign,Event,4,77465,107435,67458,3005.0,99,134,499,3737.0,5.53974324765039,87.08190795843284
POST00837,2025-04-15 12:00:00,Linkedin,Video,Seasonal Campaign,Promotional,19,460189,283405,156366,4317.0,66,400,1814,6597.0,4.218947853113848,33.97864790336145
POST00838,2025-04-15 15:00:00,Instagram,Image,Event Promotion,Event,6,188801,205467,130754,5911.0,64,689,1800,8464.0,6.473224528503908,69.25492979380405
POST00839,2025-04-15 18:00:00,Youtube,Carousel,Festival Campaign,Brand,19,52800,69745,43474,1604.0,26,638,859,3127.0,7.192804894879698,82.33712121212122
POST00840,2025-04-15 21:00:00,Facebook,Carousel,Community Campaign,Education,9,254074,231088,127449,6501.0,267,1348,1971,10087.0,7.914538364365353,50.16215748167857
POST00841,2025-04-16 00:00:00,Instagram,Image,Festival Campaign,Community,9,225495,353572,291475,11831.0,308,1841,4835,18815.0,6.4550990650999225,129.26007228541653
POST00842,2025-04-16 03:00:00,Facebook,Reel,Seasonal Campaign,Entertainment,20,117143,114197,65885,3281.0,139,183,1206,4809.0,7.299081733323215,56.24322409362915
POST00843,2025-04-16 06:00:00,Instagram,Reel,Community Campaign,Brand,23,138529,222021,157006,9576.0,338,3034,2028,14976.0,9.538488974943633,113.33800142930362
POST00844,2025-04-16 09:00:00,Linkedin,Reel,Festival Campaign,Event,12,248749,148868,103650,6527.0,173,1067,1093,8860.0,8.54799807042933,41.668509220137565
POST00845,2025-04-16 12:00:00,Instagram,Video,Event Promotion,Education,14,258092,502557,308315,25906.0,542,5508,6354,38310.0,12.425603684543406,119.45934008028145
POST00846,2025-04-16 15:00:00,Youtube,Reel,Product Launch,Entertainment,5,98871,129136,114724,8940.0,125,1694,2434,13193.0,11.49977336912939,116.03402413245543
POST00847,2025-04-16 18:00:00,Instagram,Reel,Community Campaign,Brand,19,353857,662714,504528,30163.0,1481,1748,3222,36614.0,7.257079884565377,142.5796296243963
POST00848,2025-04-16 21:00:00,Linkedin,Carousel,Educational Series,Entertainment,11,323350,321114,268043,20915.0,1065,3705,6426,32111.0,11.979794286737576,82.89562393691047
POST00849,2025-04-17 00:00:00,Youtube,Reel,Brand Awareness,Community,18,286070,481185,348209,29579.0,1096,4026,8168,42869.0,12.311284314879858,121.72160659978326
POST00850,2025-04-17 03:00:00,Instagram,Image,Community Campaign,Promotional,10,133682,133263,107008,2363.0,42,759,2371,5535.0,5.172510466507177,80.04667793719423
POST00851,2025-04-17 06:00:00,Instagram,Reel,Community Campaign,Event,5,473661,574517,510988,19413.0,449,7873,6284,34019.0,6.657494892247959,107.88053059044339
POST00852,2025-04-17 09:00:00,Facebook,Text,Educational Series,Brand,0,63056,47887,32177,600.0,34,291,692,1617.0,5.025328650899711,51.029243846739405
POST00853,2025-04-17 12:00:00,Instagram,Video,Event Promotion,Brand,1,488906,1029137,747660,35108.0,747,11083,12573,59511.0,7.959634058261776,152.9251021668787
POST00854,2025-04-17 15:00:00,Instagram,Video,Festival Campaign,Education,22,88495,113325,82737,4580.0,58,1180,622,6440.0,7.783700158333032,93.4934177072151
POST00855,2025-04-17 18:00:00,Instagram,Image,Festival Campaign,Education,14,104147,68473,61433,2778.0,104,571,1231,4684.0,7.624566601012485,58.986816710995036
POST00856,2025-04-17 21:00:00,Instagram,Video,Seasonal Campaign,Education,3,185233,139552,88138,7518.0,173,1140,1051,9882.0,11.21196305793188,47.582234267112234
POST00857,2025-04-18 00:00:00,Instagram,Reel,Product Launch,Entertainment,4,472467,736290,578987,15864.0,918,9906,5458,32146.0,5.5521108418669165,122.54548994956262
POST00858,2025-04-18 03:00:00,Youtube,Reel,Event Promotion,Event,14,169479,309203,185021,10991.0,425,2640,4130,18186.0,9.829154528404883,109.17045769682379
POST00859,2025-04-18 06:00:00,Youtube,Reel,Educational Series,Entertainment,10,491777,572369,500522,29059.0,1693,2158,10996,43906.0,8.772041988164355,101.77824501755876
POST00860,2025-04-18 09:00:00,Instagram,Image,Event Promotion,Event,9,222672,288880,218576,15117.0,744,2044,4812,22717.0,10.393181319083522,98.16052310124309
POST00861,2025-04-18 12:00:00,Facebook,Image,Event Promotion,Brand,16,76714,88977,75701,2347.0,108,286,1658,4399.0,5.811019669489174,98.67951091065517
POST00862,2025-04-18 15:00:00,Youtube,Image,Festival Campaign,Entertainment,1,149613,142041,122628,3017.0,155,241,1863,5276.0,4.302443161431321,81.96346574161336
POST00863,2025-04-18 18:00:00,Youtube,Reel,Educational Series,Entertainment,19,157711,167827,125029,4638.0,186,777,2072,7673.0,6.136976221516608,79.2772856680891
POST00864,2025-04-18 21:00:00,Youtube,Image,Special Campaign,Entertainment,23,284622,399489,315077,14521.0,153,1136,7522,23332.0,7.405173973346198,110.7001566990605
POST00865,2025-04-19 00:00:00,Youtube,Carousel,Brand Awareness,Promotional,9,273134,306719,243704,11119.0,329,851,1424,13723.0,5.63101139086761,89.22506901374418
POST00866,2025-04-19 03:00:00,Youtube,Image,Community Campaign,Community,19,84546,75986,54038,3173.0,66,233,1120,4592.0,8.49772382397572,63.915501620419654
POST00867,2025-04-19 06:00:00,Instagram,Carousel,Festival Campaign,Event,2,486681,523296,367454,15198.0,482,3598,5356,24634.0,6.7039683878798435,75.50202288562734
POST00868,2025-04-19 09:00:00,Instagram,Reel,Educational Series,Event,18,248934,358441,220500,7933.0,265,1137,5407,14742.0,6.685714285714285,88.5776952927282
POST00869,2025-04-19 12:00:00,Linkedin,Video,Product Launch,Entertainment,4,213948,241057,164972,8554.0,140,1115,2814,12623.0,7.651601483888175,77.10845626039972
POST00870,2025-04-19 15:00:00,Linkedin,Image,Community Campaign,Promotional,2,401291,269779,241928,15890.0,177,2840,1590,20497.0,8.472355411527396,60.2874223443835
POST00871,2025-04-19 18:00:00,Instagram,Reel,Community Campaign,Entertainment,7,370517,476406,307020,17693.0,299,5406,6429,29827.0,9.71500227998176,82.86259469875876
POST00872,2025-04-19 21:00:00,Instagram,Reel,Special Campaign,Event,4,455157,883038,721313,65656.0,3471,5935,12838,87900.0,12.186110606629855,158.47564686470824
POST00873,2025-04-20 00:00:00,Facebook,Carousel,Special Campaign,Community,11,49974,33198,18948,841.0,40,272,118,1271.0,6.70783196115685,37.91571617240965
POST00874,2025-04-20 03:00:00,Youtube,Video,Festival Campaign,Community,13,64183,59468,42437,1878.0,93,489,135,2595.0,6.1149468624078045,66.11875418724584
POST00875,2025-04-20 06:00:00,Instagram,Image,Seasonal Campaign,Brand,6,421634,544814,310785,18598.0,442,1382,4649,25071.0,8.066991650176167,73.70966288297434
POST00876,2025-04-20 09:00:00,Instagram,Reel,Product Launch,Promotional,10,496402,1058359,758345,32093.0,699,11638,6303,50733.0,6.689963011558064,152.7683208367412
POST00877,2025-04-20 12:00:00,Facebook,Video,Festival Campaign,Community,7,120361,96349,53921,2194.0,26,905,1190,4315.0,8.002448025815545,44.799395152914975
POST00878,2025-04-20 15:00:00,Facebook,Carousel,Event Promotion,Promotional,4,339292,221596,169444,4090.0,137,1880,1443,7550.0,4.455749392129553,49.940464260872645
POST00879,2025-04-20 18:00:00,Instagram,Image,Seasonal Campaign,Entertainment,7,394151,498179,376263,10589.0,308,1563,6615,19075.0,5.069592279868071,95.46163779871166
POST00880,2025-04-20 21:00:00,Instagram,Image,Educational Series,Brand,11,493135,596923,494995,19035.0,985,1388,5243,26651.0,5.384094788836251,100.3771786630436
POST00881,2025-04-21 00:00:00,Instagram,Reel,Special Campaign,Event,14,394383,582785,439507,25125.0,1107,2846,4705,33783.0,7.686566994382342,111.44166964600402
POST00882,2025-04-21 03:00:00,Facebook,Carousel,Product Launch,Community,18,128747,72495,63367,3009.0,51,425,443,3928.0,6.198810106206701,49.21823421128259
POST00883,2025-04-21 06:00:00,Instagram,Image,Community Campaign,Community,15,444924,284363,234339,10288.0,610,1336,3294,15528.0,6.626297799341979,52.66944466920192
POST00884,2025-04-21 09:00:00,Instagram,Text,Festival Campaign,Education,13,121245,139384,83132,3386.0,164,528,1308,5386.0,6.4788529086272435,68.56530166192421
POST00885,2025-04-21 12:00:00,Facebook,Image,Special Campaign,Event,6,183996,141848,91196,2574.0,118,703,1439,4834.0,5.300671082065002,49.56412095915129
POST00886,2025-04-21 15:00:00,Instagram,Image,Community Campaign,Community,7,305526,448085,250560,12816.0,266,1833,5473,20388.0,8.136973180076629,82.00938708980577
POST00887,2025-04-21 18:00:00,Facebook,Image,Product Launch,Community,6,46649,40609,27823,1006.0,55,162,482,1705.0,6.128023577615642,59.64329353255161
POST00888,2025-04-21 21:00:00,Instagram,Text,Special Campaign,Event,17,247748,249448,181682,8726.0,294,461,3503,12984.0,7.146552768023249,73.33338715146034
POST00889,2025-04-22 00:00:00,Instagram,Video,Special Campaign,Brand,23,392703,811025,714578,45817.0,1140,6378,7228,60563.0,8.475351886008244,181.9639778662246
POST00890,2025-04-22 03:00:00,Instagram,Image,Community Campaign,Promotional,5,118099,84769,62118,2977.0,127,828,761,4693.0,7.554976013393863,52.598243846264566
POST00891,2025-04-22 06:00:00,Facebook,Carousel,Festival Campaign,Event,18,50373,49650,40879,2623.0,54,450,139,3266.0,7.989432226815725,81.15260159212276
POST00892,2025-04-22 09:00:00,Linkedin,Image,Seasonal Campaign,Promotional,3,233752,93935,60476,2176.0,120,420,286,3002.0,4.9639526423705265,25.871864197953386
POST00893,2025-04-22 12:00:00,Facebook,Image,Festival Campaign,Brand,22,225573,156937,94728,3900.0,205,263,1086,5454.0,5.757537370154548,41.994387626178664
POST00894,2025-04-22 15:00:00,Instagram,Reel,Brand Awareness,Brand,2,42791,43263,36072,2577.0,85,223,274,3159.0,8.757485029940119,84.29810006777126
POST00895,2025-04-22 18:00:00,Facebook,Image,Special Campaign,Entertainment,16,209968,116983,74471,3035.0,59,634,1555,5283.0,7.094036604852897,35.46778556732455
POST00896,2025-04-22 21:00:00,Instagram,Reel,Community Campaign,Education,21,43115,96503,82506,5004.0,174,908,1475,7561.0,9.16418199888493,191.36263481386987
POST00897,2025-04-23 00:00:00,Instagram,Text,Brand Awareness,Brand,18,168413,168348,102599,2797.0,48,173,2497,5515.0,5.3752960555171105,60.92106903861341
POST00898,2025-04-23 03:00:00,Linkedin,Reel,Seasonal Campaign,Brand,14,395253,572264,485311,23496.0,551,1969,10926,36942.0,7.612026102849513,122.784899798357
POST00899,2025-04-23 06:00:00,Instagram,Text,Brand Awareness,Promotional,5,429853,365017,299495,13912.0,474,1488,7340,23214.0,7.7510475967879255,69.67381872407545
POST00900,2025-04-23 09:00:00,Instagram,Image,Community Campaign,Brand,11,437485,518618,396186,7222.0,79,1365,4372,13038.0,3.2908785267525857,90.55990491102553
POST00901,2025-04-23 12:00:00,Instagram,Carousel,Product Launch,Event,18,103489,69383,58807,1587.0,76,892,803,3358.0,5.710204567483463,56.82439679579472
POST00902,2025-04-23 15:00:00,Instagram,Image,Event Promotion,Entertainment,5,306021,320423,213321,14769.0,293,469,2388,17919.0,8.400016875975643,69.70796121834776
POST00903,2025-04-23 18:00:00,Instagram,Reel,Seasonal Campaign,Entertainment,10,322417,535189,325454,13209.0,704,6203,7880,27996.0,8.602137322017859,100.94194785014439
POST00904,2025-04-23 21:00:00,Youtube,Image,Festival Campaign,Event,19,76035,38900,23533,954.0,10,223,279,1466.0,6.229549993625972,30.950220293285984
POST00905,2025-04-24 00:00:00,Youtube,Reel,Educational Series,Community,19,163477,301446,194319,17930.0,656,1842,1082,21510.0,11.069427076096522,118.866262532344
POST00906,2025-04-24 03:00:00,Linkedin,Carousel,Seasonal Campaign,Brand,9,244420,163310,115326,2422.0,118,1091,981,4612.0,3.9990982085566134,47.18353653547173
POST00907,2025-04-24 06:00:00,Facebook,Image,Brand Awareness,Education,15,131141,101177,86669,5889.0,128,571,1070,7658.0,8.835915956108874,66.0884086593819
POST00908,2025-04-24 09:00:00,Instagram,Video,Product Launch,Brand,17,270766,403795,234741,6537.0,296,2662,3818,13313.0,5.671356942332188,86.69515374899359
POST00909,2025-04-24 12:00:00,Instagram,Reel,Community Campaign,Entertainment,13,213381,496714,432307,17001.0,782,2234,7175,27192.0,6.289974485724266,202.59863811679577
POST00910,2025-04-24 15:00:00,Instagram,Reel,Product Launch,Education,3,61767,57735,50455,1426.0,59,233,993,2711.0,5.373104746804082,81.68601356711513
POST00911,2025-04-24 18:00:00,Youtube,Image,Product Launch,Community,11,140456,146738,118055,5436.0,153,942,2036,8567.0,7.25678709076278,84.05123312638834
POST00912,2025-04-24 21:00:00,Instagram,Text,Community Campaign,Promotional,19,423189,392522,339570,19504.0,960,745,4690,25899.0,7.626998851488648,80.24074349758618
POST00913,2025-04-25 00:00:00,Facebook,Carousel,Educational Series,Promotional,22,78565,42238,34613,2556.0,105,210,126,2997.0,8.658596481090921,44.05651371475848
POST00914,2025-04-25 03:00:00,Youtube,Image,Community Campaign,Brand,20,109461,122880,90305,4745.0,187,1141,1651,7724.0,8.553236254913903,82.49970309059847
POST00915,2025-04-25 06:00:00,Youtube,Image,Educational Series,Brand,7,410721,319945,243242,6814.0,347,2931,1187,11279.0,4.636945922168047,59.2231709603356
POST00916,2025-04-25 09:00:00,Youtube,Reel,Community Campaign,Education,6,130159,112377,86516,8117.0,180,1440,1151,10888.0,12.584955383975219,66.46947195353376
POST00917,2025-04-25 12:00:00,Instagram,Text,Brand Awareness,Education,8,305235,186430,110816,5426.0,117,714,2517,8774.0,7.917629223216864,36.30514193981686
POST00918,2025-04-25 15:00:00,Linkedin,Carousel,Educational Series,Community,23,301728,335469,207175,7833.0,229,513,3342,11917.0,5.752141909014118,68.66283540142115
POST00919,2025-04-25 18:00:00,Facebook,Reel,Brand Awareness,Brand,16,387005,273545,200557,17808.0,243,932,1479,20462.0,10.202585798551036,51.82284466608959
POST00920,2025-04-25 21:00:00,Instagram,Image,Seasonal Campaign,Entertainment,9,404379,422285,249287,16294.0,437,3130,5178,25039.0,10.044246190134261,61.646870881029926
POST00921,2025-04-26 00:00:00,Linkedin,Reel,Educational Series,Promotional,2,487823,352737,313139,25195.0,763,5240,3008,34206.0,10.92358345654805,64.19111030025235
POST00922,2025-04-26 03:00:00,Youtube,Text,Educational Series,Community,20,221696,121137,88126,1719.0,59,455,1383,3616.0,4.103215850032908,39.75082996535797
POST00923,2025-04-26 06:00:00,Linkedin,Reel,Community Campaign,Education,7,396832,291250,198932,20444.0,464,2968,3379,27255.0,13.700661532583998,50.13002983630352
POST00924,2025-04-26 09:00:00,Facebook,Carousel,Educational Series,Entertainment,13,36550,34290,20750,535.0,29,285,396,1245.0,6.0,56.771545827633375
POST00925,2025-04-26 12:00:00,Youtube,Reel,Brand Awareness,Brand,6,415279,438134,304847,23488.0,569,3988,1350,29395.0,9.64254199647692,73.40775719456076
POST00926,2025-04-26 15:00:00,Instagram,Carousel,Special Campaign,Event,15,112816,84824,55631,1555.0,81,764,1212,3612.0,6.492782800956301,49.311267905261666
POST00927,2025-04-26 18:00:00,Instagram,Video,Seasonal Campaign,Education,17,487055,912749,530101,47279.0,1524,3295,2918,55016.0,10.378399588003042,108.83801624046565
POST00928,2025-04-26 21:00:00,Youtube,Carousel,Special Campaign,Community,10,293775,352821,313464,13494.0,619,2635,1592,18340.0,5.850751601459817,106.70206790911412
POST00929,2025-04-27 00:00:00,Facebook,Carousel,Community Campaign,Event,5,283269,175832,113014,6015.0,93,1130,1474,8712.0,7.708779443254818,39.89635293660796
POST00930,2025-04-27 03:00:00,Instagram,Video,Festival Campaign,Entertainment,19,448625,627563,496819,18318.0,682,6084,5558,30642.0,6.167638516240321,110.74260239621066
POST00931,2025-04-27 06:00:00,Instagram,Reel,Seasonal Campaign,Promotional,20,70581,62580,36419,2499.0,145,702,153,3499.0,9.607622394903759,51.59887221773565
POST00932,2025-04-27 09:00:00,Facebook,Reel,Special Campaign,Entertainment,13,304629,385082,334870,33228.0,1439,5658,2227,42552.0,12.707020634873235,109.92715729625215
POST00933,2025-04-27 12:00:00,Linkedin,Reel,Seasonal Campaign,Promotional,20,390683,341424,258377,24888.0,1269,913,3271,30341.0,11.742918293810982,66.1346923208842
POST00934,2025-04-27 15:00:00,Youtube,Text,Special Campaign,Entertainment,12,229402,114221,89081,1592.0,36,280,1892,3800.0,4.265780581717762,38.8318323292735
POST00935,2025-04-27 18:00:00,Instagram,Image,Brand Awareness,Education,3,103554,76457,62971,2419.0,120,597,356,3492.0,5.545409791808928,60.80981903161635
POST00936,2025-04-27 21:00:00,Instagram,Carousel,Special Campaign,Education,19,94398,100589,76655,2901.0,79,412,406,3798.0,4.9546670145456915,81.20405093328249
POST00937,2025-04-28 00:00:00,Instagram,Carousel,Seasonal Campaign,Community,19,152762,251457,144541,7418.0,254,617,2992,11281.0,7.804705931189074,94.6184260483628
POST00938,2025-04-28 03:00:00,Linkedin,Reel,Festival Campaign,Event,10,297884,208729,146184,13307.0,258,2027,2021,17613.0,12.048514201280577,49.07413624095285
POST00939,2025-04-28 06:00:00,Instagram,Reel,Product Launch,Entertainment,17,264470,251531,161410,13498.0,462,1882,1763,17605.0,10.907007000805402,61.031496956176504
POST00940,2025-04-28 09:00:00,Youtube,Reel,Community Campaign,Entertainment,0,199715,290144,209005,11041.0,395,3387,2748,17571.0,8.406975909667233,104.65162857071326
POST00941,2025-04-28 12:00:00,Instagram,Image,Product Launch,Event,11,108560,124126,85834,3318.0,136,475,1033,4962.0,5.780925973390498,79.0659543109801
POST00942,2025-04-28 15:00:00,Youtube,Reel,Community Campaign,Brand,17,105877,89364,75002,5777.0,308,612,1515,8212.0,10.949041358897096,70.83880351728892
POST00943,2025-04-28 18:00:00,Facebook,Reel,Seasonal Campaign,Community,6,291300,267368,170170,7002.0,176,875,545,8598.0,5.052594464359171,58.417439066254715
POST00944,2025-04-28 21:00:00,Facebook,Video,Community Campaign,Entertainment,11,397112,327134,202972,6372.0,377,2552,2543,11844.0,5.835287625879432,51.112028848284616
POST00945,2025-04-29 00:00:00,Instagram,Text,Special Campaign,Community,0,450430,278185,246285,6382.0,334,2071,1599,10386.0,4.217065594737804,54.6777523699576
POST00946,2025-04-29 03:00:00,Instagram,Reel,Brand Awareness,Entertainment,21,116589,148347,130891,4669.0,140,646,1280,6735.0,5.145502746560115,112.26702347562806
POST00947,2025-04-29 06:00:00,Instagram,Reel,Festival Campaign,Entertainment,3,345533,289518,259903,13893.0,296,1791,1421,17401.0,6.69519012862491,75.21799654446897
POST00948,2025-04-29 09:00:00,Linkedin,Reel,Community Campaign,Brand,17,488910,585524,438518,43470.0,590,2283,5434,51777.0,11.807269028865406,89.69299052995439
POST00949,2025-04-29 12:00:00,Linkedin,Carousel,Festival Campaign,Education,14,416024,520166,306690,8764.0,190,3774,5260,17988.0,5.865205908246112,73.71930465550064
POST00950,2025-04-29 15:00:00,Youtube,Video,Community Campaign,Community,2,476203,712848,611665,50718.0,2750,3463,10737,67668.0,11.062918427570647,128.44627186305
POST00951,2025-04-29 18:00:00,Facebook,Reel,Festival Campaign,Event,6,353082,355715,213710,14468.0,355,1105,4387,20315.0,9.505872443966123,60.52701638712821
POST00952,2025-04-29 21:00:00,Facebook,Reel,Product Launch,Community,5,349644,477772,288793,21765.0,367,1091,6044,29267.0,10.134248406297937,82.59629794877074
POST00953,2025-04-30 00:00:00,Instagram,Video,Brand Awareness,Brand,14,475383,733507,453079,16422.0,182,6963,7317,30884.0,6.816471299707115,95.30820412172922
POST00954,2025-04-30 03:00:00,Linkedin,Carousel,Community Campaign,Promotional,14,342878,387889,302047,9223.0,229,1145,3252,13849.0,4.58504802232765,88.09168275596568
POST00955,2025-04-30 06:00:00,Youtube,Reel,Event Promotion,Promotional,5,168278,269965,158609,6137.0,127,491,654,7409.0,4.671235554098444,94.25415086939469
POST00956,2025-04-30 09:00:00,Instagram,Carousel,Festival Campaign,Brand,7,422845,604218,496908,31317.0,473,1479,1882,35151.0,7.073945277596658,117.51540162470882
POST00957,2025-04-30 12:00:00,Youtube,Reel,Festival Campaign,Brand,7,314481,324538,185112,15610.0,898,1628,1016,19152.0,10.346168805912097,58.86269758745362
POST00958,2025-04-30 15:00:00,Instagram,Image,Special Campaign,Education,21,251437,248640,146363,9907.0,231,1285,3607,15030.0,10.268988747156044,58.21060543993127
POST00959,2025-04-30 18:00:00,Instagram,Video,Event Promotion,Community,0,107095,130223,91425,4815.0,49,787,1855,7506.0,8.210008203445447,85.36813109855736
POST00960,2025-04-30 21:00:00,Facebook,Video,Brand Awareness,Community,12,281522,155495,106157,6078.0,347,1008,1264,8697.0,8.192582684137644,37.70824305027671
POST00961,2025-05-01 00:00:00,Instagram,Image,Festival Campaign,Promotional,22,345973,303883,272400,11810.0,459,3420,3611,19300.0,7.085168869309838,78.7344677185792
POST00962,2025-05-01 03:00:00,Facebook,Text,Brand Awareness,Event,23,220473,146745,130368,3538.0,50,1160,2505,7253.0,5.563481836033382,59.13105006055164
POST00963,2025-05-01 06:00:00,Instagram,Image,Festival Campaign,Community,20,351974,418087,257704,9206.0,106,1492,3689,14493.0,5.623894080029801,73.21677169336371
POST00964,2025-05-01 09:00:00,Instagram,Video,Seasonal Campaign,Entertainment,12,66939,138281,121871,10355.0,159,585,1331,12430.0,10.199309105529618,182.0627735699667
POST00965,2025-05-01 12:00:00,Instagram,Image,Educational Series,Entertainment,10,295109,235568,186638,6823.0,270,1971,1995,11059.0,5.9253742539032785,63.24375061417985
POST00966,2025-05-01 15:00:00,Instagram,Video,Seasonal Campaign,Education,3,294372,276561,191683,16594.0,217,2175,1459,20445.0,10.666047588988068,65.11590776296659
POST00967,2025-05-01 18:00:00,Facebook,Text,Festival Campaign,Education,6,68419,63244,51156,1470.0,56,556,1150,3232.0,6.3179294706388305,74.76870459959952
POST00968,2025-05-01 21:00:00,Instagram,Reel,Educational Series,Promotional,11,379057,852606,737546,38729.0,1650,13240,8932,62551.0,8.480962543353227,194.57390313330185
POST00969,2025-05-02 00:00:00,Youtube,Text,Community Campaign,Event,12,275416,224481,137617,5533.0,96,962,2690,9281.0,6.74407958319103,49.96695907282075
POST00970,2025-05-02 03:00:00,Youtube,Video,Brand Awareness,Event,21,69229,56219,34776,1092.0,37,121,543,1793.0,5.155854612376352,50.23328373947334
POST00971,2025-05-02 06:00:00,Facebook,Video,Festival Campaign,Brand,11,251535,267688,185521,16768.0,975,534,3634,21911.0,11.810522797958182,73.75554097839266
POST00972,2025-05-02 09:00:00,Linkedin,Reel,Special Campaign,Education,15,163894,103879,63285,5695.0,295,1060,636,7686.0,12.145058070632851,38.61337205754939
POST00973,2025-05-02 12:00:00,Facebook,Video,Product Launch,Community,5,50070,74796,50572,3655.0,168,672,988,5483.0,10.841967887368504,101.00259636508888
POST00974,2025-05-02 15:00:00,Instagram,Video,Special Campaign,Entertainment,13,219795,382385,296727,28232.0,1013,3305,6047,38597.0,13.007579357456517,135.00170613526242
POST00975,2025-05-02 18:00:00,Instagram,Reel,Product Launch,Community,18,144045,166541,138976,3786.0,112,1979,735,6612.0,4.757655998157955,96.48096081085772
POST00976,2025-05-02 21:00:00,Instagram,Text,Event Promotion,Entertainment,15,289279,361026,236716,7929.0,258,1600,1186,10973.0,4.635512597374068,81.8296523425482
POST00977,2025-05-03 00:00:00,Youtube,Reel,Product Launch,Promotional,3,230116,374444,242866,22574.0,1088,3005,5994,32661.0,13.44815659664177,105.54068382902535
POST00978,2025-05-03 03:00:00,Instagram,Reel,Educational Series,Entertainment,4,381237,864298,711239,42514.0,1603,4564,3979,52660.0,7.403980940302768,186.5608532225361
POST00979,2025-05-03 06:00:00,Youtube,Image,Product Launch,Community,8,381770,559550,382373,6990.0,337,2726,6908,16961.0,4.435721141398582,100.15794850302538
POST00980,2025-05-03 09:00:00,Youtube,Image,Product Launch,Community,23,262763,130921,109511,2904.0,169,211,2130,5414.0,4.943795600441965,41.676720086161296
POST00981,2025-05-03 12:00:00,Instagram,Carousel,Product Launch,Event,2,321585,251308,225594,10906.0,458,2533,991,14888.0,6.599466297862532,70.15066001212743
POST00982,2025-05-03 15:00:00,Facebook,Reel,Festival Campaign,Event,21,280195,343210,306446,23933.0,961,2517,5952,33363.0,10.887073089549219,109.36883242027872
POST00983,2025-05-03 18:00:00,Instagram,Text,Event Promotion,Education,9,398334,521924,408113,9108.0,276,3223,4990,17597.0,4.311795997677114,102.45497497075317
POST00984,2025-05-03 21:00:00,Instagram,Reel,Brand Awareness,Community,16,190956,445119,303270,18483.0,366,5536,2742,27127.0,8.94483463580308,158.8166907559857
POST00985,2025-05-04 00:00:00,Facebook,Reel,Event Promotion,Promotional,18,242675,303068,173634,4687.0,134,2187,3062,10070.0,5.799555386617828,71.55001545276605
POST00986,2025-05-04 03:00:00,Youtube,Reel,Special Campaign,Entertainment,9,169115,162948,131713,8330.0,299,1072,2809,12510.0,9.497923515522386,77.88368861425657
POST00987,2025-05-04 06:00:00,Facebook,Image,Educational Series,Education,11,116108,62358,55641,3693.0,43,235,868,4839.0,8.696824284250821,47.921762496985565
POST00988,2025-05-04 09:00:00,Youtube,Text,Festival Campaign,Brand,22,95043,99099,56862,2379.0,80,224,1259,3942.0,6.932573599240266,59.82765695527288
POST00989,2025-05-04 12:00:00,Instagram,Carousel,Community Campaign,Brand,6,23062,31729,17519,854.0,45,272,61,1232.0,7.032364861008049,75.96479056456509
POST00990,2025-05-04 15:00:00,Facebook,Video,Festival Campaign,Entertainment,17,110236,124861,105023,3747.0,220,1260,2021,7248.0,6.90134541957476,95.27105482782395
POST00991,2025-05-04 18:00:00,Facebook,Reel,Seasonal Campaign,Entertainment,18,72214,81597,47798,1997.0,105,480,321,2903.0,6.073475877651784,66.18938156036226
POST00992,2025-05-04 21:00:00,Facebook,Image,Product Launch,Entertainment,14,497206,493406,285468,6317.0,117,1285,2653,10372.0,3.633331932125492,57.4144318451507
POST00993,2025-05-05 00:00:00,Instagram,Image,Special Campaign,Event,6,73409,107668,93522,5432.0,96,1014,1457,7999.0,8.553067727379654,127.39854786197877
POST00994,2025-05-05 03:00:00,Youtube,Image,Product Launch,Entertainment,11,161940,128730,74386,1648.0,48,471,672,2839.0,3.8165783884064206,45.93429665308138
POST00995,2025-05-05 06:00:00,Instagram,Reel,Educational Series,Brand,21,88089,99067,58440,3269.0,69,449,391,4178.0,7.149212867898699,66.34199502775601
POST00996,2025-05-05 09:00:00,Instagram,Carousel,Community Campaign,Entertainment,6,114047,168156,126007,8598.0,376,646,2832,12452.0,9.88199068305729,110.48690452181995
POST00997,2025-05-05 12:00:00,Linkedin,Image,Special Campaign,Community,9,37428,38124,31066,1754.0,24,123,712,2613.0,8.411124702246829,83.00203056535214
POST00998,2025-05-05 15:00:00,Instagram,Video,Seasonal Campaign,Promotional,23,390427,476846,328952,21573.0,694,2192,1250,25709.0,7.815425958802501,84.25441887984182
POST00999,2025-05-05 18:00:00,Linkedin,Image,Festival Campaign,Brand,21,222565,123782,86301,4215.0,101,788,1208,6312.0,7.313936107345222,38.77563857749421
POST01000,2025-05-05 21:00:00,Youtube,Reel,Community Campaign,Promotional,19,483330,501862,387145,12793.0,508,2575,2896,18772.0,4.848829250022602,80.09951792770985
POST01001,2025-05-06 00:00:00,Instagram,Carousel,Brand Awareness,Brand,9,189461,180112,130923,4192.0,208,383,2879,7662.0,5.852294860337755,69.10287605364692
POST01002,2025-05-06 03:00:00,Youtube,Reel,Event Promotion,Education,22,54734,49695,27656,1872.0,105,239,364,2580.0,9.328897888342494,50.52800818504038
POST01003,2025-05-06 06:00:00,Linkedin,Video,Festival Campaign,Community,4,227156,239174,141053,6920.0,402,1625,1907,10854.0,7.6949799011719,62.095212100935036
POST01004,2025-05-06 09:00:00,Facebook,Carousel,Community Campaign,Brand,17,347251,256229,193083,4285.0,118,564,3244,8211.0,4.252575317350569,55.60329559886077
POST01005,2025-05-06 12:00:00,Facebook,Reel,Brand Awareness,Community,8,369033,481397,398491,35169.0,1856,4084,1683,42792.0,10.738511032871507,107.98248395129974
POST01006,2025-05-06 15:00:00,Facebook,Text,Brand Awareness,Brand,15,132168,52014,42499,1887.0,74,85,246,2292.0,5.3930680721899344,32.155287210217296
POST01007,2025-05-06 18:00:00,Facebook,Image,Seasonal Campaign,Promotional,6,104170,51930,42012,1495.0,66,453,586,2600.0,6.188707988193849,40.33022943265816
POST01008,2025-05-06 21:00:00,Facebook,Reel,Seasonal Campaign,Promotional,9,424895,515094,422348,14216.0,747,7321,10249,32533.0,7.702889560267836,99.4005577848645
POST01009,2025-05-07 00:00:00,Instagram,Carousel,Event Promotion,Brand,4,460959,587505,332266,19353.0,319,5069,7163,31904.0,9.601945429264505,72.08146494590625
POST01010,2025-05-07 03:00:00,Youtube,Reel,Brand Awareness,Brand,6,437933,483153,417099,22184.0,1272,5957,9412,38825.0,9.308341664688719,95.24265127313996
POST01011,2025-05-07 06:00:00,Instagram,Video,Special Campaign,Event,4,263543,503648,433766,18386.0,687,5318,2610,27001.0,6.224784791800187,164.5902186739925
POST01012,2025-05-07 09:00:00,Linkedin,Video,Educational Series,Community,14,176651,116512,85773,6514.0,174,1134,2066,9888.0,11.528103249274247,48.555060543104766
POST01013,2025-05-07 12:00:00,Linkedin,Text,Brand Awareness,Community,18,215174,111115,70781,2106.0,56,695,1349,4206.0,5.942272643788588,32.894773532118194
POST01014,2025-05-07 15:00:00,Instagram,Image,Community Campaign,Community,9,54782,62448,47289,1198.0,56,531,480,2265.0,4.789697392628307,86.32214961118616
POST01015,2025-05-07 18:00:00,Facebook,Image,Seasonal Campaign,Community,7,90160,99846,74411,3274.0,143,515,1638,5570.0,7.4854524196691345,82.53216503992901
POST01016,2025-05-07 21:00:00,Linkedin,Video,Educational Series,Education,23,138296,121950,76588,6406.0,297,961,1488,9152.0,11.94965268710503,55.37976514143577
POST01017,2025-05-08 00:00:00,Instagram,Reel,Special Campaign,Education,8,436319,611639,465515,42954.0,972,2484,8939,55349.0,11.889842432574675,106.69143447798515
POST01018,2025-05-08 03:00:00,Youtube,Image,Seasonal Campaign,Entertainment,10,73077,78100,64749,4135.0,76,642,1240,6093.0,9.410183941064727,88.60380146968267
POST01019,2025-05-08 06:00:00,Linkedin,Image,Special Campaign,Brand,21,310678,182685,152019,6191.0,285,1573,3134,11183.0,7.356317302442458,48.931369456479054
POST01020,2025-05-08 09:00:00,Instagram,Reel,Seasonal Campaign,Brand,1,320780,605090,345442,30292.0,754,5576,8244,44866.0,12.987997985189988,107.68813517052185
POST01021,2025-05-08 12:00:00,Facebook,Image,Seasonal Campaign,Brand,2,264002,160102,99104,6333.0,133,1126,595,8187.0,8.261018727801098,37.53910955220036
POST01022,2025-05-08 15:00:00,Instagram,Video,Brand Awareness,Brand,12,381252,726438,569438,32507.0,673,5274,14229,52683.0,9.251753483258932,149.36000335735943
POST01023,2025-05-08 18:00:00,Linkedin,Video,Product Launch,Community,10,332630,246631,209868,9853.0,171,3461,4657,18142.0,8.64448129300322,63.09352734269308
POST01024,2025-05-08 21:00:00,Linkedin,Reel,Brand Awareness,Community,9,114096,177123,129729,10476.0,328,2487,1649,14940.0,11.516314779270633,113.70161968868322
POST01025,2025-05-09 00:00:00,Linkedin,Reel,Seasonal Campaign,Education,14,53435,45372,36190,3494.0,80,692,233,4499.0,12.43161094224924,67.7271451295967
POST01026,2025-05-09 03:00:00,Youtube,Reel,Educational Series,Promotional,5,53152,104800,58412,5947.0,325,730,758,7760.0,13.284941450386906,109.89614689945815
POST01027,2025-05-09 06:00:00,Linkedin,Video,Brand Awareness,Event,0,129620,111662,85192,3824.0,170,948,1714,6656.0,7.812940182176731,65.72442524301805
POST01028,2025-05-09 09:00:00,Facebook,Reel,Seasonal Campaign,Community,13,341096,297737,263993,26552.0,1253,2726,4290,34821.0,13.1901224653684,77.39551328658207
POST01029,2025-05-09 12:00:00,Instagram,Carousel,Seasonal Campaign,Community,17,301782,276120,215747,11316.0,341,1335,1974,14966.0,6.936828785568282,71.49101006686946
POST01030,2025-05-09 15:00:00,Facebook,Reel,Brand Awareness,Community,23,252816,399379,348576,17383.0,695,2872,4165,25115.0,7.205028458643166,137.87734953483957
POST01031,2025-05-09 18:00:00,Instagram,Carousel,Brand Awareness,Promotional,10,399580,407183,304614,25364.0,888,1536,7309,35097.0,11.521794796036952,76.23354522248361
POST01032,2025-05-09 21:00:00,Youtube,Image,Educational Series,Promotional,7,36396,30215,25537,1670.0,30,331,528,2559.0,10.020754199788543,70.16430376964502
POST01033,2025-05-10 00:00:00,Instagram,Video,Special Campaign,Education,21,191566,192269,114103,8426.0,104,1377,653,10560.0,9.254796105273305,59.56328367246797
POST01034,2025-05-10 03:00:00,Instagram,Reel,Brand Awareness,Community,2,177855,405450,240524,23043.0,1017,4423,3607,32090.0,13.34170394638373,135.2360068595204
POST01035,2025-05-10 06:00:00,Instagram,Carousel,Event Promotion,Event,13,156475,146832,86933,5557.0,89,641,2041,8328.0,9.579791333555727,55.55711775043937
POST01036,2025-05-10 09:00:00,Facebook,Reel,Community Campaign,Brand,1,477268,417375,300968,18163.0,233,2299,1130,21825.0,7.251601499162702,63.06058650485681
POST01037,2025-05-10 12:00:00,Instagram,Carousel,Event Promotion,Community,15,43838,79754,53083,4285.0,137,207,208,4837.0,9.112145131209616,121.08900953510653
POST01038,2025-05-10 15:00:00,Facebook,Video,Educational Series,Education,5,321063,485758,389439,36355.0,1705,2758,7309,48127.0,12.358032965368132,121.29675484250755
POST01039,2025-05-10 18:00:00,Instagram,Reel,Product Launch,Education,0,360039,420633,364233,18395.0,891,6426,5704,31416.0,8.625248124140317,101.16487380533776
POST01040,2025-05-10 21:00:00,Instagram,Video,Event Promotion,Event,13,330139,648790,497479,24633.0,1322,5712,1995,33662.0,6.7665167775926225,150.6877406183456
POST01041,2025-05-11 00:00:00,Youtube,Image,Special Campaign,Entertainment,9,276097,204953,128018,4950.0,98,908,3189,9145.0,7.143526691558999,46.367037671542974
POST01042,2025-05-11 03:00:00,Facebook,Reel,Seasonal Campaign,Education,5,435830,298030,261016,23524.0,1394,3185,4114,32217.0,12.342921506727556,59.889406419934375
POST01043,2025-05-11 06:00:00,Instagram,Image,Community Campaign,Promotional,8,95593,136314,100156,6081.0,292,1226,1384,8983.0,8.969008346978713,104.77336206626009
POST01044,2025-05-11 09:00:00,Facebook,Reel,Festival Campaign,Promotional,6,151172,224902,180367,18520.0,330,1056,2317,22223.0,12.320989981537643,119.31243881142011
POST01045,2025-05-11 12:00:00,Linkedin,Carousel,Community Campaign,Brand,1,376335,251211,216462,10889.0,566,3307,3986,18748.0,8.661104489471594,57.51843437362988
POST01046,2025-05-11 15:00:00,Facebook,Video,Event Promotion,Education,10,212792,135623,121578,9367.0,327,1555,1590,12839.0,10.560298738258567,57.134666716793866
POST01047,2025-05-11 18:00:00,Instagram,Reel,Festival Campaign,Brand,13,90514,99750,72530,6732.0,89,1237,1269,9327.0,12.859506411140217,80.13125041430055
POST01048,2025-05-11 21:00:00,Instagram,Image,Educational Series,Education,4,293132,402394,335122,10035.0,166,2663,4605,17469.0,5.212728498875037,114.32460461498574
POST01049,2025-05-12 00:00:00,Linkedin,Video,Special Campaign,Event,8,231139,325017,243243,16705.0,529,1481,3997,22712.0,9.337164892720448,105.23667576653008
POST01050,2025-05-12 03:00:00,Instagram,Text,Community Campaign,Community,6,255910,174812,125909,4991.0,182,885,2608,8666.0,6.882748651804081,49.20050017584307
POST01051,2025-05-12 06:00:00,Linkedin,Image,Product Launch,Education,13,401536,381116,281339,16349.0,938,730,5901,23918.0,8.501487529279624,70.06569772075231
POST01052,2025-05-12 09:00:00,Youtube,Text,Festival Campaign,Entertainment,15,135137,81155,58390,2703.0,56,572,1265,4596.0,7.871210823771194,43.20800372954853
POST01053,2025-05-12 12:00:00,Linkedin,Image,Festival Campaign,Promotional,21,490383,416488,290442,17975.0,605,2730,2168,23478.0,8.08354163654017,59.22758333792159
POST01054,2025-05-12 15:00:00,Facebook,Image,Community Campaign,Event,15,359373,169885,136469,4749.0,101,697,592,6139.0,4.498457525152232,37.974193943340204
POST01055,2025-05-12 18:00:00,Linkedin,Video,Event Promotion,Community,6,121471,126558,80666,3192.0,121,538,1725,5576.0,6.912453821932413,66.40761992574359
POST01056,2025-05-12 21:00:00,Instagram,Image,Festival Campaign,Community,9,320292,266074,203741,12526.0,694,2518,800,16538.0,8.117168365719223,63.61101744658
POST01057,2025-05-13 00:00:00,Facebook,Image,Educational Series,Promotional,20,427039,493202,394332,14775.0,567,4589,3035,22966.0,5.824026454865443,92.3409805661778
POST01058,2025-05-13 03:00:00,Youtube,Image,Community Campaign,Community,5,306840,239903,206851,6935.0,246,2219,3015,12415.0,6.001904752696385,67.41330986833529
POST01059,2025-05-13 06:00:00,Youtube,Video,Educational Series,Brand,16,31629,37510,24987,1205.0,57,221,545,2028.0,8.116220434626005,79.00028454898985
POST01060,2025-05-13 09:00:00,Facebook,Video,Community Campaign,Event,0,154928,224325,190947,5494.0,95,3057,4340,12986.0,6.80084002367149,123.24886398843333
POST01061,2025-05-13 12:00:00,Linkedin,Image,Educational Series,Entertainment,1,51051,34487,30377,1815.0,100,142,510,2567.0,8.450472396879217,59.50324185618303
POST01062,2025-05-13 15:00:00,Linkedin,Reel,Event Promotion,Promotional,13,479827,368482,286324,23416.0,910,861,6948,32135.0,11.223299478912002,59.67234023929458
POST01063,2025-05-13 18:00:00,Facebook,Image,Community Campaign,Education,3,265131,224966,184472,8826.0,391,1266,3515,13998.0,7.5881434580857805,69.57768046739159
POST01064,2025-05-13 21:00:00,Youtube,Image,Special Campaign,Education,8,237405,314939,217936,12350.0,629,2736,3184,18899.0,8.671811908083107,91.79924601419516
POST01065,2025-05-14 00:00:00,Youtube,Reel,Seasonal Campaign,Education,22,315613,421167,371994,20498.0,855,4558,2215,28126.0,7.560874637762975,117.86396631317469
POST01066,2025-05-14 03:00:00,Facebook,Video,Product Launch,Event,5,224793,153650,120584,5458.0,229,720,1499,7906.0,6.556425396404167,53.64223974945838
POST01067,2025-05-14 06:00:00,Instagram,Image,Event Promotion,Entertainment,16,92372,88098,58017,3745.0,174,546,1223,5688.0,9.804022958787941,62.807993764344175
POST01068,2025-05-14 09:00:00,Instagram,Reel,Educational Series,Community,20,459288,1042115,720613,42481.0,535,10946,6658,60620.0,8.412282320746364,156.89785058612463
POST01069,2025-05-14 12:00:00,Instagram,Reel,Special Campaign,Entertainment,10,63406,56580,43352,1789.0,52,515,681,3037.0,7.005443808820816,68.37207835220642
POST01070,2025-05-14 15:00:00,Instagram,Reel,Community Campaign,Entertainment,3,369898,524210,331273,27967.0,1626,5578,8161,43332.0,13.080450263076074,89.55793218671093
POST01071,2025-05-14 18:00:00,Instagram,Text,Event Promotion,Promotional,20,55017,56844,46263,1393.0,31,336,316,2076.0,4.487387328966993,84.08855444680735
POST01072,2025-05-14 21:00:00,Instagram,Reel,Educational Series,Event,8,292849,264292,166145,7065.0,262,701,869,8897.0,5.354961028017695,56.73401650680043
POST01073,2025-05-15 00:00:00,Instagram,Reel,Brand Awareness,Education,15,170678,224975,170334,4790.0,89,2773,3492,11144.0,6.542440147005295,99.79845088412098
POST01074,2025-05-15 03:00:00,Instagram,Image,Brand Awareness,Promotional,2,369055,574184,455874,32099.0,839,1601,1617,36156.0,7.931138867318602,123.52467789353892
POST01075,2025-05-15 06:00:00,Linkedin,Reel,Festival Campaign,Community,3,258750,142794,121505,7587.0,347,2128,2084,12146.0,9.996296448705815,46.95845410628019
POST01076,2025-05-15 09:00:00,Youtube,Reel,Product Launch,Entertainment,23,112469,201318,162436,6272.0,264,1854,1687,10077.0,6.203674062399961,144.42735331513572
POST01077,2025-05-15 12:00:00,Instagram,Reel,Brand Awareness,Education,2,93654,195975,162578,13836.0,424,2433,3076,19769.0,12.159701804672219,173.594293890277
POST01078,2025-05-15 15:00:00,Facebook,Image,Seasonal Campaign,Event,12,448535,282316,245481,16185.0,920,3233,1385,21723.0,8.849157368594717,54.72950828809346
POST01079,2025-05-15 18:00:00,Instagram,Image,Educational Series,Brand,18,374329,288941,219369,10202.0,497,1503,2250,14452.0,6.58798645205111,58.603260767934096
POST01080,2025-05-15 21:00:00,Linkedin,Image,Event Promotion,Entertainment,20,470470,479254,405543,7920.0,185,2911,1368,12384.0,3.0536835797930184,86.19954513571535
POST01081,2025-05-16 00:00:00,Facebook,Image,Community Campaign,Entertainment,0,65318,66875,42208,1591.0,52,483,344,2470.0,5.851971190295679,64.61924737438378
POST01082,2025-05-16 03:00:00,Instagram,Text,Event Promotion,Entertainment,22,274423,151493,126520,3281.0,176,325,1724,5506.0,4.351881125513753,46.10400731717094
POST01083,2025-05-16 06:00:00,Youtube,Image,Festival Campaign,Entertainment,22,153286,108078,67828,3551.0,39,144,468,4202.0,6.195081677183464,44.24931174406012
POST01084,2025-05-16 09:00:00,Linkedin,Reel,Special Campaign,Education,5,280895,327582,287328,19098.0,746,3681,4652,28177.0,9.80656253480343,102.29017960447855
POST01085,2025-05-16 12:00:00,Linkedin,Reel,Event Promotion,Event,21,277177,265034,176377,9479.0,204,957,987,11627.0,6.592129359270199,63.633346201163874
POST01086,2025-05-16 15:00:00,Youtube,Image,Brand Awareness,Promotional,2,94070,93518,57059,3025.0,39,273,1106,4443.0,7.786676948421809,60.65589454661422
POST01087,2025-05-16 18:00:00,Facebook,Video,Event Promotion,Education,2,332013,520485,313258,20699.0,1151,5522,7291,34663.0,11.065319959905255,94.351124805354
POST01088,2025-05-16 21:00:00,Instagram,Reel,Brand Awareness,Event,15,448444,643771,396270,38321.0,1947,5404,4553,50225.0,12.67443914502738,88.3655484296813
POST01089,2025-05-17 00:00:00,Linkedin,Carousel,Brand Awareness,Promotional,9,195768,227210,160555,9408.0,181,2212,2347,14148.0,8.811933605306594,82.01289281189979
POST01090,2025-05-17 03:00:00,Instagram,Reel,Product Launch,Entertainment,16,285399,516789,378678,24841.0,1287,6730,5205,38063.0,10.051547752972184,132.6837164811369
POST01091,2025-05-17 06:00:00,Linkedin,Image,Festival Campaign,Event,6,402622,180199,156741,9792.0,169,504,3178,13643.0,8.70416802240639,38.930063434188895
POST01092,2025-05-17 09:00:00,Facebook,Video,Seasonal Campaign,Entertainment,12,47841,64301,43940,1694.0,57,741,1092,3584.0,8.156577150659992,91.84590623105704
POST01093,2025-05-17 12:00:00,Facebook,Reel,Seasonal Campaign,Event,10,281121,335558,210099,9454.0,437,3622,4030,17543.0,8.349873155036436,74.73614564546939
POST01094,2025-05-17 15:00:00,Youtube,Image,Educational Series,Community,9,25334,18185,14735,888.0,32,34,113,1067.0,7.241262300644724,58.16294308044525
POST01095,2025-05-17 18:00:00,Instagram,Reel,Seasonal Campaign,Brand,6,228889,281921,168343,10185.0,535,3217,3082,17019.0,10.109716471727365,73.54787691850635
POST01096,2025-05-17 21:00:00,Instagram,Carousel,Brand Awareness,Entertainment,23,387278,515946,444899,20813.0,850,3717,7361,32741.0,7.359198379857002,114.87845940125698
POST01097,2025-05-18 00:00:00,Instagram,Reel,Community Campaign,Entertainment,5,60522,104016,72113,6864.0,216,1375,549,9004.0,12.485959535728648,119.15171342652258
POST01098,2025-05-18 03:00:00,Instagram,Video,Festival Campaign,Entertainment,23,190780,403342,308493,20955.0,1178,4705,2560,29398.0,9.529551724026152,161.70091204528777
POST01099,2025-05-18 06:00:00,Facebook,Reel,Educational Series,Community,0,478366,758220,466430,41338.0,488,4682,8097,54605.0,11.707008554338271,97.50483939075937
POST01100,2025-05-18 09:00:00,Instagram,Video,Seasonal Campaign,Education,16,50697,51528,30964,2548.0,87,321,643,3599.0,11.623175300348793,61.07659230329211
POST01101,2025-05-18 12:00:00,Instagram,Image,Seasonal Campaign,Promotional,11,423938,583301,483902,11846.0,509,2428,9568,24351.0,5.0322172671326015,114.14452113280716
POST01102,2025-05-18 15:00:00,Linkedin,Carousel,Community Campaign,Entertainment,3,384080,163988,114856,7142.0,369,1004,1876,10391.0,9.046980566970815,29.90418662778588
POST01103,2025-05-18 18:00:00,Linkedin,Reel,Event Promotion,Entertainment,2,478696,313546,280736,28156.0,1043,1239,6632,37070.0,13.204576541661917,58.64598826812841
POST01104,2025-05-18 21:00:00,Linkedin,Text,Festival Campaign,Education,5,143935,60426,44322,1622.0,88,459,845,3014.0,6.800234646450972,30.79306631465592
POST01105,2025-05-19 00:00:00,Linkedin,Reel,Community Campaign,Education,15,36029,41112,34779,2890.0,90,509,518,4007.0,11.521320336984962,96.53057259429903
POST01106,2025-05-19 03:00:00,Instagram,Reel,Seasonal Campaign,Brand,12,347694,376798,336475,23622.0,610,5453,7051,36736.0,10.917898803774426,96.77331216529477
POST01107,2025-05-19 06:00:00,Instagram,Image,Festival Campaign,Event,8,260957,243862,158120,4595.0,269,1267,1484,7615.0,4.815962560080951,60.59235812796744
POST01108,2025-05-19 09:00:00,Facebook,Reel,Festival Campaign,Entertainment,10,263533,229023,190159,7839.0,339,898,1672,10748.0,5.652112179807425,72.15756660456186
POST01109,2025-05-19 12:00:00,Facebook,Reel,Seasonal Campaign,Event,19,490258,480343,267888,16030.0,501,3128,6528,26187.0,9.775353879233112,54.642249591031664
POST01110,2025-05-19 15:00:00,Instagram,Text,Event Promotion,Education,20,421424,547095,431063,15834.0,853,2030,10300,29017.0,6.731498644049709,102.28724514977789
POST01111,2025-05-19 18:00:00,Facebook,Text,Event Promotion,Education,12,357651,361488,293101,11032.0,487,468,6557,18544.0,6.326829318221364,81.95167915090408
POST01112,2025-05-19 21:00:00,Instagram,Image,Seasonal Campaign,Brand,22,257648,329938,236591,16459.0,689,2128,1825,21101.0,8.918766986064558,91.82722163572006
POST01113,2025-05-20 00:00:00,Instagram,Text,Festival Campaign,Promotional,18,108719,104922,63660,1242.0,57,625,1014,2938.0,4.6151429469054355,58.55462246709406
POST01114,2025-05-20 03:00:00,Youtube,Image,Community Campaign,Community,2,108499,129804,99410,3832.0,179,1005,1468,6484.0,6.522482647620964,91.62296426695177
POST01115,2025-05-20 06:00:00,Youtube,Reel,Product Launch,Community,11,121383,220730,190740,12614.0,437,1216,1424,15691.0,8.22638146167558,157.13897333234473
POST01116,2025-05-20 09:00:00,Youtube,Carousel,Brand Awareness,Community,18,159199,227823,199564,16299.0,504,2650,2564,22017.0,11.032550961095188,125.35505876293193
POST01117,2025-05-20 12:00:00,Instagram,Carousel,Event Promotion,Education,7,460998,337996,274160,14467.0,802,1733,3628,20630.0,7.52480303472425,59.470973843704314
POST01118,2025-05-20 15:00:00,Linkedin,Text,Seasonal Campaign,Entertainment,13,297790,144778,92990,4639.0,161,337,771,5908.0,6.353371330250565,31.226703381577618
POST01119,2025-05-20 18:00:00,Instagram,Reel,Special Campaign,Brand,21,234816,308959,264040,22296.0,463,4975,6338,34072.0,12.904105438569912,112.44548923412374
POST01120,2025-05-20 21:00:00,Instagram,Carousel,Product Launch,Promotional,8,304857,333897,287514,16298.0,588,668,3979,21533.0,7.489374430462517,94.3111032385676
POST01121,2025-05-21 00:00:00,Linkedin,Reel,Event Promotion,Community,23,314411,276080,187329,6780.0,79,1017,2725,10601.0,5.659027699929002,59.58093069262844
POST01122,2025-05-21 03:00:00,Linkedin,Reel,Special Campaign,Brand,16,286008,382843,235082,10123.0,467,2466,3800,16856.0,7.17026399298968,82.19420435792006
POST01123,2025-05-21 06:00:00,Linkedin,Reel,Festival Campaign,Education,5,96197,124816,106858,4779.0,78,579,2405,7841.0,7.337775365438246,111.0824661891743
POST01124,2025-05-21 09:00:00,Facebook,Text,Seasonal Campaign,Community,3,445775,151833,130543,2185.0,34,408,1923,4550.0,3.485441578636924,29.284504514609388
POST01125,2025-05-21 12:00:00,Facebook,Video,Product Launch,Promotional,3,137201,118005,69070,3543.0,203,849,1029,5624.0,8.142464166787317,50.34219867202134
POST01126,2025-05-21 15:00:00,Youtube,Video,Seasonal Campaign,Event,18,226930,336590,299041,20321.0,988,4538,2477,28324.0,9.47161091622888,131.7767593531045
POST01127,2025-05-21 18:00:00,Instagram,Image,Community Campaign,Promotional,11,92246,61794,45516,1173.0,36,434,740,2383.0,5.235521574830829,49.34197688788674
POST01128,2025-05-21 21:00:00,Youtube,Reel,Community Campaign,Entertainment,1,444578,363137,326026,12927.0,284,1406,3711,18328.0,5.621637538110457,73.33381318913666
POST01129,2025-05-22 00:00:00,Instagram,Reel,Educational Series,Community,16,314524,651788,460001,37326.0,1947,8156,7925,55354.0,12.033452101191084,146.25306812834634
POST01130,2025-05-22 03:00:00,Instagram,Reel,Brand Awareness,Community,14,478210,710709,523543,20523.0,1199,9525,5034,36281.0,6.929898785773088,109.47972647999833
POST01131,2025-05-22 06:00:00,Facebook,Image,Brand Awareness,Event,9,61284,67296,43280,1095.0,38,220,811,2164.0,5.0,70.62202206122315
POST01132,2025-05-22 09:00:00,Youtube,Video,Event Promotion,Event,2,400322,699398,604721,57088.0,2226,6669,10047,76030.0,12.572740156204265,151.05864778853024
POST01133,2025-05-22 12:00:00,Instagram,Image,Brand Awareness,Community,19,230994,347609,245168,4608.0,102,1833,3294,9837.0,4.012350714612021,106.13609011489476
POST01134,2025-05-22 15:00:00,Instagram,Reel,Seasonal Campaign,Entertainment,3,492090,420888,351489,18060.0,712,4883,1802,25457.0,7.242616411893402,71.4277875998293
POST01135,2025-05-22 18:00:00,Facebook,Reel,Seasonal Campaign,Event,21,143556,115242,66599,1913.0,57,1273,1118,4361.0,6.548146368564092,46.3923486304996
POST01136,2025-05-22 21:00:00,Instagram,Reel,Educational Series,Education,0,75277,93492,77213,7054.0,368,1487,1691,10600.0,13.72825819486356,102.57183469054291
POST01137,2025-05-23 00:00:00,Linkedin,Image,Special Campaign,Community,0,35316,16177,11673,577.0,16,90,78,761.0,6.5193180844684315,33.05300713557594
POST01138,2025-05-23 03:00:00,Youtube,Text,Community Campaign,Promotional,17,437679,355838,196384,3369.0,142,470,955,4936.0,2.5134430503503338,44.86941342856294
POST01139,2025-05-23 06:00:00,Youtube,Carousel,Special Campaign,Promotional,3,226811,340288,214106,12796.0,258,1427,828,15309.0,7.150196631575015,94.39841982972608
POST01140,2025-05-23 09:00:00,Youtube,Video,Special Campaign,Entertainment,22,418104,800903,494802,16260.0,236,4379,1830,22705.0,4.588704168536101,118.34423971069398
POST01141,2025-05-23 12:00:00,Facebook,Image,Product Launch,Education,21,244800,275535,224042,10030.0,120,1804,4822,16776.0,7.487881736460128,91.52042483660131
POST01142,2025-05-23 15:00:00,Instagram,Image,Product Launch,Event,14,31325,32387,23222,1257.0,38,302,441,2038.0,8.776160537421411,74.13248204309657
POST01143,2025-05-23 18:00:00,Facebook,Reel,Community Campaign,Community,22,170160,226260,137091,5152.0,93,964,1021,7230.0,5.273869181784362,80.56593794076163
POST01144,2025-05-23 21:00:00,Youtube,Video,Festival Campaign,Promotional,20,357066,344396,220372,13175.0,786,2373,5107,21441.0,9.729457462835569,61.71744159343091
POST01145,2025-05-24 00:00:00,Instagram,Video,Community Campaign,Promotional,21,133949,174178,126527,7203.0,359,878,756,9196.0,7.268013941688335,94.45908517420808
POST01146,2025-05-24 03:00:00,Linkedin,Reel,Product Launch,Promotional,9,413000,588950,327970,31953.0,1427,5949,3683,43012.0,13.114614141537336,79.41162227602906
POST01147,2025-05-24 06:00:00,Facebook,Image,Special Campaign,Promotional,16,386708,165762,115775,8308.0,416,1549,1498,11771.0,10.167134528179659,29.93861001065403
POST01148,2025-05-24 09:00:00,Facebook,Image,Event Promotion,Brand,21,96803,80979,63756,3400.0,78,764,297,4539.0,7.119329945416903,65.86159519849592
POST01149,2025-05-24 12:00:00,Linkedin,Carousel,Educational Series,Entertainment,11,297563,343134,250904,6465.0,1013,1687,2670,11835.0,4.71694353218761,84.3196230714168
POST01150,2025-05-24 15:00:00,Linkedin,Text,Special Campaign,Event,19,242088,90348,68604,3026.0,180,288,359,3853.0,5.6162905953005655,28.33845543769208
POST01151,2025-05-24 18:00:00,Facebook,Image,Community Campaign,Community,11,204821,245961,163395,10672.0,261,1118,3329,15380.0,9.412772728663668,79.77453483773637
POST01152,2025-05-24 21:00:00,Facebook,Image,Festival Campaign,Community,15,327998,136131,83594,3460.0,204,881,336,4881.0,5.838935808790104,25.486131012993983
POST01153,2025-05-25 00:00:00,Facebook,Reel,Special Campaign,Community,4,416120,674846,562423,41294.0,1074,1550,1899,45817.0,8.146359590557285,135.15884840911275
POST01154,2025-05-25 03:00:00,Facebook,Reel,Event Promotion,Event,15,129796,129639,112393,10331.0,109,2182,2148,14770.0,13.141387808849306,86.59203673456808
POST01155,2025-05-25 06:00:00,Facebook,Reel,Community Campaign,Entertainment,16,119427,88405,64425,6288.0,178,1129,1300,8895.0,13.80675203725262,53.945087794217386
POST01156,2025-05-25 09:00:00,Facebook,Reel,Event Promotion,Education,22,492182,378541,248612,6942.0,415,746,3456,11559.0,4.649413543996267,50.51220889833436
POST01157,2025-05-25 12:00:00,Instagram,Carousel,Special Campaign,Entertainment,14,476772,721587,525980,14490.0,605,3847,5256,24198.0,4.600555154188372,110.32107590210833
POST01158,2025-05-25 15:00:00,Linkedin,Carousel,Community Campaign,Promotional,12,362679,417590,358143,28531.0,1277,4114,2937,36859.0,10.291699125768199,98.74930723863251
POST01159,2025-05-25 18:00:00,Linkedin,Reel,Event Promotion,Promotional,7,108855,129179,102308,7196.0,157,683,570,8606.0,8.411854400437893,93.98557714390702
POST01160,2025-05-25 21:00:00,Instagram,Video,Seasonal Campaign,Entertainment,20,171772,353397,300569,28642.0,495,1391,4103,34631.0,11.52181362682113,174.9813706541229
POST01161,2025-05-26 00:00:00,Facebook,Reel,Brand Awareness,Entertainment,1,309777,486566,323533,28414.0,1542,4282,4466,38704.0,11.962921865775671,104.44061373181353
POST01162,2025-05-26 03:00:00,Instagram,Reel,Event Promotion,Event,7,136958,108756,86917,7806.0,239,1553,1132,10730.0,12.345110852882634,63.46252135691234
POST01163,2025-05-26 06:00:00,Instagram,Reel,Seasonal Campaign,Event,9,235716,430019,334798,18788.0,191,6277,6736,31992.0,9.555612638068329,142.03448217346298
POST01164,2025-05-26 09:00:00,Facebook,Image,Special Campaign,Brand,6,257497,167824,125879,4016.0,99,241,653,5009.0,3.97921813805321,48.88561808487089
POST01165,2025-05-26 12:00:00,Instagram,Reel,Brand Awareness,Community,9,306199,455936,335057,24346.0,481,5822,5943,36592.0,10.921126853042914,109.42458989088794
POST01166,2025-05-26 15:00:00,Facebook,Image,Product Launch,Brand,3,431858,207794,154358,10105.0,406,1290,1826,13627.0,8.828178649632672,35.74276729851016
POST01167,2025-05-26 18:00:00,Facebook,Image,Brand Awareness,Community,10,204086,129288,109556,6265.0,299,501,909,7974.0,7.278469458541751,53.68129122036789
POST01168,2025-05-26 21:00:00,Youtube,Text,Event Promotion,Promotional,8,471490,440591,383577,13903.0,484,2882,6902,24171.0,6.301472716038761,81.35421748075251
POST01169,2025-05-27 00:00:00,Instagram,Reel,Educational Series,Brand,3,416862,467167,275395,23339.0,450,5350,2023,31162.0,11.315383358448774,66.06382927683502
POST01170,2025-05-27 03:00:00,Instagram,Reel,Educational Series,Brand,2,164245,294024,220244,17586.0,226,1600,1779,21191.0,9.62160149652204,134.09479740631375
POST01171,2025-05-27 06:00:00,Facebook,Reel,Product Launch,Education,10,27025,44995,39210,3811.0,97,285,978,5171.0,13.187962254526905,145.08788159111933
POST01172,2025-05-27 09:00:00,Linkedin,Carousel,Event Promotion,Entertainment,2,294693,124993,74640,2806.0,141,868,1683,5498.0,7.366023579849947,25.328053262208467
POST01173,2025-05-27 12:00:00,Facebook,Reel,Brand Awareness,Event,17,34853,52431,36413,1285.0,39,121,667,2112.0,5.800126328509049,104.47594181275643
POST01174,2025-05-27 15:00:00,Instagram,Video,Educational Series,Brand,18,201495,331156,192460,11132.0,251,2925,1914,16222.0,8.428764418580483,95.51601776719025
POST01175,2025-05-27 18:00:00,Facebook,Image,Community Campaign,Event,13,343300,152003,89638,3361.0,37,845,1327,5570.0,6.213882505187532,26.110690358287215
POST01176,2025-05-27 21:00:00,Youtube,Image,Festival Campaign,Community,23,246560,314922,272860,19275.0,670,3176,1578,24699.0,9.051894744557648,110.66677482154445
POST01177,2025-05-28 00:00:00,Facebook,Image,Event Promotion,Brand,10,424542,249147,175938,3238.0,143,791,1820,5992.0,3.4057452056974613,41.44183614342044
POST01178,2025-05-28 03:00:00,Instagram,Reel,Seasonal Campaign,Community,23,416679,497798,393787,38907.0,759,6661,1770,48097.0,12.213963386297669,94.50608261995444
POST01179,2025-05-28 06:00:00,Facebook,Reel,Seasonal Campaign,Brand,1,309307,214786,128575,12921.0,476,1309,2112,16818.0,13.080303324907641,41.56873268306246
POST01180,2025-05-28 09:00:00,Youtube,Reel,Community Campaign,Promotional,1,380280,562496,313693,9402.0,291,1519,6858,18070.0,5.760409062363521,82.49000736299568
POST01181,2025-05-28 12:00:00,Linkedin,Image,Community Campaign,Education,1,143296,102989,88742,5860.0,264,1095,1846,9065.0,10.215005296252057,61.929153640017866
POST01182,2025-05-28 15:00:00,Instagram,Reel,Event Promotion,Community,9,34075,45033,33823,2121.0,112,490,738,3461.0,10.232681902847176,99.2604548789435
POST01183,2025-05-28 18:00:00,Facebook,Reel,Festival Campaign,Entertainment,22,376389,294502,164036,14067.0,356,893,1122,16438.0,10.020971006364457,43.58150742981331
POST01184,2025-05-28 21:00:00,Linkedin,Text,Educational Series,Entertainment,14,325459,261269,234441,4352.0,240,915,4056,9563.0,4.079064668722621,72.03395819442694
POST01185,2025-05-29 00:00:00,Instagram,Reel,Festival Campaign,Promotional,21,123245,264625,191129,19209.0,871,1365,4596,26041.0,13.62482930376866,155.08053065033064
POST01186,2025-05-29 03:00:00,Linkedin,Video,Product Launch,Promotional,11,36010,35972,25775,1746.0,20,449,521,2736.0,10.614936954413192,71.57733962788114
POST01187,2025-05-29 06:00:00,Facebook,Video,Brand Awareness,Entertainment,10,217505,174822,134144,11899.0,589,2176,412,15076.0,11.23866889312977,61.67398450610331
POST01188,2025-05-29 09:00:00,Instagram,Reel,Brand Awareness,Community,16,388692,361457,199801,15682.0,544,1688,4477,22391.0,11.206650617364279,51.40342481965155
POST01189,2025-05-29 12:00:00,Instagram,Reel,Community Campaign,Entertainment,17,282749,603649,452252,30694.0,1757,4742,8378,45571.0,10.076461795636062,159.9482226285504
POST01190,2025-05-29 15:00:00,Facebook,Reel,Educational Series,Education,13,187517,130770,100734,3974.0,104,747,572,5397.0,5.35767466793734,53.71992939306837
POST01191,2025-05-29 18:00:00,Instagram,Carousel,Festival Campaign,Brand,16,319459,206564,135079,4351.0,172,1652,1337,7512.0,5.561190118375173,42.28367333523237
POST01192,2025-05-29 21:00:00,Youtube,Carousel,Community Campaign,Education,14,290796,325590,261904,13297.0,768,1126,1462,16653.0,6.358436679088521,90.06451257926518
POST01193,2025-05-30 00:00:00,Instagram,Video,Event Promotion,Entertainment,11,445445,789787,538714,46691.0,1099,4138,10265,62193.0,11.544715748987404,120.9383874552414
POST01194,2025-05-30 03:00:00,Facebook,Text,Community Campaign,Brand,15,443746,286809,229797,4638.0,155,1702,707,7202.0,3.1340705057072116,51.785706237352
POST01195,2025-05-30 06:00:00,Instagram,Carousel,Event Promotion,Entertainment,22,462317,321207,192833,16178.0,770,2714,2549,22211.0,11.51825672991656,41.71012530363365
POST01196,2025-05-30 09:00:00,Linkedin,Reel,Event Promotion,Education,5,402323,497927,433094,40849.0,1820,5777,10825,59271.0,13.685481673724412,107.64833231010904
POST01197,2025-05-30 12:00:00,Linkedin,Reel,Product Launch,Education,1,237022,281588,241549,13676.0,710,4464,5247,24097.0,9.976029708257952,101.90994928740793
POST01198,2025-05-30 15:00:00,Linkedin,Video,Product Launch,Community,1,375583,426011,256765,10841.0,390,4344,4087,19662.0,7.6575857301423484,68.36438283947889
POST01199,2025-05-30 18:00:00,Facebook,Reel,Event Promotion,Community,15,100266,83432,73291,7176.0,186,1080,1338,9780.0,13.34406680219945,73.09656314204217
POST01200,2025-05-30 21:00:00,Instagram,Reel,Special Campaign,Education,1,451140,911884,679557,24199.0,889,4967,11063,41118.0,6.050706563246351,150.63106796116506
POST01201,2025-05-31 00:00:00,Facebook,Carousel,Educational Series,Brand,7,58541,54168,43094,1847.0,50,492,898,3287.0,7.627511950619575,73.61336499205684
POST01202,2025-05-31 03:00:00,Instagram,Image,Product Launch,Community,6,346802,388161,327647,7382.0,138,1328,7369,16217.0,4.949534102250288,94.47667545169867
POST01203,2025-05-31 06:00:00,Instagram,Text,Product Launch,Community,0,76327,71842,41614,2409.0,90,197,826,3522.0,8.463497861296679,54.520680755171824
POST01204,2025-05-31 09:00:00,Instagram,Carousel,Brand Awareness,Event,3,113434,112455,68513,4104.0,50,852,479,5485.0,8.005779924977743,60.398998536593965
POST01205,2025-05-31 12:00:00,Youtube,Reel,Community Campaign,Event,10,63654,68281,44494,2323.0,27,755,498,3603.0,8.097721041039241,69.89977063499543
POST01206,2025-05-31 15:00:00,Facebook,Text,Brand Awareness,Community,19,35930,12241,8777,240.0,3,48,177,468.0,5.332118035775322,24.42805455051489
POST01207,2025-05-31 18:00:00,Facebook,Reel,Educational Series,Entertainment,6,412826,433068,290640,17624.0,768,3326,6135,27853.0,9.583333333333334,70.40254247552238
POST01208,2025-05-31 21:00:00,Youtube,Reel,Product Launch,Brand,17,154590,217770,158328,5245.0,159,1444,2665,9513.0,6.008412914961346,102.41800892683874
POST01209,2025-06-01 00:00:00,Instagram,Image,Seasonal Campaign,Promotional,3,182054,244357,150296,9923.0,344,1113,2812,14192.0,9.442699739181348,82.55572522438396
POST01210,2025-06-01 03:00:00,Linkedin,Reel,Special Campaign,Community,16,26775,15778,12444,819.0,22,140,85,1066.0,8.566377370620378,46.476190476190474
POST01211,2025-06-01 06:00:00,Youtube,Image,Product Launch,Event,10,437206,616350,351015,20062.0,455,3473,3930,27920.0,7.954076036636611,80.28595215985142
POST01212,2025-06-01 09:00:00,Youtube,Reel,Festival Campaign,Brand,10,25378,27724,18755,829.0,23,286,276,1414.0,7.539322847240736,73.90259279691071
POST01213,2025-06-01 12:00:00,Instagram,Image,Educational Series,Brand,19,328546,307538,188416,8516.0,167,2488,4642,15813.0,8.392599354619565,57.34843827044006
POST01214,2025-06-01 15:00:00,Facebook,Image,Seasonal Campaign,Event,10,452657,201058,161947,4761.0,209,1120,3333,9423.0,5.818570272990546,35.776979037107566
POST01215,2025-06-01 18:00:00,Facebook,Video,Community Campaign,Brand,14,485196,604256,519224,42970.0,648,1919,3757,49294.0,9.493783030060243,107.01324825431374
POST01216,2025-06-01 21:00:00,Instagram,Video,Community Campaign,Brand,13,99712,173583,100257,8002.0,286,1316,1078,10682.0,10.654617632684001,100.54657413350449
POST01217,2025-06-02 00:00:00,Instagram,Reel,Seasonal Campaign,Event,16,307204,684731,564740,21211.0,717,6223,4389,32540.0,5.7619435492439,183.8322417676853
POST01218,2025-06-02 03:00:00,Facebook,Image,Community Campaign,Education,1,147067,99686,86079,1895.0,47,1001,546,3489.0,4.05325340675426,58.53046570610674
POST01219,2025-06-02 06:00:00,Facebook,Image,Special Campaign,Community,17,488131,299453,266779,16675.0,252,937,1504,19368.0,7.259941749538007,54.65315663213358
POST01220,2025-06-02 09:00:00,Instagram,Reel,Seasonal Campaign,Entertainment,15,253103,484108,364429,12591.0,568,4919,8835,26913.0,7.384977595087109,143.98446482262162
POST01221,2025-06-02 12:00:00,Linkedin,Video,Educational Series,Promotional,11,410478,475550,316044,20065.0,772,3022,7251,31110.0,9.843566085734897,76.99413854092059
POST01222,2025-06-02 15:00:00,Instagram,Carousel,Seasonal Campaign,Entertainment,9,400828,725809,480986,26296.0,1327,3762,6556,37941.0,7.888171381287605,119.99810392487551
POST01223,2025-06-02 18:00:00,Youtube,Reel,Seasonal Campaign,Education,15,198065,199769,136370,5704.0,124,1656,2054,9538.0,6.994206937009606,68.85113472849822
POST01224,2025-06-02 21:00:00,Linkedin,Image,Festival Campaign,Education,2,113104,98152,75030,3746.0,185,735,1609,6275.0,8.363321338131415,66.33717640401754
POST01225,2025-06-03 00:00:00,Youtube,Reel,Festival Campaign,Brand,7,304909,247165,178349,11631.0,286,3028,3080,18025.0,10.106588766968136,58.492533837964764
POST01226,2025-06-03 03:00:00,Facebook,Carousel,Brand Awareness,Entertainment,21,210125,194669,151602,8046.0,125,804,2898,11873.0,7.83169087479057,72.14848304580606
POST01227,2025-06-03 06:00:00,Instagram,Reel,Educational Series,Education,21,436412,421682,237727,12850.0,215,1795,4850,19710.0,8.29102289601097,54.47306673510353
POST01228,2025-06-03 09:00:00,Instagram,Text,Educational Series,Entertainment,23,398821,413908,242988,12812.0,269,1664,3311,18056.0,7.43081962895287,60.92658109778573
POST01229,2025-06-03 12:00:00,Linkedin,Video,Festival Campaign,Education,1,166540,176100,157044,4723.0,208,1225,3839,9995.0,6.364458368355365,94.29806653056323
POST01230,2025-06-03 15:00:00,Youtube,Image,Event Promotion,Promotional,21,114385,62150,55834,2327.0,51,471,939,3788.0,6.784396604219651,48.812344275910306
POST01231,2025-06-03 18:00:00,Linkedin,Image,Event Promotion,Education,0,384793,227075,184232,5900.0,237,763,3120,10020.0,5.438794563376613,47.878209842694645
POST01232,2025-06-03 21:00:00,Instagram,Text,Brand Awareness,Entertainment,13,290318,233859,149608,7956.0,181,673,913,9723.0,6.498984011550185,51.53245751210741
POST01233,2025-06-04 00:00:00,Instagram,Image,Special Campaign,Brand,3,65820,53176,46990,1416.0,40,263,1162,2881.0,6.131091721642902,71.39167426314191
POST01234,2025-06-04 03:00:00,Instagram,Reel,Event Promotion,Entertainment,3,146518,123122,76926,6602.0,359,1490,350,8801.0,11.440865247120609,52.50276416549502
POST01235,2025-06-04 06:00:00,Facebook,Image,Event Promotion,Event,8,170170,112864,90968,4641.0,162,1073,2245,8121.0,8.927315099815319,53.457131104189926
POST01236,2025-06-04 09:00:00,Instagram,Video,Event Promotion,Entertainment,2,354726,660279,389789,33905.0,1356,6029,8977,50267.0,12.895951399346824,109.8845305954455
POST01237,2025-06-04 12:00:00,Linkedin,Carousel,Special Campaign,Promotional,4,155258,112172,87170,5091.0,99,794,1903,7887.0,9.047837558793164,56.145254994911696
POST01238,2025-06-04 15:00:00,Youtube,Carousel,Product Launch,Community,0,36722,34922,28490,1597.0,26,241,507,2371.0,8.322218322218323,77.582920320244
POST01239,2025-06-04 18:00:00,Linkedin,Video,Brand Awareness,Promotional,21,390301,540208,459648,37544.0,1151,1605,7535,47835.0,10.40687656641604,117.7675691325413
POST01240,2025-06-04 21:00:00,Instagram,Video,Festival Campaign,Promotional,18,91504,71368,57594,3714.0,195,315,1435,5659.0,9.825676285724208,62.94151075362826
POST01241,2025-06-05 00:00:00,Linkedin,Text,Event Promotion,Education,0,130760,99426,86820,4601.0,101,888,2120,7710.0,8.880442294402211,66.39645151422454
POST01242,2025-06-05 03:00:00,Facebook,Reel,Community Campaign,Promotional,9,60452,69533,50920,1519.0,62,584,1062,3227.0,6.337391987431265,84.23211804406802
POST01243,2025-06-05 06:00:00,Facebook,Image,Seasonal Campaign,Entertainment,21,310414,363188,285865,12789.0,685,3817,1403,18694.0,6.539450439892956,92.09152937689666
POST01244,2025-06-05 09:00:00,Facebook,Carousel,Product Launch,Community,11,199383,168345,114363,8256.0,468,1163,1279,11166.0,9.763647333490727,57.35845082078212
POST01245,2025-06-05 12:00:00,Facebook,Video,Special Campaign,Brand,9,323273,421769,233506,19867.0,1185,1935,5148,28135.0,12.04894092657148,72.2318288257912
POST01246,2025-06-05 15:00:00,Facebook,Carousel,Special Campaign,Promotional,1,255881,137814,112296,8258.0,397,655,2072,11382.0,10.135712759136567,43.88602514450076
POST01247,2025-06-05 18:00:00,Instagram,Reel,Special Campaign,Entertainment,15,26387,58813,50252,3675.0,50,910,285,4920.0,9.790655098304544,190.44226323568424
POST01248,2025-06-05 21:00:00,Instagram,Video,Event Promotion,Education,7,44394,53989,32980,3151.0,168,269,351,3939.0,11.943602183141298,74.28931837635716
POST01249,2025-06-06 00:00:00,Linkedin,Carousel,Seasonal Campaign,Education,13,409257,352028,197144,6392.0,346,807,675,8220.0,4.169541046138863,48.1711980491476
POST01250,2025-06-06 03:00:00,Facebook,Reel,Seasonal Campaign,Brand,14,358971,268159,162926,6453.0,244,1189,3688,11574.0,7.103838552471673,45.38695326363411
POST01251,2025-06-06 06:00:00,Facebook,Image,Product Launch,Brand,15,393254,460461,397539,7860.0,105,3718,7725,19408.0,4.8820367309874,101.08962655179603
POST01252,2025-06-06 09:00:00,Youtube,Reel,Brand Awareness,Entertainment,10,443309,743583,485878,50127.0,1695,2355,6116,60293.0,12.409082115263502,109.60255713283512
POST01253,2025-06-06 12:00:00,Instagram,Reel,Special Campaign,Brand,11,272236,235254,148632,7899.0,162,616,2932,11609.0,7.810565692448463,54.59674694015486
POST01254,2025-06-06 15:00:00,Instagram,Reel,Community Campaign,Brand,1,207708,212303,117850,10069.0,323,1217,2773,14382.0,12.20364870598218,56.73830569838427
POST01255,2025-06-06 18:00:00,Facebook,Image,Community Campaign,Education,3,481362,350848,229443,4869.0,224,637,2101,7831.0,3.4130481208840537,47.665374499856654
POST01256,2025-06-06 21:00:00,Youtube,Image,Community Campaign,Entertainment,2,55241,39199,31377,1070.0,46,200,291,1607.0,5.1215858750039835,56.80020274795894
POST01257,2025-06-07 00:00:00,Instagram,Carousel,Special Campaign,Community,8,467623,474089,419891,25320.0,1240,2731,5718,35009.0,8.337640006573134,89.7926320989344
POST01258,2025-06-07 03:00:00,Youtube,Carousel,Event Promotion,Brand,17,48337,83603,55132,2980.0,100,410,1022,4512.0,8.183994776173547,114.05755425450484
POST01259,2025-06-07 06:00:00,Instagram,Video,Product Launch,Entertainment,18,383136,639244,405434,15794.0,561,4058,10073,30486.0,7.51934963520573,105.81986553077758
POST01260,2025-06-07 09:00:00,Youtube,Reel,Special Campaign,Promotional,6,24804,50445,43424,2692.0,152,248,285,3377.0,7.7768054532056,175.06853733268827
POST01261,2025-06-07 12:00:00,Instagram,Reel,Community Campaign,Education,3,447274,652950,553947,19102.0,793,5582,5831,31308.0,5.651804233979063,123.84958660686738
POST01262,2025-06-07 15:00:00,Facebook,Video,Seasonal Campaign,Community,5,488979,639146,424940,26802.0,1269,3416,4672,36159.0,8.509201299006918,86.90352755435306
POST01263,2025-06-07 18:00:00,Instagram,Reel,Special Campaign,Education,18,77450,115951,66565,2234.0,96,1067,1262,4659.0,6.999173739953429,85.94577146546159
POST01264,2025-06-07 21:00:00,Youtube,Text,Seasonal Campaign,Education,0,464975,317710,285048,12432.0,522,2358,6415,21727.0,7.622225028767085,61.303941072100656
POST01265,2025-06-08 00:00:00,Instagram,Video,Educational Series,Event,15,79529,116717,92001,3237.0,180,1473,648,5538.0,6.019499788045782,115.68232971620415
POST01266,2025-06-08 03:00:00,Instagram,Image,Special Campaign,Entertainment,10,142766,142979,125006,5943.0,165,1203,2337,9648.0,7.71802953458234,87.56006332039841
POST01267,2025-06-08 06:00:00,Instagram,Text,Educational Series,Promotional,21,313478,417705,279718,5821.0,182,749,6436,13188.0,4.714748425199666,89.23050421401183
POST01268,2025-06-08 09:00:00,Youtube,Reel,Product Launch,Brand,3,476750,679138,527479,30201.0,875,5891,2990,39957.0,7.575088297354019,110.64058730991087
POST01269,2025-06-08 12:00:00,Facebook,Reel,Special Campaign,Promotional,17,83452,128015,100629,5377.0,259,1524,1707,8867.0,8.811575192042055,120.58308968029525
POST01270,2025-06-08 15:00:00,Instagram,Carousel,Event Promotion,Entertainment,22,267448,393200,336389,23094.0,1233,4571,2506,31404.0,9.335620368085758,125.77734737219946
POST01271,2025-06-08 18:00:00,Facebook,Image,Event Promotion,Education,4,419727,333052,298937,15730.0,438,1172,3798,21138.0,7.071055105256291,71.22177034119797
POST01272,2025-06-08 21:00:00,Linkedin,Text,Brand Awareness,Event,21,192037,112243,66002,3773.0,64,242,382,4461.0,6.758886094360777,34.369418393330456
POST01273,2025-06-09 00:00:00,Facebook,Reel,Brand Awareness,Entertainment,5,389162,383329,295504,28932.0,1004,5074,5330,40340.0,13.651253451729925,75.93341590391663
POST01274,2025-06-09 03:00:00,Instagram,Image,Community Campaign,Community,1,59440,38965,26019,1486.0,87,194,307,2074.0,7.971098043737269,43.7735531628533
POST01275,2025-06-09 06:00:00,Youtube,Image,Festival Campaign,Community,11,345262,431182,359640,21438.0,432,2551,5567,29988.0,8.338338338338339,104.16437372198504
POST01276,2025-06-09 09:00:00,Instagram,Carousel,Seasonal Campaign,Entertainment,21,105263,188083,153090,9241.0,301,1354,2222,13118.0,8.568815729309556,145.43571815357723
POST01277,2025-06-09 12:00:00,Instagram,Reel,Brand Awareness,Brand,8,146775,164389,141766,11334.0,267,783,2589,14973.0,10.561770805411735,96.58729347640947
POST01278,2025-06-09 15:00:00,Linkedin,Image,Event Promotion,Promotional,19,69217,71050,47624,2444.0,137,435,1081,4097.0,8.602805308247943,68.80390655474811
POST01279,2025-06-09 18:00:00,Instagram,Video,Seasonal Campaign,Promotional,11,444355,468580,287982,13375.0,502,4320,2636,20833.0,7.234132688848609,64.80899280980297
POST01280,2025-06-09 21:00:00,Youtube,Reel,Festival Campaign,Brand,12,236402,348223,194179,10360.0,403,3251,3125,17139.0,8.826392143331669,82.13932200235192
POST01281,2025-06-10 00:00:00,Facebook,Video,Brand Awareness,Event,21,88517,80648,51568,3371.0,35,148,805,4359.0,8.452916537387527,58.257735802162294
POST01282,2025-06-10 03:00:00,Facebook,Image,Product Launch,Education,22,163857,81560,55339,3148.0,134,562,549,4393.0,7.938343663600715,33.772740865510784
POST01283,2025-06-10 06:00:00,Youtube,Video,Educational Series,Education,16,74740,54541,48057,2558.0,64,183,672,3477.0,7.2351582495786255,64.2989028632593
POST01284,2025-06-10 09:00:00,Instagram,Carousel,Brand Awareness,Community,4,493418,537991,388418,11647.0,415,5941,1510,19513.0,5.023711568464901,78.71986834691884
POST01285,2025-06-10 12:00:00,Instagram,Reel,Special Campaign,Event,19,121119,103418,77020,4762.0,174,827,954,6717.0,8.721111399636458,63.5903532889142
POST01286,2025-06-10 15:00:00,Youtube,Image,Brand Awareness,Brand,12,221704,132615,113789,7966.0,315,1237,1018,10536.0,9.259242984822787,51.32473929202901
POST01287,2025-06-10 18:00:00,Instagram,Video,Special Campaign,Entertainment,12,33950,31400,26996,1064.0,54,326,594,2038.0,7.549266558008593,79.51693667157585
POST01288,2025-06-10 21:00:00,Instagram,Image,Product Launch,Promotional,9,477858,259031,190328,10096.0,251,2462,2069,14878.0,7.817031650624186,39.829405388211555
POST01289,2025-06-11 00:00:00,Instagram,Text,Event Promotion,Entertainment,14,202241,118902,70127,4152.0,94,770,506,5522.0,7.874285225376816,34.67496699482301
POST01290,2025-06-11 03:00:00,Instagram,Image,Community Campaign,Promotional,14,92209,107281,69161,2650.0,131,350,1013,4144.0,5.991816196989633,75.00460909455693
POST01291,2025-06-11 06:00:00,Instagram,Reel,Product Launch,Entertainment,17,87278,179657,127540,12148.0,558,1372,2658,16736.0,13.122157754429983,146.1307546002429
POST01292,2025-06-11 09:00:00,Instagram,Image,Community Campaign,Brand,17,58488,43801,35606,2302.0,48,274,384,3008.0,8.448014379598943,60.877444945971824
POST01293,2025-06-11 12:00:00,Youtube,Text,Brand Awareness,Brand,1,318421,152593,121935,3689.0,37,394,2637,6757.0,5.541477016443187,38.29364269316408
POST01294,2025-06-11 15:00:00,Facebook,Reel,Event Promotion,Event,22,196113,282114,218623,7364.0,318,3908,2224,13814.0,6.318639850335966,111.47807641512802
POST01295,2025-06-11 18:00:00,Facebook,Video,Festival Campaign,Entertainment,10,272146,149358,128162,4723.0,84,1006,2458,8271.0,6.453550974547838,47.093104436589186
POST01296,2025-06-11 21:00:00,Instagram,Video,Brand Awareness,Entertainment,12,285678,507705,421865,21234.0,1228,1588,2335,26385.0,6.25437047396679,147.6715042810437
POST01297,2025-06-12 00:00:00,Instagram,Image,Product Launch,Event,10,100221,68311,61052,4261.0,171,220,266,4918.0,8.05542815960165,60.917372606539544
POST01298,2025-06-12 03:00:00,Instagram,Reel,Festival Campaign,Event,3,221744,251928,216961,10285.0,539,2446,4171,17441.0,8.038771945188305,97.84300815354644
POST01299,2025-06-12 06:00:00,Facebook,Carousel,Educational Series,Brand,14,91121,53393,33022,2621.0,131,466,366,3584.0,10.85337048028587,36.2397252005575
POST01300,2025-06-12 09:00:00,Facebook,Reel,Festival Campaign,Brand,21,356234,311485,177598,7129.0,270,2347,2068,11814.0,6.652101938084888,49.854309246169656
POST01301,2025-06-12 12:00:00,Instagram,Video,Product Launch,Community,22,129777,242601,168626,15821.0,504,969,2635,19929.0,11.818462158860436,129.93519652943127
POST01302,2025-06-12 15:00:00,Linkedin,Image,Seasonal Campaign,Entertainment,10,469526,213837,163826,5546.0,193,863,4048,10650.0,6.500799628874537,34.89178448051865
POST01303,2025-06-12 18:00:00,Instagram,Image,Festival Campaign,Brand,17,21634,34910,27058,1412.0,70,357,183,2022.0,7.472836129795255,125.07164648238884
POST01304,2025-06-12 21:00:00,Youtube,Video,Product Launch,Brand,15,299052,326495,210141,6097.0,256,677,2016,9046.0,4.304728729757639,70.26905019862765
POST01305,2025-06-13 00:00:00,Facebook,Image,Seasonal Campaign,Entertainment,9,434526,500484,425891,14557.0,295,5721,7355,27928.0,6.55754641445816,98.01277714106867
POST01306,2025-06-13 03:00:00,Linkedin,Image,Brand Awareness,Event,11,362797,180246,119906,3522.0,142,1486,2208,7358.0,6.136473570963922,33.05043867507174
POST01307,2025-06-13 06:00:00,Facebook,Image,Seasonal Campaign,Entertainment,12,349402,194685,169704,3085.0,93,1652,3145,7975.0,4.69935888370339,48.56984218750895
POST01308,2025-06-13 09:00:00,Facebook,Image,Event Promotion,Education,8,225219,194346,138969,3677.0,48,1783,2237,7745.0,5.573185386668969,61.703941496942974
POST01309,2025-06-13 12:00:00,Instagram,Image,Educational Series,Entertainment,20,469297,279066,154501,7729.0,224,553,2463,10969.0,7.099630423104057,32.921795792429954
POST01310,2025-06-13 15:00:00,Facebook,Video,Seasonal Campaign,Education,12,212644,298782,181275,9439.0,201,3100,1134,13874.0,7.653565025513723,85.24811421907037
POST01311,2025-06-13 18:00:00,Instagram,Image,Event Promotion,Entertainment,5,271917,275937,161647,9216.0,478,693,3453,13840.0,8.561866288888751,59.447184251076614
POST01312,2025-06-13 21:00:00,Linkedin,Image,Event Promotion,Education,5,351544,303530,171618,9308.0,141,1405,548,11402.0,6.643825239776713,48.81835559702342
POST01313,2025-06-14 00:00:00,Youtube,Carousel,Event Promotion,Education,10,217675,169612,135673,9681.0,271,1190,1653,12795.0,9.43076367442306,62.32824164465372
POST01314,2025-06-14 03:00:00,Facebook,Reel,Seasonal Campaign,Entertainment,18,242584,324227,200148,18739.0,839,2253,1548,23379.0,11.680856166436836,82.50667809913267
POST01315,2025-06-14 06:00:00,Youtube,Reel,Product Launch,Community,10,255814,400226,337597,30365.0,1666,2403,1787,36221.0,10.729064535526085,131.96971236914322
POST01316,2025-06-14 09:00:00,Facebook,Text,Special Campaign,Brand,9,136107,115360,74126,2606.0,69,675,743,4093.0,5.521679302808731,54.46156332885157
POST01317,2025-06-14 12:00:00,Youtube,Carousel,Product Launch,Promotional,22,486023,447626,251258,10163.0,409,3074,4386,18032.0,7.176686911461526,51.69673040164766
POST01318,2025-06-14 15:00:00,Facebook,Image,Educational Series,Brand,14,411612,477825,400052,18052.0,517,5185,5575,29329.0,7.331296931398919,97.19152988736965
POST01319,2025-06-14 18:00:00,Instagram,Carousel,Product Launch,Education,12,228436,420605,299954,16411.0,330,2705,6664,26110.0,8.704668049100862,131.30767479731742
POST01320,2025-06-14 21:00:00,Instagram,Reel,Community Campaign,Entertainment,22,132436,282654,214768,10830.0,284,2547,3477,17138.0,7.979773523057439,162.1673865112205
POST01321,2025-06-15 00:00:00,Instagram,Carousel,Product Launch,Entertainment,7,313275,423160,282535,15545.0,649,4077,2421,22692.0,8.031571309749234,90.18753491341474
POST01322,2025-06-15 03:00:00,Instagram,Image,Product Launch,Entertainment,4,433602,430961,243973,5785.0,265,3063,3497,12610.0,5.168604722653736,56.2665762611796
POST01323,2025-06-15 06:00:00,Linkedin,Image,Product Launch,Entertainment,1,462997,186011,126406,3852.0,109,1188,1011,6160.0,4.873186399379776,27.301688779840905
POST01324,2025-06-15 09:00:00,Instagram,Image,Brand Awareness,Community,15,343904,537524,393145,22915.0,403,4481,2724,30523.0,7.763802159508579,114.3182399739462
POST01325,2025-06-15 12:00:00,Linkedin,Reel,Educational Series,Promotional,12,349514,527714,292401,11772.0,199,3256,7020,22247.0,7.608387112219178,83.65930978444354
POST01326,2025-06-15 15:00:00,Instagram,Reel,Community Campaign,Event,18,411985,333359,250353,9224.0,467,2293,3328,15312.0,6.116163976465231,60.76750367125017
POST01327,2025-06-15 18:00:00,Instagram,Text,Product Launch,Education,8,74470,57431,49537,1383.0,59,491,858,2791.0,5.634172436764439,66.51940378675977
POST01328,2025-06-15 21:00:00,Facebook,Image,Special Campaign,Promotional,14,401832,449179,281295,10699.0,496,3064,6249,20508.0,7.290566842638511,70.00313563877441
POST01329,2025-06-16 00:00:00,Facebook,Image,Educational Series,Brand,5,335427,157815,137988,4931.0,169,639,1392,7131.0,5.167840681798417,41.13801214571278
POST01330,2025-06-16 03:00:00,Youtube,Reel,Festival Campaign,Event,7,150263,149675,87434,4828.0,158,297,1780,7063.0,8.078093190292106,58.18731158036243
POST01331,2025-06-16 06:00:00,Youtube,Reel,Brand Awareness,Event,23,153425,324418,272155,10046.0,206,3309,5539,19100.0,7.018059561646855,177.38634511976537
POST01332,2025-06-16 09:00:00,Facebook,Carousel,Seasonal Campaign,Entertainment,13,296022,376891,318138,9995.0,184,4322,6721,21222.0,6.670690077890727,107.47106633966395
POST01333,2025-06-16 12:00:00,Instagram,Image,Special Campaign,Promotional,4,399887,609839,390428,11999.0,212,1831,2798,16840.0,4.313215240710195,97.63458176934984
POST01334,2025-06-16 15:00:00,Linkedin,Image,Product Launch,Brand,16,96668,44694,39565,1571.0,93,426,956,3046.0,7.698723619360546,40.92874581040262
POST01335,2025-06-16 18:00:00,Linkedin,Reel,Special Campaign,Entertainment,21,28203,20863,14516,757.0,38,139,131,1065.0,7.336731882061173,51.46970180477254
POST01336,2025-06-16 21:00:00,Facebook,Carousel,Community Campaign,Entertainment,6,30322,31674,18986,1345.0,55,126,381,1907.0,10.044243126514274,62.61460325836027
POST01337,2025-06-17 00:00:00,Instagram,Reel,Brand Awareness,Community,8,358975,560974,424713,28451.0,589,2344,2790,34174.0,8.046374846072524,118.31269587018593
POST01338,2025-06-17 03:00:00,Facebook,Reel,Community Campaign,Education,15,471991,440957,396338,28102.0,755,7288,9247,45392.0,11.452850849527424,83.97151640603316
POST01339,2025-06-17 06:00:00,Instagram,Image,Seasonal Campaign,Event,17,55925,83582,72277,3488.0,96,320,897,4801.0,6.642500380480651,129.2391595887349
POST01340,2025-06-17 09:00:00,Instagram,Reel,Seasonal Campaign,Brand,12,42247,92358,59802,3414.0,115,437,1059,5025.0,8.402729005718871,141.55324638435866
POST01341,2025-06-17 12:00:00,Instagram,Reel,Special Campaign,Event,17,127930,157997,118805,12174.0,378,974,2578,16104.0,13.554985059551367,92.86719299616978
POST01342,2025-06-17 15:00:00,Youtube,Carousel,Brand Awareness,Promotional,9,430556,326100,192522,4495.0,254,1152,1773,7674.0,3.9860379592981583,44.71474093962225
POST01343,2025-06-17 18:00:00,Linkedin,Carousel,Festival Campaign,Education,0,236850,129139,91901,3179.0,146,397,1062,4784.0,5.205601680068769,38.801351066075576
POST01344,2025-06-17 21:00:00,Facebook,Video,Special Campaign,Entertainment,20,401640,427015,313033,13928.0,195,2482,3097,19702.0,6.2939051154351136,77.93870132456927
POST01345,2025-06-18 00:00:00,Facebook,Image,Educational Series,Education,17,173594,88995,58767,3854.0,107,430,542,4933.0,8.394166794289312,33.8531285643513
POST01346,2025-06-18 03:00:00,Youtube,Reel,Brand Awareness,Entertainment,18,195666,272342,195940,19137.0,318,2336,2787,24578.0,12.543635806879658,100.14003454866966
POST01347,2025-06-18 06:00:00,Instagram,Reel,Event Promotion,Education,1,359775,539884,470767,43308.0,1037,2469,7074,53888.0,11.446851627238102,130.85039260649017
POST01348,2025-06-18 09:00:00,Instagram,Text,Seasonal Campaign,Entertainment,3,328479,409186,296679,10016.0,580,2699,1391,14686.0,4.9501312866768465,90.31901582749582
POST01349,2025-06-18 12:00:00,Linkedin,Image,Festival Campaign,Event,10,274192,157186,132169,8906.0,403,719,2354,12382.0,9.368308756213635,48.20308397035654
POST01350,2025-06-18 15:00:00,Instagram,Carousel,Special Campaign,Event,2,371105,495952,327867,8919.0,92,4796,4013,17820.0,5.435130708488503,88.3488500559141
POST01351,2025-06-18 18:00:00,Linkedin,Reel,Seasonal Campaign,Event,8,54723,70769,62983,4842.0,128,514,1421,6905.0,10.963275804582189,115.09420170677778
POST01352,2025-06-18 21:00:00,Youtube,Image,Event Promotion,Event,9,488956,530495,309125,21209.0,677,3677,6949,32512.0,10.517428224828144,63.22143505755119
POST01353,2025-06-19 00:00:00,Youtube,Reel,Festival Campaign,Education,1,24991,51964,39230,3329.0,133,335,739,4536.0,11.562579658424674,156.9765115441559
POST01354,2025-06-19 03:00:00,Facebook,Image,Seasonal Campaign,Entertainment,6,450049,401823,332090,10960.0,383,2563,7233,21139.0,6.365443102773345,73.78974289466258
POST01355,2025-06-19 06:00:00,Youtube,Text,Event Promotion,Event,14,167139,193302,161390,7631.0,102,828,3759,12320.0,7.6336823842865105,96.56034797384213
POST01356,2025-06-19 09:00:00,Linkedin,Text,Event Promotion,Education,18,33763,15093,9348,264.0,9,49,146,468.0,5.006418485237484,27.687113111986495
POST01357,2025-06-19 12:00:00,Linkedin,Image,Seasonal Campaign,Entertainment,9,465171,355270,245340,5894.0,97,2217,5981,14189.0,5.78340262492867,52.741894916063124
POST01358,2025-06-19 15:00:00,Youtube,Image,Special Campaign,Education,23,64863,66995,51483,2920.0,105,510,1236,4771.0,9.267136724744091,79.37190694232459
POST01359,2025-06-19 18:00:00,Instagram,Text,Seasonal Campaign,Community,19,299552,401551,265248,6117.0,136,2649,1436,10338.0,3.8974846181686575,88.5482320264929
POST01360,2025-06-19 21:00:00,Youtube,Carousel,Community Campaign,Event,13,176248,143413,111920,3133.0,53,1104,1622,5912.0,5.282344531808435,63.50142980345876
POST01361,2025-06-20 00:00:00,Linkedin,Reel,Brand Awareness,Promotional,3,186169,124106,84711,5848.0,142,530,467,6987.0,8.248043347381095,45.502204985792474
POST01362,2025-06-20 03:00:00,Instagram,Image,Brand Awareness,Education,10,202922,243629,163914,8443.0,126,2192,2958,13719.0,8.369632856253888,80.77685021831049
POST01363,2025-06-20 06:00:00,Facebook,Reel,Festival Campaign,Event,2,204918,173508,101992,3057.0,73,1443,2023,6596.0,6.467173895991843,49.77210396353664
POST01364,2025-06-20 09:00:00,Facebook,Image,Educational Series,Brand,22,134177,123807,69794,1273.0,67,431,1567,3338.0,4.782646072728315,52.01636644134241
POST01365,2025-06-20 12:00:00,Facebook,Image,Seasonal Campaign,Entertainment,16,186866,222878,187740,12321.0,312,2464,3247,18344.0,9.770959838073932,100.46771483308896
POST01366,2025-06-20 15:00:00,Instagram,Image,Special Campaign,Community,6,214396,334935,241602,5852.0,196,3144,3137,12329.0,5.103020670358689,112.68960241795556
POST01367,2025-06-20 18:00:00,Facebook,Image,Community Campaign,Event,10,371911,220243,164522,8148.0,293,449,1057,9947.0,6.045999927061427,44.236927652045786
POST01368,2025-06-20 21:00:00,Linkedin,Reel,Brand Awareness,Brand,17,471702,329121,223893,22473.0,425,657,1287,24842.0,11.095478643816465,47.46492488901892
POST01369,2025-06-21 00:00:00,Instagram,Image,Brand Awareness,Education,13,283155,324381,193934,8851.0,284,449,2653,12237.0,6.309878618499078,68.49040278292809
POST01370,2025-06-21 03:00:00,Instagram,Video,Special Campaign,Education,13,174499,273083,193165,6580.0,346,2528,4117,13571.0,7.02559987575389,110.69690943787644
POST01371,2025-06-21 06:00:00,Linkedin,Carousel,Community Campaign,Brand,5,58392,57007,35922,1644.0,23,424,701,2792.0,7.77239574633929,61.5187011919441
POST01372,2025-06-21 09:00:00,Instagram,Reel,Product Launch,Community,8,275055,532706,449171,33541.0,1883,6663,10051,52138.0,11.607606011964263,163.30224864118085
POST01373,2025-06-21 12:00:00,Linkedin,Text,Community Campaign,Brand,21,78990,52178,46718,2304.0,123,357,973,3757.0,8.04186823066056,59.14419546778073
POST01374,2025-06-21 15:00:00,Youtube,Text,Special Campaign,Entertainment,2,464068,234213,201700,8534.0,450,863,1516,11363.0,5.633614278631631,43.46345794150857
POST01375,2025-06-21 18:00:00,Instagram,Reel,Brand Awareness,Education,16,428445,862308,633706,18172.0,362,3437,4693,26664.0,4.207629405434066,147.90836630139225
POST01376,2025-06-21 21:00:00,Linkedin,Reel,Educational Series,Brand,11,360924,217528,167463,6223.0,212,3061,2189,11685.0,6.977660736998621,46.398410745752564
POST01377,2025-06-22 00:00:00,Youtube,Carousel,Product Launch,Promotional,3,495354,297505,262352,11654.0,475,3820,1890,17839.0,6.799643227419649,52.962527808395606
POST01378,2025-06-22 03:00:00,Youtube,Video,Special Campaign,Promotional,19,241070,404020,298384,22322.0,334,1844,2125,26625.0,8.923065579923858,123.77483718422036
POST01379,2025-06-22 06:00:00,Instagram,Text,Special Campaign,Brand,15,176374,166412,128720,5315.0,201,403,1144,7063.0,5.4871037911746425,72.98127841972173
POST01380,2025-06-22 09:00:00,Youtube,Video,Event Promotion,Entertainment,23,43536,68880,53053,1443.0,75,437,185,2140.0,4.033702146909694,121.86006982726938
POST01381,2025-06-22 12:00:00,Instagram,Carousel,Community Campaign,Education,9,369890,411414,328243,23372.0,1328,906,5110,30716.0,9.357701458980085,88.74070669658548
POST01382,2025-06-22 15:00:00,Instagram,Image,Event Promotion,Promotional,6,287729,158820,122942,6230.0,148,454,1441,8273.0,6.729189373851084,42.72840068258674
POST01383,2025-06-22 18:00:00,Linkedin,Reel,Product Launch,Brand,9,462346,399585,313573,29851.0,729,2830,2578,35988.0,11.476753419458946,67.82215051065651
POST01384,2025-06-22 21:00:00,Instagram,Reel,Product Launch,Brand,6,263481,455477,366232,21452.0,504,2429,2180,26565.0,7.253598811682211,138.99749887088632
POST01385,2025-06-23 00:00:00,Facebook,Image,Product Launch,Event,22,475173,279315,232720,10349.0,182,2425,3032,15988.0,6.870058439326229,48.975846691625996
POST01386,2025-06-23 03:00:00,Instagram,Carousel,Festival Campaign,Brand,17,77210,115555,79856,3717.0,117,1154,1297,6285.0,7.87041675015027,103.42701722574796
POST01387,2025-06-23 06:00:00,Facebook,Image,Community Campaign,Entertainment,8,233803,245134,198813,11334.0,557,2472,4853,19216.0,9.665363934953952,85.03440931040235
POST01388,2025-06-23 09:00:00,Instagram,Carousel,Special Campaign,Promotional,21,231445,278284,162815,11133.0,507,1684,1397,14721.0,9.041550225716303,70.34716671347404
POST01389,2025-06-23 12:00:00,Linkedin,Reel,Seasonal Campaign,Event,17,263769,377387,323294,26643.0,1465,4684,1157,33949.0,10.500968159013158,122.56709469270459
POST01390,2025-06-23 15:00:00,Youtube,Image,Educational Series,Promotional,16,418672,561551,365859,12346.0,343,2773,7021,22483.0,6.145263612484591,87.38559062941873
POST01391,2025-06-23 18:00:00,Instagram,Reel,Educational Series,Promotional,10,404509,869601,601077,45447.0,1754,3052,4913,55166.0,9.17785907629139,148.59422163660142
POST01392,2025-06-23 21:00:00,Instagram,Image,Special Campaign,Entertainment,0,270669,339397,282128,10235.0,494,2604,3852,17185.0,6.091206828106391,104.23358419323972
POST01393,2025-06-24 00:00:00,Instagram,Video,Event Promotion,Brand,16,204933,237496,183571,15431.0,847,1442,3814,21534.0,11.73061104422812,89.57610536126441
POST01394,2025-06-24 03:00:00,Youtube,Carousel,Special Campaign,Entertainment,3,450505,510577,335969,8221.0,440,732,1281,10674.0,3.1770788376308525,74.57608683588417
POST01395,2025-06-24 06:00:00,Instagram,Text,Event Promotion,Brand,3,29775,32438,20399,340.0,11,144,124,619.0,3.0344624736506693,68.5104953820319
POST01396,2025-06-24 09:00:00,Facebook,Reel,Seasonal Campaign,Event,13,215953,179534,158923,5392.0,298,945,820,7455.0,4.690950963674232,73.59147592300175
POST01397,2025-06-24 12:00:00,Youtube,Image,Event Promotion,Entertainment,8,296243,363328,210992,6103.0,196,2568,1717,10584.0,5.0163039356942445,71.2226111671837
POST01398,2025-06-24 15:00:00,Instagram,Reel,Community Campaign,Entertainment,12,384485,628639,346705,10032.0,553,6373,2359,19317.0,5.571595448580205,90.17386894157119
POST01399,2025-06-24 18:00:00,Facebook,Image,Brand Awareness,Community,15,323986,156412,122865,2686.0,131,454,1224,4495.0,3.6584869572294796,37.92293494163328
POST01400,2025-06-24 21:00:00,Facebook,Video,Event Promotion,Education,0,263362,300724,230073,10591.0,223,657,4467,15938.0,6.927366531492178,87.35998359672237
POST01401,2025-06-25 00:00:00,Instagram,Carousel,Product Launch,Entertainment,2,339307,242312,195828,5343.0,301,422,769,6835.0,3.490307821149172,57.71410551506453
POST01402,2025-06-25 03:00:00,Instagram,Video,Event Promotion,Community,18,233423,172873,139348,11391.0,252,2319,644,14606.0,10.481671785745041,59.697630482000484
POST01403,2025-06-25 06:00:00,Instagram,Reel,Product Launch,Education,7,228834,496070,422721,12766.0,707,2185,6516,22174.0,5.2455402026395666,184.7282309447023
POST01404,2025-06-25 09:00:00,Facebook,Video,Festival Campaign,Brand,17,142863,152736,133298,11912.0,485,1225,1925,15547.0,11.663340785308108,93.30477450424533
POST01405,2025-06-25 12:00:00,Facebook,Reel,Brand Awareness,Brand,5,377752,461102,378683,35567.0,1542,1350,5085,43544.0,11.498799787685215,100.24645799360428
POST01406,2025-06-25 15:00:00,Youtube,Video,Brand Awareness,Brand,19,487891,502292,317098,12367.0,191,2607,4550,19715.0,6.217320828261295,64.99361537720515
POST01407,2025-06-25 18:00:00,Facebook,Reel,Seasonal Campaign,Community,5,458083,558866,398037,12569.0,167,6318,7692,26746.0,6.7194758276240645,86.89189513690751
POST01408,2025-06-25 21:00:00,Facebook,Reel,Community Campaign,Community,4,423075,331088,256460,8779.0,512,2429,4019,15739.0,6.137019418232863,60.61809371860781
POST01409,2025-06-26 00:00:00,Youtube,Image,Special Campaign,Education,11,129478,159670,117960,5684.0,152,1282,1539,8657.0,7.338928450322143,91.10428026382861
POST01410,2025-06-26 03:00:00,Linkedin,Text,Community Campaign,Brand,8,75700,60106,36401,1530.0,79,299,174,2082.0,5.719623087277822,48.08586525759577
POST01411,2025-06-26 06:00:00,Instagram,Reel,Educational Series,Promotional,8,22539,47673,36052,1824.0,82,408,881,3195.0,8.8621990458227,159.95385775766448
POST01412,2025-06-26 09:00:00,Instagram,Image,Festival Campaign,Entertainment,16,128609,84262,72489,2466.0,99,756,599,3920.0,5.407717032929134,56.36386256016297
POST01413,2025-06-26 12:00:00,Instagram,Video,Seasonal Campaign,Community,18,360879,549678,382840,23838.0,1055,6169,8468,39530.0,10.325462334134365,106.08541921253385
POST01414,2025-06-26 15:00:00,Instagram,Image,Community Campaign,Community,16,184230,260400,204186,7045.0,101,2262,2314,11722.0,5.740844132310737,110.83211203387071
POST01415,2025-06-26 18:00:00,Youtube,Reel,Product Launch,Community,21,216690,194663,149029,14735.0,451,2129,2689,20004.0,13.422890846747947,68.77520882366514
POST01416,2025-06-26 21:00:00,Linkedin,Image,Festival Campaign,Education,15,463370,200016,136403,5273.0,212,1365,1771,8621.0,6.320242223411508,29.43716684291171
POST01417,2025-06-27 00:00:00,Instagram,Image,Brand Awareness,Brand,11,77824,110688,82777,2472.0,131,305,893,3801.0,4.59185522548534,106.36436060855263
POST01418,2025-06-27 03:00:00,Instagram,Text,Special Campaign,Promotional,2,258344,301503,188009,4055.0,185,2024,3104,9368.0,4.982740187969725,72.77467252965039
POST01419,2025-06-27 06:00:00,Youtube,Video,Special Campaign,Entertainment,13,273156,342066,253517,17615.0,398,1421,3750,23184.0,9.144948859445323,92.81033548594942
POST01420,2025-06-27 09:00:00,Linkedin,Image,Product Launch,Entertainment,16,294425,129250,107224,3821.0,226,630,869,5546.0,5.172349473998358,36.41810308227902
POST01421,2025-06-27 12:00:00,Instagram,Text,Seasonal Campaign,Brand,21,428336,391717,319496,7506.0,316,2092,3321,13235.0,4.142461877456995,74.5900414627769
POST01422,2025-06-27 15:00:00,Youtube,Image,Seasonal Campaign,Promotional,15,29946,26527,17913,589.0,20,58,67,734.0,4.097582761123206,59.817671809256666
POST01423,2025-06-27 18:00:00,Instagram,Reel,Festival Campaign,Education,20,144128,229009,134938,6748.0,331,1704,979,9762.0,7.234433591723606,93.62372335701599
POST01424,2025-06-27 21:00:00,Instagram,Reel,Brand Awareness,Community,11,406160,595526,494274,36979.0,1484,2811,5134,46408.0,9.389124250921553,121.69440614536144
POST01425,2025-06-28 00:00:00,Linkedin,Image,Community Campaign,Community,23,96427,74184,47682,1308.0,59,600,1162,3129.0,6.562224738895181,49.44880583239134
POST01426,2025-06-28 03:00:00,Linkedin,Reel,Product Launch,Brand,1,498392,636055,361638,30073.0,1228,6371,5278,42950.0,11.87651740137928,72.56095603460729
POST01427,2025-06-28 06:00:00,Instagram,Text,Product Launch,Entertainment,7,46111,52906,37341,1072.0,20,254,687,2033.0,5.444417664229667,80.98067706187244
POST01428,2025-06-28 09:00:00,Linkedin,Video,Brand Awareness,Community,11,203468,224429,181521,10738.0,399,1708,3234,16079.0,8.857928283779838,89.21353726384493
POST01429,2025-06-28 12:00:00,Facebook,Reel,Product Launch,Entertainment,20,315434,257949,214864,16561.0,400,931,5281,23173.0,10.7849616501601,68.11694363955692
POST01430,2025-06-28 15:00:00,Linkedin,Image,Special Campaign,Entertainment,15,247212,159681,142718,6758.0,260,1631,2172,10821.0,7.582084950742023,57.73101629370743
POST01431,2025-06-28 18:00:00,Youtube,Carousel,Community Campaign,Brand,7,185534,122408,75439,4731.0,76,549,1198,6554.0,8.687813995413512,40.660471935063114
POST01432,2025-06-28 21:00:00,Youtube,Text,Community Campaign,Event,15,497388,390514,254938,7524.0,162,994,2447,11127.0,4.364590606343503,51.255357990140496
POST01433,2025-06-29 00:00:00,Youtube,Video,Community Campaign,Event,9,286981,556986,425159,39696.0,2002,7621,7131,56450.0,13.277385636902899,148.1488321526512
POST01434,2025-06-29 03:00:00,Facebook,Image,Brand Awareness,Event,19,31801,29409,24526,1049.0,31,235,482,1797.0,7.326918372339558,77.12336090060062
POST01435,2025-06-29 06:00:00,Instagram,Video,Event Promotion,Promotional,14,411486,387883,245113,11564.0,505,870,1292,14231.0,5.805893608254152,59.567761722148504
POST01436,2025-06-29 09:00:00,Instagram,Image,Event Promotion,Brand,3,174782,145080,100608,3421.0,119,1124,1364,6028.0,5.991571246819339,57.56199150942317
POST01437,2025-06-29 12:00:00,Instagram,Image,Seasonal Campaign,Entertainment,14,117157,71435,49500,1005.0,27,523,607,2162.0,4.367676767676768,42.25099652602917
POST01438,2025-06-29 15:00:00,Facebook,Reel,Seasonal Campaign,Community,3,265907,212306,174202,13834.0,480,1634,957,16905.0,9.704251386321626,65.51237838793263
POST01439,2025-06-29 18:00:00,Instagram,Reel,Special Campaign,Promotional,10,60916,93873,59546,2767.0,140,279,625,3811.0,6.4000940449400465,97.75100137894806
POST01440,2025-06-29 21:00:00,Facebook,Image,Product Launch,Event,5,426281,291718,259356,18098.0,435,1976,3831,24340.0,9.384783849226546,60.841557564141965
POST01441,2025-06-30 00:00:00,Linkedin,Reel,Community Campaign,Education,3,82546,60433,44035,1867.0,58,682,761,3368.0,7.648461451118428,53.34601313207181
POST01442,2025-06-30 03:00:00,Instagram,Reel,Product Launch,Promotional,8,327618,330466,214381,14427.0,290,832,2005,17554.0,8.18822563566734,65.4362702903992
POST01443,2025-06-30 06:00:00,Facebook,Carousel,Brand Awareness,Promotional,8,276537,302113,196222,13212.0,364,849,2644,17069.0,8.698820723466277,70.95687014757519
POST01444,2025-06-30 09:00:00,Youtube,Reel,Product Launch,Brand,2,375910,568784,316474,29707.0,1611,4133,6060,41511.0,13.116717329069685,84.1887685882259
POST01445,2025-06-30 12:00:00,Linkedin,Image,Educational Series,Community,22,56388,54510,43191,1142.0,56,360,530,2088.0,4.834340487601583,76.59608427324963
POST01446,2025-06-30 15:00:00,Instagram,Image,Event Promotion,Promotional,4,96167,70962,58301,4151.0,119,722,1381,6373.0,10.931201866177252,60.62474653467406
POST01447,2025-06-30 18:00:00,Facebook,Text,Product Launch,Community,14,377508,343490,192818,10759.0,178,1821,708,13466.0,6.983787820639152,51.076533477436236
POST01448,2025-06-30 21:00:00,Facebook,Image,Product Launch,Brand,8,94667,82654,62410,4368.0,135,783,544,5830.0,9.341451690434226,65.92582420484435
POST01449,2025-07-01 00:00:00,Linkedin,Reel,Festival Campaign,Education,1,361987,288457,237568,21977.0,1067,2488,1409,26941.0,11.34033203125,65.62887617511126
POST01450,2025-07-01 03:00:00,Facebook,Image,Special Campaign,Entertainment,2,285853,179109,122095,7984.0,97,1345,1820,11246.0,9.210860395593595,42.712513074902134
POST01451,2025-07-01 06:00:00,Youtube,Video,Product Launch,Entertainment,20,68754,80806,56682,3804.0,179,179,391,4553.0,8.032532373593028,82.44174884370365
POST01452,2025-07-01 09:00:00,Facebook,Text,Educational Series,Event,11,263291,170635,115446,6123.0,269,504,2230,9126.0,7.904994542903175,43.847302034630886
POST01453,2025-07-01 12:00:00,Linkedin,Image,Event Promotion,Event,15,368401,154508,102049,4779.0,63,952,2367,8161.0,7.997138629481916,27.700521985553785
POST01454,2025-07-01 15:00:00,Youtube,Reel,Festival Campaign,Education,4,248802,477465,344681,23431.0,978,5344,2605,32358.0,9.387810758353377,138.53626578564482
POST01455,2025-07-01 18:00:00,Instagram,Text,Special Campaign,Entertainment,9,287238,160677,97713,3939.0,98,690,2242,6969.0,7.132111387430537,34.01813130574645
POST01456,2025-07-01 21:00:00,Linkedin,Reel,Brand Awareness,Event,14,160487,164145,115597,11988.0,226,1239,1953,15406.0,13.327335484484893,72.02888707496558
POST01457,2025-07-02 00:00:00,Facebook,Carousel,Seasonal Campaign,Community,13,462062,385546,339141,9352.0,273,1792,2481,13898.0,4.0980005366499475,73.39729300396917
POST01458,2025-07-02 03:00:00,Facebook,Image,Brand Awareness,Promotional,13,264852,217166,121524,7474.0,151,466,2333,10424.0,8.577729501991376,45.88373884282543
POST01459,2025-07-02 06:00:00,Instagram,Reel,Event Promotion,Brand,22,492282,1065530,647480,30637.0,1569,11263,3236,46705.0,7.213350219311794,131.52623902559915
POST01460,2025-07-02 09:00:00,Facebook,Reel,Seasonal Campaign,Event,12,27472,47862,39351,2131.0,100,196,717,3144.0,7.989631775558435,143.24039021549214
POST01461,2025-07-02 12:00:00,Instagram,Reel,Brand Awareness,Education,15,214802,174338,103943,3355.0,198,1034,2281,6868.0,6.607467554332663,48.39014534315323
POST01462,2025-07-02 15:00:00,Facebook,Carousel,Special Campaign,Entertainment,7,56131,47380,30557,1318.0,48,434,730,2530.0,8.279608600320712,54.43872369991627
POST01463,2025-07-02 18:00:00,Instagram,Text,Educational Series,Education,7,104943,124446,88256,5258.0,76,259,370,5963.0,6.756481145757795,84.09898706917089
POST01464,2025-07-02 21:00:00,Facebook,Reel,Product Launch,Brand,16,365881,353852,311427,17742.0,503,1481,1358,21084.0,6.770125904305021,85.1170189214526
POST01465,2025-07-03 00:00:00,Linkedin,Video,Event Promotion,Brand,16,441164,486636,298904,21586.0,1121,3946,7014,33667.0,11.263482589727806,67.75348849860822
POST01466,2025-07-03 03:00:00,Instagram,Reel,Seasonal Campaign,Education,2,197980,460882,402386,14250.0,425,3301,8197,26173.0,6.504450950082756,203.24578240226288
POST01467,2025-07-03 06:00:00,Linkedin,Image,Festival Campaign,Event,0,200907,165883,132952,9016.0,295,917,2663,12891.0,9.695980504242133,66.1758923282912
POST01468,2025-07-03 09:00:00,Youtube,Reel,Product Launch,Event,16,271267,237088,186090,16853.0,515,2451,3598,23417.0,12.58369606104573,68.60030892073124
POST01469,2025-07-03 12:00:00,Linkedin,Text,Brand Awareness,Entertainment,23,305259,245965,197568,6397.0,139,1026,3710,11272.0,5.705377389050859,64.7214332746946
POST01470,2025-07-03 15:00:00,Facebook,Video,Brand Awareness,Community,15,310105,491203,275533,13525.0,184,4099,4543,22351.0,8.11191399941205,88.85151803421422
POST01471,2025-07-03 18:00:00,Youtube,Carousel,Festival Campaign,Entertainment,16,67083,93946,54922,2649.0,50,841,1146,4686.0,8.532100069189031,81.87171116378218
POST01472,2025-07-03 21:00:00,Facebook,Video,Educational Series,Promotional,1,472633,469132,313002,16554.0,466,5307,1174,23501.0,7.508258733171035,66.2251683653067
POST01473,2025-07-04 00:00:00,Linkedin,Carousel,Special Campaign,Community,13,465278,566083,326000,6465.0,270,3111,6287,16133.0,4.948773006134969,70.06563817760565
POST01474,2025-07-04 03:00:00,Youtube,Text,Special Campaign,Promotional,6,67182,81395,72901,4344.0,167,361,1153,6025.0,8.264632858259832,108.5126968533238
POST01475,2025-07-04 06:00:00,Instagram,Carousel,Festival Campaign,Entertainment,18,147987,267597,201539,14523.0,591,1616,4628,21358.0,10.597452602225871,136.18696236831613
POST01476,2025-07-04 09:00:00,Facebook,Text,Event Promotion,Community,0,284161,174894,126023,3409.0,131,594,2974,7108.0,5.640240273600851,44.34915417668152
POST01477,2025-07-04 12:00:00,Facebook,Image,Festival Campaign,Community,16,417439,436083,359737,25546.0,363,2506,2989,31404.0,8.729710872109345,86.17714204949706
POST01478,2025-07-04 15:00:00,Facebook,Reel,Brand Awareness,Promotional,9,81852,110532,98587,2682.0,116,277,2008,5083.0,5.1558521914654065,120.44543810780432
POST01479,2025-07-04 18:00:00,Facebook,Image,Educational Series,Education,5,251560,138499,122474,5100.0,149,299,2945,8493.0,6.93453304374806,48.685800604229605
POST01480,2025-07-04 21:00:00,Youtube,Reel,Educational Series,Event,6,332653,492588,407652,28706.0,1547,6373,3614,40240.0,9.87116462080402,122.54571580595996
POST01481,2025-07-05 00:00:00,Facebook,Image,Community Campaign,Community,5,174147,175998,120032,2404.0,87,686,2607,5784.0,4.818715009330845,68.92567773203099
POST01482,2025-07-05 03:00:00,Instagram,Image,Festival Campaign,Community,4,26531,39997,22921,611.0,8,254,364,1237.0,5.396797696435583,86.3932757905846
POST01483,2025-07-05 06:00:00,Youtube,Carousel,Event Promotion,Promotional,1,417882,657663,384359,14322.0,149,3325,4493,22289.0,5.799005617144388,91.9778789227581
POST01484,2025-07-05 09:00:00,Instagram,Reel,Brand Awareness,Community,17,240389,245501,135124,15586.0,501,2191,2853,21131.0,15.638228590035819,56.21055871940895
POST01485,2025-07-05 12:00:00,Instagram,Reel,Product Launch,Promotional,23,326167,502731,276836,27489.0,825,3824,6130,38268.0,13.823346674565446,84.87553921764004
POST01486,2025-07-05 15:00:00,Instagram,Image,Special Campaign,Education,16,186308,196840,172775,8936.0,218,717,1592,11463.0,6.634640428302705,92.73622174034395
POST01487,2025-07-05 18:00:00,Instagram,Text,Special Campaign,Community,23,322203,405609,354687,14300.0,462,2080,7263,24105.0,6.796132928469327,110.08184281338163
POST01488,2025-07-05 21:00:00,Facebook,Image,Special Campaign,Brand,22,60023,24403,19123,898.0,12,192,78,1180.0,6.170579929927313,31.859453876014193
POST01489,2025-07-06 00:00:00,Instagram,Image,Educational Series,Entertainment,6,286380,383122,308159,11382.0,336,1746,3756,17220.0,5.588024364045833,107.60493051190724
POST01490,2025-07-06 03:00:00,Youtube,Carousel,Special Campaign,Education,20,218547,282369,206022,15069.0,387,976,934,17366.0,8.4291968818864,94.26896731595492
POST01491,2025-07-06 06:00:00,Instagram,Carousel,Festival Campaign,Brand,18,187696,336197,212894,11723.0,586,2015,2014,16338.0,7.674241641380217,113.42489983803597
POST01492,2025-07-06 09:00:00,Instagram,Reel,Community Campaign,Education,6,183890,274509,238832,10496.0,196,1725,5710,18127.0,7.589853955918804,129.87764424384142
POST01493,2025-07-06 12:00:00,Instagram,Image,Event Promotion,Event,22,494678,618488,400280,10162.0,485,3503,7671,21821.0,5.451433996202658,80.91728356627948
POST01494,2025-07-06 15:00:00,Instagram,Reel,Event Promotion,Education,6,181172,416240,336690,34635.0,1212,2421,6606,44874.0,13.327987169206096,185.8399752721171
POST01495,2025-07-06 18:00:00,Facebook,Text,Seasonal Campaign,Education,15,217968,183013,116378,1837.0,25,1203,693,3758.0,3.2291326539380294,53.39224106290832
POST01496,2025-07-06 21:00:00,Facebook,Reel,Special Campaign,Event,11,387253,257073,219682,21706.0,1269,1847,3455,28277.0,12.871787401789861,56.72828874146876
POST01497,2025-07-07 00:00:00,Facebook,Image,Brand Awareness,Community,14,457912,247594,192611,5737.0,267,2391,2225,10620.0,5.513703786388109,42.062885445238386
POST01498,2025-07-07 03:00:00,Youtube,Reel,Educational Series,Entertainment,14,282082,533043,413078,31926.0,734,3025,7911,43596.0,10.55393896552225,146.43897873667942
POST01499,2025-07-07 06:00:00,Instagram,Reel,Brand Awareness,Brand,10,146682,191021,111571,5524.0,215,1429,720,7888.0,7.069937528569252,76.06318430345918
POST01500,2025-07-07 09:00:00,Linkedin,Video,Special Campaign,Promotional,1,490746,568127,395878,34008.0,1870,1754,3642,41274.0,10.425939304533214,80.6686147212611
POST01501,2025-07-07 12:00:00,Youtube,Reel,Community Campaign,Entertainment,2,44941,77107,56574,3869.0,218,891,1288,6266.0,11.075759182663415,125.88504928684274
POST01502,2025-07-07 15:00:00,Youtube,Reel,Product Launch,Education,18,375211,801447,523274,19362.0,901,3131,3524,26918.0,5.144150101094264,139.46126312927927
POST01503,2025-07-07 18:00:00,Instagram,Image,Special Campaign,Promotional,19,271790,284689,244360,7959.0,369,2910,4132,15370.0,6.289900147323621,89.90764928805328
POST01504,2025-07-07 21:00:00,Instagram,Reel,Product Launch,Event,14,121349,234327,197580,10073.0,240,2024,1962,14299.0,7.237068529203361,162.81963592613042
POST01505,2025-07-08 00:00:00,Instagram,Reel,Product Launch,Entertainment,15,472563,404539,292387,27806.0,1654,1227,1403,32090.0,10.975180155068454,61.87259688126239
POST01506,2025-07-08 03:00:00,Instagram,Video,Event Promotion,Community,0,96629,133940,89607,7097.0,157,723,709,8686.0,9.693439128639504,92.7330304566952
POST01507,2025-07-08 06:00:00,Youtube,Video,Educational Series,Brand,14,184097,166869,138591,11604.0,167,2018,3066,16855.0,12.161684380659638,75.28150920438682
POST01508,2025-07-08 09:00:00,Youtube,Text,Special Campaign,Entertainment,11,293795,324928,201101,3489.0,205,451,4631,8776.0,4.363976310411187,68.44942902363893
POST01509,2025-07-08 12:00:00,Facebook,Video,Brand Awareness,Entertainment,6,372524,539079,309986,20357.0,359,3769,3793,28278.0,9.12234746085307,83.21235678775058
POST01510,2025-07-08 15:00:00,Facebook,Carousel,Brand Awareness,Community,6,234326,163059,92291,7747.0,279,832,1537,10395.0,11.263286777692299,39.38572757611191
POST01511,2025-07-08 18:00:00,Facebook,Reel,Community Campaign,Promotional,10,331967,317823,179105,15626.0,522,1403,2588,20139.0,11.24424220429357,53.95265192022099
POST01512,2025-07-08 21:00:00,Facebook,Video,Product Launch,Event,19,461338,599128,432037,14123.0,740,6129,3954,24946.0,5.7740425009894984,93.64869141497124
POST01513,2025-07-09 00:00:00,Linkedin,Video,Educational Series,Community,10,164661,195738,125147,9120.0,272,402,1324,11118.0,8.883952471893055,76.00281791073782
POST01514,2025-07-09 03:00:00,Instagram,Video,Educational Series,Event,16,321912,536623,424807,32991.0,1158,4317,6197,44663.0,10.513715640278997,131.9637043664107
POST01515,2025-07-09 06:00:00,Instagram,Image,Community Campaign,Community,2,216058,349242,272011,12449.0,151,2102,4977,19679.0,7.23463389348225,125.89721278545576
POST01516,2025-07-09 09:00:00,Instagram,Reel,Festival Campaign,Entertainment,15,367702,785097,580741,18666.0,380,2357,6212,27615.0,4.75513180574473,157.93794975278894
POST01517,2025-07-09 12:00:00,Facebook,Video,Educational Series,Event,4,132784,131512,88572,2346.0,121,400,1627,4494.0,5.073838233301721,66.70381973731774
POST01518,2025-07-09 15:00:00,Linkedin,Carousel,Educational Series,Promotional,1,386533,268509,227604,18226.0,618,1750,5494,26088.0,11.462012969895081,58.88345885086137
POST01519,2025-07-09 18:00:00,Instagram,Text,Brand Awareness,Promotional,22,413450,408143,325859,8663.0,186,2193,1153,12195.0,3.7424161984171067,78.8146087797799
POST01520,2025-07-09 21:00:00,Linkedin,Reel,Community Campaign,Brand,6,354514,485805,313360,17410.0,495,1096,2069,21070.0,6.723895838652029,88.39143165008998
POST01521,2025-07-10 00:00:00,Instagram,Reel,Special Campaign,Event,9,428271,651629,472816,41622.0,1009,1323,10949,54903.0,11.61191668640655,110.40112452162299
POST01522,2025-07-10 03:00:00,Linkedin,Reel,Educational Series,Brand,4,88743,114230,69074,5509.0,208,404,315,6436.0,9.317543504068102,77.83599833226282
POST01523,2025-07-10 06:00:00,Instagram,Video,Educational Series,Community,14,415616,310710,206644,19370.0,243,2068,4097,25778.0,12.474593987727687,49.71993378503234
POST01524,2025-07-10 09:00:00,Instagram,Reel,Brand Awareness,Education,11,226217,503176,452354,15036.0,319,1484,7566,24405.0,5.395110908713088,199.96463572587382
POST01525,2025-07-10 12:00:00,Youtube,Reel,Special Campaign,Promotional,9,107009,194925,122480,9937.0,275,1836,495,12543.0,10.240855649902025,114.45766243960789
POST01526,2025-07-10 15:00:00,Instagram,Text,Special Campaign,Entertainment,21,130866,105317,83664,1564.0,88,249,252,2153.0,2.573388793268311,63.93104396863968
POST01527,2025-07-10 18:00:00,Instagram,Reel,Educational Series,Promotional,16,109471,150966,95628,2487.0,102,1497,1342,5428.0,5.676161793616933,87.35464186862274
POST01528,2025-07-10 21:00:00,Instagram,Video,Brand Awareness,Education,19,205229,178170,156495,5110.0,179,875,873,7037.0,4.49662928528068,76.2538432677643
POST01529,2025-07-11 00:00:00,Facebook,Image,Festival Campaign,Entertainment,19,240482,256374,168834,8661.0,169,988,3746,13564.0,8.033926815688783,70.20650194193328
POST01530,2025-07-11 03:00:00,Youtube,Video,Event Promotion,Event,10,342742,573952,385317,28007.0,1061,3804,5231,38103.0,9.888740958743062,112.42188001470494
POST01531,2025-07-11 06:00:00,Instagram,Image,Seasonal Campaign,Event,7,307159,374939,284147,11840.0,668,1665,2318,16491.0,5.803686120212425,92.50811468978607
POST01532,2025-07-11 09:00:00,Facebook,Text,Brand Awareness,Promotional,14,270942,109997,83140,1419.0,54,143,557,2173.0,2.6136636997834977,30.685534173365518
POST01533,2025-07-11 12:00:00,Facebook,Text,Brand Awareness,Entertainment,1,230792,118761,89388,3891.0,70,925,1911,6797.0,7.603928939007473,38.73097854345038
POST01534,2025-07-11 15:00:00,Instagram,Reel,Educational Series,Community,16,263414,394042,295783,9670.0,578,2201,5564,18013.0,6.089937555572836,112.28826106433219
POST01535,2025-07-11 18:00:00,Youtube,Reel,Brand Awareness,Entertainment,22,479402,525108,346185,12827.0,448,1695,6506,21476.0,6.2036194520270955,72.21183891598282
POST01536,2025-07-11 21:00:00,Instagram,Reel,Community Campaign,Brand,5,84430,123014,86361,5698.0,148,417,421,6684.0,7.73960468266926,102.28710174108728
POST01537,2025-07-12 00:00:00,Instagram,Carousel,Product Launch,Education,20,248997,227759,172573,7324.0,257,2658,2888,13127.0,7.606636032287785,69.30726073004895
POST01538,2025-07-12 03:00:00,Facebook,Video,Product Launch,Event,12,331329,304017,238636,13712.0,317,1030,5280,20339.0,8.523022511272398,72.02387958796241
POST01539,2025-07-12 06:00:00,Instagram,Image,Festival Campaign,Promotional,7,82306,102428,65410,3420.0,39,382,1298,5139.0,7.8565968506344595,79.47172745607854
POST01540,2025-07-12 09:00:00,Youtube,Carousel,Special Campaign,Entertainment,10,301560,484961,385794,11990.0,653,1166,2160,15969.0,4.139255664940357,127.93274970155193
POST01541,2025-07-12 12:00:00,Facebook,Reel,Brand Awareness,Event,14,98655,102155,89196,8532.0,268,1340,2130,12270.0,13.75622225211893,90.41204196442146
POST01542,2025-07-12 15:00:00,Instagram,Video,Special Campaign,Promotional,12,93180,159929,130386,8381.0,399,1526,591,10897.0,8.357492368812602,139.92916934964586
POST01543,2025-07-12 18:00:00,Youtube,Text,Community Campaign,Event,17,70262,36796,21322,341.0,19,142,325,827.0,3.8786230184785673,30.34641769377473
POST01544,2025-07-12 21:00:00,Instagram,Reel,Educational Series,Promotional,17,356333,578569,413210,30998.0,1290,7050,9830,49168.0,11.899034389293579,115.96175487535535
POST01545,2025-07-13 00:00:00,Linkedin,Image,Educational Series,Event,16,362096,370651,260323,11196.0,499,2214,5490,19399.0,7.451896298060487,71.89336529539128
POST01546,2025-07-13 03:00:00,Youtube,Reel,Seasonal Campaign,Community,21,73662,55610,37135,2997.0,171,696,667,4531.0,12.201427224989901,50.412695826884956
POST01547,2025-07-13 06:00:00,Facebook,Image,Event Promotion,Brand,12,218482,135834,98066,5917.0,211,891,2141,9160.0,9.340648134929538,44.88516216438883
POST01548,2025-07-13 09:00:00,Youtube,Image,Festival Campaign,Education,2,72191,45203,31817,2185.0,56,189,566,2996.0,9.416349750133577,44.07336094527018
POST01549,2025-07-13 12:00:00,Instagram,Reel,Community Campaign,Event,20,227037,365908,202039,20985.0,1176,650,850,23661.0,11.711105281653541,88.98945986777485
POST01550,2025-07-13 15:00:00,Facebook,Image,Special Campaign,Education,23,163285,156020,98728,4707.0,63,1015,1058,6843.0,6.931164411311887,60.463606577456595
POST01551,2025-07-13 18:00:00,Linkedin,Reel,Community Campaign,Event,6,200059,116052,72512,5061.0,104,646,898,6709.0,9.252261694616063,36.2453076342479
POST01552,2025-07-13 21:00:00,Facebook,Image,Seasonal Campaign,Entertainment,11,365320,168752,113441,2179.0,58,999,1703,4939.0,4.353805061662009,31.052501916128328
POST01553,2025-07-14 00:00:00,Facebook,Image,Seasonal Campaign,Brand,3,210855,233922,142940,9250.0,454,1722,1150,12576.0,8.798097103679865,67.79066182921913
POST01554,2025-07-14 03:00:00,Linkedin,Reel,Educational Series,Community,23,81353,80904,46417,1310.0,72,126,1039,2547.0,5.487213736346598,57.05628557029243
POST01555,2025-07-14 06:00:00,Instagram,Video,Special Campaign,Brand,10,383688,532041,329234,22898.0,746,4691,2644,30979.0,9.409417010393824,85.80773962177602
POST01556,2025-07-14 09:00:00,Instagram,Carousel,Event Promotion,Education,13,166874,303739,257863,7016.0,170,2073,4504,13763.0,5.337330287788477,154.52557019068277
POST01557,2025-07-14 12:00:00,Facebook,Image,Educational Series,Entertainment,17,232730,154618,128172,4285.0,118,416,2856,7675.0,5.988047311425272,55.073260860224295
POST01558,2025-07-14 15:00:00,Youtube,Reel,Event Promotion,Promotional,6,211718,422958,298072,11012.0,471,3709,5699,20891.0,7.008709305134329,140.78727363757451
POST01559,2025-07-14 18:00:00,Facebook,Video,Product Launch,Brand,4,325815,518761,444700,15071.0,269,4762,2664,22766.0,5.119406341353722,136.48849807406043
POST01560,2025-07-14 21:00:00,Linkedin,Text,Community Campaign,Community,15,240709,107119,67638,1241.0,46,656,1618,3561.0,5.264791980839173,28.09948942499034
POST01561,2025-07-15 00:00:00,Instagram,Reel,Seasonal Campaign,Entertainment,10,480161,759566,573072,29109.0,1147,6541,2878,39675.0,6.923213837004774,119.34996803155609
POST01562,2025-07-15 03:00:00,Instagram,Reel,Product Launch,Entertainment,21,325532,525277,315178,18609.0,844,5226,2332,27011.0,8.570077860764394,96.81936030866397
POST01563,2025-07-15 06:00:00,Facebook,Reel,Special Campaign,Education,2,185672,296781,249797,15544.0,624,2948,1514,20630.0,8.258706069328294,134.53670989702272
POST01564,2025-07-15 09:00:00,Instagram,Image,Educational Series,Community,15,366088,317845,189341,7903.0,117,1330,3346,12696.0,6.705362282865307,51.72007823255611
POST01565,2025-07-15 12:00:00,Facebook,Reel,Festival Campaign,Entertainment,10,80690,122544,68765,4596.0,204,610,1427,6837.0,9.942557987348215,85.22121700334614
POST01566,2025-07-15 15:00:00,Youtube,Image,Brand Awareness,Entertainment,9,418952,610118,393956,25381.0,281,1509,3244,30415.0,7.720405324452477,94.03368404972407
POST01567,2025-07-15 18:00:00,Facebook,Carousel,Festival Campaign,Promotional,22,483745,612720,530203,32238.0,951,5340,13013,51542.0,9.721182264151656,109.60382019452398
POST01568,2025-07-15 21:00:00,Instagram,Image,Festival Campaign,Education,22,194943,296678,176615,3343.0,103,1442,1070,5958.0,3.37343940208929,90.59827744520193
POST01569,2025-07-16 00:00:00,Facebook,Image,Brand Awareness,Education,1,329309,322316,214576,5866.0,92,2835,2134,10927.0,5.092368205204683,65.15947028474775
POST01570,2025-07-16 03:00:00,Youtube,Image,Community Campaign,Community,15,207858,288905,190892,7033.0,73,1264,2631,11001.0,5.762944492173585,91.83769688922246
POST01571,2025-07-16 06:00:00,Youtube,Image,Product Launch,Entertainment,16,313391,206274,171326,11864.0,160,1153,3562,16739.0,9.770262540420017,54.6684493173065
POST01572,2025-07-16 09:00:00,Instagram,Reel,Product Launch,Promotional,9,139645,264108,184224,5911.0,191,989,2078,9169.0,4.977093104047247,131.92309069426045
POST01573,2025-07-16 12:00:00,Facebook,Reel,Community Campaign,Event,17,48821,70365,53762,4375.0,96,682,374,5527.0,10.280495517279862,110.12064480448987
POST01574,2025-07-16 15:00:00,Linkedin,Video,Brand Awareness,Brand,11,416429,375458,259641,6850.0,92,4057,3434,14433.0,5.558829306619525,62.349404100098695
POST01575,2025-07-16 18:00:00,Instagram,Reel,Event Promotion,Education,7,128659,116358,86455,4692.0,107,587,1165,6551.0,7.577352379850789,67.1970091482135
POST01576,2025-07-16 21:00:00,Instagram,Carousel,Festival Campaign,Promotional,2,180567,255372,146035,10152.0,369,324,490,11335.0,7.761837915568186,80.87579679564925
POST01577,2025-07-17 00:00:00,Instagram,Text,Educational Series,Community,19,353888,175773,119685,3647.0,171,986,414,5218.0,4.3597777499268915,33.8200221539018
POST01578,2025-07-17 03:00:00,Facebook,Reel,Product Launch,Promotional,23,422860,436565,370768,22083.0,675,1160,3376,27294.0,7.361476718594917,87.68102918223526
POST01579,2025-07-17 06:00:00,Facebook,Image,Community Campaign,Entertainment,2,419669,303787,240560,16090.0,654,1584,4644,22972.0,9.549384768872631,57.32136517112295
POST01580,2025-07-17 09:00:00,Youtube,Image,Educational Series,Brand,5,137441,203953,182260,3931.0,156,1634,2014,7735.0,4.2439372325249645,132.60962885892855
POST01581,2025-07-17 12:00:00,Instagram,Video,Seasonal Campaign,Education,1,227701,262246,216555,13424.0,735,1823,1655,17637.0,8.144351319526217,95.10498416783413
POST01582,2025-07-17 15:00:00,Instagram,Text,Brand Awareness,Event,2,394189,468457,331680,10441.0,198,1340,1819,13798.0,4.160033767486734,84.14237840223852
POST01583,2025-07-17 18:00:00,Youtube,Carousel,Educational Series,Entertainment,16,293407,187461,147475,12051.0,407,1918,1352,15728.0,10.664858450584845,50.26294532850273
POST01584,2025-07-17 21:00:00,Youtube,Reel,Special Campaign,Education,8,76480,112621,92526,8133.0,338,711,1257,10439.0,11.282234182824286,120.98064853556485
POST01585,2025-07-18 00:00:00,Linkedin,Carousel,Educational Series,Community,3,409070,356226,229548,6585.0,236,1046,1160,9027.0,3.932510847404464,56.11460141296111
POST01586,2025-07-18 03:00:00,Instagram,Image,Special Campaign,Education,21,216913,264427,150989,10279.0,334,957,502,12072.0,7.99528442469319,69.60809172340984
POST01587,2025-07-18 06:00:00,Facebook,Image,Festival Campaign,Promotional,22,445237,472442,326951,9614.0,564,1092,1896,13166.0,4.02690311392227,73.43302555717517
POST01588,2025-07-18 09:00:00,Youtube,Reel,Brand Awareness,Brand,1,400199,722179,433766,14147.0,807,6188,8343,29485.0,6.797443783053536,108.38757718035276
POST01589,2025-07-18 12:00:00,Youtube,Reel,Educational Series,Event,23,169030,304801,197216,13458.0,546,2879,2614,19497.0,9.886114716858673,116.67514642371177
POST01590,2025-07-18 15:00:00,Facebook,Video,Product Launch,Brand,8,217480,218975,193003,14868.0,475,507,2469,18319.0,9.491562307321647,88.7451719698363
POST01591,2025-07-18 18:00:00,Facebook,Image,Brand Awareness,Promotional,13,323272,321413,272069,15417.0,736,2701,934,19788.0,7.273154971716734,84.16101611027247
POST01592,2025-07-18 21:00:00,Linkedin,Reel,Product Launch,Event,10,107498,110827,83936,5678.0,202,642,1564,8086.0,9.633530308806709,78.08145267818936
POST01593,2025-07-19 00:00:00,Instagram,Image,Community Campaign,Event,1,324707,198820,137273,6123.0,366,1301,1021,8811.0,6.418596519344663,42.27595955738558
POST01594,2025-07-19 03:00:00,Instagram,Video,Community Campaign,Entertainment,20,37414,74897,48122,4514.0,199,645,240,5598.0,11.632932962054777,128.62030256053885
POST01595,2025-07-19 06:00:00,Facebook,Carousel,Seasonal Campaign,Event,1,404596,531519,398644,28979.0,388,2348,8580,40295.0,10.108016174832683,98.52890290561449
POST01596,2025-07-19 09:00:00,Youtube,Reel,Event Promotion,Education,4,357606,420800,309963,24950.0,750,1777,4241,31718.0,10.232834241506245,86.67723695911143
POST01597,2025-07-19 12:00:00,Instagram,Reel,Community Campaign,Brand,6,264867,584213,480966,19828.0,922,7967,9367,38084.0,7.918231226323691,181.5877402620938
POST01598,2025-07-19 15:00:00,Instagram,Reel,Educational Series,Community,21,206955,406139,355293,31955.0,1665,5362,7490,46472.0,13.079908695077021,171.6764514024788
POST01599,2025-07-19 18:00:00,Instagram,Text,Brand Awareness,Community,3,387353,314035,208873,10180.0,515,2018,5059,17772.0,8.508519531006879,53.92316569124287
POST01600,2025-07-19 21:00:00,Linkedin,Image,Community Campaign,Brand,13,57210,34250,21310,1525.0,89,146,356,2116.0,9.92961051149695,37.24873273903164
POST01601,2025-07-20 00:00:00,Instagram,Image,Product Launch,Entertainment,1,166362,265040,183137,4611.0,158,1307,824,6900.0,3.7676711969727577,110.08343251463674
POST01602,2025-07-20 03:00:00,Instagram,Image,Educational Series,Event,22,412912,540764,380232,21530.0,366,2215,5805,29916.0,7.867828062866882,92.08548068353547
POST01603,2025-07-20 06:00:00,Instagram,Image,Community Campaign,Promotional,11,285811,271267,152982,10841.0,461,1168,2173,14643.0,9.571714319331686,53.52558159063157
POST01604,2025-07-20 09:00:00,Instagram,Video,Special Campaign,Education,9,147710,242902,206853,11854.0,160,2582,882,15478.0,7.4826084224062495,140.03994313181235
POST01605,2025-07-20 12:00:00,Instagram,Image,Special Campaign,Entertainment,0,37660,43581,39155,2255.0,132,443,381,3211.0,8.200740646149915,103.96972915560276
POST01606,2025-07-20 15:00:00,Youtube,Reel,Festival Campaign,Event,18,354233,518984,453136,46255.0,2216,2580,5468,56519.0,12.472855831361887,127.92032362879799
POST01607,2025-07-20 18:00:00,Instagram,Reel,Product Launch,Community,22,364606,651089,554228,38077.0,2250,5238,3625,49190.0,8.87540867657354,152.00737234165098
POST01608,2025-07-20 21:00:00,Facebook,Image,Seasonal Campaign,Promotional,15,470914,395792,355187,19801.0,571,2555,1134,24061.0,6.774178108996106,75.42502452677134
POST01609,2025-07-21 00:00:00,Instagram,Text,Seasonal Campaign,Event,14,418024,434457,376992,5995.0,64,2359,7409,15827.0,4.1982323232323235,90.18429563852793
POST01610,2025-07-21 03:00:00,Youtube,Reel,Seasonal Campaign,Entertainment,13,114148,229759,181722,12090.0,436,2136,3949,18611.0,10.241467736432574,159.19858429407435
POST01611,2025-07-21 06:00:00,Linkedin,Video,Product Launch,Promotional,8,191571,274623,167070,7086.0,113,2490,1343,11032.0,6.603220207098821,87.21048592949873
POST01612,2025-07-21 09:00:00,Facebook,Video,Seasonal Campaign,Promotional,20,441231,576260,348477,11656.0,512,5654,1074,18896.0,5.422452557844563,78.97835827491721
POST01613,2025-07-21 12:00:00,Youtube,Reel,Event Promotion,Promotional,22,53351,108931,61771,5020.0,175,326,1394,6915.0,11.194573505366597,115.78227212235947
POST01614,2025-07-21 15:00:00,Instagram,Reel,Festival Campaign,Promotional,14,462878,980894,680878,19778.0,942,9970,4049,34739.0,5.102088773612894,147.09664317595565
POST01615,2025-07-21 18:00:00,Instagram,Reel,Event Promotion,Event,6,403503,500447,416916,40265.0,988,4459,4949,50661.0,12.151368621017184,103.32413885398621
POST01616,2025-07-21 21:00:00,Facebook,Carousel,Special Campaign,Promotional,3,94674,128197,92507,4960.0,255,721,1022,6958.0,7.5215929605327165,97.71109280267022
POST01617,2025-07-22 00:00:00,Linkedin,Reel,Community Campaign,Event,20,257071,152607,103499,7924.0,337,467,684,9412.0,9.09380766963932,40.26086178526555
POST01618,2025-07-22 03:00:00,Facebook,Image,Festival Campaign,Promotional,17,56241,37807,22239,704.0,41,56,359,1160.0,5.216061873285669,39.542326772283566
POST01619,2025-07-22 06:00:00,Youtube,Image,Product Launch,Promotional,7,414414,467685,265698,7396.0,139,3517,6166,17218.0,6.480289652161477,64.11414672284238
POST01620,2025-07-22 09:00:00,Facebook,Carousel,Event Promotion,Entertainment,11,375127,364036,251080,9128.0,114,2728,3590,15560.0,6.197227975147364,66.93199902966197
POST01621,2025-07-22 12:00:00,Youtube,Reel,Educational Series,Event,14,384443,573069,335230,14789.0,777,3434,8180,27180.0,8.107866241088207,87.19888253915404
POST01622,2025-07-22 15:00:00,Instagram,Image,Festival Campaign,Community,14,425329,594813,348704,22555.0,607,3735,2509,29406.0,8.432940258786822,81.98453432519297
POST01623,2025-07-22 18:00:00,Youtube,Image,Product Launch,Event,16,384983,264774,182262,11029.0,348,522,3949,15848.0,8.695175077635492,47.34286968515493
POST01624,2025-07-22 21:00:00,Linkedin,Image,Brand Awareness,Brand,1,58639,62573,45427,2909.0,163,404,393,3869.0,8.516961278534792,77.46892000204642
POST01625,2025-07-23 00:00:00,Instagram,Video,Festival Campaign,Community,11,346180,467322,287561,22116.0,708,3653,2447,28924.0,10.058387611671957,83.06690161187822
POST01626,2025-07-23 03:00:00,Facebook,Reel,Festival Campaign,Entertainment,2,367367,623170,492069,37494.0,933,5038,2750,46215.0,9.391975515628905,133.94480179221324
POST01627,2025-07-23 06:00:00,Instagram,Video,Community Campaign,Event,6,87983,111886,77933,4832.0,62,494,1714,7102.0,9.11295600066724,88.57733880408716
POST01628,2025-07-23 09:00:00,Youtube,Carousel,Educational Series,Entertainment,5,146164,186002,108285,4085.0,131,1638,2052,7906.0,7.3011035692847575,74.0845899127008
POST01629,2025-07-23 12:00:00,Instagram,Image,Community Campaign,Community,13,357088,366492,283284,15889.0,679,1507,2979,21054.0,7.43211759223959,79.33170534994176
POST01630,2025-07-23 15:00:00,Youtube,Carousel,Seasonal Campaign,Entertainment,22,404571,549490,370867,10979.0,257,1410,3963,16609.0,4.478424880078303,91.66920021454825
POST01631,2025-07-23 18:00:00,Facebook,Image,Festival Campaign,Entertainment,4,299818,166020,94351,4302.0,197,865,2036,7400.0,7.843054127672203,31.46942478436918
POST01632,2025-07-23 21:00:00,Instagram,Reel,Special Campaign,Education,3,294557,413846,364926,15046.0,510,4490,8541,28587.0,7.833642985153154,123.88977345641081
POST01633,2025-07-24 00:00:00,Facebook,Carousel,Festival Campaign,Event,14,74986,40276,30203,1594.0,84,374,490,2542.0,8.416382478561731,40.278185261248765
POST01634,2025-07-24 03:00:00,Facebook,Image,Seasonal Campaign,Entertainment,6,199009,177010,126951,4299.0,77,1348,1517,7241.0,5.703775472426369,63.79158731514655
POST01635,2025-07-24 06:00:00,Linkedin,Carousel,Educational Series,Education,2,224157,275411,234291,5709.0,273,2475,976,9433.0,4.026189653038316,104.52093844939039
POST01636,2025-07-24 09:00:00,Instagram,Reel,Educational Series,Education,12,305215,259925,228177,14897.0,843,1393,1319,18452.0,8.086704619659299,74.75943187589077
POST01637,2025-07-24 12:00:00,Instagram,Text,Special Campaign,Promotional,9,94229,98343,61672,1429.0,67,625,377,2498.0,4.050460500713452,65.44906557429242
POST01638,2025-07-24 15:00:00,Instagram,Image,Special Campaign,Promotional,22,457047,629402,524638,14009.0,424,2468,4768,21669.0,4.130276495412074,114.7886322413231
POST01639,2025-07-24 18:00:00,Linkedin,Reel,Event Promotion,Community,1,404260,299812,252105,14112.0,303,1055,2181,17651.0,7.001447809444477,62.36209370207292
POST01640,2025-07-24 21:00:00,Linkedin,Image,Product Launch,Event,11,364450,202857,115433,4332.0,64,614,1724,6734.0,5.833687073887017,31.67320620112498
POST01641,2025-07-25 00:00:00,Youtube,Video,Product Launch,Promotional,23,192443,178218,142428,12308.0,518,1415,3385,17626.0,12.375375628387676,74.01048622189428
POST01642,2025-07-25 03:00:00,Facebook,Video,Event Promotion,Community,21,148345,127755,73080,4724.0,80,411,1604,6819.0,9.330870279146142,49.263541069803495
POST01643,2025-07-25 06:00:00,Youtube,Image,Product Launch,Event,11,349686,211203,160120,10271.0,533,913,2273,13990.0,8.73719710217337,45.78965128715476
POST01644,2025-07-25 09:00:00,Facebook,Video,Festival Campaign,Community,18,287357,270108,211827,7323.0,425,2205,716,10669.0,5.036657272207981,73.71562203113201
POST01645,2025-07-25 12:00:00,Instagram,Reel,Event Promotion,Education,18,83815,113613,77083,4152.0,69,621,347,5189.0,6.731704785750425,91.96802481656027
POST01646,2025-07-25 15:00:00,Facebook,Image,Event Promotion,Education,20,202371,214287,183917,8825.0,254,523,4032,13634.0,7.413126573399957,90.88110450608042
POST01647,2025-07-25 18:00:00,Instagram,Video,Product Launch,Event,2,187708,351648,291930,10224.0,581,1598,2697,15100.0,5.172472853081218,155.52347262769834
POST01648,2025-07-25 21:00:00,Facebook,Video,Brand Awareness,Community,5,83948,117565,102761,3413.0,114,1519,1027,6073.0,5.9098296046165375,122.41030161528566
POST01649,2025-07-26 00:00:00,Instagram,Carousel,Special Campaign,Community,1,95066,95859,63287,3966.0,145,957,384,5452.0,8.614723402910549,66.57164496244714
POST01650,2025-07-26 03:00:00,Facebook,Video,Product Launch,Promotional,23,329272,293694,163744,11638.0,551,772,1294,14255.0,8.705662497557162,49.72909934643699
POST01651,2025-07-26 06:00:00,Instagram,Reel,Community Campaign,Promotional,12,485389,689788,575291,25464.0,522,8116,4854,38956.0,6.771529538963759,118.52163934493778
POST01652,2025-07-26 09:00:00,Instagram,Video,Brand Awareness,Event,8,69504,81844,51401,2074.0,122,849,620,3665.0,7.130211474484932,73.9540170349908
POST01653,2025-07-26 12:00:00,Instagram,Reel,Event Promotion,Brand,12,90500,152746,108984,9170.0,449,834,1821,12274.0,11.262203626220362,120.42430939226519
POST01654,2025-07-26 15:00:00,Instagram,Reel,Brand Awareness,Promotional,22,72340,162276,135672,4765.0,86,2254,1461,8566.0,6.313756707353028,187.54769145700857
POST01655,2025-07-26 18:00:00,Instagram,Reel,Festival Campaign,Entertainment,13,149222,182620,114255,11198.0,174,2044,1473,14889.0,13.03137718261783,76.56712817144926
POST01656,2025-07-26 21:00:00,Linkedin,Image,Educational Series,Promotional,18,54070,37328,24605,1696.0,96,130,172,2094.0,8.510465352570616,45.505825781394485
POST01657,2025-07-27 00:00:00,Youtube,Reel,Brand Awareness,Brand,10,93285,154089,108429,10185.0,450,385,459,11479.0,10.586651172656762,116.23412124135713
POST01658,2025-07-27 03:00:00,Instagram,Reel,Community Campaign,Community,13,479598,1006064,649050,27541.0,328,11743,6919,46531.0,7.169093290193359,135.33209062589918
POST01659,2025-07-27 06:00:00,Instagram,Reel,Educational Series,Education,15,492142,578365,411485,11237.0,192,3368,1800,16597.0,4.033439858075021,83.61103096260835
POST01660,2025-07-27 09:00:00,Youtube,Reel,Festival Campaign,Education,9,492487,549524,304083,30123.0,373,861,2917,34274.0,11.271264753373258,61.74437091740492
POST01661,2025-07-27 12:00:00,Facebook,Image,Community Campaign,Community,19,143405,160898,100443,3673.0,215,738,2152,6778.0,6.7481058909032985,70.04149088246574
POST01662,2025-07-27 15:00:00,Youtube,Image,Seasonal Campaign,Education,15,428092,245919,206914,7192.0,250,652,2291,10385.0,5.018993398223417,48.33400297132392
POST01663,2025-07-27 18:00:00,Linkedin,Reel,Educational Series,Promotional,1,230575,265084,184158,8546.0,282,3285,1335,13448.0,7.3024250914975175,79.86902309443782
POST01664,2025-07-27 21:00:00,Youtube,Carousel,Seasonal Campaign,Education,15,202748,318583,246182,8962.0,517,1037,5624,16140.0,6.5561251431867476,121.42265275119853
POST01665,2025-07-28 00:00:00,Linkedin,Video,Festival Campaign,Brand,13,38262,52222,32967,2534.0,89,235,562,3420.0,10.374010374010375,86.16120432805394
POST01666,2025-07-28 03:00:00,Linkedin,Video,Educational Series,Brand,20,122409,60247,46839,4185.0,150,689,1158,6182.0,13.198403040201542,38.26434330809009
POST01667,2025-07-28 06:00:00,Instagram,Reel,Educational Series,Promotional,17,236622,321020,288915,25225.0,1493,4688,2775,34181.0,11.830815291694789,122.09980475188276
POST01668,2025-07-28 09:00:00,Linkedin,Carousel,Product Launch,Community,5,175126,111398,84478,5361.0,83,1216,625,7285.0,8.623546958971566,48.23841120107808
POST01669,2025-07-28 12:00:00,Instagram,Reel,Community Campaign,Entertainment,6,436267,726877,559641,27111.0,1607,6159,5347,40224.0,7.187464821197875,128.27947105786134
POST01670,2025-07-28 15:00:00,Facebook,Reel,Special Campaign,Promotional,12,441601,585319,344771,23673.0,432,6645,7197,37947.0,11.006436156173228,78.07296632027554
POST01671,2025-07-28 18:00:00,Instagram,Reel,Community Campaign,Education,1,55587,130054,89891,3998.0,134,1017,569,5718.0,6.361037256232548,161.71227085469624
POST01672,2025-07-28 21:00:00,Linkedin,Video,Brand Awareness,Promotional,14,148595,144471,122981,3938.0,105,1812,1021,6876.0,5.591107569461949,82.76254248124096
POST01673,2025-07-29 00:00:00,Linkedin,Reel,Seasonal Campaign,Brand,16,75131,82157,69175,2447.0,141,602,1275,4465.0,6.454644018792917,92.07251334336026
POST01674,2025-07-29 03:00:00,Facebook,Reel,Seasonal Campaign,Promotional,12,113019,120901,88601,6476.0,221,1639,1704,10040.0,11.331700545140574,78.3947831780497
POST01675,2025-07-29 06:00:00,Facebook,Reel,Community Campaign,Promotional,6,440869,334082,289384,8392.0,93,4102,6972,19559.0,6.758839465899981,65.63945298943678
POST01676,2025-07-29 09:00:00,Instagram,Video,Community Campaign,Entertainment,0,195862,226570,135948,12789.0,269,489,3339,16886.0,12.420925648041898,69.41009486270946
POST01677,2025-07-29 12:00:00,Instagram,Carousel,Educational Series,Brand,2,62018,58371,45550,3813.0,120,163,801,4897.0,10.750823271130626,73.44641878164404
POST01678,2025-07-29 15:00:00,Youtube,Reel,Seasonal Campaign,Event,19,247502,460537,293412,11048.0,484,5180,3222,19934.0,6.793859828500539,118.54934505579753
POST01679,2025-07-29 18:00:00,Instagram,Image,Event Promotion,Event,17,137177,154938,120223,4938.0,188,1355,1558,8039.0,6.686740473952571,87.6407852628356
POST01680,2025-07-29 21:00:00,Facebook,Image,Special Campaign,Brand,6,212064,136763,79403,4722.0,247,449,1005,6423.0,8.08911502084304,37.442941753432926
POST01681,2025-07-30 00:00:00,Instagram,Carousel,Product Launch,Event,20,468056,583318,513473,41678.0,2143,4734,5916,54471.0,10.608347469097694,109.7033260977319
POST01682,2025-07-30 03:00:00,Linkedin,Reel,Special Campaign,Education,16,367328,274621,226621,21647.0,855,3855,2366,28723.0,12.674465296684772,61.69445291401689
POST01683,2025-07-30 06:00:00,Facebook,Video,Brand Awareness,Event,11,117292,86788,53837,2279.0,87,216,360,2942.0,5.464643275071047,45.89997612795417
POST01684,2025-07-30 09:00:00,Facebook,Reel,Special Campaign,Education,15,64561,102725,79411,2592.0,61,391,877,3921.0,4.937603102844694,123.00150245504251
POST01685,2025-07-30 12:00:00,Instagram,Carousel,Product Launch,Brand,23,136981,249368,203409,7971.0,461,2413,4947,15792.0,7.763668274265151,148.49431673005745
POST01686,2025-07-30 15:00:00,Linkedin,Reel,Brand Awareness,Event,9,495810,299080,186418,11204.0,155,743,4177,16279.0,8.732525829050843,37.598676912526976
POST01687,2025-07-30 18:00:00,Linkedin,Image,Festival Campaign,Event,22,161142,146754,85508,3201.0,95,506,1417,5219.0,6.103522477429013,53.063757431333855
POST01688,2025-07-30 21:00:00,Youtube,Image,Educational Series,Community,15,190097,179409,120764,7220.0,310,573,874,8977.0,7.4335066741744225,63.527567505010595
POST01689,2025-07-31 00:00:00,Facebook,Image,Community Campaign,Education,19,53779,38724,23138,738.0,42,247,516,1543.0,6.668683550868701,43.0242287881887
POST01690,2025-07-31 03:00:00,Facebook,Reel,Community Campaign,Education,17,274745,382338,285988,26589.0,932,755,2820,31096.0,10.873183490216373,104.09215818304244
POST01691,2025-07-31 06:00:00,Instagram,Video,Event Promotion,Promotional,14,429832,474278,331254,13331.0,730,1391,4970,20422.0,6.165057629492776,77.06592343054962
POST01692,2025-07-31 09:00:00,Youtube,Reel,Special Campaign,Entertainment,22,115909,86286,61422,3328.0,50,262,1416,5056.0,8.231578261860571,52.99157097378115
POST01693,2025-07-31 12:00:00,Instagram,Carousel,Seasonal Campaign,Event,10,137715,123894,91681,4511.0,165,590,950,6216.0,6.780030758826802,66.57299495334567
POST01694,2025-07-31 15:00:00,Instagram,Video,Seasonal Campaign,Community,17,269369,265676,237439,10677.0,275,1430,5483,17865.0,7.524037752854418,88.14637170572709
POST01695,2025-07-31 18:00:00,Instagram,Image,Product Launch,Entertainment,5,120477,69487,57495,3414.0,169,257,469,4309.0,7.494564744760414,47.72280186259618
POST01696,2025-07-31 21:00:00,Instagram,Carousel,Product Launch,Community,0,121688,125929,97005,4539.0,146,694,2272,7651.0,7.887222308128447,79.71615935835908
POST01697,2025-08-01 00:00:00,Instagram,Carousel,Product Launch,Entertainment,22,278558,342039,231661,17810.0,601,1163,2522,22096.0,9.538075032051143,83.16436792337682
POST01698,2025-08-01 03:00:00,Instagram,Image,Seasonal Campaign,Event,6,279555,373120,208751,14619.0,193,635,2346,17793.0,8.523551982984513,74.67260467528752
POST01699,2025-08-01 06:00:00,Linkedin,Video,Community Campaign,Community,11,399160,316388,186917,16057.0,512,2149,2834,21552.0,11.5302513950042,46.82758793466279
POST01700,2025-08-01 09:00:00,Youtube,Reel,Seasonal Campaign,Education,19,151869,150835,121543,8114.0,113,2270,1292,11789.0,9.699447932007601,80.03147449446563
POST01701,2025-08-01 12:00:00,Linkedin,Image,Product Launch,Promotional,3,190961,100454,68230,3106.0,77,607,880,4670.0,6.8444965557672575,35.72980870439514
POST01702,2025-08-01 15:00:00,Youtube,Carousel,Educational Series,Community,9,477606,767421,511910,17712.0,289,6364,7181,31546.0,6.162411361372117,107.18248933221106
POST01703,2025-08-01 18:00:00,Instagram,Image,Brand Awareness,Brand,20,426810,324844,279736,13982.0,373,3685,3861,21901.0,7.829167500786456,65.54110728427169
POST01704,2025-08-01 21:00:00,Youtube,Reel,Community Campaign,Event,1,67754,133632,96158,9645.0,206,498,2321,12670.0,13.17623078683001,141.92224813295155
POST01705,2025-08-02 00:00:00,Youtube,Image,Educational Series,Event,8,269444,252638,218494,4883.0,118,1568,2010,8579.0,3.9264236088862847,81.09069045887087
POST01706,2025-08-02 03:00:00,Instagram,Video,Festival Campaign,Brand,9,73639,152104,130858,10230.0,178,1501,1211,13120.0,10.026135199987774,177.70203289018048
POST01707,2025-08-02 06:00:00,Facebook,Text,Special Campaign,Entertainment,19,224298,137486,79475,4301.0,137,368,1703,6509.0,8.189996854356716,35.43277247233591
POST01708,2025-08-02 09:00:00,Instagram,Image,Educational Series,Promotional,10,32669,23910,21061,1501.0,52,188,244,1985.0,9.42500356108447,64.4678441335823
POST01709,2025-08-02 12:00:00,Facebook,Carousel,Special Campaign,Entertainment,13,411383,407817,235283,9902.0,513,2497,1084,13996.0,5.948581070455579,57.19317521628263
POST01710,2025-08-02 15:00:00,Facebook,Text,Educational Series,Brand,2,366653,269197,238838,7404.0,273,2319,3245,13241.0,5.543925171036435,65.14006431148798
POST01711,2025-08-02 18:00:00,Instagram,Reel,Festival Campaign,Brand,0,172157,304952,216032,9488.0,203,3601,3263,16555.0,7.663216560509555,125.48545804120657
POST01712,2025-08-02 21:00:00,Instagram,Reel,Educational Series,Promotional,6,48787,69371,56627,4957.0,231,283,939,6410.0,11.31968848782383,116.06985467440096
POST01713,2025-08-03 00:00:00,Facebook,Carousel,Brand Awareness,Brand,3,241692,125299,99882,2978.0,74,440,816,4308.0,4.313089445545744,41.32615063800208
POST01714,2025-08-03 03:00:00,Youtube,Video,Community Campaign,Brand,6,306195,455394,333108,14416.0,689,1955,8131,25191.0,7.562412190640873,108.78949688923724
POST01715,2025-08-03 06:00:00,Instagram,Video,Special Campaign,Community,15,206638,426410,326975,14798.0,434,2117,6282,23631.0,7.227158039605475,158.23565849456537
POST01716,2025-08-03 09:00:00,Linkedin,Image,Event Promotion,Promotional,9,70615,74106,65396,2501.0,89,549,1232,4371.0,6.683895039451953,92.60921900446081
POST01717,2025-08-03 12:00:00,Instagram,Reel,Seasonal Campaign,Event,14,228162,390417,341448,20107.0,707,2777,7581,31172.0,9.12935498231063,149.65156336287376
POST01718,2025-08-03 15:00:00,Facebook,Image,Festival Campaign,Entertainment,15,203334,85625,66703,3214.0,185,863,238,4500.0,6.746323253826665,32.804646542142486
POST01719,2025-08-03 18:00:00,Linkedin,Reel,Special Campaign,Event,5,450855,284164,221705,22164.0,391,1019,3655,27229.0,12.281635506641708,49.17434651939093
POST01720,2025-08-03 21:00:00,Instagram,Reel,Community Campaign,Event,3,229962,478556,304566,13793.0,785,2060,6393,23031.0,7.56190776383444,132.44188170219428
POST01721,2025-08-04 00:00:00,Instagram,Video,Product Launch,Community,3,418505,801366,673162,53922.0,2054,10734,2528,69238.0,10.285488485683981,160.84921327104814
POST01722,2025-08-04 03:00:00,Instagram,Reel,Special Campaign,Entertainment,23,139123,313831,242092,19066.0,1137,3020,4753,27976.0,11.555937412223452,174.0129238156164
POST01723,2025-08-04 06:00:00,Instagram,Video,Brand Awareness,Event,22,437960,670882,562995,18216.0,704,6159,13947,39026.0,6.931855522695583,128.5494109051055
POST01724,2025-08-04 09:00:00,Instagram,Image,Event Promotion,Promotional,3,410958,605308,472290,29168.0,1248,4134,7582,42132.0,8.920790192466493,114.92415283313623
POST01725,2025-08-04 12:00:00,Facebook,Image,Brand Awareness,Entertainment,21,37945,40720,26661,610.0,28,126,329,1093.0,4.099621169498518,70.26222163657926
POST01726,2025-08-04 15:00:00,Instagram,Reel,Special Campaign,Education,21,240851,409325,252274,21099.0,1077,3902,3274,29352.0,11.634968328087714,104.7427662745847
POST01727,2025-08-04 18:00:00,Youtube,Reel,Brand Awareness,Community,16,396279,727410,419670,34342.0,1163,4612,7532,47649.0,11.353920937879762,105.90265948990485
POST01728,2025-08-04 21:00:00,Linkedin,Reel,Product Launch,Event,12,272565,177368,133930,10684.0,469,444,2081,13678.0,10.212797730157545,49.13690312402546
POST01729,2025-08-05 00:00:00,Facebook,Text,Event Promotion,Brand,1,470180,361550,234797,6445.0,262,757,4772,12236.0,5.211310195615787,49.93768344038453
POST01730,2025-08-05 03:00:00,Facebook,Video,Seasonal Campaign,Entertainment,19,255662,401319,309287,20191.0,612,4682,3796,29281.0,9.46725856566878,120.97495912572067
POST01731,2025-08-05 06:00:00,Instagram,Image,Brand Awareness,Education,5,175299,125323,71500,4227.0,215,417,870,5729.0,8.012587412587413,40.7874545776074
POST01732,2025-08-05 09:00:00,Facebook,Reel,Product Launch,Brand,21,244356,355667,242380,18355.0,360,3798,4704,27217.0,11.22906180377919,99.19134377711208
POST01733,2025-08-05 12:00:00,Youtube,Text,Festival Campaign,Education,0,364638,246913,158319,8104.0,148,1261,2723,12236.0,7.728699650705222,43.41812976157175
POST01734,2025-08-05 15:00:00,Youtube,Reel,Product Launch,Event,7,423150,796985,541644,43144.0,2020,4167,10896,60227.0,11.119296069004733,128.0028358738036
POST01735,2025-08-05 18:00:00,Instagram,Reel,Educational Series,Brand,17,458746,856776,487504,23111.0,967,2314,10977,37369.0,7.665373002067676,106.26882850204689
POST01736,2025-08-05 21:00:00,Linkedin,Image,Special Campaign,Event,20,73168,75132,60365,1585.0,41,678,530,2834.0,4.694773461442889,82.50191340476711
POST01737,2025-08-06 00:00:00,Youtube,Text,Community Campaign,Brand,3,96086,96071,56762,2465.0,102,441,563,3571.0,6.291180719495437,59.07416272922173
POST01738,2025-08-06 03:00:00,Instagram,Reel,Special Campaign,Entertainment,4,478311,679242,377007,32144.0,1560,2896,5501,42101.0,11.167166657383019,78.82047454480453
POST01739,2025-08-06 06:00:00,Instagram,Reel,Special Campaign,Promotional,4,141915,113105,99668,3697.0,77,1140,2339,7253.0,7.277160171770277,70.23077194095056
POST01740,2025-08-06 09:00:00,Youtube,Text,Product Launch,Promotional,14,351704,375147,231655,5297.0,206,1729,4948,12180.0,5.257818739073191,65.86646725655665
POST01741,2025-08-06 12:00:00,Facebook,Reel,Product Launch,Education,9,51772,55028,46213,1245.0,63,121,614,2043.0,4.420833964468873,89.26253573360118
POST01742,2025-08-06 15:00:00,Facebook,Reel,Product Launch,Community,7,421938,577903,512926,34610.0,1057,7145,8006,50818.0,9.907472033002811,121.56430565628125
POST01743,2025-08-06 18:00:00,Facebook,Image,Special Campaign,Brand,6,201214,98615,72673,3436.0,132,688,1356,5612.0,7.722262738568657,36.117268182134445
POST01744,2025-08-06 21:00:00,Instagram,Video,Seasonal Campaign,Event,11,87656,175574,128896,7734.0,107,475,1868,10184.0,7.900943396226415,147.04754951172768
POST01745,2025-08-07 00:00:00,Youtube,Image,Brand Awareness,Community,10,377769,349927,237459,8326.0,428,2616,1226,12596.0,5.304494670658935,62.85825464768152
POST01746,2025-08-07 03:00:00,Youtube,Text,Seasonal Campaign,Entertainment,12,106884,125187,87500,2997.0,149,835,941,4922.0,5.6251428571428574,81.86445118071929
POST01747,2025-08-07 06:00:00,Instagram,Carousel,Event Promotion,Entertainment,14,137129,208551,149891,10383.0,340,908,606,12237.0,8.163932457585846,109.306565350874
POST01748,2025-08-07 09:00:00,Instagram,Reel,Product Launch,Entertainment,16,156949,152159,91787,3688.0,58,490,1628,5864.0,6.388704282741564,58.482054680182735
POST01749,2025-08-07 12:00:00,Facebook,Text,Product Launch,Promotional,21,301048,219300,148610,3576.0,153,1217,1548,6494.0,4.369827064127582,49.3642209880152
POST01750,2025-08-07 15:00:00,Instagram,Image,Educational Series,Event,21,368472,561083,468862,25326.0,978,1520,9022,36846.0,7.85860231795283,127.24494669879935
POST01751,2025-08-07 18:00:00,Youtube,Reel,Educational Series,Entertainment,17,233943,434890,266952,24991.0,1398,4565,3324,34278.0,12.840510653600647,114.10984727048896
POST01752,2025-08-07 21:00:00,Instagram,Image,Festival Campaign,Entertainment,7,100195,99335,80009,2910.0,69,593,320,3892.0,4.86445274906573,79.85328609212037
POST01753,2025-08-08 00:00:00,Instagram,Reel,Festival Campaign,Education,5,180756,410298,319234,31525.0,366,5738,3623,41252.0,12.92218247429785,176.61045829737324
POST01754,2025-08-08 03:00:00,Instagram,Reel,Educational Series,Brand,10,348644,418016,238291,7267.0,165,3205,1861,12498.0,5.244847686232379,68.34794231364945
POST01755,2025-08-08 06:00:00,Linkedin,Reel,Event Promotion,Brand,8,54902,49966,27873,982.0,30,206,215,1433.0,5.141176048505723,50.76864230811263
POST01756,2025-08-08 09:00:00,Facebook,Image,Festival Campaign,Brand,4,335750,339869,228862,9803.0,174,1665,2587,14229.0,6.217283777997221,68.16440804169768
POST01757,2025-08-08 12:00:00,Linkedin,Video,Community Campaign,Community,6,143574,101016,80030,6089.0,359,852,1962,9262.0,11.573160064975633,55.74129020574756
POST01758,2025-08-08 15:00:00,Youtube,Image,Community Campaign,Education,21,251620,252933,168363,6402.0,135,1908,4061,12506.0,7.427997838004788,66.91161274938399
POST01759,2025-08-08 18:00:00,Instagram,Text,Event Promotion,Promotional,14,55571,61456,48163,1924.0,84,476,995,3479.0,7.223387247472125,86.66930593295064
POST01760,2025-08-08 21:00:00,Youtube,Reel,Educational Series,Community,20,351591,575158,450297,12711.0,415,6368,3782,23276.0,5.169032882741835,128.0740974598326
POST01761,2025-08-09 00:00:00,Youtube,Reel,Festival Campaign,Education,21,96752,90673,75466,4680.0,176,571,1494,6921.0,9.171017411814592,77.99942120059534
POST01762,2025-08-09 03:00:00,Facebook,Reel,Product Launch,Entertainment,3,480160,634628,371143,16672.0,944,4280,1238,23134.0,6.233176969523877,77.29569310229924
POST01763,2025-08-09 06:00:00,Instagram,Reel,Educational Series,Event,18,369301,617998,464731,30800.0,1126,2234,1970,36130.0,7.774389915886824,125.84070988164126
POST01764,2025-08-09 09:00:00,Youtube,Reel,Festival Campaign,Community,12,237585,359399,205530,13773.0,347,1333,4395,19848.0,9.656984381842067,86.50798661531663
POST01765,2025-08-09 12:00:00,Instagram,Video,Event Promotion,Community,0,229803,438810,268368,20993.0,441,1912,4136,27482.0,10.240416144994931,116.78176525110638
POST01766,2025-08-09 15:00:00,Instagram,Text,Community Campaign,Entertainment,0,195010,120029,79690,3131.0,170,176,893,4370.0,5.483749529426528,40.864571047638584
POST01767,2025-08-09 18:00:00,Facebook,Text,Special Campaign,Entertainment,21,77203,65221,52019,2218.0,131,526,1003,3878.0,7.4549683769391955,67.37950597774697
POST01768,2025-08-09 21:00:00,Youtube,Reel,Event Promotion,Event,13,77805,140292,124980,8412.0,190,583,689,9874.0,7.90046407425188,160.63235010603432
POST01769,2025-08-10 00:00:00,Instagram,Video,Special Campaign,Brand,8,257039,452545,303151,28892.0,1331,4023,2821,37067.0,12.227239890351672,117.93969008594027
POST01770,2025-08-10 03:00:00,Instagram,Reel,Festival Campaign,Community,23,259185,406741,297897,26139.0,922,3320,5662,36043.0,12.09914836336049,114.93604953990393
POST01771,2025-08-10 06:00:00,Youtube,Reel,Event Promotion,Education,11,92649,118648,76014,6456.0,290,1266,574,8586.0,11.295287710158656,82.04513810186835
POST01772,2025-08-10 09:00:00,Facebook,Video,Festival Campaign,Promotional,17,412438,398518,313403,21675.0,1261,4375,5081,32392.0,10.335574324432121,75.9879060610322
POST01773,2025-08-10 12:00:00,Linkedin,Carousel,Festival Campaign,Entertainment,8,60910,63127,42819,2324.0,55,533,550,3462.0,8.085195824283613,70.2988015104252
POST01774,2025-08-10 15:00:00,Linkedin,Reel,Special Campaign,Entertainment,7,435977,452462,325120,17195.0,808,3143,2422,23568.0,7.249015748031495,74.57274122258744
POST01775,2025-08-10 18:00:00,Facebook,Image,Event Promotion,Promotional,13,307136,208585,156174,9422.0,300,1804,3520,15046.0,9.634126038905324,50.848484059179
POST01776,2025-08-10 21:00:00,Instagram,Reel,Brand Awareness,Education,8,230386,404496,319626,15586.0,555,1342,4021,21504.0,6.727863190103434,138.73499257767398
POST01777,2025-08-11 00:00:00,Facebook,Carousel,Product Launch,Entertainment,19,369665,467062,266700,6214.0,188,2177,4313,12892.0,4.833895763029621,72.14640282417865
POST01778,2025-08-11 03:00:00,Youtube,Image,Educational Series,Promotional,1,75448,41941,31213,1738.0,78,419,267,2502.0,8.015890814724633,41.370215247587744
POST01779,2025-08-11 06:00:00,Instagram,Text,Community Campaign,Entertainment,0,89903,119114,83487,1796.0,48,896,887,3627.0,4.344388946782134,92.86341946319922
POST01780,2025-08-11 09:00:00,Facebook,Reel,Product Launch,Brand,12,458663,320184,191091,18439.0,634,762,779,20614.0,10.787530548272812,41.66261503543996
POST01781,2025-08-11 12:00:00,Instagram,Image,Educational Series,Brand,9,292930,320077,199348,11884.0,540,1695,2717,16836.0,8.445532435740514,68.0531184924726
POST01782,2025-08-11 15:00:00,Linkedin,Image,Educational Series,Entertainment,7,131316,100240,86142,4351.0,52,473,911,5787.0,6.717977293306402,65.59901306771452
POST01783,2025-08-11 18:00:00,Youtube,Image,Community Campaign,Entertainment,6,62706,39619,33879,1184.0,31,349,347,1911.0,5.640662357212432,54.02832264855037
POST01784,2025-08-11 21:00:00,Facebook,Reel,Product Launch,Brand,23,392141,649481,364791,27636.0,1031,5484,8236,42387.0,11.619530087090963,93.02546788017575
POST01785,2025-08-12 00:00:00,Facebook,Carousel,Community Campaign,Entertainment,11,358731,329328,260594,13301.0,182,547,4817,18847.0,7.2323230772772975,72.64328981883361
POST01786,2025-08-12 03:00:00,Linkedin,Video,Festival Campaign,Education,16,253354,156419,116370,5232.0,236,1814,1519,8801.0,7.562945776402853,45.931779249587535
POST01787,2025-08-12 06:00:00,Facebook,Text,Community Campaign,Education,11,297755,243515,214033,12313.0,623,787,1561,15284.0,7.140954899478118,71.88225218720089
POST01788,2025-08-12 09:00:00,Facebook,Video,Special Campaign,Event,15,286634,360148,312537,11143.0,202,5459,7629,24433.0,7.817634392087977,109.03696002567736
POST01789,2025-08-12 12:00:00,Instagram,Video,Special Campaign,Education,9,332148,699678,526750,41214.0,1923,8704,2446,54287.0,10.306027527289986,158.58894227874322
POST01790,2025-08-12 15:00:00,Youtube,Image,Event Promotion,Community,11,473850,441676,264402,16181.0,684,1065,1584,19514.0,7.380428287229295,55.79867046533713
POST01791,2025-08-12 18:00:00,Instagram,Video,Brand Awareness,Community,10,116849,129191,91846,8498.0,259,1132,821,10710.0,11.660823552468262,78.60229869318522
POST01792,2025-08-12 21:00:00,Facebook,Reel,Brand Awareness,Community,13,149213,97763,78582,5410.0,98,597,1885,7990.0,10.167722888193225,52.66431209076957
POST01793,2025-08-13 00:00:00,Youtube,Image,Brand Awareness,Entertainment,21,157449,192212,169743,7958.0,459,510,1550,10477.0,6.17227219973725,107.80824266905474
POST01794,2025-08-13 03:00:00,Facebook,Reel,Product Launch,Entertainment,19,292047,381768,258586,25285.0,839,4491,3571,34186.0,13.22035995761565,88.54259759559248
POST01795,2025-08-13 06:00:00,Instagram,Image,Special Campaign,Promotional,12,165639,263435,217237,13307.0,255,850,4289,18701.0,8.608570363243832,131.15087630328605
POST01796,2025-08-13 09:00:00,Instagram,Reel,Product Launch,Community,1,239493,452875,357395,30580.0,1403,3471,8378,43832.0,12.264301403209334,149.2298313520646
POST01797,2025-08-13 12:00:00,Facebook,Text,Festival Campaign,Community,19,276477,267459,154431,7800.0,315,1623,2519,12257.0,7.936877958440987,55.856725875931815
POST01798,2025-08-13 15:00:00,Instagram,Reel,Seasonal Campaign,Education,6,273874,637267,474949,30619.0,1555,1839,5440,39453.0,8.306786623405882,173.41879842555338
POST01799,2025-08-13 18:00:00,Instagram,Reel,Brand Awareness,Brand,0,461772,668808,410800,12007.0,718,4890,10139,27754.0,6.7560856864654335,88.96165207071888
POST01800,2025-08-13 21:00:00,Instagram,Image,Festival Campaign,Brand,2,308750,216840,171139,4912.0,60,1453,611,7036.0,4.111277967032646,55.42963562753036
POST01801,2025-08-14 00:00:00,Linkedin,Reel,Special Campaign,Event,19,143116,103570,79078,6022.0,282,1225,1684,9213.0,11.650522269151976,55.254478884261715
POST01802,2025-08-14 03:00:00,Facebook,Reel,Seasonal Campaign,Promotional,11,496192,475103,423110,24075.0,1431,7014,3851,36371.0,8.596109758691593,85.27142718947505
POST01803,2025-08-14 06:00:00,Instagram,Reel,Brand Awareness,Brand,4,153332,241325,211734,15526.0,573,2068,4443,22610.0,10.6784928259042,138.0885920747137
POST01804,2025-08-14 09:00:00,Instagram,Image,Product Launch,Event,11,181339,121898,67443,3223.0,147,708,442,4520.0,6.701955725575671,37.19166864270786
POST01805,2025-08-14 12:00:00,Instagram,Image,Seasonal Campaign,Education,2,209441,181345,104819,4369.0,140,1305,1114,6928.0,6.609488737728847,50.0470299511557
POST01806,2025-08-14 15:00:00,Facebook,Video,Event Promotion,Promotional,19,463276,404170,331094,13541.0,376,5372,1400,20689.0,6.248678622989242,71.46798021050087
POST01807,2025-08-14 18:00:00,Facebook,Carousel,Event Promotion,Promotional,4,36833,17545,13860,918.0,41,124,102,1185.0,8.54978354978355,37.62929981266799
POST01808,2025-08-14 21:00:00,Instagram,Image,Event Promotion,Community,0,135256,124773,103602,6950.0,412,922,1684,9968.0,9.621435879616223,76.59697166853967
POST01809,2025-08-15 00:00:00,Instagram,Reel,Community Campaign,Entertainment,15,23498,22586,14531,1250.0,18,203,287,1758.0,12.098272658454338,61.839305472806195
POST01810,2025-08-15 03:00:00,Instagram,Reel,Event Promotion,Community,8,407884,591574,501218,17724.0,551,8241,11551,38067.0,7.594898826458746,122.88248619705601
POST01811,2025-08-15 06:00:00,Facebook,Video,Educational Series,Education,9,216382,162775,114731,7197.0,410,1184,646,9437.0,8.225327069405827,53.022432549842414
POST01812,2025-08-15 09:00:00,Facebook,Reel,Brand Awareness,Community,9,459945,711476,456531,41616.0,650,2050,2781,47097.0,10.316276441249334,99.25773733816
POST01813,2025-08-15 12:00:00,Instagram,Reel,Event Promotion,Promotional,12,30518,27637,15302,1103.0,46,139,361,1649.0,10.77636910207816,50.14090045219215
POST01814,2025-08-15 15:00:00,Instagram,Video,Seasonal Campaign,Community,15,229109,450554,385213,21436.0,675,5252,7647,35010.0,9.08847832238268,168.1352543985614
POST01815,2025-08-15 18:00:00,Instagram,Image,Special Campaign,Event,19,42254,49309,36358,1213.0,34,330,540,2117.0,5.822652511139227,86.04629147536328
POST01816,2025-08-15 21:00:00,Linkedin,Reel,Educational Series,Community,3,250684,249928,222781,11533.0,236,3416,3004,18189.0,8.164520313671273,88.8692537218171
POST01817,2025-08-16 00:00:00,Instagram,Reel,Educational Series,Brand,13,101438,166114,132914,5966.0,112,1468,859,8405.0,6.323637841009977,131.02979159683747
POST01818,2025-08-16 03:00:00,Facebook,Text,Educational Series,Education,16,250093,147898,85506,2035.0,72,273,970,3350.0,3.9178537178677515,34.18968143850488
POST01819,2025-08-16 06:00:00,Facebook,Video,Festival Campaign,Education,4,438761,297401,224795,14926.0,430,943,2517,18816.0,8.37029293356169,51.23404313510088
POST01820,2025-08-16 09:00:00,Instagram,Carousel,Seasonal Campaign,Promotional,12,416561,664418,369412,19612.0,678,3202,6377,29869.0,8.085552174807532,88.68136959532937
POST01821,2025-08-16 12:00:00,Instagram,Image,Festival Campaign,Community,2,231978,357743,266598,15377.0,304,1121,4312,21114.0,7.9197893457565325,114.92382898378295
POST01822,2025-08-16 15:00:00,Instagram,Image,Educational Series,Promotional,4,280966,440013,295939,10247.0,281,3933,1276,15737.0,5.317649921098605,105.329114554786
POST01823,2025-08-16 18:00:00,Facebook,Text,Community Campaign,Promotional,15,469582,371077,287641,10279.0,614,988,6232,18113.0,6.2970856032345885,61.254690341622975
POST01824,2025-08-16 21:00:00,Facebook,Text,Event Promotion,Event,18,273442,168025,124263,5668.0,160,873,2935,9636.0,7.754520653774655,45.44400640720884
POST01825,2025-08-17 00:00:00,Facebook,Reel,Special Campaign,Entertainment,18,197793,226409,145235,14687.0,449,381,2928,18445.0,12.700106723585913,73.42777550267199
POST01826,2025-08-17 03:00:00,Youtube,Video,Brand Awareness,Promotional,16,341973,522259,316918,15566.0,171,2014,2194,19945.0,6.29342605973785,92.67339819225494
POST01827,2025-08-17 06:00:00,Instagram,Reel,Seasonal Campaign,Entertainment,17,375911,775877,536634,26434.0,767,3745,3642,34588.0,6.44536127043758,142.75559906467223
POST01828,2025-08-17 09:00:00,Linkedin,Reel,Community Campaign,Entertainment,17,127399,115875,103753,6333.0,305,1563,1968,10169.0,9.80116237602768,81.43941475207812
POST01829,2025-08-17 12:00:00,Facebook,Carousel,Product Launch,Education,22,29642,39686,27879,1856.0,66,247,354,2523.0,9.049822447003121,94.05235814047636
POST01830,2025-08-17 15:00:00,Instagram,Image,Festival Campaign,Brand,7,365519,325390,264241,18476.0,791,513,5320,25100.0,9.49890440923248,72.29200123659783
POST01831,2025-08-17 18:00:00,Linkedin,Text,Event Promotion,Brand,17,109217,67552,38500,1507.0,57,200,179,1943.0,5.046753246753247,35.250922475438806
POST01832,2025-08-17 21:00:00,Facebook,Reel,Event Promotion,Community,8,477749,816852,557585,49831.0,761,7525,10461,68578.0,12.299111346252142,116.71086700338462
POST01833,2025-08-18 00:00:00,Youtube,Image,Product Launch,Event,18,223643,318426,239810,10330.0,274,2218,2956,15778.0,6.579375338809891,107.22893182438082
POST01834,2025-08-18 03:00:00,Facebook,Text,Product Launch,Event,9,411556,332178,270033,4534.0,202,546,994,6276.0,2.3241603803979514,65.61269912235515
POST01835,2025-08-18 06:00:00,Facebook,Text,Seasonal Campaign,Brand,1,204454,113794,83631,4619.0,172,882,1253,6926.0,8.281618060288649,40.90455554794721
POST01836,2025-08-18 09:00:00,Facebook,Reel,Event Promotion,Community,16,446515,375640,274349,13336.0,583,1858,5042,20819.0,7.588509526187448,61.44228077444207
POST01837,2025-08-18 12:00:00,Instagram,Image,Product Launch,Brand,23,186107,116606,95309,2429.0,68,1165,1393,5055.0,5.303801319917321,51.21193721891169
POST01838,2025-08-18 15:00:00,Instagram,Carousel,Event Promotion,Community,12,397164,604842,398984,33418.0,657,2000,2275,38350.0,9.611914262226055,100.45824898530581
POST01839,2025-08-18 18:00:00,Linkedin,Reel,Community Campaign,Community,10,139937,146036,84951,4510.0,232,1036,1779,7557.0,8.89571635413356,60.706603685944394
POST01840,2025-08-18 21:00:00,Instagram,Text,Seasonal Campaign,Community,15,174655,168552,113183,2393.0,68,617,1129,4207.0,3.716989300513328,64.8037559760671
POST01841,2025-08-19 00:00:00,Instagram,Text,Special Campaign,Community,19,304249,266264,161262,4679.0,200,1155,3752,9786.0,6.068385608512855,53.00329664189529
POST01842,2025-08-19 03:00:00,Youtube,Reel,Product Launch,Education,6,494882,695612,617759,40821.0,1186,6803,14178,62988.0,10.196209201322846,124.8295553283409
POST01843,2025-08-19 06:00:00,Youtube,Reel,Community Campaign,Education,2,33736,51680,38870,1277.0,71,102,287,1737.0,4.468741960380757,115.2181645719706
POST01844,2025-08-19 09:00:00,Facebook,Reel,Community Campaign,Brand,15,62281,103055,72788,3894.0,232,621,981,5728.0,7.869429026762653,116.87031357878004
POST01845,2025-08-19 12:00:00,Linkedin,Text,Product Launch,Community,18,99351,31555,27428,1236.0,52,44,165,1497.0,5.4579262067959755,27.607170536783727
POST01846,2025-08-19 15:00:00,Instagram,Reel,Seasonal Campaign,Promotional,19,109932,223222,193115,18817.0,754,2732,3458,25761.0,13.339719856044328,175.66768547829568
POST01847,2025-08-19 18:00:00,Instagram,Image,Event Promotion,Community,15,437528,420795,292660,11548.0,600,3449,6363,21960.0,7.503587781042849,66.88943336197912
POST01848,2025-08-19 21:00:00,Instagram,Image,Special Campaign,Promotional,1,359924,483924,414313,20088.0,719,2610,7152,30569.0,7.3782381918983955,115.11124570742712
POST01849,2025-08-20 00:00:00,Linkedin,Image,Educational Series,Education,13,193740,202058,115659,6054.0,323,918,1009,8304.0,7.179726610121132,59.69804893155776
POST01850,2025-08-20 03:00:00,Facebook,Reel,Event Promotion,Community,19,75652,71366,61374,1934.0,59,227,287,2507.0,4.084791605565875,81.12673822238672
POST01851,2025-08-20 06:00:00,Instagram,Reel,Brand Awareness,Entertainment,9,413174,379998,250306,13189.0,152,2280,1132,16753.0,6.693007758503591,60.58125632300193
POST01852,2025-08-20 09:00:00,Facebook,Text,Product Launch,Brand,18,293862,145256,108621,4973.0,280,309,1785,7347.0,6.763885436517801,36.96326847295669
POST01853,2025-08-20 12:00:00,Linkedin,Text,Festival Campaign,Community,23,495536,214693,138346,6655.0,306,294,3316,10571.0,7.640987090338716,27.9184559749443
POST01854,2025-08-20 15:00:00,Facebook,Video,Seasonal Campaign,Event,10,116219,155872,139455,6920.0,245,708,2551,10424.0,7.474812663583235,119.99328853285607
POST01855,2025-08-20 18:00:00,Linkedin,Reel,Product Launch,Promotional,17,403871,235994,135725,3600.0,206,2350,2588,8744.0,6.442438754835145,33.60602766725019
POST01856,2025-08-20 21:00:00,Instagram,Reel,Brand Awareness,Community,10,261198,224488,158586,4208.0,228,3044,1624,9104.0,5.740733734377561,60.714859991270984
POST01857,2025-08-21 00:00:00,Facebook,Carousel,Community Campaign,Entertainment,8,457213,515718,395734,21726.0,335,5580,6289,33930.0,8.573941081635644,86.55353194244259
POST01858,2025-08-21 03:00:00,Youtube,Reel,Festival Campaign,Promotional,18,444644,671905,514319,35496.0,1463,9765,5125,51849.0,10.081097528965486,115.66983924218026
POST01859,2025-08-21 06:00:00,Facebook,Text,Festival Campaign,Entertainment,19,253367,156959,126911,5077.0,187,1094,2898,9256.0,7.29330002915429,50.08979069886765
POST01860,2025-08-21 09:00:00,Facebook,Carousel,Event Promotion,Brand,9,209894,213299,171395,11392.0,556,733,1013,13694.0,7.9897313223839665,81.65788445596348
POST01861,2025-08-21 12:00:00,Facebook,Reel,Educational Series,Brand,2,177562,256619,212377,20783.0,520,2573,3590,27466.0,12.932662199767394,119.60723578243093
POST01862,2025-08-21 15:00:00,Facebook,Text,Event Promotion,Brand,2,463425,188773,119304,7105.0,73,1029,2276,10483.0,8.786796754509488,25.743971516426605
POST01863,2025-08-21 18:00:00,Instagram,Text,Seasonal Campaign,Education,23,257309,243918,165785,7716.0,148,1078,3044,11986.0,7.2298458847302225,64.43031530183553
POST01864,2025-08-21 21:00:00,Youtube,Reel,Festival Campaign,Entertainment,7,329495,624035,426659,28198.0,579,5108,3695,37580.0,8.807970768224742,129.48876310717915
POST01865,2025-08-22 00:00:00,Linkedin,Image,Special Campaign,Community,5,61001,37878,33504,858.0,21,290,458,1627.0,4.856136580706781,54.923689775577444
POST01866,2025-08-22 03:00:00,Linkedin,Reel,Special Campaign,Event,19,459072,603008,418040,23395.0,667,4385,7354,35801.0,8.564013013108793,91.0619684929597
POST01867,2025-08-22 06:00:00,Instagram,Image,Festival Campaign,Event,0,407194,591675,371367,18164.0,823,1931,8719,29637.0,7.980515231563386,91.20149118110777
POST01868,2025-08-22 09:00:00,Instagram,Reel,Special Campaign,Brand,19,298554,615215,474527,49343.0,676,6342,6639,63000.0,13.276378372568894,158.94176597868392
POST01869,2025-08-22 12:00:00,Instagram,Image,Special Campaign,Event,23,72685,90302,63170,1570.0,53,153,607,2383.0,3.772360297609625,86.90926601086882
POST01870,2025-08-22 15:00:00,Facebook,Text,Educational Series,Promotional,5,448602,368619,235004,11911.0,416,744,2703,15774.0,6.712226174873619,52.38585650532097
POST01871,2025-08-22 18:00:00,Facebook,Image,Seasonal Campaign,Entertainment,1,488114,509111,407440,29312.0,1195,5144,6074,41725.0,10.24077164735912,83.47230360120793
POST01872,2025-08-22 21:00:00,Instagram,Reel,Product Launch,Entertainment,18,403461,776495,479232,42561.0,1086,5204,11731,60582.0,12.641476362179487,118.7802538535323
POST01873,2025-08-23 00:00:00,Youtube,Carousel,Educational Series,Entertainment,6,109547,120413,92919,6442.0,148,1237,1563,9390.0,10.105575824104864,84.82112700484723
POST01874,2025-08-23 03:00:00,Facebook,Reel,Community Campaign,Promotional,10,485794,374630,262497,12121.0,414,3905,1681,18121.0,6.9033169902894125,54.034631963342484
POST01875,2025-08-23 06:00:00,Facebook,Video,Event Promotion,Community,10,176358,154226,102052,2473.0,106,755,2199,5533.0,5.421745776662878,57.866385420564995
POST01876,2025-08-23 09:00:00,Youtube,Image,Special Campaign,Education,3,162463,113752,100226,3027.0,37,1122,700,4886.0,4.874982539460818,61.69158516092895
POST01877,2025-08-23 12:00:00,Youtube,Reel,Product Launch,Promotional,19,309143,380822,252691,22136.0,546,1046,973,24701.0,9.775179962879564,81.73919512976195
POST01878,2025-08-23 15:00:00,Youtube,Reel,Event Promotion,Entertainment,15,415234,587449,394546,13559.0,669,6860,2053,23141.0,5.865222306144277,95.01774902825876
POST01879,2025-08-23 18:00:00,Instagram,Video,Special Campaign,Entertainment,4,32952,69233,59175,2681.0,91,770,1200,4742.0,8.013519222644698,179.57938820101967
POST01880,2025-08-23 21:00:00,Youtube,Reel,Educational Series,Entertainment,23,232848,485961,289227,20209.0,1163,5283,6606,33261.0,11.499963696335405,124.21279117707688
POST01881,2025-08-24 00:00:00,Facebook,Video,Product Launch,Community,6,432498,593022,348592,22918.0,1223,5706,3102,32949.0,9.452024142837471,80.59967907366045
POST01882,2025-08-24 03:00:00,Linkedin,Reel,Educational Series,Event,15,370139,569771,369751,25273.0,687,3337,5161,34458.0,9.319244572698924,99.89517451551984
POST01883,2025-08-24 06:00:00,Facebook,Reel,Community Campaign,Education,14,120351,210936,159693,16369.0,758,2727,2577,22431.0,14.046326388758429,132.68938355310715
POST01884,2025-08-24 09:00:00,Facebook,Image,Brand Awareness,Promotional,4,205426,230499,157777,2944.0,69,1323,1926,6262.0,3.9688928044011487,76.80478615170426
POST01885,2025-08-24 12:00:00,Instagram,Text,Festival Campaign,Entertainment,0,37942,19788,15098,557.0,10,45,66,678.0,4.490661014703934,39.79231458541985
POST01886,2025-08-24 15:00:00,Youtube,Text,Seasonal Campaign,Brand,19,474154,362247,219490,8274.0,447,2104,932,11757.0,5.356508269169439,46.29086752405336
POST01887,2025-08-24 18:00:00,Instagram,Reel,Product Launch,Education,21,21722,35042,22479,1098.0,30,403,285,1816.0,8.078651185550958,103.48494613755639
POST01888,2025-08-24 21:00:00,Instagram,Image,Festival Campaign,Brand,21,450036,303328,226830,10514.0,212,632,4662,16020.0,7.062557862716572,50.40263445591019
POST01889,2025-08-25 00:00:00,Facebook,Reel,Brand Awareness,Education,8,480403,735543,460451,36152.0,2105,8438,2238,48933.0,10.627189429494125,95.84682027381179
POST01890,2025-08-25 03:00:00,Linkedin,Image,Product Launch,Entertainment,20,280769,131133,91528,4972.0,57,808,688,6525.0,7.12896599947557,32.59904049236205
POST01891,2025-08-25 06:00:00,Instagram,Image,Festival Campaign,Education,4,447762,427162,320553,7290.0,206,674,2864,11034.0,3.44217648875537,71.59004113792595
POST01892,2025-08-25 09:00:00,Youtube,Text,Festival Campaign,Education,21,478246,224465,199948,10219.0,121,1356,3059,14755.0,7.379418648848701,41.80860895856944
POST01893,2025-08-25 12:00:00,Facebook,Text,Product Launch,Entertainment,5,411529,284613,164495,9356.0,329,1524,649,11858.0,7.208729748624579,39.9716666383171
POST01894,2025-08-25 15:00:00,Instagram,Image,Festival Campaign,Community,2,86219,102152,72644,1792.0,53,583,1592,4020.0,5.53383624249766,84.25521056843618
POST01895,2025-08-25 18:00:00,Youtube,Image,Festival Campaign,Brand,5,389919,476802,328371,13298.0,612,3308,4385,21603.0,6.578839178855624,84.21518315342418
POST01896,2025-08-25 21:00:00,Facebook,Video,Product Launch,Community,7,276246,250449,209997,12777.0,737,3385,2871,19770.0,9.414420206002942,76.01811428943768
POST01897,2025-08-26 00:00:00,Facebook,Video,Seasonal Campaign,Brand,5,431610,508339,439766,14823.0,533,7022,4478,26856.0,6.106884115643319,101.88966891406595
POST01898,2025-08-26 03:00:00,Instagram,Reel,Festival Campaign,Event,15,471775,908294,787903,51421.0,1247,4430,6038,63136.0,8.013169133763927,167.00821366117322
POST01899,2025-08-26 06:00:00,Instagram,Reel,Festival Campaign,Brand,15,459921,905480,616902,25993.0,1393,6057,6786,40229.0,6.521133016265145,134.13216617636508
POST01900,2025-08-26 09:00:00,Facebook,Image,Seasonal Campaign,Brand,20,497718,323183,212211,14538.0,584,657,4900,20679.0,9.744546701160637,42.63679432931901
POST01901,2025-08-26 12:00:00,Youtube,Reel,Event Promotion,Education,2,439685,356943,252429,15393.0,579,3195,1280,20447.0,8.100099433900224,57.41132856476796
POST01902,2025-08-26 15:00:00,Instagram,Reel,Community Campaign,Event,16,356185,298727,200265,20747.0,403,3751,868,25769.0,12.867450627918009,56.22499543776408
POST01903,2025-08-26 18:00:00,Facebook,Reel,Event Promotion,Entertainment,20,125747,186562,149547,4430.0,53,848,825,6156.0,4.1164316235029785,118.9268928881007
POST01904,2025-08-26 21:00:00,Instagram,Carousel,Special Campaign,Entertainment,5,343482,383206,239407,6951.0,229,1821,4810,13811.0,5.768837168503845,69.70001339225928
POST01905,2025-08-27 00:00:00,Facebook,Reel,Brand Awareness,Promotional,5,25492,18907,14757,893.0,32,276,59,1260.0,8.538320796909941,57.8887494115801
POST01906,2025-08-27 03:00:00,Instagram,Reel,Event Promotion,Event,21,430043,459201,401546,37825.0,618,6134,4147,48724.0,12.134101696941322,93.37345335233918
POST01907,2025-08-27 06:00:00,Linkedin,Reel,Event Promotion,Education,18,136359,179557,116347,8063.0,104,442,1436,10045.0,8.633656218037423,85.32403435050125
POST01908,2025-08-27 09:00:00,Instagram,Video,Brand Awareness,Promotional,19,178564,282563,222352,17060.0,354,2019,3147,22580.0,10.155069439447363,124.5223001276853
POST01909,2025-08-27 12:00:00,Instagram,Video,Festival Campaign,Promotional,14,219874,317062,190315,10371.0,136,3389,584,14480.0,7.608438641200116,86.55639138779483
POST01910,2025-08-27 15:00:00,Instagram,Image,Festival Campaign,Entertainment,18,222517,269879,159899,3227.0,41,1135,2192,6595.0,4.1244785771017956,71.85922873308557
POST01911,2025-08-27 18:00:00,Instagram,Image,Event Promotion,Brand,1,163941,112873,66648,3531.0,113,610,485,4739.0,7.110490937462489,40.65364978864348
POST01912,2025-08-27 21:00:00,Linkedin,Text,Brand Awareness,Education,7,190854,93790,56131,2443.0,123,467,289,3322.0,5.918298266555023,29.41043939346307
POST01913,2025-08-28 00:00:00,Linkedin,Reel,Festival Campaign,Event,6,435079,395498,247446,7812.0,337,3419,3645,15213.0,6.148008050241264,56.873809124319955
POST01914,2025-08-28 03:00:00,Instagram,Reel,Educational Series,Promotional,7,213059,270716,202222,7953.0,349,2298,3917,14517.0,7.178744152466102,94.91361547740297
POST01915,2025-08-28 06:00:00,Youtube,Reel,Product Launch,Education,12,457271,892188,730206,46105.0,1066,3537,17206,67914.0,9.300663100549707,159.6878000135587
POST01916,2025-08-28 09:00:00,Facebook,Reel,Product Launch,Entertainment,21,224427,283959,168785,10268.0,108,2459,3895,16730.0,9.912018248067067,75.20708292674233
POST01917,2025-08-28 12:00:00,Linkedin,Image,Community Campaign,Promotional,14,311280,275517,235430,13803.0,449,2994,2772,20018.0,8.502739667841821,75.63287072731946
POST01918,2025-08-28 15:00:00,Youtube,Text,Product Launch,Promotional,11,401973,244312,206431,6695.0,193,2205,3816,12909.0,6.253421240026934,51.35444420396394
POST01919,2025-08-28 18:00:00,Instagram,Carousel,Event Promotion,Community,14,296981,285913,230041,14443.0,828,2346,4210,21827.0,9.488308605857217,77.45983749802176
POST01920,2025-08-28 21:00:00,Youtube,Image,Product Launch,Entertainment,13,95592,68642,47986,2689.0,36,362,579,3666.0,7.639728254074105,50.19876140262783
POST01921,2025-08-29 00:00:00,Facebook,Text,Product Launch,Community,6,413931,331925,182739,8045.0,392,869,943,10249.0,5.608545521207843,44.147212941287314
POST01922,2025-08-29 03:00:00,Instagram,Reel,Educational Series,Entertainment,16,168347,222976,179979,13048.0,381,782,2052,16263.0,9.03605420632407,106.90953803750587
POST01923,2025-08-29 06:00:00,Facebook,Reel,Festival Campaign,Entertainment,4,40191,42560,36501,3242.0,166,639,906,4953.0,13.569491246815154,90.81884003881467
POST01924,2025-08-29 09:00:00,Instagram,Image,Educational Series,Community,19,495636,647226,431926,23101.0,802,1470,6569,31942.0,7.395248260118631,87.14580861761453
POST01925,2025-08-29 12:00:00,Facebook,Carousel,Event Promotion,Education,9,342270,476046,381453,28057.0,1431,2300,4009,35797.0,9.384380251302257,111.4479796651766
POST01926,2025-08-29 15:00:00,Instagram,Reel,Product Launch,Education,18,465008,480132,274499,20768.0,692,4148,5315,30923.0,11.265250510930823,59.03102742318411
POST01927,2025-08-29 18:00:00,Youtube,Image,Seasonal Campaign,Education,17,262070,145985,116543,3098.0,93,1170,2109,6470.0,5.551598980633758,44.47017972297478
POST01928,2025-08-29 21:00:00,Youtube,Carousel,Festival Campaign,Brand,23,275305,220945,126802,5134.0,298,1445,1995,8872.0,6.996735067270232,46.05873485770328
POST01929,2025-08-30 00:00:00,Facebook,Carousel,Community Campaign,Promotional,9,291038,339652,256612,10729.0,305,3136,4368,18538.0,7.224136049756052,88.17130409087474
POST01930,2025-08-30 03:00:00,Instagram,Carousel,Community Campaign,Education,1,366397,320681,243442,6552.0,329,2312,3863,13056.0,5.363084430788442,66.44213789960071
POST01931,2025-08-30 06:00:00,Youtube,Reel,Special Campaign,Brand,5,104114,161441,105865,8469.0,113,552,2544,11678.0,11.031030085486233,101.68181032329946
POST01932,2025-08-30 09:00:00,Youtube,Reel,Special Campaign,Promotional,2,43321,67544,39019,2825.0,37,759,554,4175.0,10.69991542581819,90.06948131391242
POST01933,2025-08-30 12:00:00,Youtube,Image,Product Launch,Education,18,128505,101066,89167,4444.0,141,1091,1425,7101.0,7.963708546883937,69.38796155791603
POST01934,2025-08-30 15:00:00,Facebook,Reel,Product Launch,Entertainment,4,44959,29916,22061,1396.0,54,218,295,1963.0,8.898055391868002,49.06915189394782
POST01935,2025-08-30 18:00:00,Facebook,Text,Community Campaign,Event,6,423731,257187,193640,7637.0,308,1291,3137,12373.0,6.38969221235282,45.69880419417036
POST01936,2025-08-30 21:00:00,Facebook,Image,Community Campaign,Education,6,487829,271377,207673,3828.0,45,1330,4693,9896.0,4.7651837263390044,42.57085987097938
POST01937,2025-08-31 00:00:00,Instagram,Reel,Seasonal Campaign,Event,9,85196,90970,78404,2627.0,117,1049,821,4614.0,5.884903831437171,92.02779473214704
POST01938,2025-08-31 03:00:00,Facebook,Video,Event Promotion,Education,0,172515,190524,108806,7964.0,131,1502,1513,11110.0,10.210833961362425,63.07045764136452
POST01939,2025-08-31 06:00:00,Youtube,Image,Product Launch,Entertainment,10,204622,237645,205004,6584.0,380,924,2638,10526.0,5.13453396031297,100.18668569362043
POST01940,2025-08-31 09:00:00,Instagram,Reel,Community Campaign,Event,22,489195,439124,278354,9580.0,255,2759,3272,15866.0,5.699936052652379,56.90041803370845
POST01941,2025-08-31 12:00:00,Instagram,Video,Seasonal Campaign,Brand,6,188280,292357,168772,8044.0,185,2090,3554,13873.0,8.219965397103785,89.63883577650307
POST01942,2025-08-31 15:00:00,Instagram,Video,Brand Awareness,Entertainment,5,152855,164247,128119,5422.0,133,2282,1038,8875.0,6.927153661830017,83.81734323378365
POST01943,2025-08-31 18:00:00,Facebook,Carousel,Community Campaign,Event,5,98649,109378,97558,2229.0,126,637,1365,4357.0,4.466061214867054,98.89405873348944
POST01944,2025-08-31 21:00:00,Facebook,Reel,Festival Campaign,Event,12,353065,541231,308520,17901.0,611,4686,7201,30399.0,9.853169972773241,87.38334301049382
POST01945,2025-09-01 00:00:00,Facebook,Image,Festival Campaign,Community,15,158054,167328,116986,2276.0,72,685,765,3798.0,3.2465423213034037,74.01647538183153
POST01946,2025-09-01 03:00:00,Youtube,Video,Brand Awareness,Community,12,383031,439802,323441,7771.0,297,1242,1003,10313.0,3.1885258826184684,84.44251248593456
POST01947,2025-09-01 06:00:00,Youtube,Reel,Special Campaign,Entertainment,1,259297,395737,252575,22179.0,1253,3944,2231,29607.0,11.722062753637534,97.40760594993387
POST01948,2025-09-01 09:00:00,Instagram,Reel,Event Promotion,Entertainment,18,492159,993257,887976,44902.0,1141,12052,20681,78776.0,8.871410939034389,180.42461887316904
POST01949,2025-09-01 12:00:00,Instagram,Video,Special Campaign,Entertainment,18,297460,240218,186009,12065.0,229,1938,916,15148.0,8.143691971893833,62.5324413366503
POST01950,2025-09-01 15:00:00,Youtube,Reel,Product Launch,Promotional,18,395796,625770,529102,26044.0,1035,7411,3182,37672.0,7.119988206432786,133.68048186439478
POST01951,2025-09-01 18:00:00,Instagram,Video,Special Campaign,Brand,17,481182,926078,644107,58589.0,2026,10381,6471,77467.0,12.027038985758578,133.8593297338637
POST01952,2025-09-01 21:00:00,Instagram,Image,Product Launch,Education,5,140357,132236,89111,5112.0,66,949,1776,7903.0,8.86871430014252,63.48881780032346
POST01953,2025-09-02 00:00:00,Youtube,Image,Community Campaign,Community,1,125364,118576,88173,3344.0,120,1043,1721,6228.0,7.063386751046238,70.33358859002584
POST01954,2025-09-02 03:00:00,Facebook,Reel,Festival Campaign,Event,18,285080,399828,280818,11914.0,454,2106,1380,15854.0,5.645649495402717,98.50498105794865
POST01955,2025-09-02 06:00:00,Linkedin,Video,Event Promotion,Community,5,359544,196012,156855,5320.0,237,2335,3693,11585.0,7.3858021739823405,43.62609305119818
POST01956,2025-09-02 09:00:00,Linkedin,Image,Event Promotion,Education,19,241723,154136,99115,5864.0,350,595,818,7627.0,7.695101649598951,41.00354538045614
POST01957,2025-09-02 12:00:00,Facebook,Image,Event Promotion,Entertainment,22,94843,61128,43239,1836.0,57,88,396,2377.0,5.497351927657902,45.5900804487416
POST01958,2025-09-02 15:00:00,Youtube,Carousel,Community Campaign,Community,21,288853,172482,148903,5302.0,188,400,1712,7602.0,5.1053370314903,51.549750218969514
POST01959,2025-09-02 18:00:00,Facebook,Carousel,Product Launch,Brand,14,246462,162096,132049,10423.0,143,1593,2239,14398.0,10.903528235730676,53.57783349968758
POST01960,2025-09-02 21:00:00,Facebook,Text,Event Promotion,Brand,5,302851,183140,111500,3629.0,187,462,1613,5891.0,5.2834080717488785,36.81678449138355
POST01961,2025-09-03 00:00:00,Instagram,Image,Community Campaign,Promotional,2,59384,44729,38484,1822.0,27,207,901,2957.0,7.683712711776322,64.80533477030849
POST01962,2025-09-03 03:00:00,Youtube,Image,Community Campaign,Community,10,317331,346326,261876,16844.0,954,2378,4038,24214.0,9.246360873084972,82.52455637804059
POST01963,2025-09-03 06:00:00,Facebook,Text,Brand Awareness,Entertainment,7,349079,223529,176085,9244.0,253,1537,3848,14882.0,8.451600079507056,50.442736457936455
POST01964,2025-09-03 09:00:00,Instagram,Carousel,Educational Series,Event,21,62536,42508,27757,1698.0,45,270,131,2144.0,7.724177684908311,44.385633874888065
POST01965,2025-09-03 12:00:00,Youtube,Reel,Special Campaign,Promotional,17,398916,442121,311492,29689.0,784,4528,6799,41800.0,13.41928524649108,78.08460929117909
POST01966,2025-09-03 15:00:00,Youtube,Reel,Event Promotion,Entertainment,16,437404,324926,270463,27117.0,1559,5004,1987,35667.0,13.187386074989924,61.83368236230121
POST01967,2025-09-03 18:00:00,Instagram,Video,Educational Series,Promotional,18,296389,366252,243827,22268.0,1313,3834,2676,30091.0,12.341127110615313,82.26587356480842
POST01968,2025-09-03 21:00:00,Instagram,Image,Product Launch,Community,18,393426,322545,196033,7223.0,423,905,1967,10518.0,5.365423168548153,49.8271593641498
POST01969,2025-09-04 00:00:00,Instagram,Carousel,Community Campaign,Education,23,239979,359276,245172,11283.0,510,3549,2554,17896.0,7.299365343513942,102.16393934469265
POST01970,2025-09-04 03:00:00,Instagram,Image,Seasonal Campaign,Community,20,394884,344338,197728,6127.0,95,1043,4589,11854.0,5.995104385822949,50.07242633279647
POST01971,2025-09-04 06:00:00,Instagram,Reel,Special Campaign,Entertainment,16,52286,71383,57195,5220.0,153,787,727,6887.0,12.041262348107352,109.38874650958192
POST01972,2025-09-04 09:00:00,Facebook,Carousel,Special Campaign,Event,3,185375,214653,129159,3703.0,90,1813,1148,6754.0,5.229213604936551,69.6744436952124
POST01973,2025-09-04 12:00:00,Instagram,Reel,Event Promotion,Event,6,237745,363804,236397,12693.0,576,3105,2240,18614.0,7.874042394785044,99.43300595175502
POST01974,2025-09-04 15:00:00,Youtube,Image,Seasonal Campaign,Entertainment,4,192121,200937,172479,3195.0,110,1937,3565,8807.0,5.1061288620643674,89.77623476871346
POST01975,2025-09-04 18:00:00,Instagram,Image,Festival Campaign,Promotional,15,363045,525926,388750,19480.0,795,4917,5777,30969.0,7.966302250803858,107.08038948339737
POST01976,2025-09-04 21:00:00,Linkedin,Image,Product Launch,Brand,5,207272,105493,69885,3742.0,39,916,900,5597.0,8.008871717822135,33.71656567216025
POST01977,2025-09-05 00:00:00,Instagram,Carousel,Brand Awareness,Entertainment,13,361130,677614,502575,18437.0,906,3872,11755,34970.0,6.958165447943093,139.16733586243183
POST01978,2025-09-05 03:00:00,Youtube,Video,Brand Awareness,Community,19,89726,165826,103872,8002.0,460,1857,2436,12755.0,12.279536352433764,115.76577580634375
POST01979,2025-09-05 06:00:00,Linkedin,Video,Educational Series,Event,1,398486,300893,168142,8654.0,376,1116,3301,13447.0,7.997406953646323,42.195208865556125
POST01980,2025-09-05 09:00:00,Facebook,Reel,Community Campaign,Education,17,193933,316059,240617,12106.0,636,2505,3463,18710.0,7.775842937115832,124.07223113137012
POST01981,2025-09-05 12:00:00,Instagram,Reel,Educational Series,Event,17,194711,380888,304689,30645.0,1039,4709,1695,38088.0,12.500615381585813,156.48268459409073
POST01982,2025-09-05 15:00:00,Facebook,Image,Festival Campaign,Brand,12,306081,354721,304323,15152.0,166,4002,5652,24972.0,8.205755069449236,99.42564223195821
POST01983,2025-09-05 18:00:00,Youtube,Text,Festival Campaign,Event,17,210586,206940,169723,4472.0,266,342,3552,8632.0,5.0859341397453495,80.5955761541603
POST01984,2025-09-05 21:00:00,Youtube,Video,Special Campaign,Brand,16,486204,753766,659045,62473.0,808,11303,14330,88914.0,13.491339741595795,135.5490699377216
POST01985,2025-09-06 00:00:00,Instagram,Video,Brand Awareness,Entertainment,12,405389,293902,263066,13654.0,268,4729,4156,22807.0,8.669687454859238,64.89223930595058
POST01986,2025-09-06 03:00:00,Instagram,Reel,Seasonal Campaign,Event,11,286104,434990,352658,26989.0,340,6337,5843,39509.0,11.203205371776622,123.26217039957498
POST01987,2025-09-06 06:00:00,Facebook,Image,Event Promotion,Promotional,2,321746,182499,155812,8895.0,366,478,2898,12637.0,8.110415115652197,48.4270200717336
POST01988,2025-09-06 09:00:00,Youtube,Image,Brand Awareness,Community,21,161636,131869,103623,4228.0,165,1205,2303,7901.0,7.624755121932389,64.10886188720335
POST01989,2025-09-06 12:00:00,Youtube,Reel,Brand Awareness,Promotional,6,347677,735234,448366,30399.0,622,6013,1793,38827.0,8.659666433226427,128.96050069461023
POST01990,2025-09-06 15:00:00,Facebook,Reel,Seasonal Campaign,Community,0,329654,225825,138565,6194.0,358,382,2132,9066.0,6.542777757731029,42.033465390985704
POST01991,2025-09-06 18:00:00,Facebook,Text,Special Campaign,Event,4,287235,237020,139507,5016.0,279,1548,1551,8394.0,6.016902377658469,48.56894180723101
POST01992,2025-09-06 21:00:00,Instagram,Reel,Special Campaign,Event,20,82335,86434,76065,3821.0,91,391,1622,5925.0,7.789390652731217,92.38476953907816
POST01993,2025-09-07 00:00:00,Facebook,Reel,Seasonal Campaign,Community,0,443735,263427,206912,14215.0,610,1925,1229,17979.0,8.68920120630993,46.62963255095947
POST01994,2025-09-07 03:00:00,Instagram,Reel,Festival Campaign,Education,3,416926,651327,538301,42122.0,2222,1674,12388,58406.0,10.850063440342856,129.1118807654116
POST01995,2025-09-07 06:00:00,Facebook,Text,Seasonal Campaign,Event,0,83564,37296,24835,1058.0,29,112,142,1341.0,5.3996376082142135,29.71973577138481
POST01996,2025-09-07 09:00:00,Facebook,Image,Educational Series,Education,12,149257,177172,125995,7552.0,171,1064,625,9412.0,7.470137703877137,84.41480131585118
POST01997,2025-09-07 12:00:00,Linkedin,Carousel,Festival Campaign,Education,13,135517,80104,45172,1066.0,24,668,479,2237.0,4.952182768086425,33.33308736173321
POST01998,2025-09-07 15:00:00,Instagram,Text,Seasonal Campaign,Community,14,79977,49812,42895,795.0,40,478,1067,2380.0,5.5484322182072505,53.63416982382435
POST01999,2025-09-07 18:00:00,Instagram,Reel,Community Campaign,Education,16,124931,103715,88007,3697.0,122,858,1491,6168.0,7.008533412114945,70.44448535591647
POST02000,2025-09-07 21:00:00,Instagram,Carousel,Festival Campaign,Education,11,478191,499983,412327,34266.0,1568,3275,1476,40585.0,9.842915938078272,86.22642416942185
POST02001,2025-09-08 00:00:00,Instagram,Reel,Festival Campaign,Entertainment,6,470830,384957,219581,19415.0,825,1165,1862,23267.0,10.596089825622435,46.6370027398424
POST02002,2025-09-08 03:00:00,Instagram,Reel,Brand Awareness,Promotional,22,290132,452102,276228,27092.0,685,3044,1735,32556.0,11.785915982449282,95.2076985647912
POST02003,2025-09-08 06:00:00,Linkedin,Video,Event Promotion,Education,18,186826,180359,120292,5243.0,106,2052,363,7764.0,6.454294549928507,64.38718379668784
POST02004,2025-09-08 09:00:00,Instagram,Video,Brand Awareness,Promotional,22,375794,299383,192225,12555.0,204,957,2754,16470.0,8.568084276238782,51.15169481151908
POST02005,2025-09-08 12:00:00,Instagram,Image,Product Launch,Education,2,278516,222608,187761,9005.0,100,923,2137,12165.0,6.478981258088741,67.41479843168796
POST02006,2025-09-08 15:00:00,Facebook,Image,Festival Campaign,Promotional,17,305218,329332,203590,9925.0,139,2489,3357,15910.0,7.814725674149026,66.70314332706458
POST02007,2025-09-08 18:00:00,Youtube,Image,Seasonal Campaign,Event,3,303342,289060,212818,12077.0,275,1942,1651,15945.0,7.492317379169055,70.15777571190273
POST02008,2025-09-08 21:00:00,Facebook,Reel,Seasonal Campaign,Event,2,358189,391677,293751,16664.0,761,2404,6251,26080.0,8.878267648450558,82.01005614354433
POST02009,2025-09-09 00:00:00,Instagram,Reel,Seasonal Campaign,Promotional,11,176252,329607,230314,18153.0,322,3762,2632,24869.0,10.797867259480535,130.67312711345122
POST02010,2025-09-09 03:00:00,Youtube,Reel,Festival Campaign,Education,22,68068,118253,75000,6562.0,237,333,1021,8153.0,10.870666666666667,110.18393371334547
POST02011,2025-09-09 06:00:00,Instagram,Reel,Seasonal Campaign,Entertainment,11,130969,257833,228466,11091.0,246,3908,4367,19612.0,8.584209466616477,174.44280707648375
POST02012,2025-09-09 09:00:00,Instagram,Video,Product Launch,Promotional,16,36560,70045,48659,4481.0,159,509,323,5472.0,11.24560718469348,133.09354485776805
POST02013,2025-09-09 12:00:00,Linkedin,Reel,Festival Campaign,Brand,5,193746,147545,118708,7883.0,374,1827,1041,11125.0,9.371735687569497,61.26991008846634
POST02014,2025-09-09 15:00:00,Instagram,Reel,Seasonal Campaign,Entertainment,14,347296,306854,188536,15677.0,365,2141,1207,19390.0,10.28450799847244,54.28683313369576
POST02015,2025-09-09 18:00:00,Youtube,Image,Festival Campaign,Brand,1,143516,125068,104804,6011.0,164,490,2085,8750.0,8.348917980229762,73.0260040692327
POST02016,2025-09-09 21:00:00,Youtube,Video,Community Campaign,Promotional,7,190010,339876,212613,13755.0,634,2635,1093,18117.0,8.52111583017031,111.89568970054206
POST02017,2025-09-10 00:00:00,Instagram,Reel,Festival Campaign,Education,13,317535,286329,225156,11521.0,429,1174,3097,16221.0,7.204338325427703,70.90745902026548
POST02018,2025-09-10 03:00:00,Linkedin,Reel,Product Launch,Brand,4,310875,347866,252993,19738.0,290,1640,4932,26600.0,10.514124896736273,81.38094089264175
POST02019,2025-09-10 06:00:00,Instagram,Image,Brand Awareness,Promotional,2,366842,475856,286129,6498.0,311,2354,4054,13217.0,4.61924516564207,77.99788464788655
POST02020,2025-09-10 09:00:00,Facebook,Carousel,Festival Campaign,Entertainment,9,396024,367284,205213,16997.0,405,1523,2912,21837.0,10.641138719281917,51.818324141971196
POST02021,2025-09-10 12:00:00,Linkedin,Image,Event Promotion,Education,6,138440,75273,65921,1841.0,53,693,290,2877.0,4.364314861728433,47.61701820283155
POST02022,2025-09-10 15:00:00,Youtube,Video,Product Launch,Brand,10,438452,478232,284065,12450.0,277,3267,5744,21738.0,7.652473905620193,64.78816381268645
POST02023,2025-09-10 18:00:00,Linkedin,Text,Educational Series,Promotional,14,450349,154465,123067,7131.0,265,642,2004,10042.0,8.1597828824949,27.327028593379797
POST02024,2025-09-10 21:00:00,Instagram,Video,Community Campaign,Education,1,227987,260206,202554,7581.0,344,1518,3582,13025.0,6.430383996366401,88.8445393816314
POST02025,2025-09-11 00:00:00,Youtube,Carousel,Product Launch,Education,4,24340,15303,10246,324.0,16,149,203,692.0,6.753855162990435,42.09531635168447
POST02026,2025-09-11 03:00:00,Instagram,Image,Brand Awareness,Event,10,90291,119584,73530,4518.0,253,166,1127,6064.0,8.246974024207807,81.43668804199754
POST02027,2025-09-11 06:00:00,Facebook,Reel,Seasonal Campaign,Education,7,68731,112420,68847,3139.0,87,983,976,5185.0,7.531192354060452,100.16877391570034
POST02028,2025-09-11 09:00:00,Linkedin,Text,Seasonal Campaign,Promotional,12,208500,141802,107041,2061.0,116,569,1882,4628.0,4.323576947151091,51.33860911270983
POST02029,2025-09-11 12:00:00,Instagram,Image,Product Launch,Entertainment,10,334966,418452,310249,9381.0,383,1928,7073,18765.0,6.048367601507176,92.62104213561973
POST02030,2025-09-11 15:00:00,Facebook,Reel,Educational Series,Community,16,324010,368531,315675,30081.0,886,4298,5381,40646.0,12.875900847390511,97.4275485324527
POST02031,2025-09-11 18:00:00,Instagram,Carousel,Seasonal Campaign,Event,14,396439,327698,253638,9805.0,533,3477,5159,18974.0,7.480740267625513,63.97907370364672
POST02032,2025-09-11 21:00:00,Youtube,Reel,Community Campaign,Promotional,0,236513,171719,143685,11525.0,449,2132,1949,16055.0,11.17374812958903,60.751417469652836
POST02033,2025-09-12 00:00:00,Youtube,Image,Event Promotion,Promotional,18,234867,196239,110157,4333.0,141,1061,1759,7294.0,6.6214584638288985,46.901863607914265
POST02034,2025-09-12 03:00:00,Linkedin,Image,Educational Series,Promotional,15,378935,341447,267983,8616.0,91,2038,1866,12611.0,4.7058955232234885,70.72004433478037
POST02035,2025-09-12 06:00:00,Facebook,Image,Special Campaign,Brand,18,122262,144629,91376,2355.0,108,666,1256,4385.0,4.798853090527054,74.73785804256433
POST02036,2025-09-12 09:00:00,Instagram,Video,Special Campaign,Brand,12,251512,337217,215310,20238.0,280,2064,1351,23933.0,11.115600761692443,85.60625337956041
POST02037,2025-09-12 12:00:00,Instagram,Reel,Product Launch,Entertainment,22,260164,351223,281751,18777.0,459,1425,3740,24401.0,8.660483902452876,108.29745852616041
POST02038,2025-09-12 15:00:00,Instagram,Image,Educational Series,Promotional,21,323957,330965,273940,6628.0,384,2286,1213,10511.0,3.836971599620355,84.56060526551363
POST02039,2025-09-12 18:00:00,Instagram,Image,Seasonal Campaign,Brand,22,479258,480215,326597,9385.0,166,1793,5119,16463.0,5.040768898673289,68.14638461955774
POST02040,2025-09-12 21:00:00,Instagram,Carousel,Seasonal Campaign,Brand,3,225207,319480,264058,12320.0,315,2782,2457,17874.0,6.768967423823553,117.25123997033839
POST02041,2025-09-13 00:00:00,Linkedin,Video,Product Launch,Brand,10,421931,499896,352581,22276.0,1261,3785,7586,34908.0,9.90070366809329,83.56366325299635
POST02042,2025-09-13 03:00:00,Youtube,Image,Seasonal Campaign,Entertainment,17,469118,596768,507357,14113.0,379,6492,5721,26705.0,5.2635520944817955,108.15125405548285
POST02043,2025-09-13 06:00:00,Youtube,Carousel,Seasonal Campaign,Entertainment,17,121354,161133,90027,3465.0,91,723,2087,6366.0,7.071211969742411,74.18544094137812
POST02044,2025-09-13 09:00:00,Instagram,Reel,Event Promotion,Promotional,9,296927,434359,251590,21920.0,929,3479,3372,29700.0,11.804920704320523,84.73126391335244
POST02045,2025-09-13 12:00:00,Linkedin,Text,Event Promotion,Event,16,247870,215662,177214,5987.0,99,1290,3841,11217.0,6.329635356123105,71.49473514342195
POST02046,2025-09-13 15:00:00,Facebook,Image,Brand Awareness,Promotional,12,371156,364076,279767,5056.0,296,2743,2668,10763.0,3.8471299331229205,75.37719988360689
POST02047,2025-09-13 18:00:00,Instagram,Carousel,Event Promotion,Brand,13,350077,408746,304784,7436.0,176,1750,3942,13304.0,4.365058533256339,87.06198921951457
POST02048,2025-09-13 21:00:00,Facebook,Reel,Festival Campaign,Community,6,322824,357527,273469,16481.0,812,1899,4632,23824.0,8.711773546544581,84.71148365672936
POST02049,2025-09-14 00:00:00,Youtube,Reel,Educational Series,Brand,9,244083,460026,402783,12361.0,301,4856,3500,21018.0,5.218194412375895,165.01886653310552
POST02050,2025-09-14 03:00:00,Instagram,Image,Educational Series,Education,2,405351,411749,320932,8790.0,208,3765,5603,18366.0,5.722707614074009,79.1738517975779
POST02051,2025-09-14 06:00:00,Youtube,Video,Product Launch,Community,1,79179,106217,82489,6302.0,81,1124,771,8278.0,10.035277430930185,104.18040136904987
POST02052,2025-09-14 09:00:00,Youtube,Image,Event Promotion,Community,18,381757,299158,244057,10724.0,171,1835,3332,16062.0,6.581249462215793,63.929934487121386
POST02053,2025-09-14 12:00:00,Instagram,Text,Brand Awareness,Promotional,6,322114,388154,331218,12159.0,438,1320,1163,15080.0,4.552892656800053,102.82632856690488
POST02054,2025-09-14 15:00:00,Linkedin,Image,Seasonal Campaign,Brand,4,486452,358050,229749,11557.0,448,2454,1084,15543.0,6.7652089889401035,47.22953138233577
POST02055,2025-09-14 18:00:00,Facebook,Image,Brand Awareness,Brand,2,24718,21073,16139,977.0,49,203,129,1358.0,8.414399900861268,65.29249939315478
POST02056,2025-09-14 21:00:00,Facebook,Reel,Brand Awareness,Event,1,440327,711299,536597,20589.0,267,3326,11130,35312.0,6.5807300450803865,121.8632970496926
POST02057,2025-09-15 00:00:00,Youtube,Video,Community Campaign,Education,22,451934,847413,506072,18451.0,513,7523,8870,35357.0,6.986555272767511,111.97918280102847
POST02058,2025-09-15 03:00:00,Youtube,Reel,Seasonal Campaign,Promotional,21,357913,677743,496183,17599.0,352,2736,11241,31928.0,6.434722672884803,138.63229332267898
POST02059,2025-09-15 06:00:00,Facebook,Video,Festival Campaign,Entertainment,5,99707,60881,34966,3197.0,89,575,800,4661.0,13.330092089458331,35.06875144172425
POST02060,2025-09-15 09:00:00,Youtube,Text,Event Promotion,Promotional,13,161798,125942,77421,3172.0,87,600,870,4729.0,6.108161868226967,47.85040606187963
POST02061,2025-09-15 12:00:00,Instagram,Text,Seasonal Campaign,Community,6,374448,284205,247126,4737.0,131,806,2739,8413.0,3.4043362495245337,65.99741486134256
POST02062,2025-09-15 15:00:00,Youtube,Image,Brand Awareness,Promotional,21,281643,198946,117723,3521.0,89,261,2517,6388.0,5.426297325076663,41.79866000575196
POST02063,2025-09-15 18:00:00,Facebook,Carousel,Seasonal Campaign,Event,1,37139,49449,37216,2482.0,119,431,460,3492.0,9.383061049011179,100.20732922265006
POST02064,2025-09-15 21:00:00,Youtube,Video,Festival Campaign,Promotional,10,282129,517675,343331,8956.0,398,4070,7504,20928.0,6.095575406823153,121.69291352537314
POST02065,2025-09-16 00:00:00,Instagram,Reel,Educational Series,Event,20,216753,326400,242958,20068.0,543,3141,3433,27185.0,11.189176730134427,112.08979806507868
POST02066,2025-09-16 03:00:00,Facebook,Carousel,Product Launch,Community,2,139804,83834,53003,4156.0,72,460,654,5342.0,10.078674791992906,37.91236302251724
POST02067,2025-09-16 06:00:00,Instagram,Reel,Event Promotion,Event,8,64782,51880,36603,1112.0,39,475,334,1960.0,5.35475234270415,56.50180605723813
POST02068,2025-09-16 09:00:00,Instagram,Image,Event Promotion,Brand,7,39958,40499,34568,970.0,54,415,199,1638.0,4.738486461467253,86.51083637819711
POST02069,2025-09-16 12:00:00,Instagram,Reel,Community Campaign,Entertainment,10,242811,204526,139420,3650.0,59,2605,2031,8345.0,5.985511404389614,57.419144931654664
POST02070,2025-09-16 15:00:00,Instagram,Reel,Educational Series,Community,17,172379,298372,200971,6934.0,330,1692,2040,10996.0,5.471436177358922,116.58670719751245
POST02071,2025-09-16 18:00:00,Facebook,Image,Event Promotion,Event,0,123026,110454,77996,4002.0,159,585,662,5408.0,6.933688907123442,63.397980914603416
POST02072,2025-09-16 21:00:00,Youtube,Image,Community Campaign,Education,14,351278,486502,284687,5813.0,229,1421,1916,9379.0,3.294495358059905,81.0432193305587
POST02073,2025-09-17 00:00:00,Instagram,Carousel,Community Campaign,Community,3,295727,257123,176276,8430.0,478,1360,2035,12303.0,6.979395947264518,59.607678703669265
POST02074,2025-09-17 03:00:00,Linkedin,Reel,Community Campaign,Education,3,264245,239472,132287,8633.0,498,2123,2014,13268.0,10.029708134586166,50.062252833544626
POST02075,2025-09-17 06:00:00,Linkedin,Image,Special Campaign,Entertainment,9,299157,292836,212654,14238.0,315,1440,4553,20546.0,9.661703988638822,71.08441386964036
POST02076,2025-09-17 09:00:00,Linkedin,Reel,Event Promotion,Event,10,330128,334508,283254,17843.0,899,2611,5960,27313.0,9.642582275978452,85.8012649638928
POST02077,2025-09-17 12:00:00,Instagram,Image,Event Promotion,Community,17,260734,157614,117142,3010.0,123,1375,2555,7063.0,6.029434361714841,44.92778080342418
POST02078,2025-09-17 15:00:00,Youtube,Carousel,Event Promotion,Community,22,141246,99642,75997,2981.0,90,160,1191,4422.0,5.818650736213272,53.80470951389774
POST02079,2025-09-17 18:00:00,Linkedin,Image,Festival Campaign,Entertainment,14,195946,185303,103898,5641.0,244,1222,1590,8697.0,8.370709734547345,53.02379226929869
POST02080,2025-09-17 21:00:00,Facebook,Carousel,Community Campaign,Brand,2,453413,532893,453401,12723.0,735,2074,10388,25920.0,5.716793743286848,99.9973534062764
POST02081,2025-09-18 00:00:00,Instagram,Reel,Festival Campaign,Education,6,149110,320046,219151,9659.0,346,1586,2048,13639.0,6.22356274897217,146.9727047146402
POST02082,2025-09-18 03:00:00,Instagram,Video,Product Launch,Community,6,29096,25929,23107,2211.0,126,185,143,2665.0,11.533301596918683,79.4164146274402
POST02083,2025-09-18 06:00:00,Youtube,Image,Event Promotion,Promotional,16,222163,277217,164157,3003.0,126,1986,791,5906.0,3.5977753004745456,73.89034177608332
POST02084,2025-09-18 09:00:00,Linkedin,Image,Special Campaign,Education,21,93533,77789,68503,1796.0,61,851,1533,4241.0,6.190969738551597,73.23939144473074
POST02085,2025-09-18 12:00:00,Youtube,Carousel,Seasonal Campaign,Event,19,227417,192349,148493,11011.0,464,1651,1660,14786.0,9.95737172796024,65.29547043536763
POST02086,2025-09-18 15:00:00,Youtube,Reel,Educational Series,Entertainment,23,396939,836621,475467,16122.0,646,4767,6643,28178.0,5.926383955143049,119.78339241042076
POST02087,2025-09-18 18:00:00,Instagram,Carousel,Special Campaign,Education,15,307762,415062,369444,8541.0,265,3378,7635,19819.0,5.364547806974805,120.04211046198037
POST02088,2025-09-18 21:00:00,Facebook,Carousel,Brand Awareness,Promotional,15,242572,322499,178940,5125.0,195,1793,2005,9118.0,5.095562758466525,73.7677885328892
POST02089,2025-09-19 00:00:00,Facebook,Reel,Product Launch,Promotional,7,29868,47494,38268,3065.0,138,716,845,4764.0,12.44904358733145,128.12374447569306
POST02090,2025-09-19 03:00:00,Instagram,Reel,Seasonal Campaign,Entertainment,2,304026,395135,340343,35212.0,1829,6459,3429,46929.0,13.788736656843243,111.94535993632124
POST02091,2025-09-19 06:00:00,Facebook,Reel,Brand Awareness,Entertainment,19,433855,525862,321582,23176.0,584,5441,6146,35347.0,10.991597788433433,74.12199928547555
POST02092,2025-09-19 09:00:00,Linkedin,Text,Brand Awareness,Education,14,188035,105077,70419,1450.0,15,506,1245,3216.0,4.566949260852895,37.44994282979233
POST02093,2025-09-19 12:00:00,Instagram,Carousel,Event Promotion,Event,0,388904,592471,442238,14407.0,541,3287,3285,21520.0,4.866158041597511,113.7139242589431
POST02094,2025-09-19 15:00:00,Youtube,Reel,Educational Series,Brand,9,384269,597884,471092,32005.0,1103,3058,2703,38869.0,8.250829986499452,122.59432845220405
POST02095,2025-09-19 18:00:00,Instagram,Image,Brand Awareness,Promotional,1,407821,565909,483940,27413.0,348,3897,2639,34297.0,7.0870355829235026,118.6648063733844
POST02096,2025-09-19 21:00:00,Facebook,Image,Community Campaign,Entertainment,6,473680,196349,160294,8623.0,358,936,2776,12693.0,7.918574619137335,33.84014524573552
POST02097,2025-09-20 00:00:00,Youtube,Video,Seasonal Campaign,Brand,13,266436,417741,282879,18494.0,1055,999,929,21477.0,7.5922921107611385,106.17146331576815
POST02098,2025-09-20 03:00:00,Facebook,Reel,Special Campaign,Brand,15,180542,173014,144916,14916.0,449,1543,2541,19449.0,13.420878301912834,80.26719544482724
POST02099,2025-09-20 06:00:00,Facebook,Reel,Special Campaign,Brand,14,392126,332264,295092,12230.0,669,3615,5961,22475.0,7.616268824637739,75.25438251990431
POST02100,2025-09-20 09:00:00,Instagram,Video,Brand Awareness,Event,6,90714,169978,106991,3899.0,197,1277,1033,6406.0,5.9874195025749835,117.94320612033424
POST02101,2025-09-20 12:00:00,Linkedin,Reel,Product Launch,Entertainment,12,214742,131591,75787,7048.0,127,291,1470,8936.0,11.790940398749127,35.2921179834406
POST02102,2025-09-20 15:00:00,Youtube,Reel,Educational Series,Promotional,9,227506,236992,165732,8068.0,398,1784,1100,11350.0,6.848405860063235,72.84730952150711
POST02103,2025-09-20 18:00:00,Instagram,Text,Educational Series,Entertainment,8,353246,223732,192071,5755.0,206,1516,4634,12111.0,6.305480785751103,54.373156383936404
POST02104,2025-09-20 21:00:00,Facebook,Carousel,Special Campaign,Education,8,171425,149008,89792,4989.0,279,1366,727,7361.0,8.197834996436208,52.37975791162316
POST02105,2025-09-21 00:00:00,Facebook,Reel,Brand Awareness,Promotional,5,451404,434311,373520,20819.0,405,1129,5133,27486.0,7.35864210751767,82.74627606312748
POST02106,2025-09-21 03:00:00,Instagram,Reel,Educational Series,Entertainment,23,315519,600726,539016,26107.0,424,7561,13244,47336.0,8.781928551286047,170.83471993762657
POST02107,2025-09-21 06:00:00,Linkedin,Reel,Product Launch,Promotional,11,353354,440754,250745,24457.0,539,916,5756,31668.0,12.629563899579255,70.96141546437849
POST02108,2025-09-21 09:00:00,Linkedin,Reel,Special Campaign,Education,22,173344,148814,107643,3884.0,50,568,1884,6386.0,5.932573413970253,62.09790935942403
POST02109,2025-09-21 12:00:00,Instagram,Video,Seasonal Campaign,Community,19,434932,586833,390308,20728.0,539,1991,4341,27599.0,7.071082324728163,89.74000533416718
POST02110,2025-09-21 15:00:00,Linkedin,Image,Product Launch,Promotional,19,371420,189310,130205,2364.0,57,735,2396,5552.0,4.264045159556085,35.05600129233751
POST02111,2025-09-21 18:00:00,Instagram,Carousel,Product Launch,Community,21,370850,547097,387384,27841.0,857,5209,5084,38991.0,10.065206616690416,104.45840636375894
POST02112,2025-09-21 21:00:00,Instagram,Text,Community Campaign,Brand,13,186234,150216,121509,2743.0,90,1196,655,4684.0,3.8548584878486363,65.24533651212991
POST02113,2025-09-22 00:00:00,Instagram,Image,Event Promotion,Event,19,489803,334756,253395,15138.0,260,1567,5197,22162.0,8.746028927169045,51.7340645116506
POST02114,2025-09-22 03:00:00,Linkedin,Reel,Brand Awareness,Education,6,93606,61064,54128,2034.0,83,535,1200,3852.0,7.116464676322791,57.825353075657546
POST02115,2025-09-22 06:00:00,Facebook,Image,Seasonal Campaign,Promotional,7,442688,294865,196517,7959.0,168,852,2351,11330.0,5.765404519710763,44.39176124042215
POST02116,2025-09-22 09:00:00,Instagram,Text,Special Campaign,Education,7,209576,235268,173986,8311.0,133,994,3070,12508.0,7.189084179186832,83.01809367484827
POST02117,2025-09-22 12:00:00,Youtube,Video,Educational Series,Brand,7,139837,97000,80962,3521.0,159,541,296,4517.0,5.579160593858847,57.89740912633995
POST02118,2025-09-22 15:00:00,Facebook,Reel,Product Launch,Community,1,206513,183093,124605,6290.0,70,692,914,7966.0,6.393001885959633,60.33760586500607
POST02119,2025-09-22 18:00:00,Instagram,Carousel,Special Campaign,Event,13,390487,325952,232356,14648.0,416,990,3612,19666.0,8.463736679922189,59.50415762880711
POST02120,2025-09-22 21:00:00,Linkedin,Image,Brand Awareness,Education,9,81401,85362,67413,4181.5,32,733,608,5554.5,8.239508700102355,82.81593592216312
POST02121,2025-09-23 00:00:00,Facebook,Text,Seasonal Campaign,Community,17,340979,277408,236146,13656.0,739,623,5614,20632.0,8.736967808050952,69.25529138158069
POST02122,2025-09-23 03:00:00,Youtube,Reel,Seasonal Campaign,Brand,17,339080,355533,247269,10070.0,515,3217,5295,19097.0,7.723167885986516,72.92349887932052
POST02123,2025-09-23 06:00:00,Linkedin,Image,Brand Awareness,Brand,17,499734,254550,187395,10962.0,142,704,3262,15070.0,8.041836761920008,37.49894944110267
POST02124,2025-09-23 09:00:00,Youtube,Video,Event Promotion,Brand,15,182590,327310,291729,23859.0,895,4513,7285,36552.0,12.529436566128153,159.7727148255655
POST02125,2025-09-23 12:00:00,Linkedin,Image,Community Campaign,Community,19,236007,117286,66250,2531.0,62,331,553,3477.0,5.248301886792453,28.0712012779282
POST02126,2025-09-23 15:00:00,Facebook,Image,Educational Series,Promotional,4,205534,249234,176178,4657.0,91,409,4090,9247.0,5.248668959802019,85.71720493932877
POST02127,2025-09-23 18:00:00,Facebook,Reel,Community Campaign,Entertainment,19,409590,374895,289641,11278.0,288,2965,2809,17340.0,5.986721493158773,70.71486120266609
POST02128,2025-09-23 21:00:00,Instagram,Reel,Seasonal Campaign,Education,4,178385,162608,89914,9249.0,469,1753,1449,12920.0,14.36928620681985,50.40446225859798
POST02129,2025-09-24 00:00:00,Linkedin,Reel,Educational Series,Entertainment,19,410488,508422,385828,31862.0,410,6305,4844,43421.0,11.253978456721649,93.99251622459121
POST02130,2025-09-24 03:00:00,Youtube,Text,Seasonal Campaign,Brand,22,298254,273038,155541,4408.0,232,1098,1983,7721.0,4.963964485248262,52.15051600313827
POST02131,2025-09-24 06:00:00,Instagram,Reel,Product Launch,Entertainment,9,448032,1048270,891181,41059.0,2285,5170,17623,66137.0,7.421275812657586,198.9101224912506
POST02132,2025-09-24 09:00:00,Instagram,Image,Product Launch,Community,16,343693,483319,402353,7653.0,247,1277,4283,13460.0,3.345321148344861,117.06755738406078
POST02133,2025-09-24 12:00:00,Youtube,Carousel,Brand Awareness,Brand,12,412978,443045,248676,15726.0,866,3368,3522,23482.0,9.442809117084078,60.21531413295623
POST02134,2025-09-24 15:00:00,Youtube,Reel,Educational Series,Brand,16,310674,522725,296427,29832.0,1650,4716,2269,38467.0,12.976888070250011,95.41416404333803
POST02135,2025-09-24 18:00:00,Facebook,Image,Educational Series,Event,17,283037,302130,245862,5844.0,236,1772,4867,12719.0,5.1732272575672535,86.86567480576744
POST02136,2025-09-24 21:00:00,Linkedin,Carousel,Seasonal Campaign,Event,12,410889,349884,237690,16289.0,534,1866,3599,22288.0,9.376919517017965,57.84773990055708
POST02137,2025-09-25 00:00:00,Instagram,Video,Community Campaign,Community,16,143967,160225,120370,4216.0,197,1694,1036,7143.0,5.934202874470383,83.60943827404893
POST02138,2025-09-25 03:00:00,Facebook,Carousel,Product Launch,Community,14,376404,252585,162820,11544.0,644,1533,1441,15162.0,9.312123817712811,43.25671353120583
POST02139,2025-09-25 06:00:00,Instagram,Carousel,Festival Campaign,Entertainment,11,309029,309663,189061,8384.0,368,1440,1788,11980.0,6.336579199306044,61.1790479210689
POST02140,2025-09-25 09:00:00,Linkedin,Reel,Brand Awareness,Education,9,64560,90512,59161,4824.0,98,405,1087,6414.0,10.841601730869998,91.63723667905825
POST02141,2025-09-25 12:00:00,Facebook,Text,Special Campaign,Entertainment,12,33613,19975,12711,720.0,36,34,204,994.0,7.819998426559673,37.815726058370274
POST02142,2025-09-25 15:00:00,Youtube,Reel,Educational Series,Community,10,493068,554666,392097,29160.0,1678,4960,8269,44067.0,11.238800602912034,79.5218915038088
POST02143,2025-09-25 18:00:00,Facebook,Video,Event Promotion,Education,2,157159,221650,179832,16237.0,495,2748,2800,22280.0,12.389341162863117,114.42679070240966
POST02144,2025-09-25 21:00:00,Instagram,Reel,Event Promotion,Entertainment,21,448917,372509,277126,12285.0,551,4215,2700,19751.0,7.127082987521921,61.732124201132955
POST02145,2025-09-26 00:00:00,Youtube,Text,Festival Campaign,Promotional,9,38665,34895,26632,1571.0,56,220,644,2491.0,9.353409432261941,68.87883098409414
POST02146,2025-09-26 03:00:00,Facebook,Carousel,Product Launch,Promotional,10,126568,164295,117393,8920.0,139,1734,2640,13433.0,11.442760641605547,92.75093230516403
POST02147,2025-09-26 06:00:00,Instagram,Video,Product Launch,Education,5,250756,301235,199916,6346.0,174,1710,1826,10056.0,5.030112647311872,79.72531066056246
POST02148,2025-09-26 09:00:00,Instagram,Reel,Product Launch,Event,0,311766,374161,224581,13083.0,237,1104,5183,19607.0,8.730480316678616,72.03511608065023
POST02149,2025-09-26 12:00:00,Youtube,Image,Community Campaign,Education,5,377978,371095,250154,17025.0,743,748,4713,23229.0,9.285879897982841,66.18215874998016
POST02150,2025-09-26 15:00:00,Facebook,Carousel,Seasonal Campaign,Entertainment,4,233475,268616,210277,5450.0,213,3182,2549,11394.0,5.418566937896204,90.06403255166506
POST02151,2025-09-26 18:00:00,Instagram,Video,Event Promotion,Brand,6,61989,90746,73215,4149.0,48,848,971,6016.0,8.216895444922487,118.10966461791608
POST02152,2025-09-26 21:00:00,Instagram,Reel,Product Launch,Promotional,21,64741,51269,36617,3018.0,39,596,469,4122.0,11.257066389928175,56.55921286356404
POST02153,2025-09-27 00:00:00,Facebook,Text,Event Promotion,Brand,11,491916,192028,148965,2458.0,56,1001,3058,6573.0,4.412445876548182,30.282609225965405
POST02154,2025-09-27 03:00:00,Facebook,Video,Festival Campaign,Promotional,11,40163,52976,33040,2583.0,122,284,226,3215.0,9.730629539951574,82.2647710579389
POST02155,2025-09-27 06:00:00,Instagram,Reel,Brand Awareness,Entertainment,6,91637,128651,109484,5931.0,96,655,469,7151.0,6.5315479887472145,119.47575760882614
POST02156,2025-09-27 09:00:00,Instagram,Video,Seasonal Campaign,Promotional,1,79175,146479,124957,5242.0,106,1969,1745,9062.0,7.252094720583881,157.8238080202084
POST02157,2025-09-27 12:00:00,Instagram,Image,Community Campaign,Education,0,254330,315737,209054,10265.0,568,531,1962,13326.0,6.374429573220317,82.19793182086266
POST02158,2025-09-27 15:00:00,Instagram,Image,Educational Series,Brand,22,275972,322345,239083,11331.0,422,2948,3683,18384.0,7.689379838800751,86.63306422390677
POST02159,2025-09-27 18:00:00,Youtube,Reel,Festival Campaign,Community,17,315690,632632,482275,45414.0,1863,2924,11825,62026.0,12.861126950391375,152.76853875637494
POST02160,2025-09-27 21:00:00,Facebook,Image,Seasonal Campaign,Brand,11,154547,65260,46683,2544.0,83,89,829,3545.0,7.593770751665488,30.206344995373573
POST02161,2025-09-28 00:00:00,Facebook,Carousel,Event Promotion,Entertainment,6,90259,55870,48545,2309.0,57,170,1170,3706.0,7.634153877845298,53.78411017183882
POST02162,2025-09-28 03:00:00,Facebook,Image,Festival Campaign,Community,18,297034,270522,218825,11621.0,260,2655,4180,18716.0,8.552953273163487,73.67001757374577
POST02163,2025-09-28 06:00:00,Instagram,Carousel,Educational Series,Brand,21,174342,124295,97618,6663.0,262,303,455,7683.0,7.870474707533447,55.99224512739328
POST02164,2025-09-28 09:00:00,Facebook,Carousel,Seasonal Campaign,Entertainment,2,288857,312542,228790,18315.0,614,1589,5162,25680.0,11.224266794877398,79.20528150607394
POST02165,2025-09-28 12:00:00,Youtube,Carousel,Community Campaign,Event,9,113389,194366,112673,7365.0,222,621,831,9039.0,8.022330105704118,99.36854544973498
POST02166,2025-09-28 15:00:00,Linkedin,Reel,Special Campaign,Education,10,487353,698844,410736,28103.0,1256,1323,9046,39728.0,9.672392972615013,84.27895180700642
POST02167,2025-09-28 18:00:00,Facebook,Video,Brand Awareness,Promotional,4,347461,409375,267998,13628.0,411,2865,5220,22124.0,8.255285487205128,77.13038297823353
POST02168,2025-09-28 21:00:00,Instagram,Image,Educational Series,Promotional,1,216189,325471,203104,13433.0,158,2737,4356,20684.0,10.183945170946904,93.94742563220146
POST02169,2025-09-29 00:00:00,Facebook,Reel,Seasonal Campaign,Promotional,7,365123,263266,232565,20423.0,1061,3957,1995,27436.0,11.797131984606454,63.69497402245271
POST02170,2025-09-29 03:00:00,Instagram,Reel,Community Campaign,Event,13,403205,600502,416408,13333.0,345,2271,8645,24594.0,5.906226585464256,103.27451296486898
POST02171,2025-09-29 06:00:00,Facebook,Image,Event Promotion,Education,7,273154,205473,176051,9819.0,562,2138,2892,15411.0,8.75371341259067,64.45118870673686
POST02172,2025-09-29 09:00:00,Instagram,Video,Educational Series,Brand,22,412886,497314,415917,26115.0,1409,3929,1996,33449.0,8.042229579459363,100.73410093827351
POST02173,2025-09-29 12:00:00,Instagram,Image,Special Campaign,Brand,5,213666,115426,96311,2272.0,49,481,2172,4974.0,5.164519109966671,45.075491655200175
POST02174,2025-09-29 15:00:00,Linkedin,Carousel,Festival Campaign,Education,0,234592,274112,171456,9703.0,565,1858,3821,15947.0,9.30092851810377,73.08689128359023
POST02175,2025-09-29 18:00:00,Instagram,Reel,Product Launch,Community,23,278939,555987,392839,16112.0,848,2460,6121,25541.0,6.501645712365625,140.83330047071223
POST02176,2025-09-29 21:00:00,Facebook,Image,Festival Campaign,Education,0,491487,458957,303500,17068.0,1011,3669,3932,25680.0,8.461285008237232,61.751378978487736
POST02177,2025-09-30 00:00:00,Instagram,Text,Event Promotion,Promotional,7,497369,281545,250474,6895.0,302,1900,2958,12055.0,4.812874789399299,50.359793231986714
POST02178,2025-09-30 03:00:00,Facebook,Video,Seasonal Campaign,Brand,10,207577,196878,168696,5874.0,332,762,2743,9711.0,5.756508749466496,81.2691194111101
POST02179,2025-09-30 06:00:00,Facebook,Reel,Special Campaign,Education,17,193329,322175,205377,6652.0,296,2514,4419,13881.0,6.7587899326604255,106.23186381763729
POST02180,2025-09-30 09:00:00,Youtube,Image,Brand Awareness,Brand,23,230582,254968,168210,7485.0,394,1307,2598,11784.0,7.005528803281612,72.95018691831973
POST02181,2025-09-30 12:00:00,Instagram,Reel,Educational Series,Education,9,135039,232445,170874,7103.0,287,1805,1000,10195.0,5.966384587473811,126.53677826405705
POST02182,2025-09-30 15:00:00,Instagram,Image,Seasonal Campaign,Entertainment,11,328636,501556,324763,20842.0,1176,1971,3161,27150.0,8.359942481132395,98.82149247191421
POST02183,2025-09-30 18:00:00,Instagram,Video,Brand Awareness,Promotional,19,129718,197970,166014,4020.0,144,1626,2938,8728.0,5.257387931138338,127.98069658798316
POST02184,2025-09-30 21:00:00,Instagram,Video,Event Promotion,Education,22,489375,773495,647207,54845.0,2568,7469,11151,76033.0,11.747864284533387,132.2517496807152
POST02185,2025-10-01 00:00:00,Facebook,Reel,Educational Series,Event,15,428611,424105,340776,22711.0,1268,5110,4912,34001.0,9.977521891212996,79.50705884823302
POST02186,2025-10-01 03:00:00,Linkedin,Text,Community Campaign,Education,4,92005,48106,38064,2150.0,66,397,315,2928.0,7.6923076923076925,41.37166458344655
POST02187,2025-10-01 06:00:00,Linkedin,Image,Community Campaign,Entertainment,15,45040,38447,28510,828.0,9,66,255,1158.0,4.061732725359523,63.299289520426285
POST02188,2025-10-01 09:00:00,Facebook,Image,Seasonal Campaign,Event,23,129009,85733,57568,1354.0,21,487,786,2648.0,4.599777654252363,44.62324333961197
POST02189,2025-10-01 12:00:00,Facebook,Image,Festival Campaign,Event,11,88702,76095,64142,3319.0,194,679,749,4941.0,7.703220978454055,72.31178552907488
POST02190,2025-10-01 15:00:00,Facebook,Carousel,Seasonal Campaign,Education,5,41637,30659,26078,1708.0,91,95,259,2153.0,8.256001227087967,62.63179383721209
POST02191,2025-10-01 18:00:00,Instagram,Image,Festival Campaign,Entertainment,4,87745,63125,35812,1365.0,46,446,760,2617.0,7.307606388919916,40.813721579577184
POST02192,2025-10-01 21:00:00,Linkedin,Image,Special Campaign,Event,0,421963,289960,199932,3746.0,217,932,2816,7711.0,3.8568113158473882,47.38140547867941
POST02193,2025-10-02 00:00:00,Facebook,Image,Event Promotion,Promotional,18,171322,99560,55685,2226.0,42,643,783,3694.0,6.633743377929424,32.503122774658245
POST02194,2025-10-02 03:00:00,Youtube,Reel,Community Campaign,Community,9,372611,745164,628782,27814.0,432,8669,7807,44722.0,7.1124809552436306,168.75025160287805
POST02195,2025-10-02 06:00:00,Instagram,Video,Special Campaign,Promotional,13,131855,152582,93377,4577.0,183,1039,1678,7477.0,8.007325144307485,70.81794395358538
POST02196,2025-10-02 09:00:00,Youtube,Image,Educational Series,Brand,20,249939,271540,213390,9680.0,281,2554,1464,13979.0,6.550916162894231,85.37683194699507
POST02197,2025-10-02 12:00:00,Youtube,Reel,Community Campaign,Brand,2,490953,535984,361832,29229.0,788,6867,8596,45480.0,12.56936921002012,73.69992646953986
POST02198,2025-10-02 15:00:00,Linkedin,Video,Festival Campaign,Entertainment,5,74040,53878,45021,4202.0,196,808,238,5444.0,12.092134781546388,60.806320907617504
POST02199,2025-10-02 18:00:00,Youtube,Text,Seasonal Campaign,Event,4,127518,89488,65182,1400.0,24,532,1214,3170.0,4.8633058206253255,51.1159208895999
POST02200,2025-10-02 21:00:00,Instagram,Text,Event Promotion,Promotional,16,444521,566447,375860,17137.0,838,1806,6951,26732.0,7.112222636087904,84.55393558459555
POST02201,2025-10-03 00:00:00,Linkedin,Image,Community Campaign,Promotional,17,216390,138896,92137,2818.0,78,1108,507,4511.0,4.895970131434711,42.57913951661352
POST02202,2025-10-03 03:00:00,Instagram,Reel,Special Campaign,Community,11,215309,443789,294864,12742.0,756,4027,7326,24851.0,8.427953225893972,136.94922181608757
POST02203,2025-10-03 06:00:00,Youtube,Image,Event Promotion,Entertainment,4,103110,71179,58794,3069.0,154,328,220,3771.0,6.413919787733442,57.020657550189114
POST02204,2025-10-03 09:00:00,Instagram,Reel,Special Campaign,Event,8,378539,323705,258604,22376.0,946,4747,2850,30919.0,11.956118234830088,68.31634256972201
POST02205,2025-10-03 12:00:00,Facebook,Text,Community Campaign,Entertainment,11,203434,175997,116461,6871.0,147,1023,1437,9478.0,8.138346742686393,57.24755940501588
POST02206,2025-10-03 15:00:00,Linkedin,Reel,Seasonal Campaign,Education,19,423312,458679,330970,28453.0,1645,3393,6838,40329.0,12.185092304438468,78.18582983709416
POST02207,2025-10-03 18:00:00,Instagram,Reel,Brand Awareness,Promotional,8,272138,426117,245721,9403.0,109,2526,898,12936.0,5.264507307067772,90.29279262726999
POST02208,2025-10-03 21:00:00,Linkedin,Image,Seasonal Campaign,Entertainment,2,95764,53243,44704,1348.0,28,601,681,2658.0,5.945776664280602,46.6814251702101
POST02209,2025-10-04 00:00:00,Instagram,Image,Community Campaign,Entertainment,0,160290,99075,63713,3766.0,44,393,477,4680.0,7.345439706182412,39.74858069748581
POST02210,2025-10-04 03:00:00,Linkedin,Video,Festival Campaign,Community,21,372511,351481,302705,18750.0,1093,1170,4721,25734.0,8.501346195140483,81.260687603856
POST02211,2025-10-04 06:00:00,Facebook,Image,Seasonal Campaign,Education,14,366482,405861,307999,10457.0,560,2495,5303,18815.0,6.108786067487232,84.04205390714961
POST02212,2025-10-04 09:00:00,Facebook,Reel,Educational Series,Brand,9,460597,334128,250174,15710.0,904,4391,938,21943.0,8.77109531765891,54.31516054164487
POST02213,2025-10-04 12:00:00,Instagram,Reel,Festival Campaign,Promotional,13,235555,525171,318753,31034.0,1419,3977,1429,37859.0,11.877221547718767,135.3199889622381
POST02214,2025-10-04 15:00:00,Linkedin,Image,Festival Campaign,Community,6,170407,95053,54592,3210.0,36,604,266,4116.0,7.539566236811254,32.03624264261445
POST02215,2025-10-04 18:00:00,Facebook,Reel,Festival Campaign,Entertainment,3,197933,239035,177702,10867.0,614,626,3865,15972.0,8.98808116959854,89.77886456528219
POST02216,2025-10-04 21:00:00,Instagram,Carousel,Event Promotion,Promotional,4,312051,222742,158992,13160.0,408,1795,3718,19081.0,12.0012327664285,50.95064588801189
POST02217,2025-10-05 00:00:00,Facebook,Image,Product Launch,Brand,19,273143,204662,121137,7380.0,209,330,1529,9448.0,7.799433699034977,44.34929688844305
POST02218,2025-10-05 03:00:00,Instagram,Carousel,Product Launch,Entertainment,15,495405,390691,329139,7033.0,170,3190,7321,17714.0,5.381920708272189,66.43836860750295
POST02219,2025-10-05 06:00:00,Linkedin,Text,Brand Awareness,Education,2,59387,19525,13590,272.0,6,86,183,547.0,4.025018395879322,22.883796116995303
POST02220,2025-10-05 09:00:00,Instagram,Text,Special Campaign,Promotional,16,94655,124935,80103,3198.0,160,858,947,5163.0,6.4454514812179315,84.62627436479848
POST02221,2025-10-05 12:00:00,Facebook,Text,Special Campaign,Community,12,77407,64272,53081,1632.0,37,148,779,2596.0,4.890638834988037,68.57390158512796
POST02222,2025-10-05 15:00:00,Youtube,Reel,Festival Campaign,Education,5,478478,834107,725316,64828.0,1368,2002,14784,82982.0,11.44080648986097,151.58816079318171
POST02223,2025-10-05 18:00:00,Instagram,Reel,Product Launch,Brand,4,417771,384874,252895,24243.0,1088,1244,2003,28578.0,11.300342039186223,60.53435973296375
POST02224,2025-10-05 21:00:00,Instagram,Reel,Brand Awareness,Brand,15,328239,731902,601317,26921.0,656,3298,5795,36670.0,6.0982809400033595,183.19486715472567
POST02225,2025-10-06 00:00:00,Instagram,Video,Event Promotion,Promotional,10,477267,666281,518621,40948.0,436,3274,11241,55899.0,10.778391156547846,108.66475159606676
POST02226,2025-10-06 03:00:00,Youtube,Text,Festival Campaign,Brand,16,21042,23475,21043,822.0,46,198,487,1553.0,7.380126407831583,100.00475239996199
POST02227,2025-10-06 06:00:00,Instagram,Video,Educational Series,Event,4,123748,91344,56760,2964.0,76,469,323,3832.0,6.75123326286117,45.867407958108416
POST02228,2025-10-06 09:00:00,Youtube,Reel,Event Promotion,Community,5,270763,309058,273898,23930.0,1153,4603,5069,34755.0,12.689030222929704,101.15783914345758
POST02229,2025-10-06 12:00:00,Instagram,Text,Brand Awareness,Promotional,9,286332,385529,254582,10290.0,344,1056,817,12507.0,4.912758953893048,88.91147339452104
POST02230,2025-10-06 15:00:00,Instagram,Image,Event Promotion,Event,20,360740,361484,250936,13125.0,219,2978,2111,18433.0,7.345697707782064,69.56145700504518
POST02231,2025-10-06 18:00:00,Facebook,Reel,Educational Series,Brand,0,471369,765756,517336,15962.0,687,1415,2333,20397.0,3.9426987489755208,109.75180803149973
POST02232,2025-10-06 21:00:00,Instagram,Image,Special Campaign,Promotional,20,161305,144245,92887,4610.0,99,1182,1331,7222.0,7.775038487624748,57.584699792318894
POST02233,2025-10-07 00:00:00,Linkedin,Reel,Event Promotion,Event,9,285232,304154,241080,11922.0,290,3666,2544,18422.0,7.641446822631491,84.52067089246648
POST02234,2025-10-07 03:00:00,Linkedin,Image,Brand Awareness,Brand,16,283790,276705,209244,9340.0,108,1387,1261,12096.0,5.780810919309514,73.7319849184256
POST02235,2025-10-07 06:00:00,Facebook,Reel,Special Campaign,Entertainment,2,164199,212442,139572,6045.0,65,1724,419,8253.0,5.913077121485685,85.00173569875578
POST02236,2025-10-07 09:00:00,Youtube,Image,Special Campaign,Entertainment,1,183687,222801,132850,6799.0,242,1689,1533,10263.0,7.725254045916446,72.32411656785727
POST02237,2025-10-07 12:00:00,Linkedin,Carousel,Special Campaign,Education,16,217095,132909,87863,2661.0,34,883,832,4410.0,5.019177583283066,40.47214353163361
POST02238,2025-10-07 15:00:00,Instagram,Video,Educational Series,Entertainment,3,297597,281075,192095,6310.0,129,1145,773,8357.0,4.350451599469013,64.54870176782697
POST02239,2025-10-07 18:00:00,Instagram,Carousel,Educational Series,Event,1,334377,307689,210221,6909.0,388,2085,4569,13951.0,6.636349365667559,62.86945573409655
POST02240,2025-10-07 21:00:00,Instagram,Image,Special Campaign,Community,4,447731,480188,324146,20143.0,284,3888,3901,28216.0,8.704719478259797,72.39748867065269
POST02241,2025-10-08 00:00:00,Facebook,Video,Event Promotion,Entertainment,9,471308,662207,375506,9918.0,243,6685,7527,24373.0,6.490708537280362,79.67316489429417
POST02242,2025-10-08 03:00:00,Instagram,Text,Educational Series,Promotional,0,277789,213507,152104,7275.0,337,1094,1868,10574.0,6.951822437279756,54.75522788879329
POST02243,2025-10-08 06:00:00,Youtube,Reel,Seasonal Campaign,Promotional,0,495663,754739,635998,19339.0,1048,3326,2852,26565.0,4.176899927358262,128.3125833479602
POST02244,2025-10-08 09:00:00,Linkedin,Image,Event Promotion,Promotional,3,478216,449267,275458,13761.0,169,2983,3215,20128.0,7.3071030792353096,57.60116767318534
POST02245,2025-10-08 12:00:00,Linkedin,Reel,Festival Campaign,Entertainment,6,365231,280617,168645,14560.0,280,3279,3793,21912.0,12.992973405674643,46.17488657863106
POST02246,2025-10-08 15:00:00,Youtube,Reel,Educational Series,Entertainment,13,344137,680584,486718,21427.0,629,5161,1543,28760.0,5.9089657666246165,141.431464794544
POST02247,2025-10-08 18:00:00,Instagram,Carousel,Event Promotion,Education,13,204834,375027,254909,8499.0,238,1870,5785,16392.0,6.430530110745403,124.44662507200952
POST02248,2025-10-08 21:00:00,Facebook,Video,Festival Campaign,Community,17,232886,135560,101188,4535.0,110,1114,1765,7524.0,7.435664308020713,43.44958477538366
POST02249,2025-10-09 00:00:00,Youtube,Reel,Educational Series,Community,1,277493,221863,195566,15756.0,348,1053,4870,22027.0,11.263205260628126,70.4760120075101
POST02250,2025-10-09 03:00:00,Instagram,Video,Festival Campaign,Brand,0,106392,90537,73906,3129.0,73,1297,1711,6210.0,8.402565420940112,69.46574930445898
POST02251,2025-10-09 06:00:00,Instagram,Video,Community Campaign,Education,20,228539,420179,332139,19970.0,332,5140,7345,32787.0,9.871469475129388,145.33143139682943
POST02252,2025-10-09 09:00:00,Linkedin,Text,Educational Series,Event,21,142349,58875,40952,862.0,15,106,156,1139.0,2.781304942371557,28.768730373940105
POST02253,2025-10-09 12:00:00,Facebook,Reel,Community Campaign,Promotional,15,173260,248465,161645,10017.0,404,3002,1481,14904.0,9.220204769711405,93.29620223940897
POST02254,2025-10-09 15:00:00,Facebook,Text,Brand Awareness,Entertainment,21,86019,54653,40393,1741.0,42,431,454,2668.0,6.605104844898868,46.95823015845336
POST02255,2025-10-09 18:00:00,Linkedin,Reel,Brand Awareness,Brand,17,20451,28420,24438,772.0,23,194,449,1438.0,5.884278582535396,119.49537919906118
POST02256,2025-10-09 21:00:00,Youtube,Image,Event Promotion,Brand,15,417285,540580,463201,28733.0,879,4189,7999,41800.0,9.024160137823536,111.00351078998767
POST02257,2025-10-10 00:00:00,Youtube,Reel,Product Launch,Entertainment,22,346418,723084,510446,50595.0,783,2282,3459,57119.0,11.190018140998264,147.34973355887973
POST02258,2025-10-10 03:00:00,Youtube,Reel,Community Campaign,Education,21,164458,176625,112364,4617.0,235,452,2158,7462.0,6.64091701968602,68.32382736017706
POST02259,2025-10-10 06:00:00,Instagram,Carousel,Community Campaign,Brand,23,420423,386302,242933,16724.0,966,2174,1560,21424.0,8.818892451828281,57.78299474576796
POST02260,2025-10-10 09:00:00,Youtube,Image,Brand Awareness,Community,5,189511,99719,56031,1957.0,45,133,730,2865.0,5.11324088451036,29.566093788751047
POST02261,2025-10-10 12:00:00,Facebook,Reel,Community Campaign,Education,9,203357,216613,183023,14419.0,356,3181,2879,20835.0,11.38381514891571,90.00083596827254
POST02262,2025-10-10 15:00:00,Facebook,Reel,Product Launch,Entertainment,1,300301,336968,216567,10811.0,482,3959,4798,20050.0,9.258104882091917,72.1166429682219
POST02263,2025-10-10 18:00:00,Linkedin,Carousel,Special Campaign,Education,6,94726,116531,78734,5930.0,83,237,1329,7579.0,9.626082759671807,83.11762346135168
POST02264,2025-10-10 21:00:00,Youtube,Reel,Festival Campaign,Community,20,125716,239240,199340,10579.0,585,677,4785,16626.0,8.3405237283034,158.5637468579974
POST02265,2025-10-11 00:00:00,Facebook,Video,Festival Campaign,Promotional,16,497201,358051,211969,18041.0,289,1240,5273,24843.0,11.720110016087258,42.63245649143907
POST02266,2025-10-11 03:00:00,Facebook,Reel,Product Launch,Entertainment,2,454573,690602,491316,42134.0,1963,8999,6973,60069.0,12.22614366314144,108.08297017200759
POST02267,2025-10-11 06:00:00,Youtube,Reel,Community Campaign,Community,19,246286,238889,141618,5850.0,143,2208,585,8786.0,6.204013614088605,57.501441413641054
POST02268,2025-10-11 09:00:00,Facebook,Image,Community Campaign,Entertainment,11,166001,77686,54741,1449.0,37,531,198,2215.0,4.046327250141576,32.976307371642335
POST02269,2025-10-11 12:00:00,Instagram,Image,Community Campaign,Community,1,124636,179980,101958,6127.0,104,1109,2225,9565.0,9.381313874340416,81.80461503899355
POST02270,2025-10-11 15:00:00,Youtube,Image,Seasonal Campaign,Community,6,199819,291975,213482,8342.0,353,882,2988,12565.0,5.885742123457716,106.8376881077375
POST02271,2025-10-11 18:00:00,Instagram,Reel,Event Promotion,Brand,16,290057,266117,220477,22059.0,1097,1529,2440,27125.0,12.302870594211642,76.01161151084096
POST02272,2025-10-11 21:00:00,Instagram,Text,Educational Series,Brand,18,488747,577959,454682,26113.0,1501,2090,4209,33913.0,7.458619430723011,93.0301362463606
POST02273,2025-10-12 00:00:00,Youtube,Carousel,Product Launch,Brand,11,46727,73356,53418,3455.0,91,553,491,4590.0,8.592609232842861,114.31934427632847
POST02274,2025-10-12 03:00:00,Facebook,Reel,Product Launch,Promotional,8,153018,110776,93059,6053.0,248,1198,428,7927.0,8.518251861722133,60.815721026284486
POST02275,2025-10-12 06:00:00,Linkedin,Image,Seasonal Campaign,Promotional,13,81061,45713,28786,821.0,25,122,278,1246.0,4.328493017439032,35.511528355189306
POST02276,2025-10-12 09:00:00,Facebook,Video,Product Launch,Community,1,252791,336806,283179,24787.0,939,2608,4866,33200.0,11.724033208677197,112.02099758298357
POST02277,2025-10-12 12:00:00,Facebook,Reel,Special Campaign,Event,20,218002,333552,215717,6988.0,126,3076,2475,12665.0,5.871118177983191,98.95184447849103
POST02278,2025-10-12 15:00:00,Youtube,Reel,Special Campaign,Entertainment,3,474688,579680,392368,21536.0,841,3073,9358,34808.0,8.871263711617665,82.65808278279628
POST02279,2025-10-12 18:00:00,Facebook,Video,Product Launch,Brand,18,133388,95068,56560,2657.0,139,202,1001,3999.0,7.07036775106082,42.40261492787957
POST02280,2025-10-12 21:00:00,Instagram,Carousel,Seasonal Campaign,Entertainment,20,87957,127266,74528,6065.0,322,357,1640,8384.0,11.24946328896522,84.73231237991291
POST02281,2025-10-13 00:00:00,Instagram,Image,Product Launch,Community,15,367983,477688,418568,10203.0,348,1560,2306,14417.0,3.444362684199461,113.74655894429905
POST02282,2025-10-13 03:00:00,Instagram,Reel,Community Campaign,Education,21,387793,607139,374296,35719.0,778,4970,4832,46299.0,12.369621903520208,96.51953490650939
POST02283,2025-10-13 06:00:00,Youtube,Reel,Seasonal Campaign,Community,16,432683,399048,266026,16387.0,849,999,1040,19275.0,7.245532391570748,61.48288700965834
POST02284,2025-10-13 09:00:00,Instagram,Carousel,Event Promotion,Promotional,1,257406,436059,320591,7691.0,461,4544,7274,19970.0,6.229120592904978,124.54682486033737
POST02285,2025-10-13 12:00:00,Instagram,Reel,Brand Awareness,Event,16,175576,313686,210719,17458.0,503,848,1313,20122.0,9.549210085469275,120.01583359912516
POST02286,2025-10-13 15:00:00,Instagram,Image,Community Campaign,Education,18,227588,336533,287583,6743.0,379,2529,5958,15609.0,5.427650452217273,126.3612316993866
POST02287,2025-10-13 18:00:00,Linkedin,Image,Special Campaign,Entertainment,7,283988,293001,253519,7807.0,461,3213,5913,17394.0,6.861024223036538,89.27102553629027
POST02288,2025-10-13 21:00:00,Instagram,Reel,Community Campaign,Promotional,23,54572,111157,73818,6523.0,194,269,939,7925.0,10.735863881438132,135.26716997727772
POST02289,2025-10-14 00:00:00,Youtube,Text,Educational Series,Brand,19,258457,311025,181081,3977.0,182,948,2094,7201.0,3.9766734223910847,70.06233145165346
POST02290,2025-10-14 03:00:00,Instagram,Video,Seasonal Campaign,Education,5,235495,493157,307510,14586.0,569,2311,4982,22448.0,7.299925205684368,130.58026709696597
POST02291,2025-10-14 06:00:00,Facebook,Carousel,Special Campaign,Promotional,11,234885,248456,177903,7781.0,358,1209,3431,12779.0,7.183127884296499,75.74046874002171
POST02292,2025-10-14 09:00:00,Instagram,Reel,Brand Awareness,Entertainment,22,436191,835720,544027,39130.0,692,6933,9359,56114.0,10.314561593450325,124.72219738600752
POST02293,2025-10-14 12:00:00,Instagram,Reel,Product Launch,Community,17,39449,73812,52311,4583.0,129,367,158,5237.0,10.011278698552886,132.60412177748486
POST02294,2025-10-14 15:00:00,Youtube,Image,Brand Awareness,Entertainment,1,270835,300606,245158,7468.0,98,519,4974,13059.0,5.326768859266269,90.51931988110843
POST02295,2025-10-14 18:00:00,Instagram,Reel,Event Promotion,Education,18,130137,105436,73512,3091.0,125,1386,458,5060.0,6.883229948851888,56.48816247493027
POST02296,2025-10-14 21:00:00,Instagram,Text,Festival Campaign,Education,23,301603,232329,143799,3592.0,202,1265,1853,6912.0,4.8067093651555295,47.67823927480828
POST02297,2025-10-15 00:00:00,Instagram,Reel,Community Campaign,Community,9,217867,203950,137725,7680.0,291,672,1268,9911.0,7.196224360137957,63.21517255940551
POST02298,2025-10-15 03:00:00,Instagram,Image,Seasonal Campaign,Education,2,431820,373213,302318,14177.0,191,2154,7078,23600.0,7.806349605382412,70.01018943078134
POST02299,2025-10-15 06:00:00,Instagram,Image,Seasonal Campaign,Event,11,271201,166530,116308,2177.0,123,294,1633,4227.0,3.6343157822333807,42.88627254324284
POST02300,2025-10-15 09:00:00,Instagram,Carousel,Brand Awareness,Brand,15,145298,259972,165690,11624.0,193,410,2400,14627.0,8.827931679642706,114.03460474335503
POST02301,2025-10-15 12:00:00,Facebook,Reel,Educational Series,Promotional,11,230467,256522,179461,17638.0,955,610,839,20042.0,11.167886058809435,77.8684150008461
POST02302,2025-10-15 15:00:00,Youtube,Image,Special Campaign,Community,7,391478,267172,189473,12041.0,550,2016,4308,18915.0,9.982952716218142,48.39939919995504
POST02303,2025-10-15 18:00:00,Youtube,Reel,Event Promotion,Entertainment,4,342284,530962,347106,10031.0,419,3512,2866,16828.0,4.848086751597495,101.40877166329713
POST02304,2025-10-15 21:00:00,Instagram,Video,Festival Campaign,Entertainment,10,307506,308394,277088,17114.0,673,4314,3354,25455.0,9.186612195403626,90.1081604911774
POST02305,2025-10-16 00:00:00,Linkedin,Reel,Event Promotion,Brand,9,179015,242854,198817,17792.0,294,1542,4906,24534.0,12.339991047043261,111.06164287908835
POST02306,2025-10-16 03:00:00,Instagram,Text,Seasonal Campaign,Education,2,41319,29969,23746,723.0,25,215,130,1093.0,4.602880485134339,57.46992908831289
POST02307,2025-10-16 06:00:00,Instagram,Video,Product Launch,Education,22,382895,449310,381555,33800.0,670,1379,7176,43025.0,11.276224921701983,99.65003460478722
POST02308,2025-10-16 09:00:00,Facebook,Reel,Festival Campaign,Entertainment,8,252505,404725,316999,30170.0,1164,4226,2765,38325.0,12.089943501399059,125.54167244212987
POST02309,2025-10-16 12:00:00,Instagram,Video,Special Campaign,Brand,11,464266,708122,585505,20025.0,648,4698,7163,32534.0,5.55657082347717,126.11412423050578
POST02310,2025-10-16 15:00:00,Instagram,Reel,Special Campaign,Entertainment,5,158769,343606,238594,15390.0,676,1736,2910,20712.0,8.680855344224918,150.2774471086925
POST02311,2025-10-16 18:00:00,Youtube,Text,Seasonal Campaign,Education,18,239683,180513,130895,2114.0,124,1236,3077,6551.0,5.004774819511822,54.6117163086243
POST02312,2025-10-16 21:00:00,Linkedin,Image,Educational Series,Community,15,204727,124397,70464,2340.0,65,169,227,2801.0,3.9750794732061765,34.418518319518185
POST02313,2025-10-17 00:00:00,Youtube,Reel,Festival Campaign,Promotional,20,116896,168198,109030,9739.0,397,2033,1207,13376.0,12.268183068880125,93.2709416917602
POST02314,2025-10-17 03:00:00,Facebook,Image,Seasonal Campaign,Education,22,244768,111322,75565,5339.0,284,830,1643,8096.0,10.713954873287898,30.872091123022617
POST02315,2025-10-17 06:00:00,Linkedin,Reel,Educational Series,Community,23,310879,211512,162634,15814.0,231,1400,3745,21190.0,13.029255875155258,52.314244448804835
POST02316,2025-10-17 09:00:00,Instagram,Text,Product Launch,Promotional,13,51293,33215,23664,400.0,20,264,233,917.0,3.8750845165652468,46.13495018813483
POST02317,2025-10-17 12:00:00,Instagram,Reel,Educational Series,Event,3,482701,991475,756241,74327.0,1633,4554,6294,86808.0,11.478880409816448,156.6686209475431
POST02318,2025-10-17 15:00:00,Instagram,Carousel,Event Promotion,Brand,17,227267,353306,282526,20575.0,761,2145,3714,27195.0,9.625662770860027,124.31457272723272
POST02319,2025-10-17 18:00:00,Youtube,Image,Brand Awareness,Community,9,159082,109189,61686,4000.0,238,749,1197,6184.0,10.024965146062316,38.7762286116594
POST02320,2025-10-17 21:00:00,Youtube,Text,Event Promotion,Event,17,374449,239953,153665,8630.0,510,1723,981,11844.0,7.707675788240653,41.037631292913055
POST02321,2025-10-18 00:00:00,Linkedin,Reel,Special Campaign,Education,11,109359,164260,100168,6418.0,165,665,2029,9277.0,9.261440779490455,91.59557055203504
POST02322,2025-10-18 03:00:00,Facebook,Image,Seasonal Campaign,Brand,18,495152,234949,144636,4253.0,70,1517,2065,7905.0,5.465444287729196,29.210424273758363
POST02323,2025-10-18 06:00:00,Facebook,Image,Seasonal Campaign,Community,7,322871,273936,198903,3806.0,216,1069,1212,6303.0,3.16888131400733,61.60447980772506
POST02324,2025-10-18 09:00:00,Instagram,Carousel,Community Campaign,Education,0,124545,160380,129746,2917.0,159,1629,2306,7011.0,5.403634794136235,104.17600064233812
POST02325,2025-10-18 12:00:00,Facebook,Reel,Event Promotion,Brand,13,34787,49887,32200,2450.0,99,151,541,3241.0,10.065217391304348,92.56331388162245
POST02326,2025-10-18 15:00:00,Linkedin,Reel,Festival Campaign,Brand,22,486658,385380,323163,16903.0,196,2676,5394,25169.0,7.7883297283414255,66.40453871096335
POST02327,2025-10-18 18:00:00,Facebook,Reel,Special Campaign,Education,5,399854,671228,578840,37439.0,1780,2238,11348,52805.0,9.122555455739064,144.76283843602914
POST02328,2025-10-18 21:00:00,Instagram,Carousel,Product Launch,Education,13,131489,150861,101482,2970.0,53,894,709,4626.0,4.558443861965668,77.17907961882743
POST02329,2025-10-19 00:00:00,Facebook,Reel,Special Campaign,Community,1,164375,151108,119144,12163.0,695,1722,2185,16765.0,14.071207950043647,72.48304182509506
POST02330,2025-10-19 03:00:00,Instagram,Image,Community Campaign,Brand,8,217874,196918,116372,2911.0,92,724,2620,6347.0,5.454061114357406,53.41252283429873
POST02331,2025-10-19 06:00:00,Instagram,Reel,Community Campaign,Community,11,118782,157268,127451,7735.0,315,1655,1869,11574.0,9.081137064440451,107.29824384165951
POST02332,2025-10-19 09:00:00,Instagram,Video,Community Campaign,Brand,4,335592,337758,205275,11479.0,276,2315,2810,16880.0,8.223115333089757,61.16802545948652
POST02333,2025-10-19 12:00:00,Facebook,Text,Seasonal Campaign,Community,1,89513,86284,68215,1049.0,35,298,1401,2783.0,4.079747856043392,76.20680794968328
POST02334,2025-10-19 15:00:00,Facebook,Image,Brand Awareness,Education,18,288212,157550,109917,5942.0,283,823,683,7731.0,7.033488905264881,38.13755152457219
POST02335,2025-10-19 18:00:00,Instagram,Image,Educational Series,Education,6,130040,194209,169925,7997.0,276,443,1784,10500.0,6.179196704428424,130.6713318978776
POST02336,2025-10-19 21:00:00,Instagram,Reel,Festival Campaign,Entertainment,6,138962,196171,139783,9058.0,474,1449,3044,14025.0,10.033408926693518,100.59080899814339
POST02337,2025-10-20 00:00:00,Youtube,Reel,Special Campaign,Community,9,182299,200540,112466,10100.0,461,1163,1573,13297.0,11.82312876780538,61.693152458323965
POST02338,2025-10-20 03:00:00,Instagram,Reel,Seasonal Campaign,Entertainment,16,32740,35675,25623,1148.0,15,79,550,1792.0,6.993716582757678,78.26206475259622
POST02339,2025-10-20 06:00:00,Instagram,Carousel,Special Campaign,Entertainment,13,370477,468828,388388,29225.0,1178,3539,3317,37259.0,9.593241809736655,104.83457812495783
POST02340,2025-10-20 09:00:00,Youtube,Image,Product Launch,Event,10,346889,401546,311792,20172.0,819,3252,3607,27850.0,8.932236875865962,89.88235429777248
POST02341,2025-10-20 12:00:00,Facebook,Text,Seasonal Campaign,Brand,19,158863,149934,133172,6952.0,201,786,2812,10751.0,8.07301835220617,83.82820417592517
POST02342,2025-10-20 15:00:00,Instagram,Image,Brand Awareness,Promotional,5,413701,514909,435172,15855.0,414,4072,2870,23211.0,5.333753090731941,105.18998020309354
POST02343,2025-10-20 18:00:00,Instagram,Carousel,Special Campaign,Event,7,196120,243074,178487,5576.0,73,1671,4048,11368.0,6.369091306369652,91.00907607587192
POST02344,2025-10-20 21:00:00,Instagram,Image,Seasonal Campaign,Brand,18,443911,255761,159155,6948.0,224,1748,1562,10482.0,6.586032484056423,35.85290745216947
POST02345,2025-10-21 00:00:00,Linkedin,Image,Seasonal Campaign,Promotional,18,450657,459267,253203,8110.0,217,1979,6177,16483.0,6.5097964874033885,56.185302791258096
POST02346,2025-10-21 03:00:00,Facebook,Reel,Event Promotion,Entertainment,23,282481,463486,413974,12448.0,716,3396,8780,25340.0,6.121157367370897,146.54932544135713
POST02347,2025-10-21 06:00:00,Facebook,Image,Product Launch,Promotional,23,150996,107473,94405,3123.0,136,1084,1229,5572.0,5.902229754779937,62.521523748973486
POST02348,2025-10-21 09:00:00,Instagram,Image,Community Campaign,Education,23,428308,244716,158074,6849.0,226,409,3055,10539.0,6.667130584409834,36.9066186015671
POST02349,2025-10-21 12:00:00,Youtube,Carousel,Product Launch,Education,16,76052,108339,83786,2354.0,112,506,1274,4246.0,5.067672403504166,110.16935780781571
POST02350,2025-10-21 15:00:00,Instagram,Text,Product Launch,Community,23,251379,292231,235314,13529.0,662,1710,5123,21024.0,8.934445039394172,93.60925136944613
POST02351,2025-10-21 18:00:00,Facebook,Reel,Event Promotion,Brand,23,21471,26187,19700,1520.0,51,336,283,2190.0,11.116751269035532,91.75166503656095
POST02352,2025-10-21 21:00:00,Linkedin,Reel,Educational Series,Event,17,71194,66850,56490,2069.0,28,215,1397,3709.0,6.565763852009206,79.34657414950698
POST02353,2025-10-22 00:00:00,Facebook,Image,Seasonal Campaign,Entertainment,11,457604,500809,289086,17880.0,876,845,1716,21317.0,7.373930249130016,63.1738358930429
POST02354,2025-10-22 03:00:00,Linkedin,Image,Festival Campaign,Brand,8,267279,133268,115113,7841.0,113,587,2058,10599.0,9.207474394725184,43.068479005084576
POST02355,2025-10-22 06:00:00,Facebook,Reel,Community Campaign,Entertainment,22,485241,533417,366567,17044.0,892,3087,3080,24103.0,6.575332749538283,75.54328673793023
POST02356,2025-10-22 09:00:00,Instagram,Video,Special Campaign,Education,23,209117,157937,113436,3892.0,103,1764,817,6576.0,5.797101449275362,54.24523113854923
POST02357,2025-10-22 12:00:00,Linkedin,Text,Educational Series,Event,15,139076,55408,39099,1153.0,48,424,468,2093.0,5.3530780838384615,28.113405619948807
POST02358,2025-10-22 15:00:00,Instagram,Text,Brand Awareness,Event,17,93392,121105,89127,4674.0,219,148,987,6028.0,6.763382588890011,95.43322768545485
POST02359,2025-10-22 18:00:00,Youtube,Reel,Seasonal Campaign,Education,15,343232,529146,401811,15934.0,187,1148,1615,18884.0,4.699722008606036,117.06688187581578
POST02360,2025-10-22 21:00:00,Instagram,Video,Community Campaign,Promotional,15,488117,917685,732881,58713.0,1716,11646,9094,81169.0,11.07533146581778,150.14453501926792
POST02361,2025-10-23 00:00:00,Instagram,Carousel,Festival Campaign,Event,3,119909,149045,109358,7231.0,290,432,2618,10571.0,9.666416723056384,91.2008272940313
POST02362,2025-10-23 03:00:00,Youtube,Image,Seasonal Campaign,Promotional,22,287808,380332,300337,15970.0,836,1733,3985,22524.0,7.49957547688097,104.3532493884812
POST02363,2025-10-23 06:00:00,Instagram,Image,Brand Awareness,Entertainment,21,108859,122147,81643,3379.0,155,409,787,4730.0,5.7935156718885885,74.99885172562672
POST02364,2025-10-23 09:00:00,Youtube,Video,Event Promotion,Event,6,111991,74584,65472,3300.0,180,445,1563,5488.0,8.3822091886608,58.46184068362636
POST02365,2025-10-23 12:00:00,Youtube,Image,Educational Series,Community,0,139805,193728,110925,2507.0,35,626,1566,4734.0,4.267748478701826,79.34265584206574
POST02366,2025-10-23 15:00:00,Instagram,Image,Seasonal Campaign,Education,23,418595,293205,217247,8102.0,110,1245,2023,11480.0,5.284307723466837,51.89909100682043
POST02367,2025-10-23 18:00:00,Instagram,Image,Community Campaign,Promotional,22,480876,493666,286616,14473.0,661,2595,5797,23526.0,8.208194936779524,59.60289138988013
POST02368,2025-10-23 21:00:00,Youtube,Image,Product Launch,Community,19,51536,49830,35128,2336.0,69,321,278,3004.0,8.551582782965156,68.16206147159266
POST02369,2025-10-24 00:00:00,Instagram,Reel,Special Campaign,Entertainment,0,156063,133229,85287,7759.0,264,975,720,9718.0,11.394468090095794,54.64908402375963
POST02370,2025-10-24 03:00:00,Facebook,Text,Special Campaign,Entertainment,7,485546,181265,159135,2617.0,105,1570,1612,5904.0,3.7100574983504573,32.77444361605286
POST02371,2025-10-24 06:00:00,Facebook,Carousel,Special Campaign,Event,22,114754,136914,75929,2258.0,133,1035,887,4313.0,5.6803066022204955,66.16675671436289
POST02372,2025-10-24 09:00:00,Facebook,Carousel,Festival Campaign,Event,7,398278,301267,206946,15408.0,205,1048,3274,19935.0,9.632947725493606,51.96018861197456
POST02373,2025-10-24 12:00:00,Facebook,Reel,Seasonal Campaign,Community,9,116649,124145,102260,10151.0,156,1205,1466,12978.0,12.691179346763153,87.66470351224615
POST02374,2025-10-24 15:00:00,Youtube,Carousel,Special Campaign,Brand,0,383754,471652,290519,7122.0,366,3718,5625,16831.0,5.793424870662504,75.70448777081151
POST02375,2025-10-24 18:00:00,Facebook,Reel,Community Campaign,Brand,20,113513,115994,96907,7820.0,86,1671,1819,11396.0,11.759728399393232,85.37083858236501
POST02376,2025-10-24 21:00:00,Instagram,Reel,Product Launch,Event,20,310503,617608,525524,28655.0,931,3632,2103,35321.0,6.721101224682411,169.2492504098189
POST02377,2025-10-25 00:00:00,Instagram,Image,Community Campaign,Brand,13,137060,204935,163497,6159.0,299,1239,972,8669.0,5.3022379615528115,119.288632715599
POST02378,2025-10-25 03:00:00,Facebook,Image,Seasonal Campaign,Education,13,462518,209692,130674,6887.0,136,1037,1010,9070.0,6.940936988230252,28.252738271807797
POST02379,2025-10-25 06:00:00,Youtube,Image,Brand Awareness,Community,9,396353,445520,287455,17750.0,343,2870,4641,25604.0,8.907133290428067,72.52499665702038
POST02380,2025-10-25 09:00:00,Facebook,Reel,Product Launch,Education,18,38043,36394,22143,1050.0,26,181,502,1759.0,7.943819717292147,58.20518886523145
POST02381,2025-10-25 12:00:00,Facebook,Image,Product Launch,Brand,15,108059,94816,58257,3267.0,57,304,591,4219.0,7.242048165885645,53.91221462349273
POST02382,2025-10-25 15:00:00,Linkedin,Reel,Community Campaign,Event,8,29070,29746,16740,1265.0,55,243,405,1968.0,11.75627240143369,57.585139318885446
POST02383,2025-10-25 18:00:00,Linkedin,Text,Event Promotion,Education,19,223807,111949,95163,3642.0,72,513,647,4874.0,5.121738490799996,42.520117780051564
POST02384,2025-10-25 21:00:00,Youtube,Image,Seasonal Campaign,Entertainment,15,235311,138566,101842,5146.0,109,188,2377,7820.0,7.6785609080732895,43.27974467831933
POST02385,2025-10-26 00:00:00,Instagram,Carousel,Special Campaign,Event,19,498019,664802,441904,9782.0,379,6585,9112,25858.0,5.8514971577537205,88.73235760081442
POST02386,2025-10-26 03:00:00,Youtube,Reel,Event Promotion,Community,7,427349,374483,243920,6419.0,374,1251,2819,10863.0,4.453509347326992,57.07747063875194
POST02387,2025-10-26 06:00:00,Instagram,Reel,Educational Series,Promotional,6,76955,78767,58338,4021.0,223,298,439,4981.0,8.538174088930027,75.80793970502242
POST02388,2025-10-26 09:00:00,Facebook,Text,Special Campaign,Promotional,10,310715,310860,206516,7968.0,424,1957,2397,12746.0,6.171918882798427,66.46476674766265
POST02389,2025-10-26 12:00:00,Facebook,Reel,Brand Awareness,Event,20,440207,420637,358509,11316.0,413,2964,2761,17454.0,4.868497025179284,81.44100389135112
POST02390,2025-10-26 15:00:00,Facebook,Image,Event Promotion,Brand,5,267275,234772,146459,6527.0,162,825,2247,9761.0,6.664663830833202,54.79711907211673
POST02391,2025-10-26 18:00:00,Instagram,Carousel,Community Campaign,Education,14,97115,94494,81151,5577.0,252,859,1269,7957.0,9.80517800150337,83.56175668022448
POST02392,2025-10-26 21:00:00,Instagram,Reel,Seasonal Campaign,Education,18,200813,427770,334701,22831.0,673,1204,6660,31368.0,9.371946901861662,166.67297435922976
POST02393,2025-10-27 00:00:00,Youtube,Video,Event Promotion,Event,13,381035,393993,348612,21358.0,1044,2125,5094,29621.0,8.496838892522346,91.49080793102996
POST02394,2025-10-27 03:00:00,Instagram,Image,Educational Series,Entertainment,14,235611,220587,122489,6953.0,75,296,1297,8621.0,7.038183020516128,51.98781041632182
POST02395,2025-10-27 06:00:00,Linkedin,Reel,Festival Campaign,Community,5,150644,173650,99099,3904.0,142,745,2284,7075.0,7.139325321143502,65.78356920952709
POST02396,2025-10-27 09:00:00,Instagram,Reel,Educational Series,Brand,23,41871,89485,64904,4003.0,107,1122,306,5538.0,8.532601996795266,155.00943373695398
POST02397,2025-10-27 12:00:00,Instagram,Reel,Product Launch,Entertainment,9,419439,861231,748696,28111.0,631,13452,15567,57761.0,7.714880271832627,178.49937654819888
POST02398,2025-10-27 15:00:00,Instagram,Video,Special Campaign,Event,13,296341,325962,262653,16210.0,698,1898,3154,21960.0,8.360841109753173,88.63201514471504
POST02399,2025-10-27 18:00:00,Facebook,Carousel,Seasonal Campaign,Event,15,94923,119264,91564,5337.0,229,426,639,6631.0,7.241929142457734,96.46134235116884
POST02400,2025-10-27 21:00:00,Facebook,Reel,Product Launch,Entertainment,12,122657,172381,96716,3432.0,40,472,546,4490.0,4.642458331610075,78.85077900160611
POST02401,2025-10-28 00:00:00,Instagram,Reel,Event Promotion,Promotional,10,112438,261320,176118,5616.0,322,1631,1383,8952.0,5.082955745579668,156.63565698429355
POST02402,2025-10-28 03:00:00,Instagram,Carousel,Event Promotion,Event,2,493591,892740,599071,18873.0,530,8015,3404,30822.0,5.14496612254641,121.36991962981496
POST02403,2025-10-28 06:00:00,Youtube,Image,Educational Series,Community,7,214268,219154,162114,8050.0,449,1909,2123,12531.0,7.729745734483141,75.65945451490657
POST02404,2025-10-28 09:00:00,Instagram,Image,Educational Series,Brand,2,383053,517092,331062,9349.0,366,773,3540,14028.0,4.237272776700437,86.42720459048748
POST02405,2025-10-28 12:00:00,Facebook,Image,Community Campaign,Entertainment,1,382986,331989,213636,7020.0,299,907,2316,10542.0,4.934561590743133,55.78167348153718
POST02406,2025-10-28 15:00:00,Facebook,Reel,Brand Awareness,Promotional,20,361576,463231,355437,28718.0,1666,2144,2292,34820.0,9.796391484285541,98.30215501028829
POST02407,2025-10-28 18:00:00,Instagram,Carousel,Community Campaign,Entertainment,13,323669,245305,216015,7916.0,404,2896,3783,14999.0,6.943499294030507,66.73947767626804
POST02408,2025-10-28 21:00:00,Instagram,Text,Product Launch,Promotional,19,298342,134856,105330,3464.0,58,626,1724,5872.0,5.574859963922909,35.305119627809695
POST02409,2025-10-29 00:00:00,Linkedin,Reel,Community Campaign,Promotional,20,185596,105810,82938,8165.0,83,732,2041,11021.0,13.288239407750368,44.68738550399793
POST02410,2025-10-29 03:00:00,Youtube,Image,Educational Series,Community,21,114187,165795,148415,9283.0,236,1928,992,12439.0,8.381228312502104,129.97539124418716
POST02411,2025-10-29 06:00:00,Facebook,Image,Seasonal Campaign,Brand,14,118172,59945,36189,1150.0,39,456,772,2417.0,6.678825057337866,30.624005686626273
POST02412,2025-10-29 09:00:00,Instagram,Image,Community Campaign,Event,2,497509,292505,164341,8261.0,385,1142,615,10403.0,6.330130642992316,33.032769256435564
POST02413,2025-10-29 12:00:00,Youtube,Reel,Festival Campaign,Promotional,0,119499,138354,112195,8743.0,376,535,517,10171.0,9.06546637550693,93.88781496079464
POST02414,2025-10-29 15:00:00,Instagram,Video,Special Campaign,Event,14,431731,676513,475978,42275.0,1084,2412,8214,53985.0,11.34191076058137,110.24874285145148
POST02415,2025-10-29 18:00:00,Youtube,Image,Brand Awareness,Brand,19,388457,557038,389975,18548.0,688,1213,4657,25106.0,6.4378485800371825,100.39077684273936
POST02416,2025-10-29 21:00:00,Linkedin,Image,Educational Series,Event,21,276840,239167,150401,7265.0,309,1468,1213,10255.0,6.818438707189448,54.32777055338824
POST02417,2025-10-30 00:00:00,Instagram,Reel,Seasonal Campaign,Community,1,304171,368384,267963,25536.0,911,3208,820,30475.0,11.372838787444534,88.09616958881682
POST02418,2025-10-30 03:00:00,Instagram,Reel,Event Promotion,Community,17,295936,664355,468211,14159.0,629,5621,8235,28644.0,6.117754602091792,158.21360023788927
POST02419,2025-10-30 06:00:00,Instagram,Reel,Special Campaign,Education,0,275519,230395,154573,11592.0,397,658,1962,14609.0,9.451197815918693,56.102482950359146
POST02420,2025-10-30 09:00:00,Instagram,Carousel,Community Campaign,Community,8,363457,677341,477498,22561.0,823,6173,3226,32783.0,6.86557849456961,131.37675158271819
POST02421,2025-10-30 12:00:00,Instagram,Reel,Educational Series,Promotional,2,105330,91792,62817,6090.0,347,731,1532,8700.0,13.849754047471228,59.63827969239532
POST02422,2025-10-30 15:00:00,Instagram,Carousel,Event Promotion,Brand,1,314688,497160,436985,35620.0,1049,1460,4683,42812.0,9.797132624689635,138.86293725849094
POST02423,2025-10-30 18:00:00,Facebook,Image,Event Promotion,Community,3,235359,103955,92840,2524.0,120,978,897,4519.0,4.867514002585092,39.44612273165674
POST02424,2025-10-30 21:00:00,Youtube,Image,Product Launch,Entertainment,15,105263,149183,125905,4179.0,111,1672,1791,7753.0,6.157817402009451,119.60992941489413
POST02425,2025-10-31 00:00:00,Instagram,Image,Product Launch,Brand,21,395473,259967,233098,7637.0,203,1622,2120,11582.0,4.968725600391251,58.94157123242295
POST02426,2025-10-31 03:00:00,Linkedin,Image,Seasonal Campaign,Promotional,0,174737,69256,44531,1043.0,58,140,400,1641.0,3.6850733197098653,25.484585405495114
POST02427,2025-10-31 06:00:00,Instagram,Reel,Educational Series,Brand,8,313270,678935,573716,36528.0,1641,2474,13917,54560.0,9.509931743231844,183.1378682925272
POST02428,2025-10-31 09:00:00,Linkedin,Reel,Special Campaign,Community,7,170553,105679,73163,4830.0,272,222,639,5963.0,8.15029454779055,42.8975157282487
POST02429,2025-10-31 12:00:00,Instagram,Carousel,Seasonal Campaign,Entertainment,5,242444,396491,321612,18363.0,1096,4057,5248,28764.0,8.94369613074139,132.65413868769696
POST02430,2025-10-31 15:00:00,Linkedin,Carousel,Educational Series,Education,19,381781,399919,248144,15575.0,155,2871,948,19549.0,7.878086917273841,64.99642465182919
POST02431,2025-10-31 18:00:00,Facebook,Reel,Festival Campaign,Promotional,17,280779,360993,301134,9307.0,550,3756,1925,15538.0,5.159829179036575,107.24947378543268
POST02432,2025-10-31 21:00:00,Facebook,Image,Brand Awareness,Promotional,15,147208,104686,60635,3129.0,47,652,211,4039.0,6.6611692916632315,41.190016846910495
POST02433,2025-11-01 00:00:00,Linkedin,Reel,Brand Awareness,Brand,7,43549,64113,41333,4020.0,54,805,610,5489.0,13.279945806014565,94.91147902362856
POST02434,2025-11-01 03:00:00,Instagram,Reel,Special Campaign,Event,22,219944,470435,394075,24231.0,1172,3700,5444,34547.0,8.766605341622787,179.1706070636162
POST02435,2025-11-01 06:00:00,Linkedin,Reel,Educational Series,Event,3,486909,469037,380626,13064.0,359,5529,3912,22864.0,6.006946451372213,78.17189659669465
POST02436,2025-11-01 09:00:00,Instagram,Video,Product Launch,Entertainment,2,203308,214222,155404,4691.0,262,1287,2860,9100.0,5.855705129855088,76.43772010939068
POST02437,2025-11-01 12:00:00,Instagram,Reel,Special Campaign,Education,14,215055,259186,203584,9767.0,363,1740,3413,15283.0,7.506975007859164,94.66601567040989
POST02438,2025-11-01 15:00:00,Instagram,Reel,Community Campaign,Education,5,56155,63101,38804,3286.0,96,658,628,4668.0,12.02968766106587,69.10159380286707
POST02439,2025-11-01 18:00:00,Youtube,Reel,Seasonal Campaign,Brand,0,57481,85588,67076,3109.0,42,825,697,4673.0,6.966724312719901,116.6924722951932
POST02440,2025-11-01 21:00:00,Instagram,Reel,Festival Campaign,Brand,17,254477,543288,300325,26884.0,893,1393,3062,32232.0,10.732373262299175,118.01655945331014
POST02441,2025-11-02 00:00:00,Youtube,Carousel,Brand Awareness,Event,22,87967,129401,108907,7910.0,189,828,2419,11346.0,10.418063118073219,123.8043811884002
POST02442,2025-11-02 03:00:00,Youtube,Reel,Educational Series,Community,10,381464,706692,516380,31837.0,440,8293,7728,48298.0,9.353189511599984,135.36795084201916
POST02443,2025-11-02 06:00:00,Facebook,Reel,Product Launch,Education,2,364705,404639,356226,17619.0,766,6585,3202,28172.0,7.90846260520007,97.67510727848536
POST02444,2025-11-02 09:00:00,Facebook,Carousel,Product Launch,Community,12,302590,235176,168705,9895.0,582,1769,2522,14768.0,8.753741738537684,55.753660068078915
POST02445,2025-11-02 12:00:00,Youtube,Reel,Product Launch,Education,16,290651,522595,366642,32712.0,946,3395,3251,40304.0,10.992739511567141,126.14510185755425
POST02446,2025-11-02 15:00:00,Instagram,Carousel,Seasonal Campaign,Community,17,145183,236583,167386,4196.0,104,927,1184,6411.0,3.830069420381633,115.29311283001454
POST02447,2025-11-02 18:00:00,Instagram,Image,Community Campaign,Community,13,53208,68690,46427,3225.0,46,312,427,4010.0,8.637215413444762,87.25567583821982
POST02448,2025-11-02 21:00:00,Instagram,Reel,Event Promotion,Education,6,37522,31146,18947,1447.0,30,230,318,2025.0,10.687707816540877,50.495709183945415
POST02449,2025-11-03 00:00:00,Instagram,Carousel,Special Campaign,Entertainment,6,329546,452467,382208,17613.0,427,825,5484,24349.0,6.370614953114534,115.98016665351727
POST02450,2025-11-03 03:00:00,Instagram,Reel,Seasonal Campaign,Entertainment,13,438706,579702,397779,26042.0,708,2840,2632,32222.0,8.100477903559513,90.67097327139359
POST02451,2025-11-03 06:00:00,Instagram,Image,Community Campaign,Brand,23,189083,142169,104520,4057.0,169,1009,2401,7636.0,7.305778798316112,55.27731207988027
POST02452,2025-11-03 09:00:00,Linkedin,Image,Product Launch,Community,14,448287,385510,214713,8648.0,136,2077,2997,13858.0,6.454196997852948,47.8963253451472
POST02453,2025-11-03 12:00:00,Youtube,Reel,Educational Series,Community,11,460970,506602,289314,20963.0,270,3945,5919,31097.0,10.74852927960624,62.76200186563117
POST02454,2025-11-03 15:00:00,Instagram,Carousel,Special Campaign,Community,11,247021,439741,333769,8275.0,467,5028,3429,17199.0,5.152965074647436,135.1176620611203
POST02455,2025-11-03 18:00:00,Youtube,Video,Festival Campaign,Community,7,65102,68582,58824,2154.0,107,662,1415,4338.0,7.374541003671971,90.3566710700132
POST02456,2025-11-03 21:00:00,Instagram,Text,Community Campaign,Community,15,34040,32326,23361,589.0,14,96,456,1155.0,4.944137665339668,68.62808460634547
POST02457,2025-11-04 00:00:00,Youtube,Carousel,Educational Series,Event,8,386398,592566,360126,16808.0,704,4745,4681,26938.0,7.480159721875121,93.2007929647669
POST02458,2025-11-04 03:00:00,Facebook,Image,Seasonal Campaign,Promotional,1,420262,307092,181382,6899.0,273,1152,4144,12468.0,6.873890463221268,43.15926731419924
POST02459,2025-11-04 06:00:00,Youtube,Reel,Seasonal Campaign,Community,13,452590,859912,743760,61235.0,2887,4941,13970,83033.0,11.163950736796815,164.33416558032656
POST02460,2025-11-04 09:00:00,Youtube,Reel,Special Campaign,Event,23,318333,557046,443170,20481.0,1084,5322,5527,32414.0,7.3141232484148295,139.2158525820446
POST02461,2025-11-04 12:00:00,Linkedin,Image,Product Launch,Entertainment,23,131738,134771,119699,2523.0,70,620,2924,6137.0,5.127026959289551,90.86140673154291
POST02462,2025-11-04 15:00:00,Linkedin,Image,Festival Campaign,Community,15,366142,217708,126014,2645.0,113,810,1205,4773.0,3.787674385385751,34.416701716820256
POST02463,2025-11-04 18:00:00,Facebook,Text,Brand Awareness,Entertainment,4,255479,104336,90346,1401.0,70,746,781,2998.0,3.318353883957231,35.36337624618853
POST02464,2025-11-04 21:00:00,Youtube,Image,Brand Awareness,Brand,4,106070,97695,82647,1657.0,74,1111,1874,4716.0,5.706196232168137,77.91741302913171
POST02465,2025-11-05 00:00:00,Facebook,Image,Seasonal Campaign,Promotional,19,186040,193762,167141,10758.0,603,1561,3102,16024.0,9.58711507050933,89.84143195011825
POST02466,2025-11-05 03:00:00,Instagram,Image,Educational Series,Education,20,172007,176560,97464,5423.0,188,490,1033,7134.0,7.319625707953706,56.6628102344672
POST02467,2025-11-05 06:00:00,Instagram,Video,Festival Campaign,Promotional,17,337725,370573,300040,28715.0,1439,1143,2430,33727.0,11.240834555392615,88.84151306536383
POST02468,2025-11-05 09:00:00,Instagram,Carousel,Educational Series,Community,17,388675,258383,191753,4272.0,237,1350,1326,7185.0,3.7470078694987823,49.335048562423616
POST02469,2025-11-05 12:00:00,Youtube,Carousel,Festival Campaign,Community,4,291153,273405,205221,15286.0,578,485,2031,18380.0,8.956198439730827,70.48562096217452
POST02470,2025-11-05 15:00:00,Youtube,Reel,Festival Campaign,Promotional,10,460205,798517,570317,45792.0,497,5962,3286,55537.0,9.737917684375532,123.92672830586369
POST02471,2025-11-05 18:00:00,Instagram,Video,Seasonal Campaign,Promotional,12,460092,429065,347515,24362.0,1240,4411,2153,32166.0,9.25600333798541,75.531632803874
POST02472,2025-11-05 21:00:00,Linkedin,Reel,Educational Series,Brand,2,218554,191128,172004,9255.0,484,1934,3454,15127.0,8.794562917141462,78.70091602075459
POST02473,2025-11-06 00:00:00,Linkedin,Video,Seasonal Campaign,Entertainment,16,449940,224710,179473,9175.0,275,2853,790,13093.0,7.295247753143927,39.888207316531094
POST02474,2025-11-06 03:00:00,Facebook,Image,Special Campaign,Education,17,130847,129489,101948,6490.0,139,772,1291,8692.0,8.525915172440852,77.91389943980374
POST02475,2025-11-06 06:00:00,Youtube,Image,Festival Campaign,Promotional,13,71377,97563,76006,4296.0,253,547,905,6001.0,7.89542930821251,106.48528237387393
POST02476,2025-11-06 09:00:00,Linkedin,Image,Community Campaign,Education,11,88861,68364,54234,2939.0,110,294,1308,4651.0,8.5758011579452,61.03239891515963
POST02477,2025-11-06 12:00:00,Instagram,Carousel,Product Launch,Promotional,13,159771,105864,70901,1625.0,58,959,938,3580.0,5.049294086120082,44.37663906466129
POST02478,2025-11-06 15:00:00,Facebook,Reel,Special Campaign,Entertainment,17,416961,350089,231785,9358.0,536,4142,1515,15551.0,6.709234851263024,55.58913183727016
POST02479,2025-11-06 18:00:00,Instagram,Video,Festival Campaign,Education,19,130612,176508,145534,13579.0,412,2569,719,17279.0,11.872826968268583,111.42467767127064
POST02480,2025-11-06 21:00:00,Facebook,Image,Community Campaign,Event,1,326981,288050,163779,6966.0,365,2175,3130,12636.0,7.715274852087265,50.08823142629082
POST02481,2025-11-07 00:00:00,Instagram,Reel,Festival Campaign,Entertainment,6,444010,690076,562920,48945.0,2204,10790,3518,65457.0,11.628117672138137,126.78092835746943
POST02482,2025-11-07 03:00:00,Linkedin,Reel,Community Campaign,Education,14,172270,253667,211772,11937.0,696,3098,5005,20736.0,9.791662731617022,122.93028385673652
POST02483,2025-11-07 06:00:00,Linkedin,Image,Educational Series,Promotional,9,208875,216356,158493,9394.0,295,1328,2425,13442.0,8.48113165881143,75.87935368043088
POST02484,2025-11-07 09:00:00,Instagram,Image,Brand Awareness,Promotional,14,402935,264214,229483,5607.0,310,875,2716,9508.0,4.143226295629741,56.95285840147915
POST02485,2025-11-07 12:00:00,Youtube,Image,Event Promotion,Entertainment,16,426705,269680,192977,3912.0,150,2079,3484,9625.0,4.987641014214129,45.22492119848607
POST02486,2025-11-07 15:00:00,Linkedin,Carousel,Special Campaign,Entertainment,10,70557,50855,31140,1568.0,52,377,229,2226.0,7.148362235067437,44.13452952931672
POST02487,2025-11-07 18:00:00,Youtube,Image,Festival Campaign,Promotional,1,474655,432896,292849,14627.0,369,3413,3341,21750.0,7.427035776116702,61.69723272692798
POST02488,2025-11-07 21:00:00,Linkedin,Text,Event Promotion,Education,20,304618,198501,172111,5088.0,191,1034,642,6955.0,4.040996798577662,56.50060075241778
POST02489,2025-11-08 00:00:00,Youtube,Image,Festival Campaign,Event,17,76439,96345,86499,4901.0,189,1058,1929,8077.0,9.337680204395426,113.16082104684781
POST02490,2025-11-08 03:00:00,Instagram,Video,Educational Series,Brand,3,235028,215169,150112,8961.0,492,2043,1854,13350.0,8.893359624813472,63.86983678540429
POST02491,2025-11-08 06:00:00,Instagram,Reel,Educational Series,Entertainment,8,206258,419140,255003,25094.0,1134,1400,5022,32650.0,12.803770936028203,123.63302271911878
POST02492,2025-11-08 09:00:00,Instagram,Image,Community Campaign,Promotional,16,88213,105752,68761,1553.0,79,290,1593,3515.0,5.111909367228516,77.94882840397673
POST02493,2025-11-08 12:00:00,Facebook,Reel,Festival Campaign,Education,16,337440,584660,434784,13561.0,657,7113,7548,28879.0,6.6421487451240155,128.84779516358464
POST02494,2025-11-08 15:00:00,Instagram,Image,Educational Series,Entertainment,16,185584,230729,173100,11576.0,275,1173,1950,14974.0,8.65049104563836,93.27312699370636
POST02495,2025-11-08 18:00:00,Youtube,Video,Educational Series,Education,15,358855,576048,443856,32035.0,649,2789,7381,42854.0,9.654933131466061,123.6867258363406
POST02496,2025-11-08 21:00:00,Youtube,Reel,Festival Campaign,Entertainment,19,389871,387589,326494,25579.0,586,3180,3567,32912.0,10.080430268243827,83.74411023133293
POST02497,2025-11-09 00:00:00,Youtube,Reel,Community Campaign,Promotional,7,21177,38425,30698,864.0,14,163,475,1516.0,4.93843247117076,144.95915379893282
POST02498,2025-11-09 03:00:00,Linkedin,Video,Community Campaign,Education,22,20761,11545,7403,677.0,19,120,92,908.0,12.265297852222073,35.65820528876259
POST02499,2025-11-09 06:00:00,Linkedin,Reel,Community Campaign,Promotional,14,254154,305694,210398,18136.0,774,801,1324,21035.0,9.997718609492486,82.78366659584347
POST02500,2025-11-09 09:00:00,Youtube,Carousel,Community Campaign,Education,0,288602,185192,156290,10807.0,398,1081,3151,15437.0,9.877151449228998,54.15416386580828
POST02501,2025-11-09 12:00:00,Facebook,Image,Brand Awareness,Entertainment,18,472914,235668,181861,12229.0,537,1512,2531,16809.0,9.242773326881519,38.45540626837015
POST02502,2025-11-09 15:00:00,Facebook,Video,Festival Campaign,Brand,14,336919,221185,134534,8829.0,245,2156,966,12196.0,9.065366375786047,39.93066582769153
POST02503,2025-11-09 18:00:00,Youtube,Reel,Seasonal Campaign,Brand,8,204938,161911,107498,6104.0,123,1699,2431,10357.0,9.63459785298331,52.45391289072793
POST02504,2025-11-09 21:00:00,Linkedin,Reel,Brand Awareness,Event,4,171182,146186,120878,7674.0,154,360,2631,10819.0,8.950346630486937,70.61373275227535
POST02505,2025-11-10 00:00:00,Instagram,Image,Educational Series,Event,15,113789,183644,112065,6720.0,269,1283,1713,9985.0,8.910007584883772,98.4849150620886
POST02506,2025-11-10 03:00:00,Instagram,Text,Brand Awareness,Community,12,497069,379463,300484,14901.0,271,2320,7315,24807.0,8.255680834919662,60.45116472763339
POST02507,2025-11-10 06:00:00,Linkedin,Image,Special Campaign,Promotional,15,408192,370539,276880,14098.0,420,930,6478,21926.0,7.918954059520369,67.83082470994042
POST02508,2025-11-10 09:00:00,Youtube,Reel,Seasonal Campaign,Education,21,138249,125006,75205,3234.0,66,980,1709,5989.0,7.963566252243867,54.39822349528749
POST02509,2025-11-10 12:00:00,Facebook,Carousel,Seasonal Campaign,Event,10,474662,428142,338706,24586.0,1060,4492,2009,32147.0,9.491122094087498,71.35730267011053
POST02510,2025-11-10 15:00:00,Linkedin,Text,Seasonal Campaign,Entertainment,12,310577,127668,76578,3379.0,137,564,726,4806.0,6.275953929326961,24.656687391532532
POST02511,2025-11-10 18:00:00,Instagram,Video,Community Campaign,Brand,5,92715,92401,63706,2543.0,73,1145,766,4527.0,7.106081059868773,68.71164320767946
POST02512,2025-11-10 21:00:00,Linkedin,Text,Educational Series,Education,19,296993,106862,70314,2575.0,42,453,1497,4567.0,6.495150325681941,23.675305478580302
POST02513,2025-11-11 00:00:00,Youtube,Reel,Brand Awareness,Community,16,277969,370483,293238,30432.0,626,4098,6500,41656.0,14.20552588682231,105.49305857847457
POST02514,2025-11-11 03:00:00,Youtube,Reel,Brand Awareness,Brand,4,352124,289803,238747,12322.0,414,904,4663,18303.0,7.666274340619987,67.80196748872557
POST02515,2025-11-11 06:00:00,Facebook,Carousel,Special Campaign,Education,16,350644,467153,284454,8062.0,472,3754,3809,16097.0,5.6589114584431925,81.12330454820274
POST02516,2025-11-11 09:00:00,Linkedin,Video,Festival Campaign,Event,0,455206,414230,345550,8832.0,207,4193,2267,15499.0,4.485313268702069,75.91068659024705
POST02517,2025-11-11 12:00:00,Instagram,Reel,Brand Awareness,Event,4,342035,714224,394626,15943.0,311,4769,1489,22512.0,5.704641863435253,115.37591182188957
POST02518,2025-11-11 15:00:00,Youtube,Reel,Special Campaign,Promotional,4,342010,723568,532199,21598.0,454,7758,9784,39594.0,7.43969830833955,155.60919271366333
POST02519,2025-11-11 18:00:00,Facebook,Video,Educational Series,Community,6,491563,625268,456993,39201.0,1779,5092,11366,57438.0,12.568682671288181,92.967330738888
POST02520,2025-11-11 21:00:00,Facebook,Reel,Community Campaign,Education,15,488819,801549,615860,12121.0,1310,9578,6528,29537.0,4.7960575455460654,125.98937439011169
POST02521,2025-11-12 00:00:00,Facebook,Image,Festival Campaign,Community,17,191064,98330,62330,4025.0,55,537,966,5583.0,8.957163484678325,32.62257672821672
POST02522,2025-11-12 03:00:00,Instagram,Image,Special Campaign,Entertainment,5,405613,582619,322450,7314.0,347,2542,6717,16920.0,5.2473251666925105,79.49695892390037
POST02523,2025-11-12 06:00:00,Instagram,Image,Brand Awareness,Community,1,216169,180050,127685,8549.0,296,431,906,10182.0,7.974311782903238,59.06721130226813
POST02524,2025-11-12 09:00:00,Instagram,Carousel,Festival Campaign,Event,12,96008,117655,67650,2513.0,128,577,1437,4655.0,6.881005173688101,70.46287809349221
POST02525,2025-11-12 12:00:00,Facebook,Image,Event Promotion,Promotional,9,231734,215218,185575,9468.0,294,1502,3109,14373.0,7.745116529704971,80.08104119378253
POST02526,2025-11-12 15:00:00,Instagram,Carousel,Festival Campaign,Event,20,285245,504445,308106,9687.0,98,3273,4786,17844.0,5.791513310354229,108.01451383898053
POST02527,2025-11-12 18:00:00,Instagram,Image,Seasonal Campaign,Brand,19,309134,471081,329206,12859.0,567,2348,6508,22282.0,6.768406408145659,106.49297715553774
POST02528,2025-11-12 21:00:00,Linkedin,Image,Community Campaign,Event,10,89214,38033,26695,604.0,30,93,221,948.0,3.551226821502154,29.92243369874683
POST02529,2025-11-13 00:00:00,Instagram,Carousel,Seasonal Campaign,Education,20,316755,345053,256547,14754.0,812,1065,4239,20870.0,8.134961624965406,80.99224953039416
POST02530,2025-11-13 03:00:00,Linkedin,Reel,Event Promotion,Promotional,1,474711,638439,526001,27866.0,1071,7776,4359,41072.0,7.808350174239212,110.80446840288091
POST02531,2025-11-13 06:00:00,Facebook,Reel,Seasonal Campaign,Education,7,116265,163665,117061,10824.0,174,1612,813,13423.0,11.46667122269586,100.68464284178387
POST02532,2025-11-13 09:00:00,Facebook,Reel,Event Promotion,Entertainment,23,464306,285934,159841,6422.0,182,1116,2671,10391.0,6.500835204984953,34.425788165563226
POST02533,2025-11-13 12:00:00,Instagram,Reel,Festival Campaign,Entertainment,21,276146,409200,335498,16049.0,789,3400,2994,23232.0,6.9246314434065175,121.49297835203117
POST02534,2025-11-13 15:00:00,Instagram,Image,Educational Series,Event,18,35958,51621,29876,823.0,28,161,559,1571.0,5.2584013924220105,83.08582234829524
POST02535,2025-11-13 18:00:00,Facebook,Video,Community Campaign,Promotional,19,371930,497158,385070,24873.0,1118,2011,5513,33515.0,8.703612330225672,103.53292286182885
POST02536,2025-11-13 21:00:00,Facebook,Carousel,Educational Series,Community,16,223691,192754,160217,4492.0,45,1049,2930,8516.0,5.3152911363962625,71.6242495227792
POST02537,2025-11-14 00:00:00,Facebook,Video,Community Campaign,Promotional,15,216328,288575,187268,7047.0,96,1216,4235,12594.0,6.72512121665207,86.56669501867535
POST02538,2025-11-14 03:00:00,Instagram,Image,Special Campaign,Promotional,9,238364,270616,191376,10456.0,460,529,1156,12601.0,6.584420198980018,80.28729170512325
POST02539,2025-11-14 06:00:00,Facebook,Image,Community Campaign,Promotional,4,87002,99550,55251,1216.0,29,425,246,1916.0,3.46781053736584,63.505436656628575
POST02540,2025-11-14 09:00:00,Facebook,Image,Seasonal Campaign,Event,13,69887,61540,51161,5506.0,87,361,603,6557.0,12.816403119563729,73.20531715483565
POST02541,2025-11-14 12:00:00,Facebook,Reel,Seasonal Campaign,Education,23,282483,297697,237008,8090.0,340,3478,4448,16356.0,6.901032876527374,83.9016861191647
POST02542,2025-11-14 15:00:00,Facebook,Reel,Educational Series,Event,18,130083,207432,130886,9380.0,146,1712,2944,14182.0,10.835383463472029,100.61729818654244
POST02543,2025-11-14 18:00:00,Facebook,Image,Product Launch,Community,3,332672,148170,101730,7312.0,377,591,383,8663.0,8.51567875749533,30.579670065409776
POST02544,2025-11-14 21:00:00,Facebook,Text,Special Campaign,Education,19,368783,348627,276586,6313.0,108,1753,5654,13828.0,4.999529983440955,74.99966104728256
POST02545,2025-11-15 00:00:00,Instagram,Reel,Event Promotion,Community,15,102624,191527,129349,5997.0,279,1508,602,8386.0,6.483235278200837,126.04166666666667
POST02546,2025-11-15 03:00:00,Youtube,Reel,Seasonal Campaign,Brand,23,351404,723915,439304,42207.0,1039,7954,6928,58128.0,13.231839455138129,125.01394406438173
POST02547,2025-11-15 06:00:00,Instagram,Video,Special Campaign,Brand,14,388637,420010,307227,21227.0,488,5442,3247,30404.0,9.896265627695483,79.05243196093012
POST02548,2025-11-15 09:00:00,Youtube,Reel,Seasonal Campaign,Education,8,73570,125711,100977,6504.0,332,1654,342,8832.0,8.746546243203898,137.25295636808482
POST02549,2025-11-15 12:00:00,Youtube,Video,Seasonal Campaign,Event,2,41643,71979,47670,3075.0,115,532,244,3966.0,8.319697923222153,114.47302067574383
POST02550,2025-11-15 15:00:00,Instagram,Carousel,Festival Campaign,Community,22,80252,121553,72034,2853.0,57,1063,776,4749.0,6.5927201043951476,89.75975676618651
POST02551,2025-11-15 18:00:00,Instagram,Text,Educational Series,Community,8,373724,238921,200774,10739.0,108,649,4815,16311.0,8.12405988823254,53.722533206323384
POST02552,2025-11-15 21:00:00,Instagram,Image,Educational Series,Entertainment,17,161406,135199,86321,5027.0,294,858,552,6731.0,7.79763904496009,53.4806636680173
POST02553,2025-11-16 00:00:00,Facebook,Carousel,Seasonal Campaign,Community,3,118856,119815,87403,5373.0,169,732,785,7059.0,8.076381817557749,73.5368849700478
POST02554,2025-11-16 03:00:00,Linkedin,Image,Festival Campaign,Event,18,383939,261716,207271,14159.0,422,724,5155,20460.0,9.871134891036373,53.98539872219285
POST02555,2025-11-16 06:00:00,Instagram,Carousel,Seasonal Campaign,Entertainment,23,82977,129132,85353,4901.0,61,266,1158,6386.0,7.481869412908744,102.86344408691565
POST02556,2025-11-16 09:00:00,Linkedin,Image,Event Promotion,Event,3,282933,178996,139083,6347.0,347,1032,1219,8945.0,6.43141145934442,49.15757440807541
POST02557,2025-11-16 12:00:00,Youtube,Reel,Festival Campaign,Promotional,8,316085,614487,436837,44602.0,759,2899,7229,55489.0,12.702449655134524,138.20238227059176
POST02558,2025-11-16 15:00:00,Instagram,Image,Seasonal Campaign,Community,0,20552,20685,15506,451.0,12,73,195,731.0,4.714304140332774,75.44764499805372
POST02559,2025-11-16 18:00:00,Instagram,Image,Community Campaign,Promotional,0,301950,176110,133262,3420.0,106,739,2916,7181.0,5.388632918611457,44.133796986256
POST02560,2025-11-16 21:00:00,Youtube,Video,Product Launch,Brand,19,56979,38912,32625,1164.0,58,443,103,1768.0,5.419157088122605,57.25793713473385
POST02561,2025-11-17 00:00:00,Facebook,Carousel,Community Campaign,Brand,18,159895,173273,135103,11258.0,314,586,3367,15525.0,11.491232615115875,84.49482472872822
POST02562,2025-11-17 03:00:00,Facebook,Carousel,Product Launch,Education,2,51980,51113,32840,2039.0,74,390,146,2649.0,8.066382460414129,63.178145440554054
POST02563,2025-11-17 06:00:00,Instagram,Reel,Festival Campaign,Community,9,20860,33932,19370,965.0,30,306,286,1587.0,8.193082085699535,92.85714285714286
POST02564,2025-11-17 09:00:00,Instagram,Carousel,Community Campaign,Entertainment,11,20290,32979,18161,666.0,17,185,333,1201.0,6.613071967402676,89.50714637752587
POST02565,2025-11-17 12:00:00,Youtube,Image,Event Promotion,Promotional,17,324561,281382,243830,5134.0,294,1145,3680,10253.0,4.2049788787269815,75.126093400008
POST02566,2025-11-17 15:00:00,Instagram,Video,Special Campaign,Event,13,99880,215085,189218,6338.0,315,606,1819,9078.0,4.797640816412815,189.44533440128154
POST02567,2025-11-17 18:00:00,Instagram,Text,Community Campaign,Community,9,419086,545221,317830,17756.0,332,1740,6934,26762.0,8.42022464839694,75.83884930539317
POST02568,2025-11-17 21:00:00,Instagram,Reel,Educational Series,Education,9,53397,42729,30784,2594.0,97,520,383,3594.0,11.67489604989605,57.65117890518194
POST02569,2025-11-18 00:00:00,Facebook,Video,Special Campaign,Event,17,125311,188894,113914,10456.0,521,454,1095,12526.0,10.99601453728251,90.90502828961544
POST02570,2025-11-18 03:00:00,Linkedin,Reel,Special Campaign,Promotional,23,298330,366281,323082,19078.0,743,4906,6430,31157.0,9.64368178976235,108.29685247879866
POST02571,2025-11-18 06:00:00,Youtube,Image,Product Launch,Community,0,255319,253294,161194,8134.0,282,1172,1000,10588.0,6.568482697867166,63.13435349503954
POST02572,2025-11-18 09:00:00,Linkedin,Image,Product Launch,Promotional,14,135162,105369,76453,3372.0,45,941,574,4932.0,6.45102219664369,56.563975081753746
POST02573,2025-11-18 12:00:00,Instagram,Reel,Seasonal Campaign,Community,7,172088,360231,219008,20750.0,317,1887,1874,24828.0,11.33657218001169,127.26512017107527
POST02574,2025-11-18 15:00:00,Youtube,Carousel,Event Promotion,Community,2,351760,589531,392902,32790.0,729,4604,4937,43060.0,10.95947589984271,111.69604275642484
POST02575,2025-11-18 18:00:00,Instagram,Reel,Product Launch,Promotional,17,98508,162944,104835,10353.0,369,1583,361,12666.0,12.081842895979396,106.42282860275307
POST02576,2025-11-18 21:00:00,Facebook,Reel,Product Launch,Promotional,8,87296,69584,49849,3621.0,214,297,1237,5369.0,10.770526991514373,57.10341825513196
POST02577,2025-11-19 00:00:00,Linkedin,Image,Seasonal Campaign,Event,15,162346,133224,92846,1981.0,99,338,1504,3922.0,4.224199211597699,57.19019871139418
POST02578,2025-11-19 03:00:00,Facebook,Carousel,Event Promotion,Education,20,43304,23580,15699,940.0,14,52,382,1388.0,8.841327473087459,36.253002032144835
POST02579,2025-11-19 06:00:00,Instagram,Text,Community Campaign,Promotional,14,228774,233721,137207,2657.0,121,1144,2848,6770.0,4.934150589984476,59.97490973624625
POST02580,2025-11-19 09:00:00,Facebook,Carousel,Festival Campaign,Brand,4,220006,272067,195771,5823.0,294,1875,1165,9157.0,4.677403701263211,88.98439133478178
POST02581,2025-11-19 12:00:00,Instagram,Carousel,Community Campaign,Education,12,378305,406752,344751,11395.0,349,1132,2619,15495.0,4.494548239163918,91.1304370811911
POST02582,2025-11-19 15:00:00,Linkedin,Image,Educational Series,Brand,21,198770,81744,65851,2477.0,65,356,247,3145.0,4.775933546946895,33.12924485586356
POST02583,2025-11-19 18:00:00,Youtube,Reel,Educational Series,Event,19,227123,387218,310626,22414.0,879,1554,6629,31476.0,10.13308609066852,136.76554113850204
POST02584,2025-11-19 21:00:00,Youtube,Reel,Product Launch,Promotional,6,296849,356290,241611,12567.0,451,1006,3879,17903.0,7.4098447504459655,81.39188611044672
POST02585,2025-11-20 00:00:00,Youtube,Image,Special Campaign,Education,15,187401,138977,110896,4704.0,109,587,857,6257.0,5.642223344394749,59.17577814419347
POST02586,2025-11-20 03:00:00,Facebook,Carousel,Educational Series,Promotional,6,210808,236901,168895,4049.0,120,576,4111,8856.0,5.243494478818201,80.11792721338848
POST02587,2025-11-20 06:00:00,Instagram,Image,Festival Campaign,Community,21,335140,531918,320531,16496.0,614,1552,6156,24818.0,7.74277682969822,95.64092618010383
POST02588,2025-11-20 09:00:00,Facebook,Carousel,Product Launch,Promotional,15,292751,344518,240014,14975.0,583,2314,4445,22317.0,9.298207604556401,81.9857148224942
POST02589,2025-11-20 12:00:00,Instagram,Image,Seasonal Campaign,Education,12,204028,218444,130292,3044.0,111,1089,1156,5400.0,4.1445368863782885,63.85986237183132
POST02590,2025-11-20 15:00:00,Facebook,Reel,Educational Series,Promotional,16,312150,401923,237162,20689.0,1082,1289,2346,25406.0,10.712508749293733,75.97693416626622
POST02591,2025-11-20 18:00:00,Facebook,Reel,Special Campaign,Promotional,8,360698,271052,151266,11572.0,134,881,2676,15263.0,10.090172279296073,41.93702210713672
POST02592,2025-11-20 21:00:00,Facebook,Video,Seasonal Campaign,Entertainment,11,226424,321130,208413,12350.0,329,3279,3346,19304.0,9.262378066627322,92.04545454545455
POST02593,2025-11-21 00:00:00,Youtube,Carousel,Brand Awareness,Entertainment,12,398340,508067,338274,18885.0,896,1481,5831,27093.0,8.009187818159244,84.92092182557614
POST02594,2025-11-21 03:00:00,Youtube,Video,Brand Awareness,Education,8,433710,839183,666987,40165.0,1710,2076,14896,58847.0,8.822810639487725,153.7864010513938
POST02595,2025-11-21 06:00:00,Instagram,Reel,Brand Awareness,Education,4,172309,397688,293613,8865.0,495,1978,1916,13254.0,4.514105301876961,170.39910857819382
POST02596,2025-11-21 09:00:00,Facebook,Text,Seasonal Campaign,Community,6,223439,128889,109614,5270.0,207,780,609,6866.0,6.263798419909866,49.05768464771146
POST02597,2025-11-21 12:00:00,Instagram,Reel,Brand Awareness,Community,0,323107,750296,459004,30258.0,1268,1249,7078,39853.0,8.68249514165454,142.05944160912637
POST02598,2025-11-21 15:00:00,Youtube,Reel,Community Campaign,Promotional,3,443757,924466,594510,23471.0,1062,11442,8325,44300.0,7.451514692772198,133.97197114637066
POST02599,2025-11-21 18:00:00,Instagram,Text,Brand Awareness,Brand,3,23447,24053,21151,965.0,18,79,250,1312.0,6.203016405843695,90.20770247792895
POST02600,2025-11-21 21:00:00,Instagram,Reel,Product Launch,Education,15,222192,288895,203791,16347.0,779,1349,4667,23142.0,11.355751726033043,91.71842370562396
POST02601,2025-11-22 00:00:00,Facebook,Carousel,Event Promotion,Promotional,4,47156,55851,46142,1589.0,39,562,705,2895.0,6.274110354991115,97.849690389346
POST02602,2025-11-22 03:00:00,Instagram,Reel,Community Campaign,Brand,21,187631,225744,163045,14368.0,448,1107,2523,18446.0,11.31344107454997,86.89662156040313
POST02603,2025-11-22 06:00:00,Facebook,Image,Special Campaign,Entertainment,3,172537,157901,112880,4814.0,51,726,1248,6839.0,6.058646350106307,65.42364826095273
POST02604,2025-11-22 09:00:00,Instagram,Text,Event Promotion,Community,5,62120,29328,17650,408.0,21,120,186,735.0,4.164305949008498,28.412749517063745
POST02605,2025-11-22 12:00:00,Instagram,Reel,Product Launch,Education,22,364897,642433,544731,42104.0,2428,1617,13469,59618.0,10.944484525389596,149.28349643872104
POST02606,2025-11-22 15:00:00,Youtube,Carousel,Special Campaign,Promotional,2,30190,50616,29226,1712.0,22,395,488,2617.0,8.954355710668583,96.80688969857569
POST02607,2025-11-22 18:00:00,Instagram,Reel,Product Launch,Entertainment,7,83394,95638,62986,2474.0,103,708,1332,4617.0,7.330200361985203,75.52821545914574
POST02608,2025-11-22 21:00:00,Instagram,Carousel,Festival Campaign,Event,16,287479,462986,363774,27631.0,1603,2317,4672,36223.0,9.957556065029387,126.53932982930927
POST02609,2025-11-23 00:00:00,Facebook,Reel,Special Campaign,Entertainment,17,205711,190962,138932,12872.0,519,1299,1003,15693.0,11.2954538911122,67.53746761232992
POST02610,2025-11-23 03:00:00,Instagram,Reel,Community Campaign,Promotional,17,485012,913881,784550,71572.0,3571,2780,7960,85883.0,10.946784781084698,161.75888431626436
POST02611,2025-11-23 06:00:00,Facebook,Reel,Event Promotion,Community,11,176850,248291,139975,7998.0,127,2062,1485,11672.0,8.338631898553313,79.14899632456884
POST02612,2025-11-23 09:00:00,Instagram,Reel,Brand Awareness,Brand,0,232213,248047,192805,17414.0,387,2259,2974,23034.0,11.946785612406318,83.02937389379578
POST02613,2025-11-23 12:00:00,Instagram,Text,Product Launch,Event,22,431775,426341,305734,16208.0,442,3183,1957,21790.0,7.127110494743796,70.8086387586127
POST02614,2025-11-23 15:00:00,Facebook,Image,Brand Awareness,Event,11,455557,501534,302931,21754.0,1284,2190,3488,28716.0,9.479386394921615,66.49683793685533
POST02615,2025-11-23 18:00:00,Instagram,Reel,Special Campaign,Community,10,302701,416744,337620,33996.0,1668,5604,1759,43027.0,12.744209466263849,111.5358059603371
POST02616,2025-11-23 21:00:00,Instagram,Image,Event Promotion,Event,12,383236,500927,347621,13443.0,729,1391,4840,20403.0,5.869323199691618,90.70677076266321
POST02617,2025-11-24 00:00:00,Instagram,Reel,Seasonal Campaign,Education,2,273220,500569,368445,15275.0,524,1309,8784,25892.0,7.027371792262074,134.85286582241417
POST02618,2025-11-24 03:00:00,Instagram,Carousel,Community Campaign,Promotional,7,456997,436188,387571,15280.0,700,5831,4052,25863.0,6.673099896535087,84.80821537121687
POST02619,2025-11-24 06:00:00,Facebook,Text,Educational Series,Event,2,261745,250642,180507,6726.0,313,722,738,8499.0,4.7084046602070835,68.96292192783052
POST02620,2025-11-24 09:00:00,Instagram,Image,Seasonal Campaign,Entertainment,16,241525,277413,232522,14298.0,549,2686,3811,21344.0,9.179346470441505,96.27243556567643
POST02621,2025-11-24 12:00:00,Facebook,Video,Special Campaign,Brand,12,379218,350289,287010,21828.0,1176,1840,4868,29712.0,10.352252534754887,75.68469851114662
POST02622,2025-11-24 15:00:00,Linkedin,Image,Special Campaign,Promotional,9,485473,232220,181587,10992.0,196,657,2460,14305.0,7.877766580206733,37.40413988007572
POST02623,2025-11-24 18:00:00,Youtube,Reel,Seasonal Campaign,Community,16,40575,56482,48793,2714.0,34,730,572,4050.0,8.30037095485008,120.25385089340728
POST02624,2025-11-24 21:00:00,Linkedin,Carousel,Educational Series,Entertainment,2,354992,366811,234047,8555.0,215,2978,5298,17046.0,7.283152529192854,65.93021814576103
POST02625,2025-11-25 00:00:00,Instagram,Image,Special Campaign,Education,12,273947,332443,278344,5372.0,77,3248,6581,15278.0,5.4888914436812,101.60505499238903
POST02626,2025-11-25 03:00:00,Linkedin,Carousel,Special Campaign,Event,21,395360,407507,278011,16805.0,218,3865,4951,25839.0,9.294236558985077,70.31844394981789
POST02627,2025-11-25 06:00:00,Instagram,Video,Product Launch,Entertainment,5,24616,45789,38205,3103.0,96,379,535,4113.0,10.765606595995289,155.20393240168994
POST02628,2025-11-25 09:00:00,Facebook,Image,Festival Campaign,Promotional,13,215980,164622,118993,7855.0,157,771,533,9316.0,7.829031959863185,55.094453190110194
POST02629,2025-11-25 12:00:00,Youtube,Text,Special Campaign,Entertainment,9,184835,155563,132259,4818.0,238,1166,1272,7494.0,5.666155044269199,71.55517082803581
POST02630,2025-11-25 15:00:00,Instagram,Video,Brand Awareness,Education,19,315268,674814,582496,52885.0,2061,6571,5400,66917.0,11.487975883096192,184.7621705977137
POST02631,2025-11-25 18:00:00,Facebook,Image,Product Launch,Brand,15,480445,571307,433722,12547.0,351,5679,1856,20433.0,4.711082213952716,90.27505749877717
POST02632,2025-11-25 21:00:00,Facebook,Carousel,Festival Campaign,Event,17,153662,132841,96664,5162.0,125,698,2083,8068.0,8.346437143093603,62.90689955877185
POST02633,2025-11-26 00:00:00,Instagram,Reel,Brand Awareness,Promotional,12,181942,336388,277233,11830.0,451,921,6119,19321.0,6.969228050051761,152.37438304514626
POST02634,2025-11-26 03:00:00,Instagram,Text,Event Promotion,Event,9,29534,20403,13128,308.0,9,95,302,714.0,5.4387568555758685,44.45046387214735
POST02635,2025-11-26 06:00:00,Facebook,Carousel,Seasonal Campaign,Event,5,290065,178911,99362,8054.0,102,688,1919,10763.0,10.832108854491656,34.25508075776119
POST02636,2025-11-26 09:00:00,Facebook,Reel,Seasonal Campaign,Community,9,414907,615734,426385,38282.0,1656,3577,7944,51459.0,12.068670333149619,102.76640307345983
POST02637,2025-11-26 12:00:00,Linkedin,Reel,Educational Series,Event,4,324186,315636,229694,6183.0,216,2788,3103,12290.0,5.3505968810678555,70.85253527296058
POST02638,2025-11-26 15:00:00,Facebook,Carousel,Festival Campaign,Entertainment,5,71209,45560,29798,1129.0,26,437,651,2243.0,7.527350828914692,41.84583409400497
POST02639,2025-11-26 18:00:00,Linkedin,Reel,Brand Awareness,Entertainment,6,219512,287385,196622,8258.0,202,1398,2796,12654.0,6.435698955355962,89.57232406428805
POST02640,2025-11-26 21:00:00,Facebook,Reel,Special Campaign,Brand,10,260763,431758,257574,9652.0,315,2322,940,13229.0,5.1359997515277165,98.77705042509865
POST02641,2025-11-27 00:00:00,Instagram,Image,Product Launch,Education,15,335747,519714,336281,18717.0,961,4111,5336,29125.0,8.66091155908303,100.15904833103497
POST02642,2025-11-27 03:00:00,Instagram,Reel,Brand Awareness,Promotional,11,64377,110102,69808,4901.0,152,1237,809,7099.0,10.169321567728627,108.43624275750656
POST02643,2025-11-27 06:00:00,Facebook,Image,Product Launch,Entertainment,11,59705,47376,31047,1319.0,68,141,449,1977.0,6.367765001449416,52.00066996063981
POST02644,2025-11-27 09:00:00,Facebook,Reel,Seasonal Campaign,Event,22,116492,87483,57272,2335.0,72,832,727,3966.0,6.9248498393630395,49.16389108264945
POST02645,2025-11-27 12:00:00,Instagram,Reel,Educational Series,Education,19,169836,342517,255394,12170.0,626,2457,3557,18810.0,7.365090800880209,150.3768341223298
POST02646,2025-11-27 15:00:00,Instagram,Carousel,Special Campaign,Promotional,4,486960,886806,565524,24563.0,1389,8412,3047,37411.0,6.6152806954258345,116.1335633316905
POST02647,2025-11-27 18:00:00,Linkedin,Image,Educational Series,Promotional,15,297927,298049,262085,15834.0,174,2717,870,19595.0,7.47658202491558,87.96953616154293
POST02648,2025-11-27 21:00:00,Youtube,Reel,Brand Awareness,Promotional,5,290659,520294,379266,39123.0,513,4154,3976,47766.0,12.594326936767336,130.48486370626748
POST02649,2025-11-28 00:00:00,Youtube,Reel,Brand Awareness,Promotional,8,153142,110497,65760,2653.0,44,1079,565,4341.0,6.601277372262773,42.94053884629952
POST02650,2025-11-28 03:00:00,Youtube,Image,Product Launch,Brand,4,364994,328010,212505,7744.0,124,2863,1806,12537.0,5.899625891155502,58.22150501104127
POST02651,2025-11-28 06:00:00,Instagram,Reel,Product Launch,Promotional,20,262122,372400,299936,14353.0,469,3045,7083,24950.0,8.318441267470392,114.42610692730865
POST02652,2025-11-28 09:00:00,Instagram,Reel,Festival Campaign,Education,22,164843,358568,198926,5855.0,282,1772,4180,12089.0,6.077134210711521,120.67603719903181
POST02653,2025-11-28 12:00:00,Instagram,Reel,Seasonal Campaign,Entertainment,15,378920,334364,293650,12656.0,734,3776,967,18133.0,6.175038310914354,77.4965691966642
POST02654,2025-11-28 15:00:00,Instagram,Video,Festival Campaign,Education,17,84206,125042,88256,7847.0,242,1152,281,9522.0,10.789068165337202,104.80963351780159
POST02655,2025-11-28 18:00:00,Facebook,Video,Festival Campaign,Event,18,262220,180151,131938,11173.0,496,1766,2650,16085.0,12.19133229244039,50.31576538784227
POST02656,2025-11-28 21:00:00,Youtube,Video,Brand Awareness,Community,11,365508,560772,502420,18120.0,756,4917,12393,36186.0,7.202340671151626,137.45800365518676
POST02657,2025-11-29 00:00:00,Facebook,Carousel,Community Campaign,Brand,1,130532,159403,115757,5101.0,151,768,1531,7551.0,6.523147628221188,88.68093647534704
POST02658,2025-11-29 03:00:00,Linkedin,Carousel,Community Campaign,Brand,9,241586,231740,204327,8291.0,381,2721,2559,13952.0,6.828270370533509,84.57733477933324
POST02659,2025-11-29 06:00:00,Instagram,Image,Community Campaign,Event,11,138090,193070,168034,4365.0,172,2186,1523,8246.0,4.907340181153814,121.6844087189514
POST02660,2025-11-29 09:00:00,Facebook,Carousel,Community Campaign,Education,13,40936,42842,37677,2268.0,108,523,665,3564.0,9.45935185922446,92.03879226109049
POST02661,2025-11-29 12:00:00,Youtube,Reel,Festival Campaign,Education,17,373762,368704,307621,21370.0,420,4347,4114,30251.0,9.833853995663496,82.30397953778072
POST02662,2025-11-29 15:00:00,Linkedin,Carousel,Brand Awareness,Event,18,431121,319649,208967,10009.0,280,1466,1397,13152.0,6.293816727043026,48.470614978161585
POST02663,2025-11-29 18:00:00,Instagram,Video,Community Campaign,Community,5,416314,873381,586242,50179.0,2185,7099,7967,67430.0,11.502075934511687,140.81726773541126
POST02664,2025-11-29 21:00:00,Facebook,Image,Special Campaign,Promotional,4,47020,30018,20344,1046.0,16,60,229,1351.0,6.640778607943373,43.266695023394306
POST02665,2025-11-30 00:00:00,Facebook,Image,Educational Series,Promotional,15,470488,214504,191490,6127.0,297,1540,4323,12287.0,6.416523056034258,40.70029416265665
POST02666,2025-11-30 03:00:00,Instagram,Reel,Event Promotion,Entertainment,13,142043,196066,132592,7312.0,121,2095,2648,12176.0,9.18305780137565,93.34638102546413
POST02667,2025-11-30 06:00:00,Instagram,Carousel,Educational Series,Education,12,464555,507083,298185,9082.0,238,1648,5494,16462.0,5.5207337726579135,64.18723294335439
POST02668,2025-11-30 09:00:00,Facebook,Carousel,Brand Awareness,Education,20,497704,456365,375321,21864.0,478,3357,3827,29526.0,7.866865962735899,75.41048494687605
POST02669,2025-11-30 12:00:00,Facebook,Video,Brand Awareness,Event,1,293129,335670,227625,15077.0,196,806,1382,17461.0,7.67095002745744,77.65352455744741
POST02670,2025-11-30 15:00:00,Instagram,Reel,Event Promotion,Event,1,159355,371007,284683,26724.0,628,4774,6269,38395.0,13.486931077725048,178.6470459037997
POST02671,2025-11-30 18:00:00,Facebook,Video,Product Launch,Promotional,11,149100,202288,176703,15129.0,840,1389,1862,19220.0,10.877008313384607,118.51307847082495
POST02672,2025-11-30 21:00:00,Instagram,Image,Product Launch,Education,0,139635,80815,60726,3837.0,43,522,974,5376.0,8.85288015018279,43.48909657320873
POST02673,2025-12-01 00:00:00,Facebook,Video,Special Campaign,Education,18,328467,430202,332630,21130.0,229,2762,5321,29442.0,8.851276192766738,101.26740281367688
POST02674,2025-12-01 03:00:00,Instagram,Image,Product Launch,Brand,15,57708,82532,63962,3403.0,153,562,1497,5615.0,8.778649823332604,110.83731891592154
POST02675,2025-12-01 06:00:00,Linkedin,Image,Festival Campaign,Entertainment,6,352442,354152,270692,16208.0,459,2844,1834,21345.0,7.885345706559485,76.80469410569683
POST02676,2025-12-01 09:00:00,Instagram,Image,Product Launch,Entertainment,20,382201,381408,231102,5304.0,113,1299,4616,11332.0,4.903462540350149,60.466089832313365
POST02677,2025-12-01 12:00:00,Instagram,Carousel,Seasonal Campaign,Promotional,6,25054,25684,18229,728.0,25,167,240,1160.0,6.363486751878875,72.75884090364812
POST02678,2025-12-01 15:00:00,Instagram,Text,Festival Campaign,Community,15,229884,277100,153148,3462.0,80,1416,1048,6006.0,3.921696659440541,66.61968645055767
POST02679,2025-12-01 18:00:00,Instagram,Reel,Festival Campaign,Education,5,401724,800668,615867,40582.0,1201,8760,13169,63712.0,10.345090741994618,153.3060011351077
POST02680,2025-12-01 21:00:00,Youtube,Reel,Special Campaign,Brand,17,91317,135289,101652,9284.0,424,362,2139,12209.0,12.010585133593043,111.31771740201715
POST02681,2025-12-02 00:00:00,Instagram,Text,Product Launch,Education,0,345448,192101,127045,3224.0,51,895,493,4663.0,3.6703530245188714,36.77688103564067
POST02682,2025-12-02 03:00:00,Facebook,Image,Product Launch,Event,0,298615,278585,204304,11741.0,680,1267,3801,17489.0,8.560282715952699,68.41719270632754
POST02683,2025-12-02 06:00:00,Instagram,Carousel,Special Campaign,Promotional,13,234633,167232,120836,5626.0,68,1422,770,7886.0,6.526200801085769,51.500002130987546
POST02684,2025-12-02 09:00:00,Instagram,Image,Event Promotion,Community,5,121266,78628,50150,3348.0,168,100,823,4439.0,8.851445663010967,41.355367539128856
POST02685,2025-12-02 12:00:00,Instagram,Reel,Community Campaign,Entertainment,5,222021,287867,187876,14069.0,650,1538,3224,19481.0,10.369073218505823,84.62082415627351
POST02686,2025-12-02 15:00:00,Instagram,Video,Special Campaign,Education,3,407166,510786,417255,39352.0,948,1564,7358,49222.0,11.796623168086661,102.4778591532692
POST02687,2025-12-02 18:00:00,Instagram,Carousel,Event Promotion,Community,11,224028,271541,221171,8067.0,128,3243,1247,12685.0,5.735381220865303,98.72471298230579
POST02688,2025-12-02 21:00:00,Youtube,Reel,Festival Campaign,Promotional,17,190750,228895,163528,16036.0,843,2847,2643,22369.0,13.679002984198425,85.72896461336829
POST02689,2025-12-03 00:00:00,Youtube,Reel,Event Promotion,Entertainment,9,205397,156783,125603,6763.0,297,2381,652,10093.0,8.03563609149463,61.15133132421603
POST02690,2025-12-03 03:00:00,Youtube,Video,Festival Campaign,Education,2,308671,267861,189586,13040.0,320,2358,3678,19396.0,10.230713238319284,61.42008805491932
POST02691,2025-12-03 06:00:00,Youtube,Reel,Brand Awareness,Brand,2,325394,286219,242708,9614.0,104,3941,1068,14727.0,6.067785157473177,74.58895984560256
POST02692,2025-12-03 09:00:00,Youtube,Video,Festival Campaign,Promotional,7,139917,171980,114621,9021.0,513,1369,2254,13157.0,11.478699365735773,81.9207101352945
POST02693,2025-12-03 12:00:00,Instagram,Reel,Festival Campaign,Education,21,294173,326803,285806,29238.0,883,3119,6412,39652.0,13.873746527364716,97.15575528685501
POST02694,2025-12-03 15:00:00,Youtube,Image,Event Promotion,Entertainment,22,61583,48380,35791,2166.0,40,413,342,2961.0,8.273029532564053,58.1183118717828
POST02695,2025-12-03 18:00:00,Linkedin,Text,Community Campaign,Entertainment,0,384205,223968,165174,7054.0,392,1497,3323,12266.0,7.4261082252654775,42.991111515987555
POST02696,2025-12-03 21:00:00,Youtube,Carousel,Brand Awareness,Brand,17,385244,327293,256854,12646.0,353,3110,3129,19238.0,7.489858051655804,66.67306953515175
POST02697,2025-12-04 00:00:00,Facebook,Image,Educational Series,Promotional,14,482584,291578,195153,7150.0,237,2392,4010,13789.0,7.065738164414588,40.43917742817831
POST02698,2025-12-04 03:00:00,Instagram,Carousel,Educational Series,Promotional,20,88147,148065,118972,5639.0,253,1758,2153,9803.0,8.23975389167199,134.9699933066355
POST02699,2025-12-04 06:00:00,Facebook,Reel,Community Campaign,Community,19,159425,195496,129447,6680.0,340,1310,1211,9541.0,7.370584100056393,81.19617374941195
POST02700,2025-12-04 09:00:00,Facebook,Reel,Educational Series,Education,16,472552,750133,516945,47016.0,705,3814,3754,55289.0,10.695335093675343,109.3943100441856
POST02701,2025-12-04 12:00:00,Youtube,Text,Brand Awareness,Community,10,63042,52765,41481,2289.0,125,269,959,3642.0,8.779923338395893,65.79899114875796
POST02702,2025-12-04 15:00:00,Linkedin,Video,Product Launch,Entertainment,12,375269,507699,346482,32006.0,1812,1334,7434,42586.0,12.290970382299802,92.32896935265103
POST02703,2025-12-04 18:00:00,Instagram,Carousel,Brand Awareness,Entertainment,19,192068,182651,113241,5362.0,123,1687,1983,9155.0,8.084527688734646,58.958806256117626
POST02704,2025-12-04 21:00:00,Instagram,Image,Event Promotion,Brand,9,242029,291887,249611,11855.0,413,3322,2667,18257.0,7.314180865426604,103.13268244714477
POST02705,2025-12-05 00:00:00,Facebook,Reel,Special Campaign,Brand,12,96604,113391,98962,7026.0,371,1348,1408,10153.0,10.259493542976092,102.4408927166577
POST02706,2025-12-05 03:00:00,Facebook,Reel,Seasonal Campaign,Promotional,16,75918,126013,96948,7444.0,255,1474,1480,10653.0,10.988364896645624,127.70094048842171
POST02707,2025-12-05 06:00:00,Instagram,Image,Festival Campaign,Community,20,404369,401117,334492,6065.0,206,1868,1636,9775.0,2.922341939418581,82.71949630164528
POST02708,2025-12-05 09:00:00,Instagram,Video,Festival Campaign,Entertainment,0,271056,528815,473463,40089.0,1640,7534,11547,60810.0,12.843664658061982,174.6734992031167
POST02709,2025-12-05 12:00:00,Instagram,Image,Special Campaign,Education,19,88882,102126,78143,2538.0,122,963,392,4015.0,5.138016201067274,87.91768862086812
POST02710,2025-12-05 15:00:00,Instagram,Video,Event Promotion,Event,15,56822,98887,85841,4978.0,215,308,1620,7121.0,8.295569716103028,151.070008095456
POST02711,2025-12-05 18:00:00,Facebook,Reel,Event Promotion,Education,15,330904,536946,362835,33251.0,1374,1749,5022,41396.0,11.409042677801203,109.64962647776998
POST02712,2025-12-05 21:00:00,Youtube,Image,Seasonal Campaign,Brand,20,24200,35862,28516,2048.0,58,138,562,2806.0,9.840089774161873,117.83471074380165
POST02713,2025-12-06 00:00:00,Instagram,Reel,Seasonal Campaign,Education,2,67259,129176,73569,6474.0,268,1066,643,8451.0,11.487175304815887,109.38164409224045
POST02714,2025-12-06 03:00:00,Instagram,Image,Festival Campaign,Entertainment,1,28527,25094,20731,400.0,6,81,242,729.0,3.5164729149582747,72.67150418901392
POST02715,2025-12-06 06:00:00,Instagram,Reel,Seasonal Campaign,Community,5,292679,364812,306599,16790.0,511,1937,4464,23702.0,7.73061882132688,104.75606381052278
POST02716,2025-12-06 09:00:00,Instagram,Text,Seasonal Campaign,Promotional,10,431160,313967,216766,5662.0,109,1132,1226,8129.0,3.750126864914239,50.27507189906299
POST02717,2025-12-06 12:00:00,Facebook,Reel,Seasonal Campaign,Community,2,453506,317251,245436,24838.0,915,3175,5335,34263.0,13.960054759692955,54.11968088625068
POST02718,2025-12-06 15:00:00,Linkedin,Text,Special Campaign,Event,0,131477,43671,37138,998.0,23,409,921,2351.0,6.330443211804621,28.246765593982214
POST02719,2025-12-06 18:00:00,Facebook,Image,Community Campaign,Promotional,10,220772,193282,166080,11449.0,404,1822,2024,15699.0,9.452673410404625,75.22693095138877
POST02720,2025-12-06 21:00:00,Instagram,Text,Product Launch,Event,12,294582,347468,204063,11670.0,570,1416,2303,15959.0,7.8206240229732975,69.27205328227794
POST02721,2025-12-07 00:00:00,Linkedin,Image,Seasonal Campaign,Event,4,346488,133750,112299,7111.0,225,267,1804,9407.0,8.376744227464181,32.4106462561474
POST02722,2025-12-07 03:00:00,Facebook,Text,Product Launch,Entertainment,17,239712,172587,111488,2164.0,45,729,2023,4961.0,4.44980625717566,46.509144306501135
POST02723,2025-12-07 06:00:00,Facebook,Reel,Product Launch,Entertainment,14,471221,480626,386691,10114.0,213,2339,8549,21215.0,5.486292672961098,82.06149556153058
POST02724,2025-12-07 09:00:00,Youtube,Carousel,Event Promotion,Brand,17,140127,225369,149601,10623.0,587,926,1676,13812.0,9.232558605891672,106.76100965552678
POST02725,2025-12-07 12:00:00,Instagram,Text,Seasonal Campaign,Brand,14,90388,52501,29910,1583.0,77,118,593,2371.0,7.927114677365429,33.090675753418594
POST02726,2025-12-07 15:00:00,Instagram,Reel,Festival Campaign,Event,19,272355,451824,281691,28464.0,336,2386,2332,33518.0,11.898853708496189,103.42787905490995
POST02727,2025-12-07 18:00:00,Instagram,Reel,Community Campaign,Community,19,354393,813203,563578,24252.0,1385,2058,10127,37822.0,6.71104975708775,159.0262787357538
POST02728,2025-12-07 21:00:00,Instagram,Image,Festival Campaign,Brand,19,343227,313241,253546,14601.0,228,2167,3364,20360.0,8.030101046752858,73.87122807937604
POST02729,2025-12-08 00:00:00,Instagram,Text,Seasonal Campaign,Entertainment,6,219791,245638,143758,5514.0,235,279,2523,8551.0,5.948190709386608,65.40668180225761
POST02730,2025-12-08 03:00:00,Youtube,Image,Festival Campaign,Brand,16,313498,429061,358062,12796.0,480,3411,4066,20753.0,5.795923610994744,114.21508271185144
POST02731,2025-12-08 06:00:00,Facebook,Image,Seasonal Campaign,Event,7,144365,80242,72132,3659.0,45,746,683,5133.0,7.116120445849276,49.96501922211063
POST02732,2025-12-08 09:00:00,Youtube,Reel,Community Campaign,Promotional,12,486784,1038949,858057,58999.0,1460,9279,11748,81486.0,9.496571906062185,176.27058407835918
POST02733,2025-12-08 12:00:00,Instagram,Reel,Brand Awareness,Community,15,230883,471611,337582,16473.0,803,5334,7660,30270.0,8.966710310383847,146.21345010243283
POST02734,2025-12-08 15:00:00,Linkedin,Video,Community Campaign,Community,9,169865,103967,77856,3373.0,85,1361,1389,6208.0,7.973695026715988,45.83404468254202
POST02735,2025-12-08 18:00:00,Linkedin,Reel,Special Campaign,Education,13,450282,379731,209670,13409.0,456,1750,3450,19065.0,9.092860208899701,46.56415313070476
POST02736,2025-12-08 21:00:00,Facebook,Carousel,Brand Awareness,Brand,5,235526,250386,156052,7937.0,356,1646,2939,12878.0,8.252377412657319,66.2568039197371
POST02737,2025-12-09 00:00:00,Linkedin,Text,Educational Series,Community,19,91135,75728,65477,1872.0,25,304,1246,3447.0,5.264444003237778,71.8461622867175
POST02738,2025-12-09 03:00:00,Youtube,Reel,Brand Awareness,Entertainment,21,445987,443139,247096,11507.0,594,2493,2343,16937.0,6.854420953799332,55.40430550666275
POST02739,2025-12-09 06:00:00,Linkedin,Carousel,Product Launch,Promotional,6,164512,170140,147456,11961.0,144,351,1197,13653.0,9.259033203125,89.63236724372689
POST02740,2025-12-09 09:00:00,Instagram,Reel,Special Campaign,Entertainment,5,293433,352768,208005,19399.0,448,802,2953,23602.0,11.346842623975386,70.88671008373292
POST02741,2025-12-09 12:00:00,Instagram,Carousel,Product Launch,Brand,16,391488,643929,384152,27834.0,1340,4988,2401,36563.0,9.517847102188718,98.12612391695275
POST02742,2025-12-09 15:00:00,Instagram,Reel,Special Campaign,Event,20,131568,242896,148499,6343.0,352,737,1996,9428.0,6.348864302116512,112.86863067007175
POST02743,2025-12-09 18:00:00,Instagram,Carousel,Community Campaign,Education,23,331322,427029,354342,11666.0,560,4125,6465,22816.0,6.438977033487421,106.9479237720405
POST02744,2025-12-09 21:00:00,Instagram,Reel,Product Launch,Education,7,221769,397807,285372,25434.0,543,4160,902,31039.0,10.87668026295502,128.679842538858
POST02745,2025-12-10 00:00:00,Facebook,Image,Product Launch,Promotional,11,86500,96440,57942,1620.0,96,779,315,2810.0,4.849677263470367,66.9849710982659
POST02746,2025-12-10 03:00:00,Facebook,Image,Educational Series,Community,3,494694,355192,280736,12686.0,389,2790,6784,22649.0,8.067721987917475,56.74942489700704
POST02747,2025-12-10 06:00:00,Youtube,Reel,Product Launch,Community,9,399928,725880,638223,27616.0,795,3048,14943,46402.0,7.270499496257578,159.584475205537
POST02748,2025-12-10 09:00:00,Instagram,Carousel,Event Promotion,Community,5,331367,275107,206428,9251.0,492,2198,2517,14458.0,7.003894820470091,62.29588341627259
POST02749,2025-12-10 12:00:00,Facebook,Reel,Event Promotion,Education,6,451585,634651,370982,34341.0,457,4250,5928,44976.0,12.123499253333046,82.15109004949235
POST02750,2025-12-10 15:00:00,Facebook,Carousel,Event Promotion,Event,20,165256,195311,111163,8577.0,324,1625,713,11239.0,10.110378453262326,67.26714915040907
POST02751,2025-12-10 18:00:00,Instagram,Reel,Brand Awareness,Community,7,88483,130165,107848,11188.0,652,1538,1108,14486.0,13.431867072175654,121.8855599380672
POST02752,2025-12-10 21:00:00,Facebook,Carousel,Community Campaign,Entertainment,2,259883,317699,244351,19661.0,295,2242,4995,27193.0,11.128663275370267,94.02346440513615
POST02753,2025-12-11 00:00:00,Instagram,Reel,Community Campaign,Community,7,484990,799787,698158,54705.0,2026,9180,15241,81152.0,11.623729872034696,143.9530711973443
POST02754,2025-12-11 03:00:00,Instagram,Image,Festival Campaign,Event,14,401322,622521,461622,19071.0,317,3226,5500,28114.0,6.0902643288231495,115.02534124717808
POST02755,2025-12-11 06:00:00,Linkedin,Reel,Educational Series,Promotional,20,164228,104607,59818,1824.0,99,669,588,3180.0,5.3161255809288175,36.423752344301825
POST02756,2025-12-11 09:00:00,Instagram,Carousel,Event Promotion,Promotional,0,415627,330354,228370,13545.0,533,2731,4109,20918.0,9.15969698296624,54.94590101220565
POST02757,2025-12-11 12:00:00,Youtube,Reel,Event Promotion,Education,12,297818,571712,446105,18929.0,411,1750,8384,29474.0,6.606964728034879,149.79114761364323
POST02758,2025-12-11 15:00:00,Linkedin,Video,Product Launch,Event,21,421524,543203,371936,31692.0,803,4462,9165,46122.0,12.400520519659295,88.23601977586092
POST02759,2025-12-11 18:00:00,Facebook,Video,Event Promotion,Entertainment,17,128707,135003,121483,7716.0,276,458,2228,10678.0,8.789707201830709,94.38725166463362
POST02760,2025-12-11 21:00:00,Instagram,Reel,Product Launch,Event,14,88460,202023,139776,11631.0,538,2383,1157,15709.0,11.238696199633699,158.01040018087272
POST02761,2025-12-12 00:00:00,Instagram,Carousel,Product Launch,Entertainment,6,20576,30576,22662,1437.0,49,339,97,1922.0,8.481157885447004,110.13802488335926
POST02762,2025-12-12 03:00:00,Instagram,Reel,Festival Campaign,Entertainment,14,165713,383335,241074,12799.0,249,3805,2089,18942.0,7.857338410612509,145.47681835462515
POST02763,2025-12-12 06:00:00,Facebook,Image,Brand Awareness,Event,2,487715,407846,246032,14513.0,658,2509,1964,19644.0,7.984327241984783,50.44585464871902
POST02764,2025-12-12 09:00:00,Youtube,Carousel,Product Launch,Brand,13,240899,195215,151458,11227.0,178,2269,763,14437.0,9.532015476237637,62.871991996645896
POST02765,2025-12-12 12:00:00,Instagram,Carousel,Product Launch,Event,19,380408,452660,342217,23229.0,1172,1739,4372,30512.0,8.915980211386342,89.96051607747471
POST02766,2025-12-12 15:00:00,Linkedin,Carousel,Community Campaign,Entertainment,3,333051,414185,228430,15976.0,475,1193,2133,19777.0,8.65779451035328,68.58709326799799
POST02767,2025-12-12 18:00:00,Youtube,Reel,Festival Campaign,Community,3,454355,565532,367411,19870.0,847,3942,8579,33238.0,9.04654460536021,80.86430214259775
POST02768,2025-12-12 21:00:00,Instagram,Image,Product Launch,Promotional,2,104325,164163,127267,8776.0,239,240,1512,10767.0,8.460166421774694,121.99089384136113
POST02769,2025-12-13 00:00:00,Youtube,Reel,Educational Series,Promotional,4,321795,596846,497941,29436.0,1279,9415,11096,51226.0,10.287564189331668,154.73857580136422
POST02770,2025-12-13 03:00:00,Facebook,Carousel,Brand Awareness,Education,10,208387,185524,122321,9481.0,516,310,1192,11499.0,9.40067527243891,58.69895914812344
POST02771,2025-12-13 06:00:00,Instagram,Image,Special Campaign,Promotional,7,113435,127639,99124,6375.0,287,869,2110,9641.0,9.726201525362173,87.38396438489002
POST02772,2025-12-13 09:00:00,Instagram,Carousel,Educational Series,Brand,1,428874,598439,384700,11091.0,483,2666,5000,19240.0,5.001299714062906,89.70000512971176
POST02773,2025-12-13 12:00:00,Facebook,Reel,Event Promotion,Entertainment,15,58907,80345,63603,6447.0,308,276,236,7267.0,11.425561687341792,107.97188789108256
POST02774,2025-12-13 15:00:00,Youtube,Reel,Brand Awareness,Event,9,230792,190329,151174,15678.0,548,455,2073,18754.0,12.405572386786087,65.50227044264966
POST02775,2025-12-13 18:00:00,Youtube,Reel,Event Promotion,Event,17,83917,172032,102458,7508.0,157,720,818,9203.0,8.982217103593667,122.09445046891571
POST02776,2025-12-13 21:00:00,Youtube,Reel,Community Campaign,Brand,6,444963,698017,546394,47581.0,2415,2405,5334,57735.0,10.566550877205826,122.79537849214428
POST02777,2025-12-14 00:00:00,Instagram,Reel,Seasonal Campaign,Promotional,4,278700,622223,414866,41000.0,1739,7671,7490,57900.0,13.956313604874826,148.85755292429135
POST02778,2025-12-14 03:00:00,Instagram,Video,Seasonal Campaign,Entertainment,6,491717,801466,489221,12446.0,319,3042,7166,22973.0,4.695832762698249,99.49239094845205
POST02779,2025-12-14 06:00:00,Youtube,Video,Seasonal Campaign,Promotional,20,227101,279093,202377,18408.0,437,782,4563,24190.0,11.952939316226646,89.11321394445643
POST02780,2025-12-14 09:00:00,Instagram,Image,Product Launch,Education,5,465356,536221,379807,19703.0,689,4103,8960,33455.0,8.808421119147356,81.61643988688229
POST02781,2025-12-14 12:00:00,Instagram,Image,Festival Campaign,Promotional,23,74936,107597,88321,5540.0,112,587,1607,7846.0,8.883504489306054,117.86190882886729
POST02782,2025-12-14 15:00:00,Facebook,Reel,Educational Series,Education,0,46178,44634,25868,1763.0,95,436,569,2863.0,11.067728467604763,56.01801723764564
POST02783,2025-12-14 18:00:00,Linkedin,Video,Event Promotion,Event,10,412758,577118,476938,29665.0,1466,7382,3477,41990.0,8.804079356226595,115.54906264687783
POST02784,2025-12-14 21:00:00,Facebook,Reel,Product Launch,Entertainment,12,119423,134968,79243,7607.0,193,1535,375,9710.0,12.253448254104464,66.35488976160372
POST02785,2025-12-15 00:00:00,Linkedin,Text,Seasonal Campaign,Community,11,218822,191194,119039,4503.0,56,1111,1229,6899.0,5.7955795999630375,54.39992322526985
POST02786,2025-12-15 03:00:00,Instagram,Image,Educational Series,Education,0,28000,41754,30503,1326.0,16,131,310,1783.0,5.845326689178114,108.9392857142857
POST02787,2025-12-15 06:00:00,Linkedin,Reel,Educational Series,Promotional,20,421281,555403,395508,29045.0,721,4948,6973,41687.0,10.540115497031666,93.88223062516468
POST02788,2025-12-15 09:00:00,Instagram,Text,Community Campaign,Promotional,14,475620,414119,371092,14226.0,247,2460,7973,24906.0,6.71154322917228,78.02279130398217
POST02789,2025-12-15 12:00:00,Linkedin,Reel,Community Campaign,Event,0,128407,145154,109782,6675.0,358,1228,1046,9307.0,8.477710371463445,85.49533903914896
POST02790,2025-12-15 15:00:00,Linkedin,Image,Seasonal Campaign,Brand,2,152157,146585,97420,2703.0,83,513,1202,4501.0,4.620201190720592,64.02597317244688
POST02791,2025-12-15 18:00:00,Facebook,Image,Event Promotion,Community,14,69325,58627,50715,2001.0,54,215,269,2539.0,5.0064083604456275,73.15542733501623
POST02792,2025-12-15 21:00:00,Linkedin,Reel,Seasonal Campaign,Brand,8,394012,507376,334500,16055.0,335,4922,4040,25352.0,7.579073243647234,84.89589149569049
POST02793,2025-12-16 00:00:00,Youtube,Image,Seasonal Campaign,Promotional,13,482284,616239,397980,15769.0,820,1190,3071,20850.0,5.238956731494045,82.51984308001094
POST02794,2025-12-16 03:00:00,Instagram,Carousel,Product Launch,Brand,22,475279,606693,438657,25603.0,1270,1218,5006,33097.0,7.545075081441764,92.2946311534909
POST02795,2025-12-16 06:00:00,Youtube,Carousel,Festival Campaign,Community,21,168694,201904,175577,10421.0,304,1282,1555,13562.0,7.724246342060748,104.08016882639572
POST02796,2025-12-16 09:00:00,Youtube,Reel,Seasonal Campaign,Community,23,146190,145883,116411,5193.0,95,1766,2420,9474.0,8.138406164365911,79.62993364799233
POST02797,2025-12-16 12:00:00,Instagram,Text,Event Promotion,Entertainment,7,346046,231942,182565,3432.0,197,1819,564,6012.0,3.293073699778161,52.75743687255452
POST02798,2025-12-16 15:00:00,Facebook,Reel,Educational Series,Brand,21,286978,471729,379330,31888.0,822,4448,3964,41122.0,10.840692800463977,132.18086403835832
POST02799,2025-12-16 18:00:00,Linkedin,Reel,Educational Series,Entertainment,3,367877,512799,400431,26920.0,1307,6725,9739,44691.0,11.16072431954569,108.84915338550655
POST02800,2025-12-16 21:00:00,Instagram,Reel,Special Campaign,Promotional,19,32008,25471,20782,1256.0,41,62,372,1731.0,8.329323452988163,64.92751812046988
POST02801,2025-12-17 00:00:00,Facebook,Reel,Brand Awareness,Promotional,19,360642,577814,356780,12882.0,632,3673,7131,24318.0,6.815965020460789,98.9291319369347
POST02802,2025-12-17 03:00:00,Linkedin,Reel,Seasonal Campaign,Promotional,5,67229,36723,22475,1311.0,44,109,492,1956.0,8.703003337041157,33.43051361763525
POST02803,2025-12-17 06:00:00,Linkedin,Text,Special Campaign,Event,0,272844,156876,106166,5501.0,309,762,1163,7735.0,7.285760036169772,38.910879476917216
POST02804,2025-12-17 09:00:00,Linkedin,Reel,Special Campaign,Brand,17,132892,78423,66489,4744.0,237,1207,295,6483.0,9.750485042638632,50.03235710200764
POST02805,2025-12-17 12:00:00,Youtube,Reel,Product Launch,Education,5,159084,334142,267333,8847.0,203,727,3217,12994.0,4.860604564344843,168.04518367654825
POST02806,2025-12-17 15:00:00,Linkedin,Reel,Brand Awareness,Community,13,333269,510305,381843,19824.0,624,5304,6628,32380.0,8.479924995351492,114.57501297750466
POST02807,2025-12-17 18:00:00,Facebook,Carousel,Community Campaign,Education,10,105702,110963,61784,5111.0,76,797,689,6673.0,10.800530881781691,58.45111729200961
POST02808,2025-12-17 21:00:00,Instagram,Video,Festival Campaign,Promotional,16,366308,470623,297683,18814.0,1038,4171,3829,27852.0,9.35626152652318,81.26576542144862
POST02809,2025-12-18 00:00:00,Youtube,Reel,Event Promotion,Brand,8,160921,232876,193573,9357.0,125,567,4096,14145.0,7.307320752377657,120.29070164863505
POST02810,2025-12-18 03:00:00,Facebook,Reel,Seasonal Campaign,Entertainment,21,192444,284218,180441,17547.0,191,999,685,19422.0,10.763629108683725,93.76286088420528
POST02811,2025-12-18 06:00:00,Instagram,Reel,Educational Series,Education,6,33767,38095,30689,1602.0,55,128,318,2103.0,6.852618201961615,90.88459146503983
POST02812,2025-12-18 09:00:00,Facebook,Reel,Product Launch,Promotional,13,493863,544145,334443,27736.0,1113,1352,4596,34797.0,10.404463540872436,67.71979273604218
POST02813,2025-12-18 12:00:00,Facebook,Reel,Educational Series,Education,16,453205,656061,500068,18744.0,396,7471,4791,31402.0,6.279545981746483,110.34035370307036
POST02814,2025-12-18 15:00:00,Instagram,Image,Seasonal Campaign,Education,7,453798,438833,337846,8936.0,344,2287,4327,15894.0,4.704510339030208,74.44854318441246
POST02815,2025-12-18 18:00:00,Youtube,Reel,Community Campaign,Community,15,457586,348110,283078,19753.0,1082,4203,3351,28389.0,10.02868467348222,61.863343721180286
POST02816,2025-12-18 21:00:00,Facebook,Image,Brand Awareness,Education,11,65052,53081,37338,1155.0,47,224,870,2296.0,6.14923134608174,57.39715919572035
POST02817,2025-12-19 00:00:00,Youtube,Reel,Seasonal Campaign,Promotional,11,267142,472707,364663,10884.0,356,1669,5050,17959.0,4.924820999114251,136.505304295094
POST02818,2025-12-19 03:00:00,Instagram,Text,Brand Awareness,Community,4,264886,352069,253644,14379.0,247,2157,3418,20201.0,7.964312185582943,95.75591008962347
POST02819,2025-12-19 06:00:00,Instagram,Text,Event Promotion,Promotional,4,119427,57724,50887,891.0,16,386,437,1730.0,3.399689508125847,42.6092927060045
POST02820,2025-12-19 09:00:00,Instagram,Image,Product Launch,Event,13,196361,220535,161576,9168.0,313,504,649,10634.0,6.581422983611428,82.28517882878982
POST02821,2025-12-19 12:00:00,Linkedin,Image,Community Campaign,Event,5,150591,102997,64204,2310.0,76,809,615,3810.0,5.934209706560338,42.63468600381165
POST02822,2025-12-19 15:00:00,Instagram,Image,Product Launch,Event,6,434781,348626,273239,18692.0,675,1479,983,21829.0,7.98897668341635,62.845202527249356
POST02823,2025-12-19 18:00:00,Facebook,Image,Event Promotion,Education,22,204236,188221,139653,9949.0,352,1321,2959,14581.0,10.440878463047696,68.37824869268884
POST02824,2025-12-19 21:00:00,Instagram,Carousel,Community Campaign,Brand,20,382691,319992,266022,11208.0,303,674,1993,14178.0,5.329634391140583,69.51352396581055
POST02825,2025-12-20 00:00:00,Instagram,Image,Special Campaign,Promotional,16,88125,74604,45651,2278.0,102,318,1052,3750.0,8.214496944207136,51.802553191489366
POST02826,2025-12-20 03:00:00,Facebook,Video,Community Campaign,Event,8,332425,460175,295123,23507.0,484,5148,6636,35775.0,12.122064359605995,88.77882229074228
POST02827,2025-12-20 06:00:00,Facebook,Text,Brand Awareness,Brand,21,471204,305471,266544,5478.0,288,2703,4697,13166.0,4.939522180202893,56.56658262663306
POST02828,2025-12-20 09:00:00,Instagram,Reel,Brand Awareness,Event,12,261090,608372,532635,43323.0,854,3377,11705,59259.0,11.125630121940915,204.00436631046765
POST02829,2025-12-20 12:00:00,Youtube,Image,Brand Awareness,Event,8,357429,313678,221077,14797.0,455,2671,4933,22856.0,10.338479353347477,61.85200417425558
POST02830,2025-12-20 15:00:00,Instagram,Reel,Educational Series,Brand,15,221109,332257,188294,7517.0,154,1422,3780,12873.0,6.836649070071271,85.1589035272196
POST02831,2025-12-20 18:00:00,Youtube,Reel,Special Campaign,Event,3,43423,49691,32661,2985.0,122,555,462,4124.0,12.626680138391352,75.21589940814776
POST02832,2025-12-20 21:00:00,Facebook,Image,Festival Campaign,Education,1,104693,62438,39741,963.0,32,410,949,2354.0,5.92335371530661,37.95955794561241
POST02833,2025-12-21 00:00:00,Instagram,Reel,Seasonal Campaign,Education,12,235777,523132,363648,25574.0,734,3109,7633,37050.0,10.188423970432945,154.23387353304182
POST02834,2025-12-21 03:00:00,Instagram,Video,Brand Awareness,Community,12,371004,667180,441159,21367.0,721,7326,2555,31969.0,7.246593631774485,118.90949962803636
POST02835,2025-12-21 06:00:00,Instagram,Reel,Festival Campaign,Education,18,21706,28220,23708,1488.0,46,256,290,2080.0,8.77340981947022,109.22325624251359
POST02836,2025-12-21 09:00:00,Linkedin,Image,Festival Campaign,Entertainment,11,333897,288524,158994,5443.0,287,877,2364,8971.0,5.64235128369624,47.61767850564695
POST02837,2025-12-21 12:00:00,Linkedin,Carousel,Product Launch,Community,3,375899,462828,358979,13430.0,217,2124,5258,21029.0,5.858002835820479,95.49879089861905
POST02838,2025-12-21 15:00:00,Instagram,Carousel,Event Promotion,Event,9,323478,233971,183081,12416.0,616,2731,2077,17840.0,9.74432081974645,56.59766661102146
POST02839,2025-12-21 18:00:00,Facebook,Image,Educational Series,Entertainment,15,87148,53966,42159,1266.0,54,450,619,2389.0,5.666642946938969,48.376325331619775
POST02840,2025-12-21 21:00:00,Instagram,Video,Festival Campaign,Promotional,23,233446,235508,172440,9209.0,252,1355,870,11686.0,6.77684991881234,73.86718984261886
POST02841,2025-12-22 00:00:00,Instagram,Image,Seasonal Campaign,Brand,18,122601,181371,138546,4547.0,254,661,2412,7874.0,5.68331095809334,113.0056035432011
POST02842,2025-12-22 03:00:00,Facebook,Image,Educational Series,Promotional,7,247035,135904,113299,3499.0,65,484,1580,5628.0,4.9673871790571855,45.86354160341652
POST02843,2025-12-22 06:00:00,Linkedin,Reel,Product Launch,Entertainment,5,332771,279660,230570,17272.0,440,1552,4687,23951.0,10.38773474432927,69.28788866818323
POST02844,2025-12-22 09:00:00,Linkedin,Image,Brand Awareness,Education,3,35546,26715,15017,307.0,8,46,274,635.0,4.2285409868815345,42.24666629156586
POST02845,2025-12-22 12:00:00,Youtube,Video,Community Campaign,Event,6,199807,295683,165775,13394.0,567,1651,908,16520.0,9.965314432212335,82.9675636989695
POST02846,2025-12-22 15:00:00,Instagram,Carousel,Festival Campaign,Community,13,356725,587993,496048,27487.0,1575,1319,5315,35696.0,7.196077798922684,139.05613567874414
POST02847,2025-12-22 18:00:00,Facebook,Video,Event Promotion,Event,12,176371,172827,129819,10859.0,430,334,2492,14115.0,10.872830633420378,73.60563811510963
POST02848,2025-12-22 21:00:00,Instagram,Image,Community Campaign,Education,20,480143,536312,474689,14004.0,739,4287,4942,23972.0,5.050043291502437,98.86408840699542
POST02849,2025-12-23 00:00:00,Youtube,Reel,Product Launch,Event,4,63347,132750,93065,7569.0,418,381,1439,9807.0,10.537796163971418,146.91303455570113
POST02850,2025-12-23 03:00:00,Instagram,Reel,Educational Series,Brand,8,61221,76151,46593,2739.0,91,786,1125,4741.0,10.175348228274633,76.10623805556916
POST02851,2025-12-23 06:00:00,Facebook,Reel,Seasonal Campaign,Brand,2,191848,167918,120167,3844.0,129,529,571,5073.0,4.221624905340068,62.636566448438344
POST02852,2025-12-23 09:00:00,Instagram,Carousel,Special Campaign,Brand,9,380347,580164,407733,27891.0,627,3876,2930,35324.0,8.663512641851408,107.20026712449422
POST02853,2025-12-23 12:00:00,Instagram,Video,Brand Awareness,Promotional,14,35948,65800,48100,3794.0,152,622,652,5220.0,10.852390852390853,133.80438411038168
POST02854,2025-12-23 15:00:00,Linkedin,Reel,Educational Series,Education,19,45118,42923,35745,1684.0,26,231,687,2628.0,7.352077213596307,79.22558624052485
POST02855,2025-12-23 18:00:00,Instagram,Image,Event Promotion,Brand,20,274502,211371,164754,11115.0,463,2008,1690,15276.0,9.272005535525693,60.019234832533094
POST02856,2025-12-23 21:00:00,Youtube,Image,Festival Campaign,Entertainment,16,385873,488566,300393,17799.0,972,2232,1677,22680.0,7.5501093567426665,77.84763380697794
POST02857,2025-12-24 00:00:00,Instagram,Image,Event Promotion,Brand,22,492909,623102,502885,17382.0,835,2760,5002,25979.0,5.165992224862543,102.02390299223589
POST02858,2025-12-24 03:00:00,Instagram,Reel,Educational Series,Community,23,146677,314903,238433,10646.0,452,4251,4095,19444.0,8.154911442627489,162.55650170101651
POST02859,2025-12-24 06:00:00,Instagram,Reel,Educational Series,Promotional,5,37021,77638,58415,3524.0,182,999,1193,5898.0,10.096721732431739,157.78882256016854
POST02860,2025-12-24 09:00:00,Instagram,Reel,Community Campaign,Entertainment,2,487108,535869,421937,20606.0,957,6157,10335,38055.0,9.019118967997592,86.62083151990934
POST02861,2025-12-24 12:00:00,Linkedin,Reel,Event Promotion,Education,17,471180,652882,487956,20946.0,764,3664,9636,35010.0,7.174827238521505,103.56042276836878
POST02862,2025-12-24 15:00:00,Instagram,Reel,Event Promotion,Education,4,68215,71848,51021,2914.0,105,469,705,4193.0,8.21818466905784,74.79440005863813
POST02863,2025-12-24 18:00:00,Linkedin,Reel,Event Promotion,Community,12,283367,401885,311112,8712.0,133,4435,2936,16216.0,5.212270822083365,109.79118951748086
POST02864,2025-12-24 21:00:00,Youtube,Carousel,Brand Awareness,Brand,0,187182,274637,220617,10212.0,323,1021,5163,16719.0,7.5782917907504865,117.86229445138956
POST02865,2025-12-25 00:00:00,Youtube,Reel,Seasonal Campaign,Entertainment,16,110162,168536,106012,4589.0,165,1162,1563,7479.0,7.054861713768252,96.23282075488827
POST02866,2025-12-25 03:00:00,Youtube,Text,Educational Series,Community,2,116453,109737,79446,2136.0,71,690,1442,4339.0,5.4615713818190965,68.22151425897142
POST02867,2025-12-25 06:00:00,Youtube,Reel,Product Launch,Entertainment,18,303670,262320,186341,6044.0,294,2555,2495,11388.0,6.111376454993802,61.362992722363096
POST02868,2025-12-25 09:00:00,Facebook,Reel,Brand Awareness,Brand,20,225464,142417,80318,5777.0,104,1186,668,7735.0,9.630468886177445,35.623425469254514
POST02869,2025-12-25 12:00:00,Instagram,Image,Brand Awareness,Brand,19,58829,52775,44439,1932.0,96,543,668,3239.0,7.288642858750197,75.53927484743919
POST02870,2025-12-25 15:00:00,Instagram,Reel,Brand Awareness,Event,21,492284,1014790,692171,58522.0,2755,13126,14866,89269.0,12.896957543728357,140.60400094254538
POST02871,2025-12-25 18:00:00,Linkedin,Video,Community Campaign,Event,11,71862,66627,38339,3644.0,200,366,438,4648.0,12.123425232791673,53.350866939411645
POST02872,2025-12-25 21:00:00,Linkedin,Reel,Special Campaign,Brand,7,499497,375786,266907,9428.0,270,964,4727,15389.0,5.765678682087769,53.4351557667013
POST02873,2025-12-26 00:00:00,Linkedin,Text,Seasonal Campaign,Promotional,7,147048,117745,71414,1946.0,36,688,280,2950.0,4.130842691909149,48.56509439094717
POST02874,2025-12-26 03:00:00,Youtube,Video,Seasonal Campaign,Community,14,433552,416985,332147,24292.0,1164,1408,7839,34703.0,10.448084733566763,76.61064878030778
POST02875,2025-12-26 06:00:00,Facebook,Image,Product Launch,Event,10,50796,54125,40600,1251.0,49,177,988,2465.0,6.071428571428571,79.92755335065753
POST02876,2025-12-26 09:00:00,Youtube,Image,Special Campaign,Brand,19,440383,415479,267792,5256.0,239,2528,3079,11102.0,4.145754914261815,60.80888680989048
POST02877,2025-12-26 12:00:00,Youtube,Carousel,Event Promotion,Entertainment,0,479632,533752,471124,13152.0,786,5785,6578,26301.0,5.582606702269466,98.22614004069787
POST02878,2025-12-26 15:00:00,Instagram,Image,Community Campaign,Community,15,36818,30725,20036,829.0,16,198,130,1173.0,5.854461968456778,54.41903416806997
POST02879,2025-12-26 18:00:00,Youtube,Carousel,Educational Series,Event,13,452108,731149,544156,26195.0,800,4399,3981,35375.0,6.500893126235859,120.35973705397825
POST02880,2025-12-26 21:00:00,Instagram,Reel,Special Campaign,Promotional,6,306632,281643,233918,23822.0,467,4237,3800,32326.0,13.81937260065493,76.28623235670119
POST02881,2025-12-27 00:00:00,Instagram,Reel,Festival Campaign,Community,5,189024,190020,138688,8646.0,458,2311,2329,13744.0,9.910013844023997,73.3705772811918
POST02882,2025-12-27 03:00:00,Linkedin,Image,Community Campaign,Community,20,366048,299367,265328,14491.0,157,2537,2790,19975.0,7.528417656636314,72.48448290934523
POST02883,2025-12-27 06:00:00,Instagram,Image,Festival Campaign,Education,3,426439,621801,525638,23432.0,392,3658,5902,33384.0,6.3511389968000795,123.26217817788712
POST02884,2025-12-27 09:00:00,Instagram,Video,Educational Series,Entertainment,21,474673,407008,355056,15421.0,345,3421,5019,24206.0,6.817516110134739,74.80012556012244
POST02885,2025-12-27 12:00:00,Instagram,Reel,Product Launch,Promotional,7,116931,225051,153135,5241.0,254,853,3625,9973.0,6.512554282169328,130.96184929573852
POST02886,2025-12-27 15:00:00,Linkedin,Video,Seasonal Campaign,Promotional,21,181333,216296,160475,13777.0,570,2337,1009,17693.0,11.025393363452253,88.49740532611273
POST02887,2025-12-27 18:00:00,Youtube,Reel,Festival Campaign,Promotional,18,473182,731812,617691,23415.0,689,10645,9347,44096.0,7.138844503157728,130.5398345668263
POST02888,2025-12-27 21:00:00,Youtube,Image,Brand Awareness,Entertainment,2,95520,93309,80826,1877.0,33,927,345,3182.0,3.93685200306832,84.61683417085428
POST02889,2025-12-28 00:00:00,Facebook,Reel,Community Campaign,Promotional,3,88334,84860,74721,3188.0,83,885,977,5133.0,6.869554743646364,84.58917291190255
POST02890,2025-12-28 03:00:00,Facebook,Image,Special Campaign,Education,12,420819,290232,248932,4514.0,212,2888,2922,10536.0,4.2324811595134415,59.15417317183872
POST02891,2025-12-28 06:00:00,Instagram,Reel,Special Campaign,Event,20,393731,721360,581246,18375.0,534,9275,3843,32027.0,5.5100594240648535,147.62515524558646
POST02892,2025-12-28 09:00:00,Facebook,Image,Festival Campaign,Entertainment,1,97240,44524,24865,1300.0,43,286,164,1793.0,7.2109390709833106,25.570752776635132
POST02893,2025-12-28 12:00:00,Facebook,Video,Educational Series,Promotional,10,262696,307808,203225,8441.0,341,3600,2622,15004.0,7.382949932341002,77.3612845266011
POST02894,2025-12-28 15:00:00,Facebook,Image,Seasonal Campaign,Brand,15,54261,34226,20368,738.0,41,229,117,1125.0,5.5233699921445405,37.537089253791855
POST02895,2025-12-28 18:00:00,Instagram,Image,Brand Awareness,Event,9,137367,143402,86638,5467.0,123,430,821,6841.0,7.896073316558554,63.07046088216238
POST02896,2025-12-28 21:00:00,Linkedin,Video,Special Campaign,Community,14,297851,302801,197370,15720.0,509,3001,901,20131.0,10.199625069666109,66.26467596214215
POST02897,2025-12-29 00:00:00,Youtube,Carousel,Festival Campaign,Entertainment,9,300153,480375,276772,14395.0,367,2000,2640,19402.0,7.01010217796598,92.21030607723394
POST02898,2025-12-29 03:00:00,Instagram,Image,Seasonal Campaign,Brand,1,210835,245707,156038,7973.0,265,1223,2300,11761.0,7.5372665632730484,74.00953352147414
POST02899,2025-12-29 06:00:00,Youtube,Reel,Educational Series,Community,5,334313,347631,307633,10057.0,450,4940,5957,21404.0,6.957641085319195,92.01945482227732
POST02900,2025-12-29 09:00:00,Instagram,Video,Product Launch,Brand,13,38231,31900,21027,1657.0,56,154,447,2314.0,11.004898463879774,54.99986921608119
POST02901,2025-12-29 12:00:00,Instagram,Image,Educational Series,Promotional,1,23246,28293,17142,786.0,40,36,178,1040.0,6.066970015167425,73.7417190054203
POST02902,2025-12-29 15:00:00,Facebook,Reel,Product Launch,Entertainment,9,209954,256712,205730,14510.0,546,3031,4866,22953.0,11.156856073494385,97.98813073339875
POST02903,2025-12-29 18:00:00,Instagram,Reel,Special Campaign,Promotional,16,311969,570280,479021,37321.0,1093,8548,3972,50934.0,10.632936760601309,153.54762812971802
POST02904,2025-12-29 21:00:00,Youtube,Video,Seasonal Campaign,Community,7,429141,543465,358639,21522.0,1057,6052,1711,30342.0,8.460318035684908,83.57136698660813
POST02905,2025-12-30 00:00:00,Youtube,Reel,Seasonal Campaign,Education,15,21316,40392,26152,1744.0,55,421,610,2830.0,10.821352095442032,122.68718333646088
POST02906,2025-12-30 03:00:00,Instagram,Text,Brand Awareness,Brand,13,472279,603648,383084,14359.0,513,4067,5698,24637.0,6.431226571717952,81.11391783246768
POST02907,2025-12-30 06:00:00,Linkedin,Reel,Educational Series,Education,9,103870,58333,40112,2597.0,155,660,430,3842.0,9.578181092939769,38.6175026475402
POST02908,2025-12-30 09:00:00,Instagram,Video,Event Promotion,Community,12,116608,208901,121273,9461.0,466,347,2759,13033.0,10.746827405935369,104.00058315038419
POST02909,2025-12-30 12:00:00,Instagram,Image,Special Campaign,Promotional,0,134911,77974,61146,2511.0,132,360,1226,4229.0,6.916233277728715,45.32321308121651
POST02910,2025-12-30 15:00:00,Instagram,Image,Community Campaign,Event,9,415242,423839,355083,6446.0,255,2035,7568,16304.0,4.591602526733187,85.51230366870404
POST02911,2025-12-30 18:00:00,Instagram,Video,Event Promotion,Brand,21,218155,302081,236314,16085.0,440,1375,2228,20128.0,8.517480978697835,108.32389814581376
POST02912,2025-12-30 21:00:00,Instagram,Image,Special Campaign,Event,11,297433,384258,267989,18610.0,1108,2984,5953,28655.0,10.692603054602987,90.10062770439056
POST02913,2025-12-31 00:00:00,Facebook,Image,Event Promotion,Entertainment,16,384226,265287,172738,5506.0,122,1362,2987,9977.0,5.775799187208373,44.95739486656291
POST02914,2025-12-31 03:00:00,Linkedin,Reel,Event Promotion,Brand,23,68886,94631,65608,5882.0,315,1097,1262,8556.0,13.041092549689063,95.24141334959208
POST02915,2025-12-31 06:00:00,Instagram,Reel,Community Campaign,Education,13,85020,111790,78067,4803.0,266,996,770,6835.0,8.7552999346715,91.82192425311692
POST02916,2025-12-31 09:00:00,Facebook,Reel,Event Promotion,Event,4,321423,316841,248120,18894.0,961,3121,2081,25057.0,10.098742543930356,77.19422692215554
POST02917,2025-12-31 12:00:00,Facebook,Carousel,Product Launch,Community,18,388205,265147,231956,17889.0,280,1703,2778,22650.0,9.764782976081671,59.75090480545073
POST02918,2025-12-31 15:00:00,Facebook,Reel,Educational Series,Entertainment,4,105643,146328,84095,7243.0,381,1340,1316,10280.0,12.224270170640347,79.60300256524332
POST02919,2025-12-31 18:00:00,Youtube,Reel,Seasonal Campaign,Brand,14,381971,314942,278305,26438.0,1141,3936,4912,36427.0,13.08887731086398,72.86024331690102
POST02920,2025-12-31 21:00:00,Instagram,Image,Brand Awareness,Community,12,410233,382377,332121,6148.0,270,1914,4634,12966.0,3.903998843794882,80.95911347941292
POST02921,2026-01-01 00:00:00,Instagram,Carousel,Event Promotion,Entertainment,16,440495,425642,251642,8254.0,407,3941,4623,17225.0,6.845041765682994,57.127095653753166
POST02922,2026-01-01 03:00:00,Facebook,Carousel,Seasonal Campaign,Education,0,431572,297448,182708,8711.0,300,1537,3395,13943.0,7.631302406024915,42.335461985485615
POST02923,2026-01-01 06:00:00,Facebook,Reel,Event Promotion,Community,13,213607,140201,92400,8512.0,198,734,1631,11075.0,11.985930735930737,43.257009367670534
POST02924,2026-01-01 09:00:00,Instagram,Reel,Special Campaign,Brand,3,85200,91760,68442,6255.0,242,973,583,8053.0,11.766166973495807,80.33098591549296
POST02925,2026-01-01 12:00:00,Instagram,Text,Brand Awareness,Entertainment,8,443259,377488,225385,5258.0,81,827,2889,9055.0,4.017569935887481,50.84724732041538
POST02926,2026-01-01 15:00:00,Linkedin,Reel,Special Campaign,Promotional,16,262950,274491,170216,6314.0,276,2832,3378,12800.0,7.519857122714669,64.73321924320213
POST02927,2026-01-01 18:00:00,Facebook,Video,Brand Awareness,Brand,2,377646,313848,271772,22855.0,780,3536,6118,33289.0,12.24887037663924,71.96475005693162
POST02928,2026-01-01 21:00:00,Linkedin,Video,Event Promotion,Brand,12,163867,180947,106443,6704.0,235,1700,1492,10131.0,9.51777007412418,64.95694679221565
POST02929,2026-01-02 00:00:00,Facebook,Video,Product Launch,Brand,11,102536,92554,63825,4412.0,85,480,1577,6554.0,10.268703486094791,62.24643052196301
POST02930,2026-01-02 03:00:00,Instagram,Reel,Seasonal Campaign,Brand,15,237507,321324,262537,23396.0,282,4473,1796,29947.0,11.40677314054781,110.53863675596929
POST02931,2026-01-02 06:00:00,Youtube,Video,Brand Awareness,Promotional,3,238183,403259,347207,13626.0,552,3546,2755,20479.0,5.89821057755172,145.77320799553283
POST02932,2026-01-02 09:00:00,Facebook,Video,Educational Series,Community,17,212585,241522,161243,5454.0,234,535,2118,8341.0,5.172937739932896,75.8487193357951
POST02933,2026-01-02 12:00:00,Instagram,Image,Seasonal Campaign,Community,22,435374,683288,415133,26729.0,933,1690,5891,35243.0,8.489568403379158,95.3508937143697
POST02934,2026-01-02 15:00:00,Youtube,Reel,Educational Series,Community,2,199702,245393,198266,6883.0,332,1244,2446,10905.0,5.500186617977868,99.28092858358954
POST02935,2026-01-02 18:00:00,Facebook,Reel,Seasonal Campaign,Education,16,39005,60597,49713,1634.0,62,774,619,3089.0,6.213666445396576,127.45289065504421
POST02936,2026-01-02 21:00:00,Instagram,Reel,Product Launch,Promotional,0,130737,252558,225537,10738.0,562,1360,3094,15754.0,6.985106656557461,172.51198971981918
POST02937,2026-01-03 00:00:00,Facebook,Image,Special Campaign,Promotional,18,366157,412312,246908,8668.0,211,2067,2479,13425.0,5.437247881802128,67.43227631862835
POST02938,2026-01-03 03:00:00,Youtube,Image,Community Campaign,Entertainment,21,275716,397644,317438,9847.0,218,2994,1866,14925.0,4.701705529898752,115.1322375197667
POST02939,2026-01-03 06:00:00,Linkedin,Image,Special Campaign,Event,3,236168,86325,60086,3487.0,80,652,1444,5663.0,9.42482441833372,25.44205819586057
POST02940,2026-01-03 09:00:00,Instagram,Image,Festival Campaign,Community,16,242316,153958,133961,9452.0,108,1469,2744,13773.0,10.28135054232202,55.28359662589346
POST02941,2026-01-03 12:00:00,Instagram,Image,Product Launch,Event,6,191324,242653,168095,4837.0,266,1713,3517,10333.0,6.1471191885540915,87.85881541259852
POST02942,2026-01-03 15:00:00,Facebook,Carousel,Event Promotion,Entertainment,1,65176,54828,38713,2719.0,163,193,426,3501.0,9.043473768501537,59.397631029826925
POST02943,2026-01-03 18:00:00,Instagram,Text,Festival Campaign,Promotional,11,498706,592070,351913,5979.0,303,2392,4182,12856.0,3.653175642843544,70.5652227965976
POST02944,2026-01-03 21:00:00,Facebook,Reel,Event Promotion,Entertainment,4,135754,81318,53859,1899.0,58,404,1270,3631.0,6.7416773426911005,39.67396909115017
POST02945,2026-01-04 00:00:00,Facebook,Image,Educational Series,Brand,15,247243,261744,180680,8278.0,229,1963,4409,14879.0,8.235001106929378,73.07790311555837
POST02946,2026-01-04 03:00:00,Instagram,Reel,Brand Awareness,Entertainment,7,497282,492795,274057,28493.0,1388,4177,6505,40563.0,14.800935571797108,55.11098330524733
POST02947,2026-01-04 06:00:00,Youtube,Carousel,Seasonal Campaign,Entertainment,22,151777,138532,97408,7871.0,279,509,1669,10328.0,10.60282522996058,64.1783669462435
POST02948,2026-01-04 09:00:00,Youtube,Carousel,Event Promotion,Brand,7,333654,566139,378017,10604.0,604,4103,3152,18463.0,4.884171875868017,113.29610914300443
POST02949,2026-01-04 12:00:00,Instagram,Text,Educational Series,Event,12,328437,163048,135548,3495.0,83,280,2210,6068.0,4.476642960427302,41.27062419885701
POST02950,2026-01-04 15:00:00,Linkedin,Reel,Product Launch,Brand,13,400366,353524,207691,20721.0,542,3237,3314,27814.0,13.392010245990438,51.875284115034745
POST02951,2026-01-04 18:00:00,Facebook,Text,Event Promotion,Education,10,409091,161409,131721,2869.0,171,1199,3027,7266.0,5.5162047054000505,32.19845951145344
POST02952,2026-01-04 21:00:00,Facebook,Reel,Special Campaign,Entertainment,5,326564,517185,413698,34724.0,2045,3501,4077,44347.0,10.719655400799617,126.68205925944072
POST02953,2026-01-05 00:00:00,Facebook,Carousel,Educational Series,Entertainment,15,433368,492674,312662,6587.0,357,4097,2318,13359.0,4.272665050437853,72.14699747097156
POST02954,2026-01-05 03:00:00,Youtube,Reel,Brand Awareness,Event,22,117391,218286,126419,9516.0,287,2162,1118,13083.0,10.348919070709307,107.69053845695156
POST02955,2026-01-05 06:00:00,Linkedin,Video,Seasonal Campaign,Promotional,21,79278,78183,66036,3936.0,204,354,551,5045.0,7.63977224544188,83.29675319760842
POST02956,2026-01-05 09:00:00,Facebook,Image,Event Promotion,Brand,14,468346,325384,207367,9007.0,217,1224,3580,14028.0,6.764817931493439,44.27645373292395
POST02957,2026-01-05 12:00:00,Facebook,Carousel,Community Campaign,Promotional,15,481071,228339,137219,10049.0,228,777,2864,13918.0,10.142910238378066,28.523648276449837
POST02958,2026-01-05 15:00:00,Linkedin,Video,Educational Series,Education,12,80216,59906,40476,1206.0,45,333,449,2033.0,5.022729518727147,50.458761344370195
POST02959,2026-01-05 18:00:00,Instagram,Reel,Event Promotion,Brand,11,93699,148297,102370,5674.0,300,1039,704,7717.0,7.538341310930936,109.25410089755493
POST02960,2026-01-05 21:00:00,Facebook,Reel,Brand Awareness,Education,17,282353,384650,255457,15529.0,230,2865,2694,21318.0,8.345044371459775,90.47433531784681
POST02961,2026-01-06 00:00:00,Instagram,Video,Seasonal Campaign,Education,17,418050,438814,391320,12883.0,492,1153,5879,20407.0,5.214913625677195,93.60602798708288
POST02962,2026-01-06 03:00:00,Instagram,Reel,Event Promotion,Education,13,444728,443253,380438,12433.0,503,1343,6702,20981.0,5.514959073488979,85.54397294526093
POST02963,2026-01-06 06:00:00,Instagram,Reel,Event Promotion,Community,1,82485,90281,77239,3090.0,120,1056,1165,5431.0,7.031421950051139,93.64005576771535
POST02964,2026-01-06 09:00:00,Linkedin,Image,Seasonal Campaign,Brand,21,465175,286052,197252,6118.0,128,1376,1705,9327.0,4.7284691663455884,42.40382651690224
POST02965,2026-01-06 12:00:00,Linkedin,Image,Community Campaign,Brand,1,491198,229307,203396,14271.0,188,579,4718,19756.0,9.713072036814884,41.4081490559815
POST02966,2026-01-06 15:00:00,Facebook,Reel,Educational Series,Community,2,351642,270228,213319,13459.0,736,1947,2694,18836.0,8.829968263492702,60.66368636283492
POST02967,2026-01-06 18:00:00,Facebook,Reel,Festival Campaign,Event,23,426244,271171,228108,15010.0,581,2426,2987,21004.0,9.207919055885808,53.51582661574121
POST02968,2026-01-06 21:00:00,Youtube,Reel,Special Campaign,Community,7,275905,535287,388247,31504.0,1524,5179,9427,47634.0,12.268993707613967,140.71763831753682
POST02969,2026-01-07 00:00:00,Linkedin,Image,Seasonal Campaign,Entertainment,10,333686,172924,104829,5760.0,162,333,2317,8572.0,8.177126558490494,31.415462440737702
POST02970,2026-01-07 03:00:00,Youtube,Video,Event Promotion,Promotional,11,172975,301826,259694,15633.0,189,4653,5385,25860.0,9.957873497269864,150.1338343691285
POST02971,2026-01-07 06:00:00,Instagram,Text,Festival Campaign,Promotional,3,424933,358846,258458,7829.0,179,1583,1814,11405.0,4.412709221614343,60.823235663033934
POST02972,2026-01-07 09:00:00,Instagram,Carousel,Product Launch,Education,8,50545,72121,64115,2683.0,36,730,1374,4823.0,7.5224206503938245,126.84736373528538
POST02973,2026-01-07 12:00:00,Facebook,Reel,Event Promotion,Brand,23,265605,178903,114355,3487.0,48,2052,1488,7075.0,6.186874207511696,43.054535870936164
POST02974,2026-01-07 15:00:00,Facebook,Text,Festival Campaign,Brand,16,317356,232119,208287,11556.0,239,377,1584,13756.0,6.604348807174716,65.63197166588941
POST02975,2026-01-07 18:00:00,Instagram,Image,Product Launch,Education,23,391223,333789,209568,12479.0,520,1851,5197,20047.0,9.565868834936632,53.5674027345018
POST02976,2026-01-07 21:00:00,Instagram,Reel,Community Campaign,Entertainment,15,323244,300140,203752,15204.0,773,2390,1382,19749.0,9.692665593466568,63.033497914887825
POST02977,2026-01-08 00:00:00,Facebook,Text,Educational Series,Promotional,16,281056,267159,202481,6646.0,339,417,4714,12116.0,5.983771316814911,72.04293806216555
POST02978,2026-01-08 03:00:00,Instagram,Video,Event Promotion,Community,14,147215,233957,185449,12228.0,695,2450,558,15931.0,8.590501970892268,125.97153822640357
POST02979,2026-01-08 06:00:00,Facebook,Carousel,Educational Series,Event,19,470851,330025,264712,13648.0,584,1353,3344,18929.0,7.150790292846565,56.219908208753935
POST02980,2026-01-08 09:00:00,Linkedin,Carousel,Product Launch,Entertainment,21,72016,55632,39870,1525.0,16,465,145,2151.0,5.395033860045147,55.362697178404794
POST02981,2026-01-08 12:00:00,Youtube,Reel,Educational Series,Brand,6,269937,330771,190818,9405.0,271,1665,4402,15743.0,8.250269890681173,70.68982762644616
POST02982,2026-01-08 15:00:00,Instagram,Reel,Educational Series,Education,9,448591,840168,607959,57275.0,891,9493,3507,71166.0,11.705723576754353,135.52634805424094
POST02983,2026-01-08 18:00:00,Facebook,Carousel,Seasonal Campaign,Promotional,3,171392,179365,119661,7299.0,356,1789,2130,11574.0,9.672324316193246,69.81714432412248
POST02984,2026-01-08 21:00:00,Facebook,Reel,Brand Awareness,Education,23,39301,23900,18646,486.0,7,319,314,1126.0,6.0388287032071215,47.444085392229205
POST02985,2026-01-09 00:00:00,Youtube,Image,Product Launch,Brand,23,202442,139856,85843,3060.0,46,639,1728,5473.0,6.3755926517013615,42.403750209936675
POST02986,2026-01-09 03:00:00,Linkedin,Video,Educational Series,Education,13,365861,343544,236313,11455.0,130,1397,4591,17573.0,7.4363238586112494,64.5909238754609
POST02987,2026-01-09 06:00:00,Instagram,Video,Special Campaign,Community,13,291312,396621,352255,26368.0,1523,6298,1308,35497.0,10.077074846347106,120.92018179820947
POST02988,2026-01-09 09:00:00,Youtube,Image,Festival Campaign,Promotional,13,274531,276317,160568,8963.0,441,1527,1853,12784.0,7.961735837775896,58.48811245360269
POST02989,2026-01-09 12:00:00,Facebook,Video,Product Launch,Education,13,88109,115598,87948,5049.0,134,754,887,6824.0,7.759130395233547,99.81727178835307
POST02990,2026-01-09 15:00:00,Linkedin,Video,Brand Awareness,Promotional,21,301117,341686,198767,18380.0,529,1970,4850,25729.0,12.944301619484119,66.00988984348277
POST02991,2026-01-09 18:00:00,Instagram,Carousel,Event Promotion,Education,19,280205,308154,186417,14158.0,183,717,3737,18795.0,10.082234989298186,66.52879142056707
POST02992,2026-01-09 21:00:00,Facebook,Reel,Community Campaign,Education,17,449267,724115,551577,51607.0,923,6144,10245,68919.0,12.494900983906145,122.77264967157615
POST02993,2026-01-10 00:00:00,Youtube,Reel,Educational Series,Promotional,14,193831,156032,110064,5851.0,149,608,1400,8008.0,7.275766826573631,56.783486645583004
POST02994,2026-01-10 03:00:00,Instagram,Reel,Festival Campaign,Community,22,237409,401656,298018,17767.0,522,2616,6735,27640.0,9.274607574039152,125.5293607234772
POST02995,2026-01-10 06:00:00,Instagram,Reel,Brand Awareness,Education,18,375203,848525,727996,42718.0,1751,7943,2453,54865.0,7.536442507925869,194.02723325772982
POST02996,2026-01-10 09:00:00,Linkedin,Reel,Product Launch,Community,12,119017,129852,108560,6550.0,180,2021,871,9622.0,8.863301400147385,91.21386020484469
POST02997,2026-01-10 12:00:00,Instagram,Reel,Community Campaign,Entertainment,11,497559,741345,638144,60852.0,3512,8396,11671,84431.0,13.230712817169794,128.25494062010736
POST02998,2026-01-10 15:00:00,Instagram,Image,Community Campaign,Event,18,272980,186890,143099,4500.0,122,880,2029,7531.0,5.262790096366851,52.42105648765477
POST02999,2026-01-10 18:00:00,Instagram,Text,Special Campaign,Entertainment,18,480642,566758,408845,20891.0,1192,1064,6027,29174.0,7.135711577737284,85.06227087936551
POST03000,2026-01-10 21:00:00,Linkedin,Reel,Educational Series,Event,19,171023,155416,110457,7300.0,339,1681,1343,10663.0,9.653530333070789,64.5860498295551
POST03001,2026-01-11 00:00:00,Facebook,Carousel,Brand Awareness,Entertainment,1,484127,549570,444565,16312.0,897,3766,2961,23936.0,5.38413955214648,91.82817731710894
POST03002,2026-01-11 03:00:00,Facebook,Carousel,Brand Awareness,Event,20,182377,120219,88055,4774.0,215,266,586,5841.0,6.633354153653966,48.281855716455475
POST03003,2026-01-11 06:00:00,Instagram,Reel,Festival Campaign,Education,2,363259,307065,180253,7434.0,285,2469,1708,11896.0,6.599612766500419,49.62106926462937
POST03004,2026-01-11 09:00:00,Facebook,Text,Event Promotion,Promotional,9,95406,51871,31105,617.0,21,152,413,1203.0,3.867545410705674,32.60277131417311
POST03005,2026-01-11 12:00:00,Youtube,Image,Event Promotion,Promotional,4,235139,181903,122780,7767.0,190,801,2594,11352.0,9.2458055057827,52.21592334746682
POST03006,2026-01-11 15:00:00,Facebook,Image,Seasonal Campaign,Brand,11,280224,311753,178864,9974.0,248,2077,2294,14593.0,8.158712765005815,63.82893685051958
POST03007,2026-01-11 18:00:00,Linkedin,Video,Event Promotion,Event,6,291253,381566,241810,9372.0,198,1098,5501,16169.0,6.686654811628964,83.02403752064357
POST03008,2026-01-11 21:00:00,Instagram,Reel,Seasonal Campaign,Brand,8,46842,75550,58909,5861.0,171,492,332,6856.0,11.638289565261676,125.76106912599802
POST03009,2026-01-12 00:00:00,Facebook,Carousel,Community Campaign,Community,1,423932,207919,115260,2597.0,42,814,1034,4487.0,3.892937706055874,27.188322655520224
POST03010,2026-01-12 03:00:00,Instagram,Reel,Community Campaign,Community,9,234798,266774,203130,10561.0,310,539,924,12334.0,6.07197361295722,86.51266194771677
POST03011,2026-01-12 06:00:00,Youtube,Video,Special Campaign,Brand,5,461801,694316,569564,14557.0,752,8877,8099,32285.0,5.668370894227865,123.33537606025106
POST03012,2026-01-12 09:00:00,Instagram,Image,Product Launch,Event,11,280117,181941,110902,2848.0,152,1283,552,4835.0,4.359704964743647,39.59131362966189
POST03013,2026-01-12 12:00:00,Instagram,Carousel,Community Campaign,Promotional,5,117969,178461,109457,3540.0,149,1218,2244,7151.0,6.533159140118951,92.78454509235478
POST03014,2026-01-12 15:00:00,Instagram,Reel,Community Campaign,Event,2,389199,310838,174100,15530.0,354,3097,674,19655.0,11.289488799540495,44.73290013592018
POST03015,2026-01-12 18:00:00,Facebook,Carousel,Brand Awareness,Community,9,66408,74210,54125,4522.0,99,315,728,5664.0,10.464665127020785,81.5037344898205
POST03016,2026-01-12 21:00:00,Instagram,Video,Product Launch,Education,8,128407,248613,193695,16744.0,400,1131,2373,20648.0,10.660058339141433,150.84458012413654
POST03017,2026-01-13 00:00:00,Facebook,Image,Brand Awareness,Brand,19,56530,44379,31505,1647.0,57,81,234,2019.0,6.40850658625615,55.73147001592075
POST03018,2026-01-13 03:00:00,Youtube,Carousel,Festival Campaign,Brand,4,130047,199633,137009,9117.0,536,1394,2179,13226.0,9.653380434861944,105.35344913761948
POST03019,2026-01-13 06:00:00,Instagram,Image,Seasonal Campaign,Community,2,478601,662407,469676,21714.0,335,3572,5398,31019.0,6.604340013115424,98.13518985543281
POST03020,2026-01-13 09:00:00,Facebook,Video,Seasonal Campaign,Event,4,341874,432515,356191,19385.0,678,5357,2619,28039.0,7.871900188382076,104.1878001836934
POST03021,2026-01-13 12:00:00,Instagram,Image,Festival Campaign,Brand,7,95623,97608,54829,3036.0,133,407,1161,4737.0,8.63958853891189,57.33871558097947
POST03022,2026-01-13 15:00:00,Youtube,Video,Seasonal Campaign,Promotional,7,97658,99505,82025,7715.0,171,456,1438,9780.0,11.923194148125571,83.99209486166008
POST03023,2026-01-13 18:00:00,Facebook,Video,Product Launch,Brand,13,313042,460088,360350,9398.0,549,5415,1177,16539.0,4.589704454003052,115.11234914164872
POST03024,2026-01-13 21:00:00,Instagram,Image,Product Launch,Event,23,346052,429269,272370,9522.0,261,1941,3824,15548.0,5.708411352204721,78.70782425762603
POST03025,2026-01-14 00:00:00,Instagram,Reel,Community Campaign,Community,21,363521,736095,540042,27944.0,1582,10127,4843,44496.0,8.239359160954148,148.55868024130658
POST03026,2026-01-14 03:00:00,Instagram,Image,Seasonal Campaign,Promotional,16,373262,424072,240555,9711.0,387,1937,5564,17599.0,7.315998420319677,64.44668892091882
POST03027,2026-01-14 06:00:00,Linkedin,Video,Festival Campaign,Promotional,10,339536,218997,149543,10338.0,105,631,2835,13909.0,9.301003724681195,44.04334150134301
POST03028,2026-01-14 09:00:00,Facebook,Reel,Educational Series,Brand,15,357722,619196,378276,24993.0,638,6424,6224,38279.0,10.119330858949551,105.74580260649331
POST03029,2026-01-14 12:00:00,Facebook,Image,Event Promotion,Event,5,46505,25718,14345,272.0,3,173,71,519.0,3.6179853607528756,30.846145575744544
POST03030,2026-01-14 15:00:00,Facebook,Video,Community Campaign,Brand,10,108830,165872,111960,6005.0,174,1046,2628,9853.0,8.800464451589853,102.87604520812278
POST03031,2026-01-14 18:00:00,Instagram,Image,Event Promotion,Education,9,157245,120259,96704,4975.0,281,203,596,6055.0,6.261374917273328,61.498934783299944
POST03032,2026-01-14 21:00:00,Youtube,Carousel,Festival Campaign,Community,22,104052,105007,91603,4837.0,236,229,1183,6485.0,7.07946246301977,88.035789797409
POST03033,2026-01-15 00:00:00,Facebook,Reel,Seasonal Campaign,Education,8,289076,317954,248573,23371.0,958,2121,4470,30920.0,12.439001822402272,85.98880571199268
POST03034,2026-01-15 03:00:00,Instagram,Reel,Seasonal Campaign,Promotional,23,365589,810637,559898,31964.0,1180,8232,7774,49150.0,8.778384634344112,153.14957506927178
POST03035,2026-01-15 06:00:00,Instagram,Video,Event Promotion,Brand,23,181313,362445,326136,8122.0,232,2467,7310,18131.0,5.559337209017097,179.87458152476657
POST03036,2026-01-15 09:00:00,Instagram,Reel,Educational Series,Education,14,167784,346343,224787,10839.0,223,613,4805,16480.0,7.331384822076009,133.97403804892002
POST03037,2026-01-15 12:00:00,Youtube,Reel,Seasonal Campaign,Entertainment,6,481409,603516,371461,13588.0,178,6292,2220,22278.0,5.9973994578165675,77.16120803724068
POST03038,2026-01-15 15:00:00,Linkedin,Video,Educational Series,Education,17,49105,23782,16939,711.0,13,296,280,1300.0,7.674597083653108,34.49546889318806
POST03039,2026-01-15 18:00:00,Instagram,Reel,Brand Awareness,Brand,0,127083,234248,170232,9233.0,254,1439,706,11632.0,6.833027867850933,133.95340053350958
POST03040,2026-01-15 21:00:00,Youtube,Text,Product Launch,Brand,14,50382,37863,25526,1160.0,41,56,481,1738.0,6.808744025699287,50.66492001111508
POST03041,2026-01-16 00:00:00,Instagram,Text,Event Promotion,Community,1,370036,418641,332160,9827.0,198,1441,6374,17840.0,5.370905587668593,89.76423915510924
POST03042,2026-01-16 03:00:00,Linkedin,Reel,Seasonal Campaign,Education,21,205592,276859,170089,16151.0,948,2738,1799,21636.0,12.720399320355813,82.73133195844197
POST03043,2026-01-16 06:00:00,Instagram,Reel,Educational Series,Brand,1,39589,58036,42286,2087.0,28,497,858,3470.0,8.206025634961927,106.81249842127865
POST03044,2026-01-16 09:00:00,Youtube,Carousel,Special Campaign,Brand,9,190673,274866,199290,5904.0,87,1463,3459,10913.0,5.475939585528627,104.51925547927603
POST03045,2026-01-16 12:00:00,Facebook,Image,Special Campaign,Community,19,402973,437366,366654,9943.0,438,2093,5165,17639.0,4.8108025549973545,90.98723735833418
POST03046,2026-01-16 15:00:00,Facebook,Reel,Seasonal Campaign,Community,14,109452,182928,159959,15819.0,755,727,2082,19383.0,12.117480104276721,146.14534225048425
POST03047,2026-01-16 18:00:00,Youtube,Carousel,Product Launch,Community,9,453891,567470,443842,22038.0,1291,2988,2397,28714.0,6.469419297858246,97.78603232934779
POST03048,2026-01-16 21:00:00,Instagram,Reel,Product Launch,Community,18,185438,369842,242941,13955.0,509,2561,3567,20592.0,8.476132064986972,131.00928612258545
POST03049,2026-01-17 00:00:00,Instagram,Video,Brand Awareness,Entertainment,21,417067,597312,472691,13689.0,250,6098,3041,23078.0,4.8822592348912925,113.33694586241538
POST03050,2026-01-17 03:00:00,Instagram,Reel,Product Launch,Promotional,12,243656,205887,131351,10928.0,621,923,2289,14761.0,11.237828413944317,53.90837902616804
POST03051,2026-01-17 06:00:00,Instagram,Reel,Product Launch,Brand,23,158654,162167,144051,11550.0,681,2559,2316,17106.0,11.874960951329737,90.7956937738727
POST03052,2026-01-17 09:00:00,Youtube,Reel,Community Campaign,Event,10,260385,233919,195983,10839.0,608,2115,1840,15402.0,7.858844899812739,75.26662442152966
POST03053,2026-01-17 12:00:00,Instagram,Text,Special Campaign,Community,21,191663,115877,81220,3746.0,200,442,685,5073.0,6.245998522531396,42.37646285407199
POST03054,2026-01-17 15:00:00,Instagram,Carousel,Festival Campaign,Promotional,1,483359,310736,256208,11311.0,156,2615,3451,17533.0,6.843267969774558,53.005736936728184
POST03055,2026-01-17 18:00:00,Facebook,Video,Special Campaign,Community,20,275360,404064,280028,8195.0,432,1404,3997,14028.0,5.00949905009499,101.6952353282975
POST03056,2026-01-17 21:00:00,Linkedin,Image,Special Campaign,Promotional,12,418723,319614,184133,10653.0,614,561,3784,15612.0,8.478654016390326,43.97489509771376
POST03057,2026-01-18 00:00:00,Facebook,Reel,Seasonal Campaign,Event,21,157006,162232,129358,13102.0,492,1093,1253,15940.0,12.322392121090306,82.39048189241176
POST03058,2026-01-18 03:00:00,Instagram,Reel,Special Campaign,Education,21,61971,87952,60828,4657.0,226,199,722,5804.0,9.541658446767935,98.15558890448757
POST03059,2026-01-18 06:00:00,Instagram,Image,Brand Awareness,Entertainment,20,286803,298395,261278,8603.0,370,1624,2757,13354.0,5.111031162210366,91.10016282953805
POST03060,2026-01-18 09:00:00,Linkedin,Image,Brand Awareness,Brand,0,286542,118398,77822,4181.5,61,751,908,5901.5,7.5833311916938655,27.159020318138356
POST03061,2026-01-18 12:00:00,Instagram,Carousel,Event Promotion,Education,4,26242,25614,21648,1721.0,67,285,335,2408.0,11.123429416112343,82.49371236948403
POST03062,2026-01-18 15:00:00,Instagram,Reel,Product Launch,Event,20,441836,931627,734264,36461.0,1985,9103,11208,58757.0,8.00216270987002,166.18473822866403
POST03063,2026-01-18 18:00:00,Youtube,Text,Event Promotion,Entertainment,21,242513,248826,211169,10467.0,364,1740,2312,14883.0,7.047909494291302,87.07533204405537
POST03064,2026-01-18 21:00:00,Facebook,Reel,Community Campaign,Entertainment,6,424012,527549,344045,26198.0,1035,5738,5591,38562.0,11.208417503524249,81.14039225304944
POST03065,2026-01-19 00:00:00,Facebook,Text,Special Campaign,Entertainment,12,198217,131214,93354,3889.0,142,843,1545,6419.0,6.875977462133384,47.0968685834212
POST03066,2026-01-19 03:00:00,Instagram,Reel,Educational Series,Event,12,150014,177616,148859,5972.0,144,1192,2172,9480.0,6.368442620197637,99.23007185995974
POST03067,2026-01-19 06:00:00,Instagram,Image,Product Launch,Community,19,255987,268518,208191,4134.0,174,1771,2696,8775.0,4.214879605746646,81.32873935004513
POST03068,2026-01-19 09:00:00,Linkedin,Reel,Educational Series,Community,22,198615,226772,153291,9828.0,348,1084,722,11982.0,7.816505861400865,77.17997130126123
POST03069,2026-01-19 12:00:00,Instagram,Image,Special Campaign,Community,20,214886,281425,205214,14644.0,316,1753,3059,19772.0,9.634820236436111,95.49900877674673
POST03070,2026-01-19 15:00:00,Facebook,Image,Festival Campaign,Education,5,256088,138282,124264,3550.0,194,843,2321,6908.0,5.559132170218245,48.523944893942705
POST03071,2026-01-19 18:00:00,Facebook,Image,Community Campaign,Brand,19,71175,75703,61292,2880.0,165,377,474,3896.0,6.356457612739019,86.11450649806814
POST03072,2026-01-19 21:00:00,Facebook,Image,Product Launch,Entertainment,11,188347,129037,98724,5354.0,68,389,1985,7796.0,7.896762691949273,52.41601936850601
POST03073,2026-01-20 00:00:00,Instagram,Carousel,Event Promotion,Entertainment,7,33937,42899,36025,1854.0,76,351,572,2853.0,7.9195003469812635,106.15257683354452
POST03074,2026-01-20 03:00:00,Instagram,Carousel,Event Promotion,Education,8,170641,238207,167867,8886.0,273,2023,1380,12562.0,7.483305235692542,98.37436489472049
POST03075,2026-01-20 06:00:00,Youtube,Video,Product Launch,Community,17,213019,277837,245197,17558.0,637,2773,1614,22582.0,9.20973747639653,115.10569479717772
POST03076,2026-01-20 09:00:00,Linkedin,Reel,Seasonal Campaign,Entertainment,10,294487,328304,243997,21853.0,626,919,2049,25447.0,10.429226588851503,82.85493077792908
POST03077,2026-01-20 12:00:00,Linkedin,Carousel,Event Promotion,Entertainment,19,339019,174147,115704,4859.0,163,1702,2279,9003.0,7.781062020327732,34.12906061312198
POST03078,2026-01-20 15:00:00,Instagram,Image,Special Campaign,Event,10,66803,67252,39013,2596.0,67,72,332,3067.0,7.861482070079203,58.40007185306049
POST03079,2026-01-20 18:00:00,Instagram,Image,Special Campaign,Promotional,23,478079,402975,274624,12134.0,192,3338,4951,20615.0,7.506627243066884,57.443225910362095
POST03080,2026-01-20 21:00:00,Linkedin,Image,Seasonal Campaign,Education,23,478056,201710,151085,8119.0,203,1626,2267,12215.0,8.084852897375649,31.6040380206503
POST03081,2026-01-21 00:00:00,Facebook,Reel,Product Launch,Education,14,342081,276822,220388,7561.0,329,932,3312,12134.0,5.505744414396428,64.42567695955051
POST03082,2026-01-21 03:00:00,Linkedin,Reel,Brand Awareness,Community,8,97069,111293,95299,6138.0,76,628,2073,8915.0,9.354767626103106,98.17655482182778
POST03083,2026-01-21 06:00:00,Instagram,Reel,Event Promotion,Education,2,462563,502727,442593,12063.0,351,3760,9845,26019.0,5.878764463062001,95.6827502415887
POST03084,2026-01-21 09:00:00,Youtube,Reel,Seasonal Campaign,Community,16,444348,432760,253536,14324.0,173,4559,3755,22811.0,8.997144389751357,57.05798158200329
POST03085,2026-01-21 12:00:00,Facebook,Carousel,Product Launch,Event,16,444572,442315,336299,8216.0,228,5204,1491,15139.0,4.50164883035632,75.64556472292452
POST03086,2026-01-21 15:00:00,Facebook,Carousel,Product Launch,Event,2,35438,47041,36847,2856.0,41,121,241,3259.0,8.844682063668683,103.97595801117446
POST03087,2026-01-21 18:00:00,Youtube,Text,Seasonal Campaign,Brand,18,177438,188647,115116,5212.0,140,618,2747,8717.0,7.572361791584141,64.87674568018124
POST03088,2026-01-21 21:00:00,Instagram,Carousel,Event Promotion,Community,8,361648,640266,474411,33630.0,1745,1962,2828,40165.0,8.4662876703955,131.18031898420563
POST03089,2026-01-22 00:00:00,Youtube,Reel,Brand Awareness,Event,16,299634,464031,309597,19343.0,786,2261,6618,29008.0,9.36959983462372,103.32505656901421
POST03090,2026-01-22 03:00:00,Instagram,Video,Event Promotion,Community,22,170245,223071,128733,10985.0,484,2279,1916,15664.0,12.167820217038367,75.61631765984316
POST03091,2026-01-22 06:00:00,Youtube,Video,Product Launch,Education,17,161448,262050,150168,13043.0,458,2666,827,16994.0,11.316658675616642,93.01323026609187
POST03092,2026-01-22 09:00:00,Linkedin,Image,Brand Awareness,Brand,22,237776,130344,106324,3962.0,222,778,2469,7431.0,6.9890147097550885,44.71603526007671
POST03093,2026-01-22 12:00:00,Instagram,Image,Special Campaign,Promotional,14,348398,217504,166479,6384.0,236,656,3898,11174.0,6.711957664330035,47.78414342217808
POST03094,2026-01-22 15:00:00,Facebook,Text,Educational Series,Entertainment,0,387524,220933,176811,6695.0,101,1208,2924,10928.0,6.180610934840027,45.62581930409472
POST03095,2026-01-22 18:00:00,Instagram,Image,Festival Campaign,Entertainment,9,56763,48996,38699,784.0,44,214,447,1489.0,3.8476446419804127,68.17645297112556
POST03096,2026-01-22 21:00:00,Facebook,Text,Event Promotion,Brand,7,347985,276122,164847,9859.0,164,1740,2697,14460.0,8.77177018690058,47.371869477132634
POST03097,2026-01-23 00:00:00,Linkedin,Reel,Community Campaign,Community,9,323491,353710,213304,11521.0,690,3504,3585,19300.0,9.048119116378501,65.93815593014952
POST03098,2026-01-23 03:00:00,Instagram,Reel,Product Launch,Community,1,61684,61418,39207,2459.0,78,306,654,3497.0,8.919325630627185,63.56105310939628
POST03099,2026-01-23 06:00:00,Instagram,Image,Brand Awareness,Community,18,50711,77140,53202,3125.0,42,107,1018,4292.0,8.067365888500433,104.91214923783794
POST03100,2026-01-23 09:00:00,Youtube,Image,Seasonal Campaign,Promotional,13,296321,320739,281837,9600.0,510,3798,1261,15169.0,5.382188995767057,95.11205753220325
POST03101,2026-01-23 12:00:00,Instagram,Video,Special Campaign,Entertainment,7,197042,271733,213544,8225.0,120,2788,1122,12255.0,5.738864121679841,108.37486424214127
POST03102,2026-01-23 15:00:00,Facebook,Text,Seasonal Campaign,Brand,18,175642,170391,108932,2258.0,42,615,1004,3919.0,3.5976572540667573,62.0193347832523
POST03103,2026-01-23 18:00:00,Linkedin,Image,Seasonal Campaign,Community,0,448580,192915,109883,5110.0,157,568,1175,7010.0,6.379512754475214,24.495742119577333
POST03104,2026-01-23 21:00:00,Youtube,Reel,Brand Awareness,Event,15,198681,366391,289257,7644.0,334,773,4927,13678.0,4.728666894837462,145.58865719419572
POST03105,2026-01-24 00:00:00,Instagram,Video,Educational Series,Education,23,432035,537934,413596,31055.0,498,1985,2804,36342.0,8.786835462625364,95.73205874524055
POST03106,2026-01-24 03:00:00,Youtube,Carousel,Event Promotion,Promotional,14,407364,562437,442366,22148.0,910,964,6592,30614.0,6.92051378270482,108.59231547215758
POST03107,2026-01-24 06:00:00,Facebook,Reel,Community Campaign,Community,19,470738,787991,505427,34107.0,1671,6418,3577,45773.0,9.056302888448776,107.36906729433358
POST03108,2026-01-24 09:00:00,Instagram,Image,Special Campaign,Entertainment,23,51391,56485,41286,1329.0,21,394,446,2190.0,5.304461560819648,80.33702399252788
POST03109,2026-01-24 12:00:00,Youtube,Carousel,Seasonal Campaign,Education,4,35788,21603,14616,471.0,19,183,344,1017.0,6.958128078817734,40.84050519727283
POST03110,2026-01-24 15:00:00,Facebook,Video,Brand Awareness,Brand,2,71055,40583,33935,2524.0,146,180,770,3620.0,10.66745248268749,47.758778411090006
POST03111,2026-01-24 18:00:00,Facebook,Image,Seasonal Campaign,Community,16,134187,90274,51843,1521.0,88,151,1242,3002.0,5.790559959878865,38.6348901160321
POST03112,2026-01-24 21:00:00,Instagram,Reel,Educational Series,Entertainment,9,488648,976996,631534,54846.0,991,8584,10111,74532.0,11.801739890488873,129.24108970056153
POST03113,2026-01-25 00:00:00,Facebook,Text,Product Launch,Education,4,400215,212944,162057,3916.0,187,1032,2273,7408.0,4.571231110041529,40.492485289157074
POST03114,2026-01-25 03:00:00,Instagram,Carousel,Seasonal Campaign,Event,10,499311,524990,326453,19456.0,1018,4587,7076,32137.0,9.844296116133103,65.38069459715487
POST03115,2026-01-25 06:00:00,Instagram,Image,Educational Series,Promotional,5,436781,605910,475911,25113.0,1367,3825,2261,32566.0,6.842876083973684,108.95872302137684
POST03116,2026-01-25 09:00:00,Linkedin,Reel,Event Promotion,Brand,3,150101,96190,57509,3763.0,98,581,1410,5852.0,10.175798570658506,38.31353555272783
POST03117,2026-01-25 12:00:00,Facebook,Carousel,Special Campaign,Entertainment,6,368606,469138,261771,21935.0,515,2293,3448,28191.0,10.76933655752547,71.01647829932232
POST03118,2026-01-25 15:00:00,Instagram,Reel,Special Campaign,Event,18,213277,254788,217136,12011.0,148,3435,3879,19473.0,8.968112150910029,101.80938404047319
POST03119,2026-01-25 18:00:00,Instagram,Reel,Seasonal Campaign,Promotional,6,33376,28700,19134,1815.0,54,55,364,2288.0,11.957771506219297,57.328619367209974
POST03120,2026-01-25 21:00:00,Instagram,Image,Educational Series,Promotional,13,172947,115308,69749,1892.0,30,874,1174,3970.0,5.6918378758118395,40.32969638097221
POST03121,2026-01-26 00:00:00,Instagram,Reel,Brand Awareness,Event,16,329750,747208,456131,23856.0,1176,6691,10314,42037.0,9.215992774005713,138.32630780894618
POST03122,2026-01-26 03:00:00,Instagram,Carousel,Brand Awareness,Entertainment,22,360537,432164,371688,11209.0,192,5272,3471,20144.0,5.419599233765955,103.09288644438712
POST03123,2026-01-26 06:00:00,Instagram,Reel,Festival Campaign,Promotional,16,274047,323387,251934,18412.0,938,4740,3706,27796.0,11.033048338056792,91.93094615157254
POST03124,2026-01-26 09:00:00,Youtube,Carousel,Educational Series,Brand,12,345140,407116,360184,22046.0,339,1867,4490,28742.0,7.979810319170203,104.35881091730892
POST03125,2026-01-26 12:00:00,Facebook,Reel,Product Launch,Education,0,283427,392077,325429,19972.0,679,4026,6017,30694.0,9.4318576402226,114.8193361959164
POST03126,2026-01-26 15:00:00,Facebook,Reel,Seasonal Campaign,Brand,1,100456,96236,78782,6473.0,189,851,921,8434.0,10.705491102028382,78.42438480528789
POST03127,2026-01-26 18:00:00,Facebook,Reel,Community Campaign,Community,17,85783,122975,89149,8351.0,334,1041,2018,11744.0,13.17345118845977,103.92385437674132
POST03128,2026-01-26 21:00:00,Instagram,Text,Community Campaign,Promotional,3,378526,256272,214571,10716.0,385,420,2958,14479.0,6.747882985119144,56.685934387598216
POST03129,2026-01-27 00:00:00,Linkedin,Video,Event Promotion,Education,12,354322,208285,144639,5988.0,239,2409,2139,10775.0,7.4495813715526245,40.821343297904164
POST03130,2026-01-27 03:00:00,Facebook,Reel,Festival Campaign,Event,0,476749,585523,491517,25063.0,251,9208,6809,41331.0,8.408864800200197,103.09764677010334
POST03131,2026-01-27 06:00:00,Facebook,Video,Educational Series,Education,3,299509,210617,171696,8821.0,144,2247,2866,14078.0,8.199375640667226,57.32582326407554
POST03132,2026-01-27 09:00:00,Facebook,Carousel,Product Launch,Education,1,394399,536878,422766,14305.0,512,2378,6015,23210.0,5.490034676393087,107.1924624555336
POST03133,2026-01-27 12:00:00,Linkedin,Text,Festival Campaign,Education,3,169021,50751,33769,1055.0,22,309,797,2183.0,6.46450886908111,19.979174185456245
POST03134,2026-01-27 15:00:00,Youtube,Image,Brand Awareness,Promotional,15,398973,495978,382274,11794.0,162,3956,2249,18161.0,4.750780853523913,95.81450373834821
POST03135,2026-01-27 18:00:00,Instagram,Carousel,Event Promotion,Community,3,184575,181277,131856,11040.0,230,1311,434,13015.0,9.870616430044898,71.43762698090207
POST03136,2026-01-27 21:00:00,Facebook,Reel,Seasonal Campaign,Community,8,408411,643215,457673,39860.0,1952,2506,6626,50944.0,11.13109141242765,112.06186904858096
POST03137,2026-01-28 00:00:00,Facebook,Image,Seasonal Campaign,Entertainment,16,358531,162673,145850,9398.0,348,605,2891,13242.0,9.079190949605758,40.679885421344316
POST03138,2026-01-28 03:00:00,Facebook,Text,Seasonal Campaign,Community,20,99942,98020,71215,4023.0,78,516,1229,5846.0,8.208944744786912,71.25632867062896
POST03139,2026-01-28 06:00:00,Youtube,Image,Educational Series,Promotional,22,166000,98833,55464,2990.0,32,183,1341,4546.0,8.196307514784365,33.41204819277108
POST03140,2026-01-28 09:00:00,Instagram,Reel,Community Campaign,Entertainment,19,167904,337335,259499,10308.0,287,3849,1819,16263.0,6.267076173703945,154.55200590813797
POST03141,2026-01-28 12:00:00,Instagram,Reel,Product Launch,Event,20,420750,667752,537409,45768.0,1275,3328,9817,60188.0,11.199663570948756,127.72644087938205
POST03142,2026-01-28 15:00:00,Linkedin,Carousel,Seasonal Campaign,Event,1,415051,324375,278902,6131.0,286,4051,5842,16310.0,5.847932248603452,67.1970432549253
POST03143,2026-01-28 18:00:00,Youtube,Carousel,Seasonal Campaign,Event,2,352395,317536,244959,6891.0,385,3522,5650,16448.0,6.71459305434787,69.51262078065807
POST03144,2026-01-28 21:00:00,Youtube,Image,Brand Awareness,Event,22,184453,244945,136387,2672.0,76,714,1995,5457.0,4.0011144757198265,73.94132922749968
POST03145,2026-01-29 00:00:00,Instagram,Text,Special Campaign,Event,14,275385,173430,102655,2165.0,96,237,1128,3626.0,3.532219570405728,37.27690324454854
POST03146,2026-01-29 03:00:00,Instagram,Reel,Festival Campaign,Brand,6,74780,142466,86396,7313.0,305,1117,2075,10810.0,12.512153340432427,115.53356512436481
POST03147,2026-01-29 06:00:00,Linkedin,Reel,Seasonal Campaign,Promotional,3,86412,84996,53032,5041.0,156,539,1082,6818.0,12.85638859556494,61.371105864926164
POST03148,2026-01-29 09:00:00,Facebook,Text,Event Promotion,Entertainment,11,260143,263130,218377,6015.0,79,633,2917,9644.0,4.416215993442533,83.94498410489616
POST03149,2026-01-29 12:00:00,Facebook,Reel,Festival Campaign,Event,0,160397,208570,137325,4846.0,163,1590,2379,8978.0,6.537775350446022,85.61569106654115
POST03150,2026-01-29 15:00:00,Youtube,Reel,Community Campaign,Brand,16,442662,382456,252163,11925.0,330,4886,2301,19442.0,7.710092281579772,56.96513366857783
POST03151,2026-01-29 18:00:00,Facebook,Image,Festival Campaign,Community,3,118975,88614,72172,3821.0,143,188,1192,5344.0,7.404533614143989,60.661483504938005
POST03152,2026-01-29 21:00:00,Instagram,Video,Product Launch,Brand,3,149788,122147,84813,4174.0,67,552,1262,6055.0,7.1392357303715235,56.622025796459
POST03153,2026-01-30 00:00:00,Facebook,Reel,Brand Awareness,Brand,21,281208,258491,148018,14945.0,690,1732,571,17938.0,12.118796362604547,52.636482603624366
POST03154,2026-01-30 03:00:00,Youtube,Text,Educational Series,Promotional,22,480382,334219,252266,5270.0,260,2329,5561,13420.0,5.319781500479652,52.51362457377671
POST03155,2026-01-30 06:00:00,Youtube,Video,Product Launch,Event,8,273199,487986,290607,27696.0,814,782,4005,33297.0,11.45774189885309,106.37191204945846
POST03156,2026-01-30 09:00:00,Facebook,Reel,Community Campaign,Brand,20,342806,536644,402527,10856.0,203,6031,5455,22545.0,5.60086652572374,117.4212236658635
POST03157,2026-01-30 12:00:00,Linkedin,Carousel,Event Promotion,Brand,9,380808,163636,134651,6659.0,274,539,1243,8715.0,6.472287617618881,35.35928867040609
POST03158,2026-01-30 15:00:00,Instagram,Image,Community Campaign,Event,18,100249,111763,97828,3091.0,178,1126,716,5111.0,5.224475610254733,97.58501331684106
POST03159,2026-01-30 18:00:00,Facebook,Image,Community Campaign,Promotional,18,76525,44849,25719,1249.0,56,254,242,1801.0,7.00260507795793,33.60862463247305
POST03160,2026-01-30 21:00:00,Instagram,Video,Festival Campaign,Brand,14,423800,500479,328508,10167.0,164,3127,5683,19141.0,5.826646535244195,77.51486550259557
POST03161,2026-01-31 00:00:00,Youtube,Text,Event Promotion,Entertainment,21,417117,179511,139724,7602.0,227,1328,719,9876.0,7.06822020554808,33.497555841646346
POST03162,2026-01-31 03:00:00,Instagram,Reel,Product Launch,Education,16,267543,521602,344470,12624.0,704,5163,3555,22046.0,6.399976775916626,128.75313501007315
POST03163,2026-01-31 06:00:00,Instagram,Image,Community Campaign,Community,6,133094,208509,147594,7338.0,306,1576,3620,12840.0,8.699540631732997,110.89455572753091
POST03164,2026-01-31 09:00:00,Youtube,Image,Product Launch,Education,2,338347,240928,134204,2657.0,46,697,1204,4604.0,3.430598193794522,39.66460468099318
POST03165,2026-01-31 12:00:00,Instagram,Image,Seasonal Campaign,Education,4,233058,211876,167959,5843.0,270,1519,4075,11707.0,6.970153430301443,72.06746818388555
POST03166,2026-01-31 15:00:00,Youtube,Image,Seasonal Campaign,Promotional,15,107597,75250,64650,1686.0,46,223,343,2298.0,3.554524361948956,60.0853183638949
POST03167,2026-01-31 18:00:00,Linkedin,Reel,Seasonal Campaign,Brand,22,494066,734799,655367,67025.0,2310,10795,13413,93543.0,14.273376596624487,132.64766245805217
POST03168,2026-01-31 21:00:00,Instagram,Carousel,Educational Series,Education,6,284234,182418,153356,3336.0,102,1424,1943,6805.0,4.437387516627977,53.954136380587826
POST03169,2026-02-01 00:00:00,Facebook,Image,Festival Campaign,Education,15,440068,386348,216788,8027.0,371,2482,1579,12459.0,5.747089322287211,49.26238672205205
POST03170,2026-02-01 03:00:00,Youtube,Reel,Product Launch,Community,8,304598,597070,464609,23052.0,481,2865,9442,35840.0,7.714013288593204,152.5318616668527
POST03171,2026-02-01 06:00:00,Facebook,Video,Seasonal Campaign,Event,0,75084,55653,40263,2871.0,84,178,126,3259.0,8.094280108288006,53.62394118587183
POST03172,2026-02-01 09:00:00,Instagram,Video,Seasonal Campaign,Brand,2,490459,769821,676105,18970.0,895,8889,7191,35945.0,5.3164819073960405,137.85148197912568
POST03173,2026-02-01 12:00:00,Instagram,Image,Event Promotion,Brand,7,274185,163057,141166,8720.0,394,350,2301,11765.0,8.334159783517277,51.4856757298904
POST03174,2026-02-01 15:00:00,Instagram,Reel,Community Campaign,Community,17,209638,429915,385124,24027.0,482,2589,3112,30210.0,7.84422679448697,183.70906038027456
POST03175,2026-02-01 18:00:00,Instagram,Carousel,Seasonal Campaign,Event,23,473104,461645,393172,19471.0,536,5702,4055,29764.0,7.570223718881304,83.10477188947884
POST03176,2026-02-01 21:00:00,Instagram,Reel,Educational Series,Brand,23,117103,271966,201638,8809.0,94,976,1010,10889.0,5.400271774169552,172.18858611649574
POST03177,2026-02-02 00:00:00,Facebook,Reel,Event Promotion,Entertainment,17,184895,307619,246161,15809.0,577,2202,5359,23947.0,9.72818602459366,133.1355634278915
POST03178,2026-02-02 03:00:00,Linkedin,Carousel,Festival Campaign,Community,23,445223,460945,409151,17972.0,432,6140,5027,29571.0,7.227405041170619,91.89799269130302
POST03179,2026-02-02 06:00:00,Facebook,Reel,Special Campaign,Promotional,18,386704,451015,339317,15310.0,162,996,2102,18570.0,5.472758511951951,87.74592453142456
POST03180,2026-02-02 09:00:00,Facebook,Reel,Special Campaign,Event,6,427357,633304,534503,20929.0,653,5412,3944,30938.0,5.78818079599179,125.07177839604826
POST03181,2026-02-02 12:00:00,Instagram,Reel,Educational Series,Community,19,32746,32213,28340,2346.0,132,450,256,3184.0,11.235003528581512,86.54492151713187
POST03182,2026-02-02 15:00:00,Instagram,Reel,Educational Series,Education,5,285491,360835,270513,10030.0,563,4858,2177,17628.0,6.516507524592163,94.75359993835181
POST03183,2026-02-02 18:00:00,Instagram,Reel,Educational Series,Brand,10,422577,347340,210385,8226.0,235,3162,2960,14583.0,6.931577821612757,49.78619281219754
POST03184,2026-02-02 21:00:00,Instagram,Text,Community Campaign,Entertainment,4,131972,136000,82204,3367.0,109,835,1883,6194.0,7.534913142912754,62.28897038765798
POST03185,2026-02-03 00:00:00,Youtube,Reel,Special Campaign,Entertainment,11,286245,534396,315486,13765.0,304,1003,2222,17294.0,5.481701248232885,110.215374941047
POST03186,2026-02-03 03:00:00,Youtube,Reel,Seasonal Campaign,Promotional,0,387955,802364,575064,35556.0,476,2465,7461,45958.0,7.991806129404727,148.229562707015
POST03187,2026-02-03 06:00:00,Instagram,Reel,Brand Awareness,Community,18,68095,126040,90502,6256.0,279,1363,1593,9491.0,10.4870610594241,132.90549966957929
POST03188,2026-02-03 09:00:00,Instagram,Text,Educational Series,Entertainment,10,454669,504174,386237,10563.0,528,3416,2720,17227.0,4.46021484218239,84.94905084797952
POST03189,2026-02-03 12:00:00,Facebook,Image,Event Promotion,Community,14,121483,137314,98729,3608.0,194,876,630,5308.0,5.3763331949072715,81.26980729814048
POST03190,2026-02-03 15:00:00,Facebook,Image,Special Campaign,Brand,15,445884,518770,462000,13560.0,769,4779,2965,22073.0,4.777705627705628,103.6143929811341
POST03191,2026-02-03 18:00:00,Instagram,Video,Event Promotion,Brand,2,261411,373155,243281,13903.0,775,3840,5450,23968.0,9.851981864592796,93.06456116995841
POST03192,2026-02-03 21:00:00,Linkedin,Image,Festival Campaign,Entertainment,10,140902,61862,52943,3790.0,43,433,987,5253.0,9.92199157584572,37.574342450781394
POST03193,2026-02-04 00:00:00,Linkedin,Reel,Product Launch,Brand,10,246218,247467,144796,7861.0,463,2694,1505,12523.0,8.648719577888892,58.80804815245027
POST03194,2026-02-04 03:00:00,Instagram,Reel,Product Launch,Community,9,299891,494062,375818,28922.0,838,5386,8589,43735.0,11.637281875801584,125.31819894561691
POST03195,2026-02-04 06:00:00,Instagram,Image,Brand Awareness,Brand,1,166081,202962,157683,8252.0,448,1154,3780,13634.0,8.646461571634228,94.94343121729759
POST03196,2026-02-04 09:00:00,Youtube,Reel,Community Campaign,Education,19,371331,790815,648690,56660.0,1815,6307,7629,72411.0,11.162650881006336,174.69319825169458
POST03197,2026-02-04 12:00:00,Linkedin,Carousel,Seasonal Campaign,Community,4,414272,493295,358160,23585.0,733,4419,5096,33833.0,9.446336832700469,86.45527576085277
POST03198,2026-02-04 15:00:00,Linkedin,Reel,Community Campaign,Event,22,446126,415887,257446,6930.0,73,3412,2800,13215.0,5.1331152940810885,57.707015506829904
POST03199,2026-02-04 18:00:00,Instagram,Image,Seasonal Campaign,Brand,22,228115,151133,102641,3561.0,44,1166,821,5592.0,5.44811527557214,44.99528746465599
POST03200,2026-02-04 21:00:00,Instagram,Reel,Educational Series,Brand,7,172287,192112,123961,11637.0,506,1958,2499,16600.0,13.391308556723486,71.95029224491691
POST03201,2026-02-05 00:00:00,Youtube,Reel,Special Campaign,Community,12,243957,235060,163763,11149.0,634,1876,2829,16488.0,10.068208325445918,67.12781350811824
POST03202,2026-02-05 03:00:00,Youtube,Image,Seasonal Campaign,Promotional,14,470167,398444,293051,6924.0,146,3770,3244,14084.0,4.805989401162255,62.32912986236805
POST03203,2026-02-05 06:00:00,Instagram,Text,Special Campaign,Event,1,50375,62406,47976,1315.0,19,401,159,1894.0,3.9478072369518094,95.23771712158809
POST03204,2026-02-05 09:00:00,Linkedin,Image,Brand Awareness,Event,11,423292,285864,241781,8051.0,166,1003,4787,14007.0,5.793259189100881,57.119199039906256
POST03205,2026-02-05 12:00:00,Facebook,Carousel,Festival Campaign,Event,23,268024,270322,234775,17845.0,367,2475,3169,23856.0,10.161218187626451,87.59476763274931
POST03206,2026-02-05 15:00:00,Facebook,Reel,Festival Campaign,Entertainment,7,398756,316861,225574,15601.0,384,1355,1039,18379.0,8.1476588613936,56.5694309301929
POST03207,2026-02-05 18:00:00,Linkedin,Reel,Product Launch,Education,20,392685,405471,235592,17304.0,255,2837,1352,21748.0,9.231213283982479,59.99516151622802
POST03208,2026-02-05 21:00:00,Facebook,Reel,Festival Campaign,Education,18,186321,299444,248230,13561.0,295,3959,4176,21991.0,8.85912258792249,133.22706511880037
POST03209,2026-02-06 00:00:00,Youtube,Reel,Educational Series,Promotional,22,226690,412814,295989,9088.0,509,4833,4445,18875.0,6.376926169553599,130.56994132956902
POST03210,2026-02-06 03:00:00,Facebook,Reel,Event Promotion,Event,0,60664,41251,30577,974.0,53,415,253,1695.0,5.543382280799293,50.40386390610576
POST03211,2026-02-06 06:00:00,Instagram,Reel,Festival Campaign,Event,7,498261,1058721,803069,47212.0,1218,12718,4880,66028.0,8.221958511659645,161.17436443952064
POST03212,2026-02-06 09:00:00,Facebook,Video,Brand Awareness,Brand,9,471501,394049,308837,11358.0,679,3016,6937,21990.0,7.120260849574371,65.5008154807731
POST03213,2026-02-06 12:00:00,Instagram,Reel,Educational Series,Community,12,472175,858658,739764,25249.0,629,8807,4414,39099.0,5.285334241731147,156.67157303965692
POST03214,2026-02-06 15:00:00,Facebook,Image,Festival Campaign,Entertainment,4,485802,254351,224655,7225.0,333,2716,1097,11371.0,5.061538803943825,46.24414885076636
POST03215,2026-02-06 18:00:00,Instagram,Image,Community Campaign,Entertainment,21,58779,74567,65548,3806.0,160,496,1090,5552.0,8.470128760602917,111.51601762534239
POST03216,2026-02-06 21:00:00,Instagram,Image,Seasonal Campaign,Promotional,8,341456,197551,164621,3612.0,47,972,1408,6039.0,3.6684262639638927,48.211482592193434
POST03217,2026-02-07 00:00:00,Instagram,Image,Festival Campaign,Education,9,199170,236752,203899,8605.0,233,2268,3557,14663.0,7.191305499291316,102.37435356730431
POST03218,2026-02-07 03:00:00,Instagram,Reel,Community Campaign,Event,13,31414,56157,31862,2881.0,165,110,438,3594.0,11.279894545226288,101.42611574457247
POST03219,2026-02-07 06:00:00,Facebook,Reel,Educational Series,Community,23,187990,163750,138727,6506.0,81,2607,1060,10254.0,7.391495527186488,73.79488270652695
POST03220,2026-02-07 09:00:00,Facebook,Carousel,Festival Campaign,Promotional,10,429092,582682,335212,13414.0,251,2259,1519,17443.0,5.203572664463086,78.12124206463882
POST03221,2026-02-07 12:00:00,Youtube,Video,Community Campaign,Entertainment,13,275423,198492,161010,14114.0,826,1967,733,17640.0,10.955841252096143,58.45917007657313
POST03222,2026-02-07 15:00:00,Instagram,Reel,Event Promotion,Entertainment,2,143938,312498,190397,14603.0,175,2700,3025,20503.0,10.768552025504603,132.27709152551793
POST03223,2026-02-07 18:00:00,Instagram,Reel,Special Campaign,Entertainment,20,223612,307636,207973,18347.0,593,1022,4093,24055.0,11.566405254528233,93.00618929216678
POST03224,2026-02-07 21:00:00,Instagram,Video,Product Launch,Event,15,291342,509276,312931,14026.0,784,4768,5686,25264.0,8.0733452422419,107.41019145883533
POST03225,2026-02-08 00:00:00,Instagram,Reel,Educational Series,Event,19,113302,203537,143536,14891.0,851,1761,2302,19805.0,13.797932226061754,126.68443628532596
POST03226,2026-02-08 03:00:00,Linkedin,Image,Community Campaign,Event,16,119524,57507,39916,1022.0,60,224,304,1610.0,4.0334702876039685,33.39580335330143
POST03227,2026-02-08 06:00:00,Instagram,Image,Brand Awareness,Brand,4,188501,166732,94507,6610.0,225,1110,2075,10020.0,10.602389241008602,50.13607354868144
POST03228,2026-02-08 09:00:00,Instagram,Reel,Special Campaign,Education,6,385314,618926,520315,50139.0,718,6849,8759,66465.0,12.77399267751266,135.0366194843686
POST03229,2026-02-08 12:00:00,Instagram,Image,Festival Campaign,Entertainment,16,218405,317611,269640,12889.0,626,2964,4926,21405.0,7.938362260792167,123.45871202582359
POST03230,2026-02-08 15:00:00,Instagram,Image,Community Campaign,Entertainment,19,229773,361030,298076,14786.0,672,3997,2362,21817.0,7.319274279042928,129.726295082538
POST03231,2026-02-08 18:00:00,Youtube,Reel,Special Campaign,Brand,21,235863,175585,148661,12852.0,500,713,1301,15366.0,10.336268422787416,63.028537752848045
POST03232,2026-02-08 21:00:00,Facebook,Image,Seasonal Campaign,Entertainment,10,405537,280052,227628,7868.0,428,2406,5227,15929.0,6.997821006203103,56.130020195444565
POST03233,2026-02-09 00:00:00,Instagram,Video,Special Campaign,Entertainment,11,398449,670241,588551,36477.0,2027,8368,7929,54801.0,9.311172693615337,147.71049745387742
POST03234,2026-02-09 03:00:00,Instagram,Image,Community Campaign,Event,23,256381,284569,213921,14274.0,630,2574,3248,20726.0,9.6886233703096,83.43871035685171
POST03235,2026-02-09 06:00:00,Instagram,Reel,Community Campaign,Event,1,278469,626865,472609,14803.0,231,4488,2569,22091.0,4.6742656191481755,169.71691642516762
POST03236,2026-02-09 09:00:00,Instagram,Image,Seasonal Campaign,Education,18,140759,78589,66876,4473.0,66,800,781,6120.0,9.151265027812668,47.5109939684141
POST03237,2026-02-09 12:00:00,Instagram,Carousel,Product Launch,Entertainment,4,90148,106514,71608,4791.0,145,775,1612,7323.0,10.226511004357056,79.43381994054222
POST03238,2026-02-09 15:00:00,Linkedin,Video,Special Campaign,Promotional,10,466125,523016,296826,23576.0,580,1030,6768,31954.0,10.765229461031042,63.679485116653254
POST03239,2026-02-09 18:00:00,Facebook,Carousel,Seasonal Campaign,Entertainment,22,464400,314917,255854,6416.0,106,647,4877,12046.0,4.708153869003416,55.09345391903532
POST03240,2026-02-09 21:00:00,Youtube,Reel,Seasonal Campaign,Entertainment,18,473770,830516,530787,21573.0,874,5699,7963,36109.0,6.802917177700282,112.03474259661861
POST03241,2026-02-10 00:00:00,Youtube,Carousel,Special Campaign,Education,6,128169,86042,61604,4884.0,215,790,1446,7335.0,11.906694370495423,48.06466462249062
POST03242,2026-02-10 03:00:00,Youtube,Carousel,Brand Awareness,Promotional,20,51528,56600,35893,1034.0,46,263,796,2139.0,5.959379266152174,69.6572737152616
POST03243,2026-02-10 06:00:00,Youtube,Reel,Seasonal Campaign,Entertainment,21,423499,712332,597989,44988.0,844,10163,12928,68923.0,11.5257972972747,141.2019863092947
POST03244,2026-02-10 09:00:00,Facebook,Image,Brand Awareness,Community,5,418169,259713,229950,13858.0,350,1737,5150,21095.0,9.173733420308764,54.989729032998625
POST03245,2026-02-10 12:00:00,Facebook,Reel,Event Promotion,Community,10,145728,97841,55696,2452.0,48,169,722,3391.0,6.088408503303648,38.2191480017567
POST03246,2026-02-10 15:00:00,Instagram,Carousel,Special Campaign,Promotional,13,106234,195029,123195,8010.0,320,1896,1793,12019.0,9.756077762896222,115.96569836398893
POST03247,2026-02-10 18:00:00,Youtube,Reel,Seasonal Campaign,Community,3,204887,414233,255311,7943.0,304,2776,3147,14170.0,5.550093807160678,124.61063903517548
POST03248,2026-02-10 21:00:00,Youtube,Image,Product Launch,Event,7,341265,481902,378592,17011.0,598,3561,7299,28469.0,7.519704589637394,110.93783423439262
POST03249,2026-02-11 00:00:00,Linkedin,Text,Seasonal Campaign,Event,8,190891,169339,118543,3562.0,88,408,1899,5957.0,5.025180736104199,62.09983707979947
POST03250,2026-02-11 03:00:00,Facebook,Video,Community Campaign,Promotional,1,261921,193683,137455,9689.0,211,967,623,11490.0,8.359099341602706,52.47956444882236
POST03251,2026-02-11 06:00:00,Youtube,Text,Educational Series,Entertainment,10,304160,165057,99855,5492.0,299,621,599,7011.0,7.021180712032447,32.82976065228827
POST03252,2026-02-11 09:00:00,Instagram,Text,Product Launch,Promotional,19,426464,205040,142535,2942.0,36,1403,1030,5411.0,3.7962605675798926,33.42251632025212
POST03253,2026-02-11 12:00:00,Facebook,Reel,Seasonal Campaign,Community,21,140184,228280,149781,9155.0,392,647,2658,12852.0,8.580527570252569,106.84600239684985
POST03254,2026-02-11 15:00:00,Instagram,Carousel,Product Launch,Promotional,6,430492,679523,519099,24740.0,271,6619,2811,34441.0,6.634765237459521,120.58272859890545
POST03255,2026-02-11 18:00:00,Instagram,Image,Special Campaign,Community,3,116544,142640,89297,3168.0,62,766,1330,5326.0,5.964366104124438,76.62084706205383
POST03256,2026-02-11 21:00:00,Instagram,Video,Brand Awareness,Event,23,248821,511539,391421,22926.0,561,3990,8414,35891.0,9.16941094116054,157.31027525811726
POST03257,2026-02-12 00:00:00,Facebook,Reel,Event Promotion,Promotional,13,168427,211854,144529,13686.0,743,2516,3446,20391.0,14.108587203952148,85.8110635468185
POST03258,2026-02-12 03:00:00,Instagram,Text,Event Promotion,Brand,23,495238,280679,188392,11080.0,187,499,2340,14106.0,7.487579090407236,38.04069962321147
POST03259,2026-02-12 06:00:00,Instagram,Carousel,Special Campaign,Community,0,493891,421214,276714,5860.0,333,4323,4077,14593.0,5.273676069877202,56.0273420653545
POST03260,2026-02-12 09:00:00,Linkedin,Video,Special Campaign,Brand,23,199348,120983,95073,7340.0,372,1495,2024,11231.0,11.81302788383663,47.69197584124245
POST03261,2026-02-12 12:00:00,Instagram,Reel,Product Launch,Event,11,340595,429131,320494,23708.0,1042,2597,7559,34906.0,10.8913115378135,94.0982692053612
POST03262,2026-02-12 15:00:00,Youtube,Reel,Special Campaign,Entertainment,18,41529,52230,44296,4587.0,140,453,512,5692.0,12.84991872855337,106.66281393724869
POST03263,2026-02-12 18:00:00,Youtube,Video,Product Launch,Community,4,187086,320258,203224,6193.0,342,567,2188,9290.0,4.571310475140732,108.62597949606064
POST03264,2026-02-12 21:00:00,Instagram,Reel,Special Campaign,Entertainment,7,140542,151554,85482,7632.0,277,984,1104,9997.0,11.694859736552726,60.82309914473966
POST03265,2026-02-13 00:00:00,Facebook,Video,Seasonal Campaign,Event,10,302240,399982,245472,22397.0,639,2686,2107,27829.0,11.336934558727675,81.21757543673903
POST03266,2026-02-13 03:00:00,Instagram,Reel,Special Campaign,Entertainment,21,115653,178836,119851,11642.0,457,2188,2626,16913.0,14.111688680111136,103.62982369674802
POST03267,2026-02-13 06:00:00,Youtube,Carousel,Festival Campaign,Community,3,459949,796680,488268,27497.0,594,3610,4882,36583.0,7.492401713812906,106.15698697029454
POST03268,2026-02-13 09:00:00,Youtube,Image,Community Campaign,Education,14,23417,29594,17141,611.0,14,145,220,990.0,5.775625692783385,73.19895802194986
POST03269,2026-02-13 12:00:00,Facebook,Carousel,Brand Awareness,Community,19,91981,127684,90128,5526.0,309,1100,904,7839.0,8.697630037280312,97.98545351757429
POST03270,2026-02-13 15:00:00,Facebook,Carousel,Community Campaign,Community,11,90953,72400,56973,2295.0,114,592,319,3320.0,5.8273217137942535,62.64004485833342
POST03271,2026-02-13 18:00:00,Instagram,Reel,Educational Series,Brand,19,35494,34498,28048,1631.0,58,146,458,2293.0,8.175270964061609,79.02180650250746
POST03272,2026-02-13 21:00:00,Instagram,Reel,Educational Series,Education,21,393814,617971,426124,25894.0,798,2345,6787,35824.0,8.406942580094057,108.20438074827203
POST03273,2026-02-14 00:00:00,Facebook,Reel,Event Promotion,Education,22,400983,292862,210074,10409.0,524,1037,1993,13963.0,6.646705446652132,52.3897521840078
POST03274,2026-02-14 03:00:00,Youtube,Image,Brand Awareness,Education,20,426518,419065,341292,12443.0,479,1483,1259,15664.0,4.5896182740878775,80.01819383941591
POST03275,2026-02-14 06:00:00,Facebook,Image,Community Campaign,Community,9,75669,47191,31780,584.0,17,179,750,1530.0,4.814348646947765,41.99870488575242
POST03276,2026-02-14 09:00:00,Facebook,Carousel,Event Promotion,Event,23,449643,421108,347274,13792.0,493,4235,3758,22278.0,6.415107379187615,77.23327172890492
POST03277,2026-02-14 12:00:00,Facebook,Image,Educational Series,Education,15,475486,558318,496111,21583.0,466,1246,7368,30663.0,6.180673276746535,104.33766714477397
POST03278,2026-02-14 15:00:00,Youtube,Image,Product Launch,Promotional,22,340407,265906,228192,6239.0,125,2601,1406,10371.0,4.544856962557846,67.03504922049194
POST03279,2026-02-14 18:00:00,Instagram,Image,Brand Awareness,Entertainment,7,322418,520030,368575,22667.0,1347,1795,3142,28951.0,7.854846367767754,114.31588807076527
POST03280,2026-02-14 21:00:00,Facebook,Reel,Brand Awareness,Event,19,401384,342507,257850,17517.0,1024,3343,3242,25126.0,9.744425053325577,64.2402288083232
POST03281,2026-02-15 00:00:00,Youtube,Reel,Special Campaign,Promotional,7,442019,447586,358404,31511.0,978,4279,5508,42276.0,11.795627280945526,81.08339234286309
POST03282,2026-02-15 03:00:00,Instagram,Text,Special Campaign,Community,5,180236,169477,113931,2365.0,84,341,2482,5272.0,4.627362175351748,63.21212188464014
POST03283,2026-02-15 06:00:00,Linkedin,Video,Community Campaign,Community,2,58441,75293,62473,5190.0,266,429,586,6471.0,10.358074688265331,106.89926592631885
POST03284,2026-02-15 09:00:00,Linkedin,Reel,Special Campaign,Promotional,7,83327,108282,76113,7667.0,354,578,1688,10287.0,13.515431003902092,91.34254203319452
POST03285,2026-02-15 12:00:00,Youtube,Image,Special Campaign,Brand,22,382605,463450,392261,14526.0,217,3569,5133,23445.0,5.976887837434769,102.52375164987389
POST03286,2026-02-15 15:00:00,Instagram,Video,Seasonal Campaign,Brand,9,266341,300164,191851,8526.0,244,2820,2401,13991.0,7.292638558047651,72.03209419503568
POST03287,2026-02-15 18:00:00,Instagram,Image,Festival Campaign,Promotional,4,119099,67209,37232,1970.0,44,501,436,2951.0,7.925977653631285,31.26138758511826
POST03288,2026-02-15 21:00:00,Facebook,Reel,Community Campaign,Brand,10,96925,75043,57891,4376.0,260,244,1302,6182.0,10.678689260852291,59.7276244518958
POST03289,2026-02-16 00:00:00,Linkedin,Reel,Special Campaign,Entertainment,3,333179,294347,208445,7248.0,343,3848,1776,13215.0,6.339801866199717,62.56246642195337
POST03290,2026-02-16 03:00:00,Instagram,Image,Product Launch,Entertainment,16,392007,623063,355730,24205.0,299,2977,7776,35257.0,9.911168582914009,90.7458285183683
POST03291,2026-02-16 06:00:00,Instagram,Text,Seasonal Campaign,Community,2,295634,377761,272238,9952.0,547,1355,1350,13204.0,4.850167867821539,92.08616059045983
POST03292,2026-02-16 09:00:00,Linkedin,Carousel,Seasonal Campaign,Brand,17,26044,15327,9334,645.0,36,55,224,960.0,10.284979644311122,35.83934879434803
POST03293,2026-02-16 12:00:00,Instagram,Reel,Seasonal Campaign,Education,7,454985,869918,670195,36208.0,965,4110,9427,50710.0,7.566454539350488,147.30046045474026
POST03294,2026-02-16 15:00:00,Youtube,Reel,Product Launch,Promotional,23,309653,477792,337209,15646.0,658,4051,8422,28777.0,8.533876616579034,108.89899338937457
POST03295,2026-02-16 18:00:00,Linkedin,Video,Event Promotion,Entertainment,11,47844,25254,15402,493.0,21,264,252,1030.0,6.687443189196209,32.19212440431402
POST03296,2026-02-16 21:00:00,Instagram,Video,Brand Awareness,Brand,20,344356,432254,300061,13132.0,610,1572,1676,16990.0,5.6621820229886595,87.13685836750341
POST03297,2026-02-17 00:00:00,Facebook,Carousel,Event Promotion,Brand,15,434820,405182,255851,21385.0,955,2060,1110,25510.0,9.970646978123986,58.84066970240559
POST03298,2026-02-17 03:00:00,Instagram,Carousel,Product Launch,Entertainment,13,440776,648444,504868,31529.0,1197,2465,3662,38853.0,7.695674909085147,114.54071909541355
POST03299,2026-02-17 06:00:00,Instagram,Reel,Festival Campaign,Entertainment,20,479324,594386,388312,34411.0,1985,2162,4762,43320.0,11.155977667442675,81.01242583304821
POST03300,2026-02-17 09:00:00,Facebook,Video,Brand Awareness,Education,15,152278,235806,197536,18373.0,654,3145,3839,26011.0,13.167726389113882,129.7206425090952
POST03301,2026-02-17 12:00:00,Youtube,Video,Product Launch,Brand,3,396731,498484,276637,8212.0,127,1794,834,10967.0,3.9644010020351583,69.72911116096296
POST03302,2026-02-17 15:00:00,Linkedin,Reel,Festival Campaign,Brand,0,360776,280853,194124,7540.0,105,1318,1681,10644.0,5.483093280583544,53.80734860412001
POST03303,2026-02-17 18:00:00,Youtube,Carousel,Community Campaign,Event,0,180622,170321,130462,10366.0,113,1894,2077,14450.0,11.076022136714139,72.22929654194948
POST03304,2026-02-17 21:00:00,Instagram,Reel,Educational Series,Community,21,72232,141064,78701,5511.0,173,718,751,7153.0,9.088829875096886,108.95586443681471
POST03305,2026-02-18 00:00:00,Instagram,Reel,Seasonal Campaign,Education,14,317372,564555,353154,26669.0,631,970,3832,32102.0,9.090085345203509,111.27446655659605
POST03306,2026-02-18 03:00:00,Instagram,Reel,Special Campaign,Entertainment,19,275693,534237,355052,21074.0,1154,5250,3414,30892.0,8.70069736263984,128.78527927803754
POST03307,2026-02-18 06:00:00,Instagram,Reel,Product Launch,Entertainment,19,105925,130928,73011,6536.0,348,827,1750,9461.0,12.958321348837845,68.92707104083078
POST03308,2026-02-18 09:00:00,Instagram,Reel,Educational Series,Promotional,2,319837,412552,305842,20291.0,1052,4796,1360,27499.0,8.99124384486107,95.6243336449504
POST03309,2026-02-18 12:00:00,Instagram,Image,Event Promotion,Community,13,104533,101235,78032,4885.0,260,661,1792,7598.0,9.737030961656757,74.64819722001664
POST03310,2026-02-18 15:00:00,Youtube,Image,Educational Series,Entertainment,8,382163,260523,164033,11741.0,292,969,1658,14660.0,8.937226045978552,42.9222609200786
POST03311,2026-02-18 18:00:00,Facebook,Image,Product Launch,Brand,18,263815,254514,188396,9970.0,312,485,1587,12354.0,6.557464065054459,71.41216382692417
POST03312,2026-02-18 21:00:00,Facebook,Reel,Educational Series,Entertainment,7,107165,103986,93555,6291.0,160,1612,2098,10161.0,10.860990860990862,87.2999580086782
POST03313,2026-02-19 00:00:00,Facebook,Reel,Seasonal Campaign,Brand,1,54337,52527,45195,2462.0,35,275,421,3193.0,7.064940812036729,83.17536853341186
POST03314,2026-02-19 03:00:00,Instagram,Carousel,Brand Awareness,Brand,3,37060,35925,20496,681.0,38,314,506,1539.0,7.508782201405152,55.304910955207774
POST03315,2026-02-19 06:00:00,Instagram,Image,Product Launch,Education,0,262608,270237,160725,8592.0,350,751,2420,12113.0,7.5364753460880385,61.203390605008224
POST03316,2026-02-19 09:00:00,Facebook,Reel,Festival Campaign,Entertainment,10,456009,678638,490683,15155.0,251,8134,6614,30154.0,6.145311738943473,107.60379729347447
POST03317,2026-02-19 12:00:00,Youtube,Video,Educational Series,Education,4,231213,407629,259178,24065.0,488,3811,6345,34709.0,13.39195456404479,112.0949081582783
POST03318,2026-02-19 15:00:00,Instagram,Carousel,Brand Awareness,Community,1,186353,306304,177147,10946.0,356,1490,1415,14207.0,8.019893083145636,95.05991317553246
POST03319,2026-02-19 18:00:00,Facebook,Video,Seasonal Campaign,Brand,12,192832,233498,149227,13889.0,174,1293,3431,18787.0,12.589544787471436,77.38705194158646
POST03320,2026-02-19 21:00:00,Facebook,Image,Event Promotion,Community,16,488085,308541,176304,5765.0,136,1768,2823,10492.0,5.951084490425628,36.12157718430192
POST03321,2026-02-20 00:00:00,Youtube,Reel,Event Promotion,Entertainment,16,68993,121830,89602,8944.0,404,1033,1757,12138.0,13.546572621146849,129.87114634818025
POST03322,2026-02-20 03:00:00,Instagram,Carousel,Seasonal Campaign,Community,17,99459,67591,48772,2905.0,162,523,770,4360.0,8.939555482653983,49.03729174835862
POST03323,2026-02-20 06:00:00,Facebook,Reel,Educational Series,Community,20,448015,680462,375760,33518.0,1891,3963,6241,45613.0,12.138865233127529,83.8721917792931
POST03324,2026-02-20 09:00:00,Youtube,Image,Event Promotion,Entertainment,8,463876,587928,422650,11691.0,420,3515,2708,18334.0,4.337868212468946,91.11271115556744
POST03325,2026-02-20 12:00:00,Facebook,Reel,Festival Campaign,Education,5,389750,533529,390506,25386.0,650,2263,2474,30773.0,7.8802886511346815,100.19397049390635
POST03326,2026-02-20 15:00:00,Facebook,Video,Product Launch,Education,19,483081,311954,237707,15442.0,865,775,2790,19872.0,8.359871606641791,49.20644777997893
POST03327,2026-02-20 18:00:00,Facebook,Reel,Brand Awareness,Brand,2,397744,696803,619830,35108.0,1731,5339,6582,48760.0,7.866673120049046,155.83641739410274
POST03328,2026-02-20 21:00:00,Youtube,Text,Community Campaign,Brand,7,287466,297969,266367,7030.0,276,1609,4971,13886.0,5.213108230373883,92.66034939784184
POST03329,2026-02-21 00:00:00,Instagram,Video,Educational Series,Entertainment,2,250431,445296,327036,29153.0,1508,5407,6181,42249.0,12.918761237294976,130.58926410867664
POST03330,2026-02-21 03:00:00,Facebook,Image,Event Promotion,Entertainment,0,273390,124897,105639,2386.0,78,701,1627,4792.0,4.536203485455182,38.64040381872051
POST03331,2026-02-21 06:00:00,Facebook,Carousel,Product Launch,Event,19,190947,162166,94025,2886.0,45,754,1113,4798.0,5.102898165381547,49.241412538557825
POST03332,2026-02-21 09:00:00,Facebook,Carousel,Community Campaign,Event,12,58438,32370,23821,981.0,55,269,426,1731.0,7.266697451828219,40.7628597830179
POST03333,2026-02-21 12:00:00,Instagram,Video,Festival Campaign,Promotional,20,196221,243293,191621,17288.0,634,1078,3472,22472.0,11.727315899614343,97.65570453723097
POST03334,2026-02-21 15:00:00,Instagram,Image,Event Promotion,Brand,4,99369,114882,85892,4162.0,186,1030,1786,7164.0,8.340706934289573,86.43742012096328
POST03335,2026-02-21 18:00:00,Linkedin,Video,Event Promotion,Community,15,300278,397483,250713,12753.0,377,2274,5229,20633.0,8.229728813424114,83.49362923690713
POST03336,2026-02-21 21:00:00,Facebook,Image,Brand Awareness,Promotional,20,289719,183733,105082,4176.0,70,1333,476,6055.0,5.762166688871548,36.27031710036277
POST03337,2026-02-22 00:00:00,Linkedin,Text,Festival Campaign,Promotional,23,96899,65314,44761,2358.0,55,185,502,3100.0,6.925671901878867,46.19345916882527
POST03338,2026-02-22 03:00:00,Facebook,Image,Festival Campaign,Education,15,370451,199438,154898,3012.0,36,1122,1895,6065.0,3.9154798641686783,41.81335723213056
POST03339,2026-02-22 06:00:00,Youtube,Image,Educational Series,Community,23,114265,96602,86661,1612.0,23,944,1874,4453.0,5.13841289622783,75.84212138450094
POST03340,2026-02-22 09:00:00,Facebook,Video,Community Campaign,Education,11,186852,292052,184806,5048.0,102,2046,2594,9790.0,5.2974470525848725,98.90501573437801
POST03341,2026-02-22 12:00:00,Linkedin,Video,Brand Awareness,Event,12,301956,361663,315090,18206.0,692,4006,4333,27237.0,8.644196896124917,104.34964034495091
POST03342,2026-02-22 15:00:00,Youtube,Image,Educational Series,Promotional,3,64522,66802,38337,1893.0,112,194,582,2781.0,7.254088739337976,59.4169430581817
POST03343,2026-02-22 18:00:00,Facebook,Reel,Brand Awareness,Event,8,108383,95321,83486,6237.0,325,680,484,7726.0,9.25424622092327,77.02868531042691
POST03344,2026-02-22 21:00:00,Instagram,Image,Festival Campaign,Community,15,483890,459735,386788,22233.0,317,2993,5970,31513.0,8.147357208600061,79.93304263365641
POST03345,2026-02-23 00:00:00,Youtube,Text,Brand Awareness,Community,0,307076,166365,92720,2182.0,113,322,1403,4020.0,4.3356341673856775,30.194479542523673
POST03346,2026-02-23 03:00:00,Facebook,Video,Brand Awareness,Brand,4,272020,250732,164070,7036.0,259,717,3215,11227.0,6.8428109953068805,60.31541798397176
POST03347,2026-02-23 06:00:00,Instagram,Video,Brand Awareness,Entertainment,20,238247,223216,126749,5264.0,226,1972,2148,9610.0,7.581913861253343,53.2006698930102
POST03348,2026-02-23 09:00:00,Instagram,Reel,Special Campaign,Education,4,68966,139358,125202,4712.0,77,1965,3006,9760.0,7.795402629350969,181.54162920859554
POST03349,2026-02-23 12:00:00,Instagram,Image,Product Launch,Brand,23,65580,41133,28782,897.0,26,365,137,1425.0,4.951011048572025,43.888380603842634
POST03350,2026-02-23 15:00:00,Instagram,Carousel,Product Launch,Brand,18,262788,228271,178453,10646.0,577,1803,3564,16590.0,9.296565482227813,67.90759090978278
POST03351,2026-02-23 18:00:00,Instagram,Video,Community Campaign,Education,8,207771,356385,225223,11347.0,354,2017,4399,18117.0,8.044027474991452,108.39963228747034
POST03352,2026-02-23 21:00:00,Youtube,Reel,Community Campaign,Education,7,191162,383394,336162,28875.0,472,1459,3000,33806.0,10.056460873031455,175.85189525114825
POST03353,2026-02-24 00:00:00,Linkedin,Video,Seasonal Campaign,Community,18,390257,548704,354441,22195.0,567,5553,6510,34825.0,9.825330590986935,90.82245802125266
POST03354,2026-02-24 03:00:00,Youtube,Image,Festival Campaign,Community,17,308343,407833,261451,7699.0,162,1866,4576,14303.0,5.470623558525307,84.79226056696601
POST03355,2026-02-24 06:00:00,Instagram,Reel,Brand Awareness,Promotional,14,123528,137103,90503,5652.0,250,1093,866,7861.0,8.685899914919947,73.26517064956933
POST03356,2026-02-24 09:00:00,Instagram,Reel,Festival Campaign,Event,3,486703,596556,424671,30696.0,1705,3354,8036,43791.0,10.311747211370685,87.25465016652866
POST03357,2026-02-24 12:00:00,Facebook,Reel,Product Launch,Community,14,164909,264477,147177,13770.0,642,1685,3454,19551.0,13.284004973603212,89.24740311323215
POST03358,2026-02-24 15:00:00,Instagram,Image,Special Campaign,Brand,12,195231,292940,222412,14016.0,731,2434,2160,19341.0,8.696023595849145,113.92248157311083
POST03359,2026-02-24 18:00:00,Facebook,Reel,Brand Awareness,Promotional,17,32688,43624,24476,1450.0,72,358,601,2481.0,10.136460205916,74.87763093489966
POST03360,2026-02-24 21:00:00,Facebook,Reel,Educational Series,Promotional,19,423003,402681,297468,22761.0,244,5744,2360,31109.0,10.457931609450428,70.32290551130843
POST03361,2026-02-25 00:00:00,Facebook,Video,Product Launch,Brand,4,447973,350306,248808,11306.0,183,2520,1483,15492.0,6.226487894279926,55.54084732785235
POST03362,2026-02-25 03:00:00,Instagram,Reel,Product Launch,Community,17,276738,583795,370646,27937.0,870,4281,1740,34828.0,9.396567074782947,133.93390137964428
POST03363,2026-02-25 06:00:00,Facebook,Reel,Product Launch,Brand,7,110640,91294,60748,5904.0,92,212,467,6675.0,10.988016066372555,54.906001446131604
POST03364,2026-02-25 09:00:00,Instagram,Image,Seasonal Campaign,Entertainment,0,219212,275055,219213,11338.0,530,1393,2309,15570.0,7.102680954140493,100.00045617940623
POST03365,2026-02-25 12:00:00,Linkedin,Image,Brand Awareness,Community,18,80539,85123,47103,1620.0,21,592,901,3134.0,6.653504023098317,58.48470927128472
POST03366,2026-02-25 15:00:00,Facebook,Video,Community Campaign,Event,22,268167,349076,230678,16232.0,500,1814,1057,19603.0,8.497992873182532,86.02027840860359
POST03367,2026-02-25 18:00:00,Instagram,Image,Event Promotion,Brand,16,151135,123671,97465,6505.0,192,1049,1380,9126.0,9.36336120658698,64.48870215370364
POST03368,2026-02-25 21:00:00,Instagram,Video,Educational Series,Community,1,359832,405461,244612,8284.0,307,4317,3525,16433.0,6.7179860350269,67.97950154516552
POST03369,2026-02-26 00:00:00,Instagram,Carousel,Educational Series,Education,18,104732,78239,58376,3000.0,124,223,467,3814.0,6.533506920652322,55.7384562502387
POST03370,2026-02-26 03:00:00,Facebook,Reel,Festival Campaign,Entertainment,15,456997,634265,386347,19719.0,1130,3185,1545,25579.0,6.620732139760372,84.54037991496662
POST03371,2026-02-26 06:00:00,Instagram,Reel,Brand Awareness,Event,17,253403,402596,243235,10905.0,256,2582,1934,15677.0,6.445207309803276,95.98741924918016
POST03372,2026-02-26 09:00:00,Youtube,Image,Community Campaign,Community,1,166031,116123,95255,3752.0,162,436,768,5118.0,5.372946302031389,57.37181610663069
POST03373,2026-02-26 12:00:00,Instagram,Image,Product Launch,Education,5,249477,196059,126121,4953.0,58,245,2287,7543.0,5.980764503928767,50.55415930125823
POST03374,2026-02-26 15:00:00,Facebook,Carousel,Event Promotion,Community,6,182352,87716,59780,2047.0,20,507,486,3060.0,5.118768819003011,32.78274984645082
POST03375,2026-02-26 18:00:00,Facebook,Image,Brand Awareness,Education,5,457474,547834,441283,17561.0,197,3564,4627,25949.0,5.88035342399322,96.4607824706978
POST03376,2026-02-26 21:00:00,Facebook,Image,Brand Awareness,Event,5,277046,298016,182633,9537.0,309,1665,738,12249.0,6.70689305875718,65.92154371476217
POST03377,2026-02-27 00:00:00,Facebook,Reel,Seasonal Campaign,Entertainment,8,178539,186783,137492,3850.0,145,2279,2299,8573.0,6.235271870363366,77.00950492609458
POST03378,2026-02-27 03:00:00,Instagram,Reel,Community Campaign,Education,7,429272,968394,843700,87035.0,897,5801,11331,105064.0,12.45276757141164,196.54205259136398
POST03379,2026-02-27 06:00:00,Instagram,Image,Event Promotion,Promotional,23,23135,29411,21877,743.0,22,55,231,1051.0,4.8041321936280115,94.56235141560406
POST03380,2026-02-27 09:00:00,Facebook,Image,Product Launch,Event,21,299708,303809,172288,8903.0,107,491,3181,12682.0,7.3609305349182765,57.48528567805998
POST03381,2026-02-27 12:00:00,Instagram,Image,Brand Awareness,Event,20,345402,440163,332936,11090.0,473,2536,5995,20094.0,6.035394189874331,96.39087208528035
POST03382,2026-02-27 15:00:00,Youtube,Reel,Educational Series,Brand,8,123813,222528,129411,7337.0,304,2353,1321,11315.0,8.743460756813564,104.52133459329795
POST03383,2026-02-27 18:00:00,Instagram,Carousel,Special Campaign,Entertainment,11,477876,403988,262084,14572.0,717,4064,4876,24229.0,9.244745959310755,54.84351589115168
POST03384,2026-02-27 21:00:00,Instagram,Video,Educational Series,Promotional,17,309606,473651,401365,27314.0,1019,2247,4278,34858.0,8.684862905335542,129.6373455294794
POST03385,2026-02-28 00:00:00,Instagram,Reel,Event Promotion,Promotional,22,76682,161417,89404,7697.0,316,462,704,9179.0,10.266878439443424,116.59059492449335
POST03386,2026-02-28 03:00:00,Linkedin,Image,Special Campaign,Brand,5,22728,8501,4904,297.0,7,29,92,425.0,8.666394779771615,21.576909538894757
POST03387,2026-02-28 06:00:00,Instagram,Text,Product Launch,Education,22,158703,89048,60301,2312.0,32,363,1146,3853.0,6.3896121125686145,37.99613113803772
POST03388,2026-02-28 09:00:00,Youtube,Reel,Event Promotion,Education,3,424100,452202,406886,12982.0,608,6614,8970,29174.0,7.170067291575527,95.94105163876443
POST03389,2026-02-28 12:00:00,Instagram,Image,Brand Awareness,Promotional,6,307118,263600,171907,8272.0,335,1867,2410,12884.0,7.494750068350911,55.974250939378344
POST03390,2026-02-28 15:00:00,Facebook,Reel,Seasonal Campaign,Entertainment,17,397236,317297,191979,12142.0,691,3492,1557,17882.0,9.314560446715527,48.328701326163795
POST03391,2026-02-28 18:00:00,Instagram,Carousel,Seasonal Campaign,Education,19,383321,543034,403092,13934.0,828,5567,8630,28959.0,7.184216010240839,105.15781812110477
POST03392,2026-02-28 21:00:00,Linkedin,Reel,Educational Series,Event,4,395939,326958,239248,6410.0,335,2396,1637,10778.0,4.504948839697719,60.42546957991004
POST03393,2026-03-01 00:00:00,Linkedin,Text,Seasonal Campaign,Community,17,449252,177391,125480,3666.0,217,211,2967,7061.0,5.6271915843162255,27.93087176017024
POST03394,2026-03-01 03:00:00,Instagram,Carousel,Festival Campaign,Brand,9,104614,185307,163316,6099.0,258,870,1591,8818.0,5.399348502290039,156.11294855373086
POST03395,2026-03-01 06:00:00,Linkedin,Video,Event Promotion,Entertainment,7,161346,185101,119955,7049.0,102,1429,409,8989.0,7.493643449626944,74.34643561042728
POST03396,2026-03-01 09:00:00,Linkedin,Carousel,Seasonal Campaign,Education,0,432067,270771,176722,12190.0,176,1580,1256,15202.0,8.6022113828499,40.90152684653074
POST03397,2026-03-01 12:00:00,Facebook,Image,Festival Campaign,Community,14,343960,239868,143702,5993.0,301,662,1742,8698.0,6.052803718806976,41.778695197115944
POST03398,2026-03-01 15:00:00,Facebook,Image,Festival Campaign,Promotional,2,68526,68871,54687,3794.0,82,182,230,4288.0,7.840985974728912,79.80474564398914
POST03399,2026-03-01 18:00:00,Instagram,Video,Community Campaign,Brand,14,73467,136568,90473,3612.0,47,522,1086,5267.0,5.821626341560465,123.14780785931099
POST03400,2026-03-01 21:00:00,Youtube,Text,Educational Series,Education,13,398753,222528,184911,4612.0,155,745,1380,6892.0,3.7271984900844193,46.3723156941766
POST03401,2026-03-02 00:00:00,Instagram,Image,Event Promotion,Promotional,0,482711,748927,666631,33758.0,868,7964,2277,44867.0,6.730410076939116,138.10147272384512
POST03402,2026-03-02 03:00:00,Instagram,Text,Festival Campaign,Education,20,239832,277424,156824,8677.0,341,1321,1502,11841.0,7.550502474111105,65.38910570732847
POST03403,2026-03-02 06:00:00,Linkedin,Image,Brand Awareness,Brand,7,406564,397174,356500,19350.0,774,2945,2844,25913.0,7.268723702664796,87.68607156560837
POST03404,2026-03-02 09:00:00,Instagram,Image,Seasonal Campaign,Event,6,361574,251426,160645,8735.0,384,328,1965,11412.0,7.10386255407887,44.429356093081914
POST03405,2026-03-02 12:00:00,Facebook,Image,Community Campaign,Event,8,46965,24474,17059,1049.0,40,194,336,1619.0,9.490591476639896,36.322793569679554
POST03406,2026-03-02 15:00:00,Facebook,Reel,Product Launch,Community,17,181630,171146,140717,10998.0,319,1679,2000,14996.0,10.656850273954106,77.47453614490998
POST03407,2026-03-02 18:00:00,Linkedin,Reel,Seasonal Campaign,Promotional,11,79807,46865,36689,3126.0,34,484,730,4374.0,11.921829431164655,45.972157830766726
POST03408,2026-03-02 21:00:00,Linkedin,Reel,Seasonal Campaign,Event,7,273383,168051,138214,12931.0,714,512,1438,15595.0,11.283227458868133,50.55691100031824
POST03409,2026-03-03 00:00:00,Instagram,Image,Seasonal Campaign,Brand,7,334664,232478,165807,3055.0,80,1879,545,5559.0,3.352693191481662,49.54431907823967
POST03410,2026-03-03 03:00:00,Instagram,Image,Community Campaign,Promotional,5,457161,598617,521170,34305.0,1212,6011,12136,53664.0,10.296832127712646,114.00141306891882
POST03411,2026-03-03 06:00:00,Youtube,Image,Product Launch,Education,2,494442,259546,214509,6354.0,240,2603,2128,11325.0,5.279498762289695,43.384057179608526
POST03412,2026-03-03 09:00:00,Instagram,Text,Educational Series,Entertainment,1,208096,109233,71900,4029.0,103,478,1049,5659.0,7.870653685674547,34.551360910349075
POST03413,2026-03-03 12:00:00,Instagram,Image,Event Promotion,Education,13,150030,234004,206384,6681.0,169,1322,2749,10921.0,5.291592371501666,137.56182096913952
POST03414,2026-03-03 15:00:00,Instagram,Image,Event Promotion,Brand,7,118983,75000,66477,2830.0,65,176,1052,4123.0,6.202145102817515,55.87100678248154
POST03415,2026-03-03 18:00:00,Facebook,Reel,Product Launch,Community,5,142194,172599,120002,11861.0,262,705,2696,15524.0,12.936451059149014,84.39315301630167
POST03416,2026-03-03 21:00:00,Youtube,Reel,Special Campaign,Promotional,3,102667,167745,130536,4511.0,51,837,2882,8281.0,6.343843843843844,127.14504173687749
POST03417,2026-03-04 00:00:00,Instagram,Video,Seasonal Campaign,Education,4,430921,905095,755907,58704.0,3398,2553,18582,83237.0,11.011539779364393,175.41660768447116
POST03418,2026-03-04 03:00:00,Facebook,Image,Brand Awareness,Promotional,20,208151,236009,197316,7733.0,307,711,2885,11636.0,5.897139613614709,94.79464427266744
POST03419,2026-03-04 06:00:00,Instagram,Video,Product Launch,Event,12,466116,631392,350386,9017.0,138,5688,8161,23004.0,6.565330806596154,75.17141655725185
POST03420,2026-03-04 09:00:00,Instagram,Reel,Product Launch,Entertainment,8,149335,335970,258748,25681.0,1016,3057,3522,33276.0,12.860389259047414,173.26681621856898
POST03421,2026-03-04 12:00:00,Facebook,Image,Event Promotion,Brand,12,461926,348816,310723,7570.0,163,3338,1235,12306.0,3.9604406497105136,67.266834947589
POST03422,2026-03-04 15:00:00,Facebook,Reel,Festival Campaign,Education,8,65110,89122,56233,4857.0,124,407,349,5737.0,10.20219444098661,86.36614959299646
POST03423,2026-03-04 18:00:00,Facebook,Reel,Brand Awareness,Entertainment,23,413176,367206,304216,17027.0,852,1482,3147,22508.0,7.398690404186499,73.62867155885144
POST03424,2026-03-04 21:00:00,Instagram,Reel,Event Promotion,Brand,23,286933,508779,374963,33456.0,1816,3340,7109,45721.0,12.19346975568256,130.6796360125883
POST03425,2026-03-05 00:00:00,Facebook,Reel,Community Campaign,Brand,15,282677,343362,215464,18211.0,819,3447,1032,23509.0,10.91087142167601,76.22268525560976
POST03426,2026-03-05 03:00:00,Facebook,Reel,Product Launch,Community,11,333114,431380,244964,18468.0,1045,1867,2683,24063.0,9.823076043826848,73.53758773272814
POST03427,2026-03-05 06:00:00,Youtube,Reel,Special Campaign,Event,1,48776,82489,67308,6680.0,369,407,1656,9112.0,13.537766684495157,137.99409545678202
POST03428,2026-03-05 09:00:00,Facebook,Text,Festival Campaign,Community,18,461518,209797,138626,2696.0,101,238,2812,5847.0,4.217823496313823,30.03696497211376
POST03429,2026-03-05 12:00:00,Linkedin,Reel,Brand Awareness,Community,15,300869,250718,170853,15084.0,835,2245,2662,20826.0,12.189425997787572,56.78650841396089
POST03430,2026-03-05 15:00:00,Youtube,Reel,Educational Series,Promotional,23,84367,149146,107359,8408.0,313,1069,467,10257.0,9.553926545515514,127.25236170540614
POST03431,2026-03-05 18:00:00,Youtube,Reel,Brand Awareness,Promotional,12,354374,336396,244734,12370.0,188,1706,812,15076.0,6.1601575588189625,69.06093562168782
POST03432,2026-03-05 21:00:00,Linkedin,Image,Brand Awareness,Entertainment,4,90542,55036,34241,1625.0,83,269,182,2159.0,6.3053065038988345,37.8178083099556
POST03433,2026-03-06 00:00:00,Facebook,Reel,Seasonal Campaign,Event,22,112534,153584,120521,9193.0,152,1740,1228,12313.0,10.21647679657487,107.09741056036397
POST03434,2026-03-06 03:00:00,Youtube,Video,Product Launch,Brand,23,384993,730600,578919,44583.0,1150,3624,9459,58816.0,10.159625094356896,150.37130545230693
POST03435,2026-03-06 06:00:00,Facebook,Text,Product Launch,Event,5,455644,176939,106128,2485.0,72,789,779,4125.0,3.8868159203980097,23.291868212903054
POST03436,2026-03-06 09:00:00,Instagram,Reel,Educational Series,Event,20,272987,432912,318847,10829.0,545,2230,1315,14919.0,4.679046690105285,116.79933476685702
POST03437,2026-03-06 12:00:00,Instagram,Image,Educational Series,Entertainment,23,115623,72664,55460,1303.0,18,740,277,2338.0,4.21565091958168,47.96623509163402
POST03438,2026-03-06 15:00:00,Youtube,Reel,Educational Series,Promotional,16,123211,154895,95289,4661.0,150,1427,1180,7418.0,7.784739056974048,77.33806234832929
POST03439,2026-03-06 18:00:00,Linkedin,Carousel,Event Promotion,Event,16,240970,136708,117987,3623.0,115,1218,2360,7316.0,6.200683126107114,48.96335643441092
POST03440,2026-03-06 21:00:00,Linkedin,Image,Event Promotion,Event,16,286629,237212,170552,8003.0,312,650,3592,12557.0,7.3625639101271165,59.502702099229325
POST03441,2026-03-07 00:00:00,Instagram,Reel,Product Launch,Event,2,86771,170263,100499,6038.0,167,1257,945,8407.0,8.365257365744933,115.82095400537047
POST03442,2026-03-07 03:00:00,Youtube,Reel,Product Launch,Education,12,194746,208125,138827,13280.0,516,2238,2442,18476.0,13.308650334589093,71.28618816304314
POST03443,2026-03-07 06:00:00,Instagram,Carousel,Educational Series,Event,11,259276,396235,284075,18804.0,1114,3454,3306,26678.0,9.391181906186747,109.56471096437772
POST03444,2026-03-07 09:00:00,Linkedin,Image,Event Promotion,Event,5,117519,80113,44346,1291.0,17,483,1081,2872.0,6.47634510440626,37.73517473770199
POST03445,2026-03-07 12:00:00,Linkedin,Reel,Festival Campaign,Brand,21,247024,201305,112966,3340.0,179,900,1345,5764.0,5.1024201972274845,45.730779195543754
POST03446,2026-03-07 15:00:00,Facebook,Carousel,Event Promotion,Community,20,348825,337353,192099,12616.0,320,1264,2249,16449.0,8.562772320522232,55.07030746076113
POST03447,2026-03-07 18:00:00,Facebook,Image,Product Launch,Education,12,437020,311384,229909,14639.0,487,1863,3226,20215.0,8.792609249746638,52.6083474440529
POST03448,2026-03-07 21:00:00,Facebook,Video,Event Promotion,Event,13,198316,156351,104384,7773.0,365,704,371,9213.0,8.82606529736358,52.63518828536276
POST03449,2026-03-08 00:00:00,Youtube,Reel,Product Launch,Community,6,283619,509745,439699,33512.0,1859,1983,5361,42715.0,9.71460021514718,155.0315740482831
POST03450,2026-03-08 03:00:00,Instagram,Video,Educational Series,Event,4,146803,274291,204547,8580.0,89,1962,4342,14973.0,7.320078026077137,139.33434602835092
POST03451,2026-03-08 06:00:00,Instagram,Carousel,Seasonal Campaign,Entertainment,13,72073,108243,88322,4606.0,198,187,1454,6445.0,7.297162654831185,122.54519723058566
POST03452,2026-03-08 09:00:00,Facebook,Reel,Educational Series,Entertainment,17,30047,31011,24514,2023.0,27,378,596,3024.0,12.335808109651628,81.58551602489433
POST03453,2026-03-08 12:00:00,Facebook,Carousel,Educational Series,Community,3,408248,258300,189104,6274.0,227,2332,1921,10754.0,5.686817835688299,46.32086378867747
POST03454,2026-03-08 15:00:00,Instagram,Image,Festival Campaign,Education,0,490908,710660,576098,25194.0,1196,4757,3775,34922.0,6.061815871605178,117.35355708197869
POST03455,2026-03-08 18:00:00,Linkedin,Text,Seasonal Campaign,Brand,6,378101,188127,139335,2823.0,52,1224,2718,6817.0,4.892525209028601,36.85126460919172
POST03456,2026-03-08 21:00:00,Instagram,Reel,Festival Campaign,Education,19,375635,731355,500912,33759.0,1626,6589,1983,43957.0,8.775393681924172,133.35072610379757
POST03457,2026-03-09 00:00:00,Youtube,Carousel,Product Launch,Education,12,107599,163728,115024,6571.0,167,1336,748,8822.0,7.669703714007511,106.90062175299026
POST03458,2026-03-09 03:00:00,Facebook,Image,Brand Awareness,Entertainment,3,68444,70305,59300,2781.0,112,151,839,3883.0,6.548060708263069,86.64017298813629
POST03459,2026-03-09 06:00:00,Facebook,Text,Community Campaign,Entertainment,12,207920,124880,93303,3370.0,144,941,1826,6281.0,6.731830702121047,44.87447095036553
POST03460,2026-03-09 09:00:00,Facebook,Reel,Festival Campaign,Brand,3,172871,290851,198375,14247.0,604,2674,3217,20742.0,10.455954631379964,114.75319747094655
POST03461,2026-03-09 12:00:00,Instagram,Text,Product Launch,Event,2,369002,385292,236149,14134.0,154,1760,5877,21925.0,9.28439248101834,63.99667210475823
POST03462,2026-03-09 15:00:00,Instagram,Text,Seasonal Campaign,Brand,7,215928,209055,151225,6504.0,114,797,2632,10047.0,6.64374276739957,70.03491904708977
POST03463,2026-03-09 18:00:00,Facebook,Reel,Event Promotion,Event,19,231540,324515,207151,17545.0,926,637,3925,23033.0,11.118942220892006,89.46661483976851
POST03464,2026-03-09 21:00:00,Youtube,Video,Seasonal Campaign,Community,7,394041,283331,250592,9480.0,540,4125,6231,20376.0,8.131145447580131,63.595412660103904
POST03465,2026-03-10 00:00:00,Instagram,Text,Educational Series,Community,16,457455,366633,264651,10281.0,392,2940,4243,17856.0,6.746998877767324,57.85290356428501
POST03466,2026-03-10 03:00:00,Facebook,Reel,Educational Series,Promotional,14,385495,622969,344584,9160.0,365,5600,6451,21576.0,6.261463097532097,89.38741099106345
POST03467,2026-03-10 06:00:00,Youtube,Image,Educational Series,Entertainment,3,77895,50979,29695,584.0,27,371,283,1265.0,4.2599764270079135,38.12183066949098
POST03468,2026-03-10 09:00:00,Facebook,Image,Product Launch,Promotional,5,390644,289336,187927,6655.0,201,604,2782,10242.0,5.449988559387422,48.10697207687818
POST03469,2026-03-10 12:00:00,Facebook,Reel,Educational Series,Promotional,23,454159,481018,280076,17475.0,461,1337,6459,25732.0,9.187506248304032,61.66915111227566
POST03470,2026-03-10 15:00:00,Instagram,Reel,Festival Campaign,Entertainment,21,82559,110251,95134,6744.0,326,1661,2071,10802.0,11.354510479954591,115.23153138967284
POST03471,2026-03-10 18:00:00,Instagram,Reel,Event Promotion,Promotional,5,437219,724589,615192,58605.0,668,2197,5990,67460.0,10.965682258546925,140.70568753873917
POST03472,2026-03-10 21:00:00,Facebook,Reel,Educational Series,Education,9,173573,303848,270364,23304.0,1264,1128,2935,28631.0,10.589797458241481,155.76385728195052
POST03473,2026-03-11 00:00:00,Facebook,Image,Product Launch,Event,3,313236,191774,152894,5228.0,167,1736,3305,10436.0,6.82564391015998,48.81112005005811
POST03474,2026-03-11 03:00:00,Facebook,Reel,Event Promotion,Brand,8,231591,326496,253332,21277.0,749,3043,2346,27415.0,10.821767482986752,109.38767050533052
POST03475,2026-03-11 06:00:00,Facebook,Video,Educational Series,Entertainment,15,311912,423774,370049,23518.0,981,3149,8336,35984.0,9.724117616856146,118.63891097489034
POST03476,2026-03-11 09:00:00,Facebook,Carousel,Brand Awareness,Education,6,316748,324619,286066,20049.0,475,2761,5727,29012.0,10.141715548160214,90.31343528609494
POST03477,2026-03-11 12:00:00,Linkedin,Reel,Special Campaign,Community,13,369968,229888,197041,11440.0,456,3438,1251,16585.0,8.417029958232042,53.25893050209748
POST03478,2026-03-11 15:00:00,Youtube,Carousel,Educational Series,Brand,5,328904,407377,346887,9292.0,414,4313,6533,20552.0,5.924695938446814,105.46755284216671
POST03479,2026-03-11 18:00:00,Youtube,Carousel,Community Campaign,Brand,0,26476,44446,34894,2092.0,33,402,745,3272.0,9.376970252765519,131.79483305635293
POST03480,2026-03-11 21:00:00,Youtube,Text,Seasonal Campaign,Brand,17,411560,285910,157411,6306.0,227,1735,972,9240.0,5.869983673313809,38.24740013606765
POST03481,2026-03-12 00:00:00,Instagram,Reel,Festival Campaign,Promotional,11,265445,471938,330512,33177.0,878,3771,4317,42143.0,12.750822965580674,124.51242253574186
POST03482,2026-03-12 03:00:00,Youtube,Reel,Event Promotion,Promotional,21,118138,246546,190452,7360.0,278,515,4185,12338.0,6.478272740638061,161.2114645583978
POST03483,2026-03-12 06:00:00,Instagram,Text,Festival Campaign,Promotional,14,273033,318954,236502,10530.0,116,1344,1743,13733.0,5.806716222272962,86.62029864521871
POST03484,2026-03-12 09:00:00,Linkedin,Text,Brand Awareness,Promotional,0,127620,90991,76195,2768.0,130,186,981,4065.0,5.334995734628256,59.70459175677794
POST03485,2026-03-12 12:00:00,Youtube,Carousel,Brand Awareness,Education,14,136070,231207,193431,8679.0,159,713,3187,12738.0,6.585293980799355,142.15550819431175
POST03486,2026-03-12 15:00:00,Youtube,Video,Community Campaign,Promotional,14,95498,84531,64204,5213.0,231,409,329,6182.0,9.628683571117064,67.2307273450753
POST03487,2026-03-12 18:00:00,Instagram,Reel,Festival Campaign,Entertainment,15,48439,96175,53636,4785.0,231,485,411,5912.0,11.022447609814304,110.72895807097586
POST03488,2026-03-12 21:00:00,Instagram,Image,Event Promotion,Brand,20,23400,22917,15566,880.0,41,115,206,1242.0,7.9789284337659,66.52136752136752
POST03489,2026-03-13 00:00:00,Instagram,Reel,Brand Awareness,Education,0,109976,147617,93011,3024.0,153,508,1043,4728.0,5.083269720785713,84.57390703426202
POST03490,2026-03-13 03:00:00,Youtube,Reel,Special Campaign,Community,2,263305,384309,256939,13596.0,345,2021,2606,18568.0,7.226617991040675,97.58227151022578
POST03491,2026-03-13 06:00:00,Instagram,Video,Brand Awareness,Promotional,11,411562,316327,242323,6631.0,386,1626,867,9510.0,3.9245139751488716,58.878856648573
POST03492,2026-03-13 09:00:00,Facebook,Reel,Educational Series,Community,6,44610,42408,24310,1283.0,14,213,569,2079.0,8.552036199095022,54.49450795785699
POST03493,2026-03-13 12:00:00,Linkedin,Image,Community Campaign,Brand,4,71356,34227,19091,1011.0,34,58,423,1526.0,7.993295270022524,26.754582655978474
POST03494,2026-03-13 15:00:00,Linkedin,Text,Seasonal Campaign,Education,0,180647,69226,48659,1865.0,43,261,566,2735.0,5.6207484740746825,26.935957973284914
POST03495,2026-03-13 18:00:00,Facebook,Reel,Product Launch,Brand,0,301872,295740,244799,19786.0,929,2929,1711,25355.0,10.357476950477738,81.09364233847458
POST03496,2026-03-13 21:00:00,Instagram,Text,Seasonal Campaign,Community,14,137702,161391,90499,3603.0,181,221,408,4413.0,4.87629697565719,65.72090456202524
POST03497,2026-03-14 00:00:00,Linkedin,Text,Special Campaign,Education,7,311211,130916,110907,4437.0,226,729,633,6025.0,5.4324794647767956,35.637236473003846
POST03498,2026-03-14 03:00:00,Linkedin,Image,Seasonal Campaign,Event,10,327406,243138,166393,7586.0,188,1771,2702,12247.0,7.360285588937035,50.82160986664874
POST03499,2026-03-14 06:00:00,Instagram,Reel,Special Campaign,Education,13,283772,552760,326892,17788.0,421,895,6258,25362.0,7.75852575162439,115.19529763331124
POST03500,2026-03-14 09:00:00,Facebook,Reel,Brand Awareness,Promotional,22,387212,335688,251304,15287.0,670,855,1618,18430.0,7.333747174736574,64.90088117103808
POST03501,2026-03-14 12:00:00,Instagram,Image,Event Promotion,Community,12,95057,146210,129151,3108.0,175,937,707,4927.0,3.8149143250923343,135.86690091208433
POST03502,2026-03-14 15:00:00,Facebook,Reel,Event Promotion,Brand,18,124049,198329,146739,13366.0,303,2545,2671,18885.0,12.869789217590416,118.29115913872744
POST03503,2026-03-14 18:00:00,Linkedin,Reel,Educational Series,Brand,11,438596,342642,270797,25822.0,1433,5270,3892,36417.0,13.44808103487114,61.741785150799366
POST03504,2026-03-14 21:00:00,Instagram,Text,Special Campaign,Brand,21,79853,107056,89471,4427.0,175,215,1000,5817.0,6.5015479876160995,112.0446320113208
POST03505,2026-03-15 00:00:00,Linkedin,Reel,Event Promotion,Entertainment,18,442139,537613,446094,31904.0,1496,1298,8453,43151.0,9.673073388119994,100.89451507331404
POST03506,2026-03-15 03:00:00,Facebook,Carousel,Educational Series,Entertainment,3,316202,234895,135203,7687.0,245,706,1761,10399.0,7.691397380235646,42.75842657541698
POST03507,2026-03-15 06:00:00,Linkedin,Reel,Brand Awareness,Promotional,3,338306,415534,336311,21081.0,1061,3531,4450,30123.0,8.956888118437993,99.41029718657074
POST03508,2026-03-15 09:00:00,Youtube,Image,Brand Awareness,Event,2,376560,434770,383600,11697.0,684,3256,1283,16920.0,4.410844629822732,101.86955598045463
POST03509,2026-03-15 12:00:00,Facebook,Text,Seasonal Campaign,Entertainment,5,475610,355128,282407,9113.0,168,3104,2810,15195.0,5.380532352243393,59.37785160110174
POST03510,2026-03-15 15:00:00,Instagram,Reel,Brand Awareness,Education,4,216150,408576,344329,35539.0,1040,6065,1071,43715.0,12.695706722349845,159.30094841545224
POST03511,2026-03-15 18:00:00,Instagram,Reel,Brand Awareness,Community,10,170042,203807,146729,5483.0,291,1775,3422,10971.0,7.477049526678433,86.28985779983769
POST03512,2026-03-15 21:00:00,Instagram,Carousel,Special Campaign,Promotional,8,321035,598255,395849,21846.0,411,2785,3747,28789.0,7.272722679607628,123.30400112137305
POST03513,2026-03-16 00:00:00,Linkedin,Carousel,Product Launch,Event,2,156002,177940,139982,10581.0,324,907,975,12787.0,9.134745895900902,89.73090088588607
POST03514,2026-03-16 03:00:00,Facebook,Carousel,Community Campaign,Education,8,448534,528025,381376,18893.0,345,3781,1906,24925.0,6.535544973988924,85.02722201661412
POST03515,2026-03-16 06:00:00,Linkedin,Reel,Seasonal Campaign,Brand,11,332251,181859,157008,11498.0,487,2322,632,14939.0,9.514801793539181,47.25583971154338
POST03516,2026-03-16 09:00:00,Linkedin,Reel,Seasonal Campaign,Entertainment,2,344097,390206,347686,31489.0,690,3734,7820,43733.0,12.578303411699062,101.04301984614803
POST03517,2026-03-16 12:00:00,Instagram,Text,Community Campaign,Education,19,258147,280305,234595,9299.0,270,1048,1573,12190.0,5.196189177092436,90.8765160935436
POST03518,2026-03-16 15:00:00,Instagram,Text,Product Launch,Event,16,390577,475992,427173,20468.0,707,3194,7084,31453.0,7.363058994833476,109.36972735209703
POST03519,2026-03-16 18:00:00,Instagram,Image,Brand Awareness,Promotional,20,69108,107936,72525,2665.0,66,603,1256,4590.0,6.3288521199586345,104.94443479770794
POST03520,2026-03-16 21:00:00,Instagram,Video,Event Promotion,Education,11,52574,107189,92559,13579.0,312,839,924,15654.0,16.91245583897838,176.05470384600756
POST03521,2026-03-17 00:00:00,Instagram,Image,Educational Series,Promotional,17,267757,262007,174359,3524.0,54,1840,3719,9137.0,5.240337464656255,65.11837225544058
POST03522,2026-03-17 03:00:00,Youtube,Image,Seasonal Campaign,Brand,3,125287,173213,102423,2689.0,145,522,789,4145.0,4.046942581256163,81.7507003919002
POST03523,2026-03-17 06:00:00,Instagram,Reel,Community Campaign,Event,9,423073,330491,253645,19203.0,654,2738,1159,23754.0,9.365057462201108,59.95301047336984
POST03524,2026-03-17 09:00:00,Instagram,Image,Festival Campaign,Event,17,436729,401613,284842,12032.0,464,3646,1284,17426.0,6.11777757493628,65.2216820957619
POST03525,2026-03-17 12:00:00,Instagram,Image,Educational Series,Entertainment,7,120434,79846,69673,4370.0,179,714,669,5932.0,8.514058530564208,57.85160336781971
POST03526,2026-03-17 15:00:00,Instagram,Reel,Festival Campaign,Community,8,43593,94055,67932,3578.0,46,622,896,5142.0,7.569334039922275,155.83235840616615
POST03527,2026-03-17 18:00:00,Linkedin,Image,Festival Campaign,Event,18,370363,380787,333063,19793.0,947,2727,5610,29077.0,8.730180176122836,89.92879958311171
POST03528,2026-03-17 21:00:00,Facebook,Video,Special Campaign,Education,12,384188,313685,181159,6162.0,353,1580,3447,11542.0,6.371198781181173,47.1537372328131
POST03529,2026-03-18 00:00:00,Linkedin,Carousel,Seasonal Campaign,Education,5,432100,314802,264647,21065.0,758,962,1834,24619.0,9.302580418444192,61.24670215227957
POST03530,2026-03-18 03:00:00,Youtube,Carousel,Brand Awareness,Education,21,341130,584655,476897,22586.0,667,3181,8606,35040.0,7.347498516451141,139.79919678714862
POST03531,2026-03-18 06:00:00,Instagram,Text,Special Campaign,Brand,6,273211,262134,210229,5337.0,262,2079,1474,9152.0,4.3533480157352225,76.94748747305196
POST03532,2026-03-18 09:00:00,Facebook,Reel,Festival Campaign,Event,20,156379,182424,123008,10769.0,495,1278,3067,15609.0,12.689418574401664,78.66017815691364
POST03533,2026-03-18 12:00:00,Instagram,Image,Brand Awareness,Event,5,295048,318790,262783,18180.0,773,2270,6332,27555.0,10.485838124992865,89.06449120143162
POST03534,2026-03-18 15:00:00,Instagram,Video,Product Launch,Education,10,387215,666982,479662,43218.0,2518,2508,2519,50763.0,10.583077250230371,123.87484988959623
POST03535,2026-03-18 18:00:00,Instagram,Image,Event Promotion,Entertainment,16,496633,780163,624381,19261.0,752,3726,10872,34611.0,5.5432500348345,125.72281745272666
POST03536,2026-03-18 21:00:00,Instagram,Reel,Festival Campaign,Entertainment,18,376858,509486,378690,29695.0,665,6931,8661,45952.0,12.134463545380127,100.48612474725228
POST03537,2026-03-19 00:00:00,Instagram,Reel,Seasonal Campaign,Event,11,473764,497142,300822,20652.0,232,2379,1436,24699.0,8.210503221173983,63.49617108940316
POST03538,2026-03-19 03:00:00,Instagram,Video,Event Promotion,Event,20,426798,421001,241063,18370.0,600,1520,1380,21870.0,9.072317195090081,56.481754834839904
POST03539,2026-03-19 06:00:00,Facebook,Image,Brand Awareness,Promotional,20,340109,143352,97216,4306.0,183,238,1033,5760.0,5.924950625411455,28.583777553666618
POST03540,2026-03-19 09:00:00,Instagram,Video,Festival Campaign,Event,23,383592,582979,510967,29545.0,549,2001,2609,34704.0,6.79182804368971,133.2058541366869
POST03541,2026-03-19 12:00:00,Instagram,Image,Educational Series,Education,12,259519,400553,294569,19343.0,218,2545,6622,28728.0,9.752553731044339,113.50575487729222
POST03542,2026-03-19 15:00:00,Facebook,Carousel,Special Campaign,Community,17,259027,296937,246685,7299.0,1038,2740,5491,16568.0,6.716257575450474,95.2352457465824
POST03543,2026-03-19 18:00:00,Instagram,Video,Seasonal Campaign,Brand,6,159097,342037,257069,20747.0,520,3189,6136,30592.0,11.900306921488005,161.58004236409232
POST03544,2026-03-19 21:00:00,Instagram,Carousel,Product Launch,Event,22,200516,356117,315258,20620.0,686,2985,2367,26658.0,8.455931332432485,157.22336372159828
POST03545,2026-03-20 00:00:00,Linkedin,Image,Community Campaign,Event,4,192686,137604,93475,5106.0,74,705,373,6258.0,6.6948381920299544,48.511568043345136
POST03546,2026-03-20 03:00:00,Instagram,Image,Product Launch,Education,15,457160,487091,277626,5839.0,169,734,3548,10290.0,3.7064251907242114,60.72841018461808
POST03547,2026-03-20 06:00:00,Instagram,Video,Special Campaign,Promotional,21,212259,344885,283921,22136.0,690,4404,6351,33581.0,11.827585842540707,133.76158372554286
POST03548,2026-03-20 09:00:00,Youtube,Image,Festival Campaign,Community,3,104724,63339,50475,2647.0,145,393,860,4045.0,8.013868251609708,48.19812077460754
POST03549,2026-03-20 12:00:00,Instagram,Image,Special Campaign,Event,22,27604,33022,24259,832.0,44,81,605,1562.0,6.438847438064224,87.8821909868135
POST03550,2026-03-20 15:00:00,Youtube,Reel,Seasonal Campaign,Entertainment,0,256515,353638,234899,21133.0,411,1150,5385,28079.0,11.953648163678858,91.57320234684133
POST03551,2026-03-20 18:00:00,Facebook,Text,Product Launch,Entertainment,3,440506,339784,209270,10978.0,415,1360,2436,15189.0,7.258087637979643,47.50673089583343
POST03552,2026-03-20 21:00:00,Instagram,Reel,Community Campaign,Entertainment,2,222811,370251,266135,26270.0,1223,1791,1029,30313.0,11.390083979934996,119.44428237385047
POST03553,2026-03-21 00:00:00,Youtube,Carousel,Educational Series,Brand,3,201845,188928,147962,7006.0,172,2172,460,9810.0,6.63008069639502,73.3047635561941
POST03554,2026-03-21 03:00:00,Youtube,Image,Event Promotion,Brand,0,290015,318054,239370,11434.0,339,1828,4110,17711.0,7.399005723357146,82.53711014947503
POST03555,2026-03-21 06:00:00,Instagram,Image,Special Campaign,Community,11,231270,216305,152088,10177.0,602,2014,3520,16313.0,10.726027036978591,65.76209625113503
POST03556,2026-03-21 09:00:00,Facebook,Carousel,Educational Series,Event,12,122318,80291,59326,2429.0,116,719,757,4021.0,6.777803998246974,48.50144704785886
POST03557,2026-03-21 12:00:00,Instagram,Reel,Product Launch,Event,1,96981,177776,104493,9209.0,293,1703,2323,13528.0,12.946321763180308,107.74584712469452
POST03558,2026-03-21 15:00:00,Youtube,Image,Community Campaign,Event,8,358718,286358,227237,16262.0,596,1442,3514,21814.0,9.599669067977485,63.3469745036491
POST03559,2026-03-21 18:00:00,Instagram,Video,Event Promotion,Brand,6,131376,262777,212058,15043.0,621,952,1093,17709.0,8.351017174546586,161.41304347826087
POST03560,2026-03-21 21:00:00,Youtube,Video,Seasonal Campaign,Community,12,393502,363249,201243,19083.0,666,2648,4138,26535.0,13.185551795590406,51.141544388592685
POST03561,2026-03-22 00:00:00,Instagram,Reel,Community Campaign,Event,21,154577,265288,171026,11327.0,346,1621,2366,15660.0,9.156502520084665,110.64129851142148
POST03562,2026-03-22 03:00:00,Facebook,Video,Educational Series,Education,1,454694,526204,306377,10729.0,300,5270,1263,17562.0,5.732153523273613,67.38091991537166
POST03563,2026-03-22 06:00:00,Instagram,Carousel,Brand Awareness,Promotional,0,104605,91963,82709,2651.0,48,392,1730,4821.0,5.828869893240155,79.06792218345203
POST03564,2026-03-22 09:00:00,Youtube,Video,Brand Awareness,Entertainment,17,427634,530544,401977,30815.0,1808,4893,7906,45422.0,11.29965147259669,94.00024319862312
POST03565,2026-03-22 12:00:00,Youtube,Image,Event Promotion,Entertainment,6,298555,347453,247736,4471.0,65,2956,3235,10727.0,4.330012594051732,82.97834569844753
POST03566,2026-03-22 15:00:00,Facebook,Image,Special Campaign,Education,17,380713,252415,179732,9659.0,386,1170,616,11831.0,6.582578505775265,47.20931515340953
POST03567,2026-03-22 18:00:00,Youtube,Text,Event Promotion,Event,18,291642,147690,131100,2858.0,165,1415,1393,5831.0,4.447749809305873,44.95237311498344
POST03568,2026-03-22 21:00:00,Facebook,Video,Event Promotion,Community,7,264108,318107,248425,23569.0,677,893,3122,28261.0,11.376069236187984,94.06189892013873
POST03569,2026-03-23 00:00:00,Facebook,Image,Brand Awareness,Community,22,338401,198485,120883,3240.0,73,1047,802,5162.0,4.270244782144719,35.72182115301078
POST03570,2026-03-23 03:00:00,Linkedin,Reel,Educational Series,Brand,11,207130,254507,179899,12429.0,718,2831,1176,17154.0,9.535350391052758,86.85318399073046
POST03571,2026-03-23 06:00:00,Instagram,Image,Special Campaign,Event,10,106995,154781,127070,6880.0,344,528,848,8600.0,6.767923191941449,118.76255899808403
POST03572,2026-03-23 09:00:00,Youtube,Image,Event Promotion,Community,8,435419,268706,187603,11678.0,499,464,2092,14733.0,7.853285928263408,43.085625569853406
POST03573,2026-03-23 12:00:00,Facebook,Reel,Brand Awareness,Event,3,113566,124582,82016,5070.0,205,323,1721,7319.0,8.923868513460787,72.21879787964708
POST03574,2026-03-23 15:00:00,Linkedin,Reel,Event Promotion,Entertainment,6,135498,133156,119431,11804.0,330,954,2353,15441.0,12.928804079342884,88.14226040236757
POST03575,2026-03-23 18:00:00,Linkedin,Video,Event Promotion,Entertainment,16,106596,115894,101693,5956.0,250,598,327,7131.0,7.01228206464555,95.40039025854628
POST03576,2026-03-23 21:00:00,Instagram,Reel,Special Campaign,Brand,10,236382,307692,270629,12357.0,571,1727,869,15524.0,5.73626625380133,114.4879897792556
POST03577,2026-03-24 00:00:00,Instagram,Carousel,Special Campaign,Entertainment,1,329061,380854,227021,13249.0,153,1897,1069,16368.0,7.209905691543954,68.99055190375036
POST03578,2026-03-24 03:00:00,Youtube,Reel,Community Campaign,Event,22,261856,191717,121163,9368.0,148,488,1607,11611.0,9.582958493929665,46.270851154833196
POST03579,2026-03-24 06:00:00,Facebook,Reel,Event Promotion,Education,17,145154,105706,74493,4884.0,125,1446,1680,8135.0,10.920489173479387,51.31997740330959
POST03580,2026-03-24 09:00:00,Youtube,Reel,Brand Awareness,Brand,21,303074,463673,390062,32448.0,848,5600,2734,41630.0,10.672662294712122,128.701901185849
POST03581,2026-03-24 12:00:00,Youtube,Reel,Educational Series,Education,11,99029,101379,81903,4816.0,265,254,1104,6439.0,7.861738886243483,82.70607599794
POST03582,2026-03-24 15:00:00,Facebook,Video,Brand Awareness,Event,8,295782,205906,174481,4242.0,187,2302,679,7410.0,4.2468807491933225,58.98972892197632
POST03583,2026-03-24 18:00:00,Instagram,Video,Brand Awareness,Brand,10,287868,341743,298091,12831.0,367,4397,1027,18622.0,6.2470856215048425,103.55128044798309
POST03584,2026-03-24 21:00:00,Linkedin,Reel,Event Promotion,Education,4,85738,59165,48708,4860.0,245,283,154,5542.0,11.378007719471134,56.81028248851151
POST03585,2026-03-25 00:00:00,Youtube,Image,Community Campaign,Brand,6,118705,65765,42196,2498.0,65,490,810,3863.0,9.15489619869182,35.54694410513458
POST03586,2026-03-25 03:00:00,Instagram,Image,Festival Campaign,Event,0,153099,129608,84233,2378.0,141,754,296,3569.0,4.237056735483717,55.018648064324395
POST03587,2026-03-25 06:00:00,Youtube,Video,Seasonal Campaign,Community,23,165879,145468,97953,2820.0,138,1489,883,5330.0,5.44138515410452,59.05087443256832
POST03588,2026-03-25 09:00:00,Facebook,Video,Festival Campaign,Brand,4,113962,159928,104924,5168.0,260,1424,1803,8655.0,8.24882772292326,92.06928625331251
POST03589,2026-03-25 12:00:00,Instagram,Image,Festival Campaign,Community,5,83109,50502,32179,2032.0,46,323,534,2935.0,9.120855216134746,38.71903163315646
POST03590,2026-03-25 15:00:00,Instagram,Carousel,Brand Awareness,Event,12,61849,97212,79069,2188.0,37,336,333,2894.0,3.660094347974554,127.84200229591424
POST03591,2026-03-25 18:00:00,Linkedin,Video,Event Promotion,Brand,10,282322,239263,134441,8486.0,250,984,1162,10882.0,8.094256960302289,47.61973916308329
POST03592,2026-03-25 21:00:00,Instagram,Reel,Special Campaign,Brand,7,25817,47335,38101,1807.0,48,435,650,2940.0,7.716332904648173,147.58105124530348
POST03593,2026-03-26 00:00:00,Youtube,Image,Seasonal Campaign,Community,19,92721,50733,42526,2433.0,117,132,494,3176.0,7.468372289893242,45.864475145867715
POST03594,2026-03-26 03:00:00,Youtube,Text,Festival Campaign,Entertainment,1,276462,324035,185709,2789.0,52,1144,2460,6445.0,3.470483390681119,67.17342708943724
POST03595,2026-03-26 06:00:00,Youtube,Carousel,Product Launch,Community,14,145762,213369,121971,4691.0,170,997,921,6779.0,5.5578785121053365,83.67818773068426
POST03596,2026-03-26 09:00:00,Facebook,Image,Product Launch,Community,9,23984,12436,8082,441.0,18,36,30,525.0,6.495916852264291,33.6974649766511
POST03597,2026-03-26 12:00:00,Instagram,Image,Product Launch,Community,7,346240,268781,167425,7956.0,232,692,1773,10653.0,6.362849036882186,48.35518715341959
POST03598,2026-03-26 15:00:00,Youtube,Reel,Educational Series,Event,1,369085,603791,454894,39462.0,790,3084,8199,51535.0,11.32901291289839,123.24911605727678
POST03599,2026-03-26 18:00:00,Instagram,Image,Event Promotion,Promotional,20,488988,750737,590385,7052.0,857,5242,11727,24878.0,4.213860446996452,120.73609168323149
POST03600,2026-03-26 21:00:00,Facebook,Carousel,Brand Awareness,Community,14,369576,330331,254998,13885.0,235,1979,4089,20188.0,7.916924838626185,68.99744572158365
POST03601,2026-03-27 00:00:00,Instagram,Image,Brand Awareness,Brand,5,252359,268631,181345,5181.0,130,1204,2112,8627.0,4.757230692878216,71.85992970331948
POST03602,2026-03-27 03:00:00,Youtube,Carousel,Event Promotion,Education,4,427851,364597,264128,16183.0,774,1209,4180,22346.0,8.460291979646232,61.73364091704823
POST03603,2026-03-27 06:00:00,Instagram,Video,Community Campaign,Entertainment,21,225150,286286,221584,7413.0,298,3253,4101,15065.0,6.798776084915878,98.41616699977791
POST03604,2026-03-27 09:00:00,Instagram,Reel,Special Campaign,Community,21,129914,159298,94272,3544.0,164,1360,1849,6917.0,7.337279361846571,72.5649275674677
POST03605,2026-03-27 12:00:00,Instagram,Image,Seasonal Campaign,Community,2,444558,408378,257412,9195.0,463,1755,1307,12720.0,4.941494569017761,57.902905807566164
POST03606,2026-03-27 15:00:00,Instagram,Image,Community Campaign,Entertainment,10,336824,189377,163181,6478.0,354,565,3372,10769.0,6.599420275644836,48.44696339928271
POST03607,2026-03-27 18:00:00,Facebook,Carousel,Special Campaign,Community,10,130326,66635,44633,2339.0,59,529,196,3123.0,6.997064951941388,34.247195494375646
POST03608,2026-03-27 21:00:00,Instagram,Reel,Educational Series,Brand,15,411238,757447,628987,44843.0,1511,11189,13932,71475.0,11.363509897660842,152.94963014118346
POST03609,2026-03-28 00:00:00,Linkedin,Carousel,Event Promotion,Promotional,2,27988,27783,17721,895.0,39,80,206,1220.0,6.8844873314147055,63.31642132342432
POST03610,2026-03-28 03:00:00,Linkedin,Video,Community Campaign,Community,8,52070,41500,23429,639.0,31,276,352,1298.0,5.540142558367835,44.995198770885345
POST03611,2026-03-28 06:00:00,Youtube,Image,Seasonal Campaign,Entertainment,2,117491,161151,116857,4270.0,166,790,1096,6322.0,5.410031063607657,99.46038419964083
POST03612,2026-03-28 09:00:00,Instagram,Text,Educational Series,Community,18,360276,248410,214221,3805.0,135,504,2653,7097.0,3.3129338393528176,59.46024714385638
POST03613,2026-03-28 12:00:00,Instagram,Text,Festival Campaign,Event,10,43659,35198,29451,598.0,26,252,635,1511.0,5.130555838511426,67.45688174259602
POST03614,2026-03-28 15:00:00,Facebook,Reel,Festival Campaign,Brand,13,95952,138238,88268,2934.0,85,335,839,4193.0,4.750305886618027,91.99182924795731
POST03615,2026-03-28 18:00:00,Instagram,Reel,Educational Series,Brand,1,278474,540230,469177,15586.0,983,6787,7230,30586.0,6.519074890712886,168.4814381234873
POST03616,2026-03-28 21:00:00,Instagram,Text,Special Campaign,Promotional,6,432387,529695,380268,19614.0,404,1612,6554,28184.0,7.411614966286935,87.94621484919759
POST03617,2026-03-29 00:00:00,Youtube,Text,Event Promotion,Event,9,335922,146621,83156,3595.0,194,583,517,4889.0,5.879311174178652,24.75455611719387
POST03618,2026-03-29 03:00:00,Facebook,Reel,Festival Campaign,Event,9,118113,94490,52893,3466.0,146,280,1063,4955.0,9.367969296504263,44.78169210840466
POST03619,2026-03-29 06:00:00,Facebook,Reel,Event Promotion,Promotional,19,468929,625771,450423,37437.0,1498,3994,11251,54180.0,12.02869302855316,96.05356034708879
POST03620,2026-03-29 09:00:00,Instagram,Reel,Community Campaign,Education,0,261911,342472,253844,25632.0,858,1106,1627,29223.0,11.51218858826681,96.9199460885568
POST03621,2026-03-29 12:00:00,Facebook,Text,Festival Campaign,Community,5,42736,15680,9062,306.0,5,54,180,545.0,6.0141249172368125,21.204605016847623
POST03622,2026-03-29 15:00:00,Instagram,Reel,Seasonal Campaign,Event,20,221416,375275,327534,17902.0,953,2032,2042,22929.0,7.00049460514023,147.92697908010263
POST03623,2026-03-29 18:00:00,Instagram,Image,Seasonal Campaign,Education,13,339925,327864,262742,18602.0,234,1050,6281,26167.0,9.9591995189197,77.29410899463117
POST03624,2026-03-29 21:00:00,Linkedin,Video,Community Campaign,Education,1,386336,320477,266139,21167.0,497,1083,3204,25951.0,9.75091963222226,68.88796280957509
POST03625,2026-03-30 00:00:00,Instagram,Reel,Seasonal Campaign,Brand,5,222345,265126,200013,17324.0,268,3107,4911,25610.0,12.80416772909761,89.95614922755178
POST03626,2026-03-30 03:00:00,Instagram,Carousel,Event Promotion,Community,0,216571,138076,108008,6350.0,97,1169,485,8101.0,7.500370342937559,49.87186650105508
POST03627,2026-03-30 06:00:00,Instagram,Reel,Special Campaign,Brand,2,317270,337728,231597,15180.0,448,1216,4724,21568.0,9.312728575931468,72.99681659154663
POST03628,2026-03-30 09:00:00,Linkedin,Video,Event Promotion,Entertainment,3,146734,137235,108107,6880.0,123,1056,1450,9509.0,8.795915158130372,73.67549443210163
POST03629,2026-03-30 12:00:00,Facebook,Reel,Special Campaign,Brand,12,274334,248988,222187,17077.0,667,3059,2081,22884.0,10.299432460044917,80.99141921890833
POST03630,2026-03-30 15:00:00,Facebook,Carousel,Seasonal Campaign,Event,2,311796,404959,314531,14072.0,581,4430,6118,25201.0,8.012246805561297,100.87717610232332
POST03631,2026-03-30 18:00:00,Facebook,Carousel,Product Launch,Event,14,25390,15427,10329,725.0,39,30,175,969.0,9.38135347081034,40.68137061835368
POST03632,2026-03-30 21:00:00,Instagram,Reel,Educational Series,Community,12,368280,790156,513469,49765.0,1243,4479,11739,67226.0,13.09251386159632,139.42353643966547
POST03633,2026-03-31 00:00:00,Youtube,Reel,Special Campaign,Education,21,85942,111200,98653,6960.0,177,1283,835,9255.0,9.381367013674192,114.79020734914245
POST03634,2026-03-31 03:00:00,Instagram,Image,Brand Awareness,Event,10,73492,61579,37855,1461.0,32,75,896,2464.0,6.509047681944261,51.50900778316008
POST03635,2026-03-31 06:00:00,Instagram,Reel,Educational Series,Brand,3,380444,477341,397228,31879.0,1564,2667,6800,42910.0,10.802360357275923,104.41168739683107
POST03636,2026-03-31 09:00:00,Youtube,Video,Seasonal Campaign,Brand,16,462433,506684,361185,13405.0,420,5063,4662,23550.0,6.520204327422236,78.10536877774726
POST03637,2026-03-31 12:00:00,Linkedin,Video,Event Promotion,Community,4,211405,204280,144081,13505.0,508,1145,600,15758.0,10.936903547310193,68.15401717083324
POST03638,2026-03-31 15:00:00,Instagram,Image,Special Campaign,Brand,20,380675,351055,284929,15252.0,438,794,5651,22135.0,7.768602002604158,74.84836146319039
POST03639,2026-03-31 18:00:00,Instagram,Carousel,Event Promotion,Promotional,23,393617,568965,342410,8648.0,154,3647,7493,19942.0,5.824012149177886,86.99065335084613
POST03640,2026-03-31 21:00:00,Instagram,Carousel,Educational Series,Community,7,104104,121356,86551,4706.0,71,477,1801,7055.0,8.151263416944923,83.13897640820717
POST03641,2026-04-01 00:00:00,Instagram,Video,Special Campaign,Community,20,95969,161915,91083,7106.0,379,1215,1747,10447.0,11.469758352272104,94.90877262449332
POST03642,2026-04-01 03:00:00,Linkedin,Image,Event Promotion,Event,23,245985,195604,153479,5065.0,117,1892,3733,10807.0,7.04135419177868,62.39364188873305
POST03643,2026-04-01 06:00:00,Youtube,Reel,Community Campaign,Community,9,409777,436235,248842,7459.0,425,2866,5394,16144.0,6.487650798498645,60.72619985992381
POST03644,2026-04-01 09:00:00,Youtube,Reel,Festival Campaign,Entertainment,6,472072,886204,514486,33006.0,1893,6547,12045,53491.0,10.396978732171526,108.9846464098697
POST03645,2026-04-01 12:00:00,Facebook,Image,Event Promotion,Event,16,404583,425692,360003,22685.0,770,2814,6865,33134.0,9.203812190453968,88.98124735839123
POST03646,2026-04-01 15:00:00,Instagram,Image,Special Campaign,Event,6,68481,110124,77641,2452.0,142,882,1633,5109.0,6.580286188998081,113.37597289759202
POST03647,2026-04-01 18:00:00,Youtube,Image,Seasonal Campaign,Promotional,23,225729,150854,93580,5307.0,60,433,876,6676.0,7.134002992092327,41.45679110792145
POST03648,2026-04-01 21:00:00,Youtube,Reel,Seasonal Campaign,Event,18,48612,93695,70965,4102.0,59,666,1257,6084.0,8.573240329740013,145.9824734633424
POST03649,2026-04-02 00:00:00,Youtube,Carousel,Educational Series,Education,8,107743,170733,124933,3092.0,68,1788,939,5887.0,4.712125699374865,115.9546327835683
POST03650,2026-04-02 03:00:00,Linkedin,Reel,Educational Series,Brand,23,424011,503661,349449,17370.0,355,5182,1580,24487.0,7.007317233702199,82.41507885408633
POST03651,2026-04-02 06:00:00,Facebook,Reel,Educational Series,Brand,1,299708,352897,305924,15444.0,349,2450,4816,23059.0,7.537492972110721,102.0740187115459
POST03652,2026-04-02 09:00:00,Instagram,Image,Seasonal Campaign,Community,21,279005,439109,356692,23845.0,777,4116,7213,35951.0,10.079003734314199,127.84430386552212
POST03653,2026-04-02 12:00:00,Facebook,Reel,Product Launch,Promotional,19,68603,118206,71285,7312.0,96,473,343,8224.0,11.53678894578102,103.90945002405144
POST03654,2026-04-02 15:00:00,Instagram,Image,Special Campaign,Brand,18,455215,561295,420842,12342.0,466,3880,2940,19628.0,4.663983157574577,92.44906253089201
POST03655,2026-04-02 18:00:00,Instagram,Image,Seasonal Campaign,Education,5,479853,445459,258838,10676.0,271,3362,1305,15614.0,6.032344555281681,53.941102796064634
POST03656,2026-04-02 21:00:00,Instagram,Image,Community Campaign,Promotional,9,382547,544187,345900,24469.0,332,2948,5863,33612.0,9.717259323503903,90.4202620854431
POST03657,2026-04-03 00:00:00,Instagram,Image,Seasonal Campaign,Entertainment,12,151585,96468,83777,3350.0,159,934,397,4840.0,5.77724196378481,55.26734175545074
POST03658,2026-04-03 03:00:00,Youtube,Reel,Community Campaign,Brand,1,216087,244297,173873,9256.0,394,2613,878,13141.0,7.557815186946794,80.46435000717304
POST03659,2026-04-03 06:00:00,Facebook,Reel,Seasonal Campaign,Event,9,278791,484566,417810,14444.0,717,7199,3681,26041.0,6.232737368660396,149.86495259890026
POST03660,2026-04-03 09:00:00,Linkedin,Video,Seasonal Campaign,Education,9,293468,370286,225170,17616.0,1003,3943,2014,24576.0,10.914420215836923,76.72727520547386
POST03661,2026-04-03 12:00:00,Youtube,Image,Product Launch,Education,4,35491,50581,31454,1325.0,52,64,480,1921.0,6.107331341005914,88.62528528359303
POST03662,2026-04-03 15:00:00,Youtube,Image,Community Campaign,Brand,21,361373,391672,263786,13845.0,683,560,978,16066.0,6.090543091748614,72.9954921922778
POST03663,2026-04-03 18:00:00,Instagram,Reel,Product Launch,Community,3,232531,329256,223306,14686.0,293,2823,3692,21494.0,9.625357133261085,96.03278702624596
POST03664,2026-04-03 21:00:00,Instagram,Image,Community Campaign,Entertainment,22,54600,87254,70749,1940.0,59,917,853,3769.0,5.327283777862585,129.57692307692307
POST03665,2026-04-04 00:00:00,Youtube,Image,Product Launch,Event,1,84179,67455,51251,1410.0,51,383,355,2199.0,4.290647987356344,60.88335570629254
POST03666,2026-04-04 03:00:00,Youtube,Image,Product Launch,Entertainment,6,278590,346800,257893,17729.0,657,2998,4480,25864.0,10.028965501196232,92.57080297210956
POST03667,2026-04-04 06:00:00,Facebook,Carousel,Community Campaign,Entertainment,17,424088,424090,322661,24857.0,1141,4059,3308,33365.0,10.340574162976003,76.08350153741677
POST03668,2026-04-04 09:00:00,Instagram,Reel,Product Launch,Brand,16,194130,220623,177881,13097.0,652,1960,3771,19480.0,10.951141493470354,91.62983567712357
POST03669,2026-04-04 12:00:00,Instagram,Reel,Seasonal Campaign,Event,10,150047,121129,104472,2726.0,118,1177,2587,6608.0,6.325139750363734,69.626183795744
POST03670,2026-04-04 15:00:00,Youtube,Video,Community Campaign,Brand,20,485889,566822,394031,21749.0,268,3625,7935,33577.0,8.521410751945913,81.09485911391286
POST03671,2026-04-04 18:00:00,Instagram,Text,Product Launch,Brand,17,31358,29567,24570,955.0,26,97,475,1553.0,6.320716320716321,78.35321130174118
POST03672,2026-04-04 21:00:00,Instagram,Reel,Seasonal Campaign,Community,7,91343,97351,70412,4299.0,166,1204,761,6430.0,9.131966142134864,77.08527199675946
POST03673,2026-04-05 00:00:00,Facebook,Image,Seasonal Campaign,Education,11,265258,196500,157735,10721.0,379,670,2328,14098.0,8.937775382762227,59.46474752882099
POST03674,2026-04-05 03:00:00,Instagram,Reel,Educational Series,Community,23,46503,80901,69266,2021.0,24,1241,288,3574.0,5.159818670054572,148.94953013784058
POST03675,2026-04-05 06:00:00,Facebook,Reel,Brand Awareness,Community,0,493611,701648,393817,30357.0,1792,3418,7483,43050.0,10.931473247726736,79.78286545478119
POST03676,2026-04-05 09:00:00,Instagram,Reel,Community Campaign,Brand,19,475010,409590,303637,15327.0,885,925,5420,22557.0,7.428936526180934,63.92223321614282
POST03677,2026-04-05 12:00:00,Instagram,Reel,Product Launch,Community,20,72268,131247,117634,8191.0,398,640,1049,10278.0,8.737269836951901,162.77467205402115
POST03678,2026-04-05 15:00:00,Instagram,Carousel,Educational Series,Community,11,330049,231496,167528,10440.0,133,2382,2471,15426.0,9.2080129888735,50.7585237343546
POST03679,2026-04-05 18:00:00,Facebook,Image,Brand Awareness,Promotional,5,344812,147521,125762,5257.0,165,415,2256,8093.0,6.435171196386825,36.47262856281104
POST03680,2026-04-05 21:00:00,Instagram,Reel,Special Campaign,Event,2,173306,176384,108487,4076.0,124,1636,1203,7039.0,6.488335007881128,62.59852515204321
POST03681,2026-04-06 00:00:00,Facebook,Reel,Special Campaign,Education,4,227687,307323,234026,15559.0,589,1331,4437,21916.0,9.364771435652449,102.78408516955292
POST03682,2026-04-06 03:00:00,Instagram,Video,Product Launch,Event,13,469966,374122,319727,29150.0,373,3255,6563,39341.0,12.304559827602922,68.03194273628304
POST03683,2026-04-06 06:00:00,Facebook,Reel,Special Campaign,Education,11,444191,270711,189778,12866.0,401,1151,1502,15920.0,8.388748959310352,42.72441359685361
POST03684,2026-04-06 09:00:00,Instagram,Carousel,Brand Awareness,Promotional,12,483095,376151,270961,7788.0,372,1801,2608,12569.0,4.638674938459778,56.08855401111582
POST03685,2026-04-06 12:00:00,Facebook,Reel,Community Campaign,Brand,12,483380,819896,474478,42838.0,2566,2234,5615,53253.0,11.223491921648634,98.1583847076834
POST03686,2026-04-06 15:00:00,Youtube,Image,Seasonal Campaign,Education,16,108104,150611,85059,2549.0,101,706,696,4052.0,4.763752219047955,78.68256493746763
POST03687,2026-04-06 18:00:00,Linkedin,Reel,Seasonal Campaign,Education,23,310250,189229,135118,7414.0,422,1186,2710,11732.0,8.682780976627837,43.55132957292506
POST03688,2026-04-06 21:00:00,Instagram,Reel,Brand Awareness,Education,14,225589,282947,239151,14215.0,851,2098,3726,20890.0,8.735066966059101,106.01181795211644
POST03689,2026-04-07 00:00:00,Instagram,Reel,Special Campaign,Promotional,5,218850,494114,432825,22721.0,721,1407,4917,29766.0,6.877144342401663,197.77244688142562
POST03690,2026-04-07 03:00:00,Instagram,Reel,Seasonal Campaign,Event,11,78438,73135,57083,3284.0,142,279,191,3896.0,6.825149343937776,72.77467553991687
POST03691,2026-04-07 06:00:00,Facebook,Image,Special Campaign,Promotional,1,330541,159196,133603,8143.0,168,1346,1358,11015.0,8.244575346361984,40.41949410209323
POST03692,2026-04-07 09:00:00,Youtube,Carousel,Festival Campaign,Education,3,201582,136437,110131,3862.0,130,670,2357,7019.0,6.373319047316378,54.63335019991864
POST03693,2026-04-07 12:00:00,Facebook,Reel,Event Promotion,Community,19,449640,776742,617913,38738.0,539,6222,11961,57460.0,9.299043716510253,137.42393915132106
POST03694,2026-04-07 15:00:00,Instagram,Reel,Seasonal Campaign,Education,20,462675,897242,734986,20256.0,232,11389,3294,35171.0,4.785261215859895,158.85578429783325
POST03695,2026-04-07 18:00:00,Instagram,Image,Festival Campaign,Community,11,333419,257280,187005,8492.0,464,1309,3858,14123.0,7.552204486511056,56.087085618995914
POST03696,2026-04-07 21:00:00,Instagram,Carousel,Community Campaign,Brand,2,74034,50927,36172,1014.0,53,187,251,1505.0,4.16067676655977,48.858632520193424
POST03697,2026-04-08 00:00:00,Linkedin,Text,Community Campaign,Promotional,16,219450,192928,116856,3236.0,82,801,2888,7007.0,5.9962689121654,53.249487354750514
POST03698,2026-04-08 03:00:00,Facebook,Image,Brand Awareness,Community,5,167089,125257,105884,3763.0,123,1183,2340,7409.0,6.997280042310453,63.369820873905525
POST03699,2026-04-08 06:00:00,Linkedin,Image,Seasonal Campaign,Promotional,23,99372,78586,44449,997.0,34,391,1026,2448.0,5.5074354878624945,44.72990379583786
POST03700,2026-04-08 09:00:00,Instagram,Image,Special Campaign,Entertainment,16,99722,83919,54010,2023.0,72,362,1076,3533.0,6.541381225698944,54.16056637452117
POST03701,2026-04-08 12:00:00,Facebook,Text,Seasonal Campaign,Event,16,54432,46234,33841,1266.0,21,92,630,2009.0,5.936585798292013,62.1711493239271
POST03702,2026-04-08 15:00:00,Facebook,Video,Special Campaign,Entertainment,10,435973,328089,292018,16072.0,783,1833,2446,21134.0,7.237225102562171,66.98075339527907
POST03703,2026-04-08 18:00:00,Instagram,Reel,Special Campaign,Community,22,329332,661161,545517,26115.0,715,10140,8674,45644.0,8.36710863272822,165.64348438657646
POST03704,2026-04-08 21:00:00,Facebook,Reel,Seasonal Campaign,Entertainment,6,410305,350730,238157,11669.0,135,3725,4363,19892.0,8.352473368408235,58.043894176283494
POST03705,2026-04-09 00:00:00,Linkedin,Reel,Special Campaign,Event,1,51116,31785,25424,1917.0,84,103,237,2341.0,9.207835116425425,49.73785116206276
POST03706,2026-04-09 03:00:00,Linkedin,Image,Educational Series,Community,18,449932,317090,277764,15775.0,812,517,3267,20371.0,7.3339237626186256,61.734662126721375
POST03707,2026-04-09 06:00:00,Facebook,Carousel,Product Launch,Brand,1,340882,423031,312454,17910.0,1001,1404,7447,27762.0,8.885147893769963,91.66045728433886
POST03708,2026-04-09 09:00:00,Instagram,Image,Event Promotion,Brand,21,302600,289180,205803,14553.0,636,2643,2464,20296.0,9.861858184768929,68.01156642432254
POST03709,2026-04-09 12:00:00,Instagram,Reel,Seasonal Campaign,Event,12,154706,127639,94905,9462.0,185,1177,943,11767.0,12.398714503977661,61.34539061187026
POST03710,2026-04-09 15:00:00,Linkedin,Carousel,Product Launch,Event,23,69366,61373,40446,1100.0,43,547,216,1906.0,4.712456114325273,58.30810483522186
POST03711,2026-04-09 18:00:00,Instagram,Video,Educational Series,Community,23,409078,695383,603294,25832.0,1435,5826,6340,39433.0,6.536282475874118,147.47652037019833
POST03712,2026-04-09 21:00:00,Facebook,Reel,Special Campaign,Promotional,15,40856,59307,49168,4608.0,126,814,809,6357.0,12.929140904653433,120.3446250244762
POST03713,2026-04-10 00:00:00,Facebook,Carousel,Special Campaign,Community,16,219067,186714,148796,3402.0,196,381,929,4908.0,3.298475765477567,67.92259902221694
POST03714,2026-04-10 03:00:00,Facebook,Image,Community Campaign,Promotional,10,253082,122386,92546,4625.0,68,628,1510,6831.0,7.381194216929959,36.56759469262927
POST03715,2026-04-10 06:00:00,Linkedin,Video,Event Promotion,Promotional,8,80615,83916,74627,6919.0,321,618,1440,9298.0,12.459297573264367,92.57210196613534
POST03716,2026-04-10 09:00:00,Instagram,Video,Festival Campaign,Promotional,23,365270,436332,285447,13579.0,332,5055,5680,24646.0,8.634177272838741,78.14685027513893
POST03717,2026-04-10 12:00:00,Instagram,Image,Community Campaign,Community,8,94137,147102,95483,2192.0,109,507,2355,5163.0,5.4072452687913035,101.42983099100246
POST03718,2026-04-10 15:00:00,Instagram,Carousel,Community Campaign,Education,13,351149,443647,281604,19180.0,285,2193,3537,25195.0,8.946960980667889,80.19501693013507
POST03719,2026-04-10 18:00:00,Youtube,Video,Special Campaign,Education,12,438007,562134,455115,23259.0,611,6479,1690,32039.0,7.039759181745272,103.90587365042111
POST03720,2026-04-10 21:00:00,Instagram,Image,Brand Awareness,Brand,10,319759,279452,231679,15699.0,766,2804,5051,24320.0,10.497282878465462,72.45425461050353
POST03721,2026-04-11 00:00:00,Instagram,Reel,Educational Series,Education,11,20348,26625,20208,976.0,32,352,97,1457.0,7.210015835312747,99.31197169254963
POST03722,2026-04-11 03:00:00,Facebook,Video,Brand Awareness,Education,21,56419,61709,48021,2788.0,150,410,1054,4402.0,9.166822848337187,85.11494354738652
POST03723,2026-04-11 06:00:00,Linkedin,Reel,Brand Awareness,Promotional,2,416094,349074,234625,19763.0,594,4371,5776,30504.0,13.001172083111348,56.387498978596184
POST03724,2026-04-11 09:00:00,Instagram,Image,Product Launch,Promotional,0,294001,442086,249298,7954.0,475,2354,5721,16504.0,6.620189492093799,84.79494967704191
POST03725,2026-04-11 12:00:00,Instagram,Video,Community Campaign,Event,7,123053,166390,106285,3941.0,43,1666,2572,8222.0,7.735804676106694,86.37335132016287
POST03726,2026-04-11 15:00:00,Linkedin,Carousel,Special Campaign,Promotional,18,195101,129800,97934,2073.0,92,1443,344,3952.0,4.035370759899524,50.196564856151426
POST03727,2026-04-11 18:00:00,Instagram,Image,Educational Series,Community,12,499130,353297,294835,13075.0,729,1336,958,16098.0,5.460003052554819,59.06978141967023
POST03728,2026-04-11 21:00:00,Instagram,Reel,Brand Awareness,Event,6,391752,716462,588944,57971.0,2133,6499,4491,71094.0,12.071436333505392,150.3359268108395
POST03729,2026-04-12 00:00:00,Instagram,Image,Special Campaign,Event,12,214286,121682,74569,2475.0,147,647,1534,4803.0,6.441014362536711,34.798820268239645
POST03730,2026-04-12 03:00:00,Youtube,Reel,Special Campaign,Education,5,216610,294263,167143,4911.0,222,2701,830,8664.0,5.183585313174946,77.16310419648215
POST03731,2026-04-12 06:00:00,Instagram,Reel,Special Campaign,Promotional,2,266877,437195,370608,27570.0,867,3476,7198,39111.0,10.553199067478305,138.86846749626233
POST03732,2026-04-12 09:00:00,Linkedin,Carousel,Festival Campaign,Education,5,307802,217129,125165,3071.0,109,622,410,4212.0,3.365157991451284,40.664128238283055
POST03733,2026-04-12 12:00:00,Youtube,Reel,Event Promotion,Promotional,2,305411,545842,375353,24600.0,1325,5690,7163,38778.0,10.331075014719477,122.90094331900292
POST03734,2026-04-12 15:00:00,Youtube,Image,Special Campaign,Education,12,393142,457579,266758,10297.0,595,2328,2267,15487.0,5.805636569474955,67.85283688845252
POST03735,2026-04-12 18:00:00,Instagram,Image,Seasonal Campaign,Education,12,362033,575310,429996,18779.0,709,5293,5456,30237.0,7.031925878380265,118.77259807807576
POST03736,2026-04-12 21:00:00,Youtube,Text,Educational Series,Education,12,218125,181530,122926,2743.0,69,969,3009,6790.0,5.523648373818395,56.35575931232092
POST03737,2026-04-13 00:00:00,Facebook,Image,Product Launch,Community,0,205070,172387,107030,2447.0,53,213,1620,4333.0,4.048397645519948,52.19193446140342
POST03738,2026-04-13 03:00:00,Facebook,Reel,Educational Series,Brand,7,259463,226415,171692,14494.0,490,3251,796,19031.0,11.084383663770007,66.17205536049457
POST03739,2026-04-13 06:00:00,Facebook,Reel,Community Campaign,Education,4,498715,516676,349886,15801.0,392,4416,7770,28379.0,8.11092755926216,70.15750478730337
POST03740,2026-04-13 09:00:00,Youtube,Image,Product Launch,Entertainment,19,145513,75898,46174,2826.0,87,405,467,3785.0,8.197253865811929,31.73187275363713
POST03741,2026-04-13 12:00:00,Linkedin,Image,Event Promotion,Entertainment,16,491927,421226,334887,19743.0,1021,4165,5317,30246.0,9.031703231239193,68.07656420566465
POST03742,2026-04-13 15:00:00,Facebook,Image,Special Campaign,Entertainment,8,464747,305531,257526,7394.0,248,2463,4805,14910.0,5.7897066703944455,55.41208442442878
POST03743,2026-04-13 18:00:00,Facebook,Image,Festival Campaign,Community,12,143892,121257,78308,5250.0,220,580,1574,7624.0,9.73591459365582,54.42137158424374
POST03744,2026-04-13 21:00:00,Instagram,Reel,Brand Awareness,Event,12,335560,395218,243157,9380.0,136,1073,3043,13632.0,5.606254395308381,72.46304684706163
POST03745,2026-04-14 00:00:00,Instagram,Image,Educational Series,Education,4,268583,325178,187412,11440.0,550,2447,3749,18186.0,9.703754295349285,69.77805743475946
POST03746,2026-04-14 03:00:00,Instagram,Image,Product Launch,Entertainment,13,443583,453958,333552,13578.0,463,906,1858,16805.0,5.038194944116659,75.19494660525764
POST03747,2026-04-14 06:00:00,Facebook,Reel,Special Campaign,Community,10,168304,193343,162592,6548.0,183,890,2368,9989.0,6.143598701043102,96.60614126818139
POST03748,2026-04-14 09:00:00,Youtube,Reel,Event Promotion,Event,13,79048,163070,104002,10314.0,418,1710,362,12804.0,12.311301705736428,131.5681611172958
POST03749,2026-04-14 12:00:00,Youtube,Reel,Brand Awareness,Entertainment,6,212509,366537,260689,26364.0,398,2838,3112,32712.0,12.548285504950343,122.671980951395
POST03750,2026-04-14 15:00:00,Linkedin,Reel,Seasonal Campaign,Promotional,23,69357,54956,33318,2195.0,67,187,367,2816.0,8.451887868419474,48.03840996582897
POST03751,2026-04-14 18:00:00,Linkedin,Carousel,Event Promotion,Brand,16,177540,149718,103525,5234.0,264,621,2538,8657.0,8.362231345085728,58.310803199279036
POST03752,2026-04-14 21:00:00,Linkedin,Reel,Festival Campaign,Education,3,217128,218287,121237,11670.0,269,2351,1424,15714.0,12.961389674769253,55.836649349692344
POST03753,2026-04-15 00:00:00,Instagram,Reel,Brand Awareness,Brand,9,269336,544134,472719,34271.0,1909,5894,10851,52925.0,11.195869004630659,175.51274244809457
POST03754,2026-04-15 03:00:00,Facebook,Reel,Brand Awareness,Brand,9,41497,64736,50934,2381.0,95,478,640,3594.0,7.0561903640004715,122.74140299298743
POST03755,2026-04-15 06:00:00,Instagram,Text,Seasonal Campaign,Promotional,14,396153,279326,186166,6354.0,235,1869,2743,11201.0,6.016673291578484,46.99345959768069
POST03756,2026-04-15 09:00:00,Instagram,Video,Special Campaign,Promotional,19,26258,49954,42881,3610.0,108,423,459,4600.0,10.72736176861547,163.30642090029704
POST03757,2026-04-15 12:00:00,Instagram,Reel,Brand Awareness,Promotional,11,338103,358396,220064,20476.0,964,1717,3758,26915.0,12.230532935873201,65.08785784213687
POST03758,2026-04-15 15:00:00,Instagram,Reel,Product Launch,Event,8,54902,108152,62463,6200.0,236,335,1203,7974.0,12.76595744680851,113.77181159156315
POST03759,2026-04-15 18:00:00,Youtube,Reel,Brand Awareness,Entertainment,2,35454,37962,33403,1619.0,80,507,681,2887.0,8.642936263209892,94.21503920573137
POST03760,2026-04-15 21:00:00,Facebook,Image,Event Promotion,Education,14,57606,37232,24504,1340.0,35,215,447,2037.0,8.312928501469148,42.537235704614105
POST03761,2026-04-16 00:00:00,Instagram,Reel,Product Launch,Promotional,11,464843,980748,860695,26969.0,1216,3581,8829,40595.0,4.716537217016481,185.1582147090523
POST03762,2026-04-16 03:00:00,Facebook,Carousel,Brand Awareness,Community,14,337113,293109,226621,15122.0,864,2306,2328,20620.0,9.098891982649446,67.22404653632461
POST03763,2026-04-16 06:00:00,Youtube,Image,Event Promotion,Education,0,106465,157106,140298,6792.0,162,514,1494,8962.0,6.387831615561162,131.77851876203448
POST03764,2026-04-16 09:00:00,Instagram,Video,Event Promotion,Education,14,414001,388663,316255,13277.0,784,5602,1211,20874.0,6.600369954625224,76.3899121016616
POST03765,2026-04-16 12:00:00,Youtube,Reel,Educational Series,Education,10,355823,490177,287694,22170.0,676,2010,6831,31687.0,11.014133071944498,80.85312079320336
POST03766,2026-04-16 15:00:00,Instagram,Video,Event Promotion,Promotional,4,109628,194559,165040,5567.0,66,2188,1205,9026.0,5.468977217644207,150.54548108147554
POST03767,2026-04-16 18:00:00,Youtube,Video,Seasonal Campaign,Promotional,6,461034,307548,185069,8889.0,247,2338,1203,12677.0,6.849877613214531,40.14215871280643
POST03768,2026-04-16 21:00:00,Youtube,Reel,Community Campaign,Entertainment,11,400929,373727,296092,16957.0,296,4229,4486,25968.0,8.77024708536536,73.85147993784436
POST03769,2026-04-17 00:00:00,Instagram,Image,Festival Campaign,Promotional,19,270957,152273,110419,6621.0,166,754,446,7987.0,7.233356578125141,40.751484552899534
POST03770,2026-04-17 03:00:00,Instagram,Reel,Brand Awareness,Promotional,5,33635,78332,62485,3129.0,46,240,1339,4754.0,7.608225974233816,185.77374758436153
POST03771,2026-04-17 06:00:00,Youtube,Reel,Seasonal Campaign,Education,21,96518,173992,142281,4243.0,80,2726,3169,10218.0,7.181563244565332,147.4139538738888
POST03772,2026-04-17 09:00:00,Linkedin,Reel,Brand Awareness,Entertainment,2,33409,30352,25231,1011.0,16,147,296,1470.0,5.826166224089413,75.52156604507768
POST03773,2026-04-17 12:00:00,Instagram,Image,Brand Awareness,Brand,9,199828,141635,119291,6064.0,73,1289,2907,10333.0,8.6620113839267,59.69683928178233
POST03774,2026-04-17 15:00:00,Facebook,Image,Event Promotion,Promotional,20,38541,18430,15601,293.0,7,53,158,511.0,3.275431062111403,40.47897044705638
POST03775,2026-04-17 18:00:00,Facebook,Text,Event Promotion,Community,21,78022,54345,37737,1911.0,109,160,329,2509.0,6.648647216259904,48.36712722052754
POST03776,2026-04-17 21:00:00,Linkedin,Reel,Brand Awareness,Promotional,3,89064,136706,117735,11336.0,651,1420,2916,16323.0,13.864186520575869,132.19145782807868
POST03777,2026-04-18 00:00:00,Facebook,Text,Community Campaign,Brand,12,187399,148581,119140,4443.0,232,659,1013,6347.0,5.327345979519892,63.5755793787587
POST03778,2026-04-18 03:00:00,Youtube,Reel,Product Launch,Education,18,460104,569216,480213,38990.0,413,9025,6134,54562.0,11.362041427449903,104.37053361848625
POST03779,2026-04-18 06:00:00,Facebook,Video,Product Launch,Entertainment,4,241126,260637,233587,13387.0,152,3649,3845,21033.0,9.004353838184489,96.87341887643804
POST03780,2026-04-18 09:00:00,Linkedin,Reel,Festival Campaign,Education,22,44946,70064,41389,2072.0,21,752,417,3262.0,7.881321123970136,92.08605882614694
POST03781,2026-04-18 12:00:00,Instagram,Reel,Educational Series,Event,21,117616,186924,127052,4937.0,139,1706,1455,8237.0,6.483172244435349,108.02271799755134
POST03782,2026-04-18 15:00:00,Instagram,Video,Special Campaign,Promotional,17,383385,808348,672781,41246.0,2434,3912,12686,60278.0,8.959527691774886,175.4844347066265
POST03783,2026-04-18 18:00:00,Instagram,Reel,Seasonal Campaign,Community,0,149622,120524,69928,6890.0,377,794,1322,9383.0,13.418087175380391,46.73644250177113
POST03784,2026-04-18 21:00:00,Facebook,Carousel,Festival Campaign,Event,20,437772,505105,373410,28778.0,648,4686,7721,41833.0,11.202967247797327,85.29782626572737
POST03785,2026-04-19 00:00:00,Facebook,Image,Special Campaign,Promotional,20,385589,352043,299391,20256.0,618,765,4808,26447.0,8.833598872377593,77.64510917064543
POST03786,2026-04-19 03:00:00,Instagram,Image,Brand Awareness,Event,15,397553,508929,283293,19883.0,1018,3370,2305,26576.0,9.381100133077767,71.25917802154682
POST03787,2026-04-19 06:00:00,Youtube,Image,Seasonal Campaign,Brand,15,147280,156096,137182,3694.0,177,1260,1416,6547.0,4.7724920179032235,93.14367191743618
POST03788,2026-04-19 09:00:00,Youtube,Carousel,Brand Awareness,Promotional,15,397755,249998,223085,6744.0,112,2671,5089,14616.0,6.551762781002757,56.08603285942352
POST03789,2026-04-19 12:00:00,Instagram,Reel,Brand Awareness,Community,21,41775,42331,28056,1665.0,25,402,537,2629.0,9.370544625035643,67.15978456014363
POST03790,2026-04-19 15:00:00,Linkedin,Carousel,Educational Series,Promotional,18,240649,287501,235284,15158.0,563,3216,1161,20098.0,8.54201730674419,97.77061197013077
POST03791,2026-04-19 18:00:00,Instagram,Video,Event Promotion,Event,15,414051,436994,259798,14459.0,218,978,5086,20741.0,7.983510265667943,62.74541058951675
POST03792,2026-04-19 21:00:00,Instagram,Reel,Educational Series,Entertainment,0,464861,1082652,888318,84926.0,4352,7970,9126,106374.0,11.974765793330766,191.09325153110285
POST03793,2026-04-20 00:00:00,Youtube,Reel,Festival Campaign,Event,19,448963,757315,544155,44597.0,1010,6036,1910,53553.0,9.841497367478016,121.2026380793072
POST03794,2026-04-20 03:00:00,Facebook,Carousel,Event Promotion,Promotional,19,194357,173447,147619,8995.0,174,1411,2013,12593.0,8.530744687336995,75.95249978133023
POST03795,2026-04-20 06:00:00,Instagram,Image,Event Promotion,Promotional,9,458100,702566,438690,9579.0,184,5627,9841,25231.0,5.751441792609816,95.7629338572364
POST03796,2026-04-20 09:00:00,Facebook,Image,Festival Campaign,Entertainment,1,429320,450330,353702,9715.0,119,812,4518,15164.0,4.287224838988753,82.38656480014907
POST03797,2026-04-20 12:00:00,Youtube,Reel,Event Promotion,Education,13,34927,46397,38284,2273.0,95,660,947,3975.0,10.382927593772855,109.61147536289977
POST03798,2026-04-20 15:00:00,Instagram,Image,Seasonal Campaign,Entertainment,7,155593,95546,59321,4195.0,76,489,410,5170.0,8.715294752279968,38.12575115847114
POST03799,2026-04-20 18:00:00,Instagram,Reel,Product Launch,Education,5,326230,696355,582431,30335.0,657,6973,6243,44208.0,7.5902553263820085,178.5338564816234
POST03800,2026-04-20 21:00:00,Youtube,Image,Festival Campaign,Community,2,165352,207085,183331,9536.0,453,1017,617,11623.0,6.339898871440182,110.87316754559969
POST03801,2026-04-21 00:00:00,Instagram,Video,Special Campaign,Promotional,15,83266,154763,118490,11280.0,145,1474,486,13385.0,11.296311925056965,142.30298080849326
POST03802,2026-04-21 03:00:00,Linkedin,Reel,Festival Campaign,Brand,16,181825,235400,194133,9045.0,182,2625,2095,13947.0,7.184249972956684,106.76914615701911
POST03803,2026-04-21 06:00:00,Facebook,Image,Product Launch,Brand,11,202600,127305,93747,2531.0,44,376,1371,4322.0,4.610280862320928,46.271964461994074
POST03804,2026-04-21 09:00:00,Linkedin,Text,Educational Series,Event,18,462821,377341,286528,11342.0,116,2321,2354,16133.0,5.630514295287022,61.909031785506706
POST03805,2026-04-21 12:00:00,Instagram,Carousel,Educational Series,Entertainment,23,482211,305149,169258,9439.0,348,971,1127,11885.0,7.021824670030368,35.10040210613196
POST03806,2026-04-21 15:00:00,Linkedin,Video,Educational Series,Entertainment,19,114971,81374,59687,5394.0,105,784,731,7014.0,11.75130262871312,51.914830696436496
POST03807,2026-04-21 18:00:00,Youtube,Image,Event Promotion,Brand,2,179149,96936,72842,1415.0,58,652,492,2617.0,3.592707503912578,40.66000926602995
POST03808,2026-04-21 21:00:00,Instagram,Video,Product Launch,Education,12,269307,236790,185765,9907.0,347,2520,3135,15909.0,8.564045972061475,68.97889768925427
POST03809,2026-04-22 00:00:00,Instagram,Reel,Seasonal Campaign,Entertainment,15,217756,350698,213675,10761.0,466,626,5131,16984.0,7.948519948519948,98.12588401697313
POST03810,2026-04-22 03:00:00,Instagram,Reel,Festival Campaign,Education,10,397354,333030,211301,14905.0,880,997,4383,21165.0,10.01651672259005,53.17701596057923
POST03811,2026-04-22 06:00:00,Facebook,Reel,Festival Campaign,Education,19,450561,359194,292600,7820.0,164,4915,2263,15162.0,5.181818181818182,64.94126211545162
POST03812,2026-04-22 09:00:00,Youtube,Image,Festival Campaign,Education,15,444252,322266,196154,11062.0,478,1226,4692,17458.0,8.900149882235386,44.153768581795916
POST03813,2026-04-22 12:00:00,Instagram,Video,Event Promotion,Education,19,200345,333311,231854,13660.0,705,3582,4526,22473.0,9.692737671120618,115.72737028625622
POST03814,2026-04-22 15:00:00,Facebook,Reel,Event Promotion,Event,1,433218,491061,313135,25255.0,1461,1145,2007,29868.0,9.538378015871748,72.28116098592395
POST03815,2026-04-22 18:00:00,Instagram,Carousel,Community Campaign,Event,3,475236,573894,425148,20922.0,860,5357,6695,33834.0,7.958169860848457,89.46039441456455
POST03816,2026-04-22 21:00:00,Youtube,Carousel,Seasonal Campaign,Brand,3,330584,484318,433660,22062.0,364,1406,10521,34353.0,7.921643683992068,131.17997241245797
POST03817,2026-04-23 00:00:00,Instagram,Image,Educational Series,Event,16,452614,467667,396681,26323.0,334,2887,2034,31578.0,7.96055268591135,87.64222936100077
POST03818,2026-04-23 03:00:00,Facebook,Image,Special Campaign,Community,0,253098,173948,112077,3293.0,78,1431,1004,5806.0,5.180367069068587,44.28205675272029
POST03819,2026-04-23 06:00:00,Facebook,Image,Community Campaign,Entertainment,0,399915,473733,321671,9567.0,539,871,3612,14589.0,4.535379316133565,80.43484240401085
POST03820,2026-04-23 09:00:00,Youtube,Reel,Community Campaign,Community,4,210588,153067,133401,9289.0,342,1137,739,11507.0,8.62587236977234,63.34691435409425
POST03821,2026-04-23 12:00:00,Instagram,Reel,Event Promotion,Event,21,91466,114919,99336,7698.0,299,1128,951,10076.0,10.143351856326005,108.60429011873265
POST03822,2026-04-23 15:00:00,Instagram,Text,Educational Series,Entertainment,11,361068,360509,218535,6766.0,274,2244,3984,13268.0,6.071338687166816,60.52461032270929
POST03823,2026-04-23 18:00:00,Facebook,Reel,Educational Series,Entertainment,5,141411,212241,178334,11863.0,315,1466,2407,16051.0,9.000527100833269,126.11041573852104
POST03824,2026-04-23 21:00:00,Instagram,Reel,Festival Campaign,Education,5,73965,151894,99363,4349.0,82,1613,1218,7262.0,7.3085554985256085,134.337862502535
POST03825,2026-04-24 00:00:00,Instagram,Video,Event Promotion,Brand,16,39691,31210,23105,780.0,45,314,288,1427.0,6.176152347976628,58.21218916127082
POST03826,2026-04-24 03:00:00,Instagram,Reel,Educational Series,Education,21,351322,662679,365655,16302.0,778,2848,7207,27135.0,7.420929564753662,104.07973312232085
POST03827,2026-04-24 06:00:00,Youtube,Carousel,Special Campaign,Education,12,39201,55249,49696,3912.0,139,335,1232,5618.0,11.304732775273663,126.77227621744342
POST03828,2026-04-24 09:00:00,Youtube,Reel,Community Campaign,Community,7,289565,295684,241391,21373.0,616,1406,3850,27245.0,11.286667688521941,83.36332084333397
POST03829,2026-04-24 12:00:00,Facebook,Image,Product Launch,Event,23,125351,62217,39483,1009.0,34,391,771,2205.0,5.584682015044449,31.497953745881563
POST03830,2026-04-24 15:00:00,Instagram,Reel,Product Launch,Community,11,426770,831992,656714,19459.0,227,7957,7352,34995.0,5.32880371059548,153.88007591911335
POST03831,2026-04-24 18:00:00,Instagram,Reel,Event Promotion,Event,14,472044,551923,360216,11983.0,268,1879,7901,22031.0,6.116052590667821,76.3098355238071
POST03832,2026-04-24 21:00:00,Facebook,Image,Festival Campaign,Community,18,470836,191326,111219,3764.0,84,1007,1362,6217.0,5.589872234060727,23.62160072721712
POST03833,2026-04-25 00:00:00,Facebook,Carousel,Festival Campaign,Entertainment,20,353268,241556,168813,12174.0,392,1503,3979,18048.0,10.691119759734145,47.78610007133394
POST03834,2026-04-25 03:00:00,Instagram,Image,Educational Series,Event,19,109307,62693,47947,1695.0,36,138,928,2797.0,5.833524516653806,43.86452834676645
POST03835,2026-04-25 06:00:00,Youtube,Text,Special Campaign,Event,16,373504,230854,134223,3134.0,60,1449,2491,7134.0,5.31503542611922,35.93616132625086
POST03836,2026-04-25 09:00:00,Instagram,Reel,Seasonal Campaign,Community,8,264636,344722,252144,15586.0,692,4212,2365,22855.0,9.06426486452186,95.2795538022038
POST03837,2026-04-25 12:00:00,Linkedin,Image,Event Promotion,Promotional,20,94852,52681,38467,950.0,51,101,789,1891.0,4.915901941924247,40.55475899295745
POST03838,2026-04-25 15:00:00,Instagram,Image,Seasonal Campaign,Entertainment,17,342389,525064,404312,17543.0,234,5133,2149,25059.0,6.197936247254596,118.0855693378
POST03839,2026-04-25 18:00:00,Linkedin,Text,Product Launch,Entertainment,1,390297,171543,109037,4950.0,101,1138,1617,7806.0,7.159037757825325,27.936930081450797
POST03840,2026-04-25 21:00:00,Facebook,Reel,Community Campaign,Promotional,10,259321,293555,163576,8959.0,436,541,3137,13073.0,7.992003716926689,63.07857828714219
POST03841,2026-04-26 00:00:00,Youtube,Image,Educational Series,Community,22,65562,94596,62783,1718.0,87,261,1408,3474.0,5.533345013777615,95.76126414691437
POST03842,2026-04-26 03:00:00,Instagram,Video,Community Campaign,Community,19,179306,356110,245539,13904.0,486,3279,3813,21482.0,8.7489156508742,136.93852966437262
POST03843,2026-04-26 06:00:00,Youtube,Reel,Seasonal Campaign,Entertainment,16,367466,425246,328506,28078.0,1256,6042,2852,38228.0,11.636925961778475,89.39765855888709
POST03844,2026-04-26 09:00:00,Youtube,Video,Educational Series,Community,20,253708,276787,242343,7152.0,99,3693,5252,16196.0,6.683089670425801,95.52044082173207
POST03845,2026-04-26 12:00:00,Instagram,Reel,Brand Awareness,Brand,17,428545,730923,454038,14317.0,751,3343,9033,27444.0,6.044427999418551,105.94873350523282
POST03846,2026-04-26 15:00:00,Facebook,Carousel,Community Campaign,Brand,14,428914,574693,454333,18646.0,962,1161,2897,23666.0,5.208954665410613,105.92636286062007
POST03847,2026-04-26 18:00:00,Linkedin,Text,Event Promotion,Promotional,6,241935,74032,43241,1456.0,65,264,959,2744.0,6.345829189889225,17.87298241263149
POST03848,2026-04-26 21:00:00,Youtube,Carousel,Community Campaign,Event,15,198681,204950,126396,4378.0,244,424,3048,8094.0,6.403683660875344,63.61755779364911
POST03849,2026-04-27 00:00:00,Facebook,Image,Community Campaign,Brand,0,298692,326565,237803,4626.0,57,1110,3526,9319.0,3.9187899227511847,79.61478713859093
POST03850,2026-04-27 03:00:00,Instagram,Reel,Educational Series,Community,17,452973,643372,513367,22139.0,477,6888,1973,31477.0,6.131480987285898,113.33280350042938
POST03851,2026-04-27 06:00:00,Youtube,Text,Product Launch,Promotional,21,275644,277448,235969,8162.0,229,1492,5461,15344.0,6.502549063648192,85.60643438638243
POST03852,2026-04-27 09:00:00,Instagram,Image,Seasonal Campaign,Brand,7,85234,109719,88912,1981.0,35,551,506,3073.0,3.4562263811409033,104.31517938850693
POST03853,2026-04-27 12:00:00,Facebook,Reel,Brand Awareness,Education,6,38340,31645,17574,1438.0,72,321,297,2128.0,12.108797086605213,45.83724569640062
POST03854,2026-04-27 15:00:00,Linkedin,Carousel,Community Campaign,Promotional,1,89396,71307,56288,3139.0,150,266,665,4220.0,7.497157475838545,62.9647858964607
POST03855,2026-04-27 18:00:00,Facebook,Image,Special Campaign,Entertainment,11,366839,316806,265683,11015.0,536,1993,6595,20139.0,7.580086042388862,72.42496026867371
POST03856,2026-04-27 21:00:00,Instagram,Reel,Seasonal Campaign,Brand,15,178937,339286,249014,16549.0,406,3060,5771,25786.0,10.355241070783169,139.16294561773137
POST03857,2026-04-28 00:00:00,Instagram,Reel,Special Campaign,Entertainment,8,251144,518091,460043,35493.0,1708,3699,9320,50220.0,10.916370860984733,183.17897301946294
POST03858,2026-04-28 03:00:00,Youtube,Reel,Seasonal Campaign,Promotional,19,210839,379869,209501,21703.0,350,3041,1546,26640.0,12.715929756898536,99.36539255071405
POST03859,2026-04-28 06:00:00,Youtube,Image,Special Campaign,Brand,10,164815,86202,72110,4316.0,66,861,1325,6568.0,9.108306753570933,43.75208567181385
POST03860,2026-04-28 09:00:00,Facebook,Carousel,Product Launch,Entertainment,14,222834,246510,164468,9052.0,354,1560,2563,13529.0,8.225916287666902,73.80740820521106
POST03861,2026-04-28 12:00:00,Facebook,Image,Festival Campaign,Event,2,98254,79372,61724,3679.0,45,675,368,4767.0,7.723089883999741,62.820852077269116
POST03862,2026-04-28 15:00:00,Facebook,Video,Brand Awareness,Event,22,130192,150992,119694,6968.0,396,401,2451,10216.0,8.535097832806992,91.93652451763549
POST03863,2026-04-28 18:00:00,Instagram,Video,Brand Awareness,Education,20,255997,321806,211486,9809.0,259,1014,1036,12118.0,5.729930113577257,82.61268686742423
POST03864,2026-04-28 21:00:00,Instagram,Carousel,Special Campaign,Community,12,463150,708468,636486,23870.0,808,5350,8653,38681.0,6.077274284116226,137.42545611572925
POST03865,2026-04-29 00:00:00,Instagram,Reel,Special Campaign,Promotional,20,146658,268569,157418,8997.0,455,2859,1949,14260.0,9.058684521465143,107.33679717437849
POST03866,2026-04-29 03:00:00,Instagram,Carousel,Special Campaign,Community,12,280464,381473,230775,4879.0,146,2159,4785,11969.0,5.186437005741523,82.28328769467738
POST03867,2026-04-29 06:00:00,Youtube,Image,Seasonal Campaign,Community,1,208044,280441,241815,6663.0,210,1658,3000,11531.0,4.768521390319045,116.2326238680279
POST03868,2026-04-29 09:00:00,Facebook,Image,Educational Series,Entertainment,5,307674,150003,88758,2204.0,60,782,1622,4668.0,5.259244237139187,28.848066459954367
POST03869,2026-04-29 12:00:00,Facebook,Carousel,Community Campaign,Education,5,210408,159271,108853,8871.0,244,413,1471,10999.0,10.10445279413521,51.734249648302345
POST03870,2026-04-29 15:00:00,Instagram,Image,Festival Campaign,Promotional,11,79003,84907,68485,1472.0,49,647,1082,3250.0,4.745564722201942,86.68658152222068
POST03871,2026-04-29 18:00:00,Instagram,Text,Special Campaign,Event,3,315052,413582,342041,12841.0,735,826,2839,17241.0,5.040623784867896,108.56652235186573
POST03872,2026-04-29 21:00:00,Instagram,Reel,Educational Series,Community,4,397551,354720,313620,30652.0,1741,3872,2337,38602.0,12.308526241948856,78.88799172936302
POST03873,2026-04-30 00:00:00,Instagram,Carousel,Event Promotion,Entertainment,22,87186,91956,75987,4504.0,167,900,1414,6985.0,9.192361851369313,87.15504782877986
POST03874,2026-04-30 03:00:00,Facebook,Reel,Product Launch,Community,7,60653,101186,85561,5529.0,181,817,486,7013.0,8.196491392106218,141.06639407778675
POST03875,2026-04-30 06:00:00,Instagram,Text,Product Launch,Brand,5,412647,519172,458055,22185.0,1118,4755,3147,31205.0,6.812500682232484,111.00407854655433
POST03876,2026-04-30 09:00:00,Youtube,Reel,Educational Series,Event,20,269333,525819,391099,20948.0,922,2021,9269,33160.0,8.478671640684327,145.21020446807483
POST03877,2026-04-30 12:00:00,Instagram,Reel,Seasonal Campaign,Community,2,277426,349858,234475,9639.0,521,1287,2010,13457.0,5.739204606034758,84.51803363779891
POST03878,2026-04-30 15:00:00,Linkedin,Reel,Product Launch,Brand,22,198104,277486,226585,20865.0,970,2568,2291,26694.0,11.781009334245427,114.37679198804669
POST03879,2026-04-30 18:00:00,Youtube,Image,Community Campaign,Brand,7,315927,314437,190938,4020.0,231,2424,3232,9907.0,5.188595250814401,60.4373795212185
POST03880,2026-04-30 21:00:00,Instagram,Reel,Product Launch,Entertainment,18,73535,128454,73717,6561.0,356,678,935,8530.0,11.57127935211688,100.24750118990957
POST03881,2026-05-01 00:00:00,Youtube,Image,Community Campaign,Entertainment,20,264066,193147,159320,3757.0,198,2013,2437,8405.0,5.275546070800904,60.33340149811032
POST03882,2026-05-01 03:00:00,Facebook,Image,Event Promotion,Brand,10,388982,380193,335609,17378.0,513,3327,2074,23292.0,6.940219124040178,86.27879953314034
POST03883,2026-05-01 06:00:00,Linkedin,Reel,Special Campaign,Education,17,485044,417528,294297,18602.0,545,4657,5236,29040.0,9.867582748040245,60.674289342822505
POST03884,2026-05-01 09:00:00,Instagram,Reel,Festival Campaign,Community,9,370417,487636,295700,30719.0,1445,5455,1905,39524.0,13.366249577274264,79.82894953525351
POST03885,2026-05-01 12:00:00,Linkedin,Video,Brand Awareness,Brand,19,211599,230927,167181,8681.0,123,1893,3251,13948.0,8.34305333740078,79.00840741213332
POST03886,2026-05-01 15:00:00,Linkedin,Carousel,Educational Series,Brand,11,276653,171928,118228,9613.0,251,1283,1716,12863.0,10.879825422065839,42.73512306029575
POST03887,2026-05-01 18:00:00,Linkedin,Carousel,Educational Series,Entertainment,19,307695,187241,127392,5915.0,334,1274,2669,10192.0,8.000502386335091,41.402037732169845
POST03888,2026-05-01 21:00:00,Facebook,Carousel,Community Campaign,Community,7,325687,267505,205932,13168.0,428,2638,1400,17634.0,8.563020802983509,63.23003374405487
POST03889,2026-05-02 00:00:00,Facebook,Reel,Event Promotion,Promotional,18,432720,647061,395456,30135.0,708,2855,4470,38168.0,9.651642660624697,91.388426696247
POST03890,2026-05-02 03:00:00,Youtube,Reel,Event Promotion,Event,20,429587,445179,304132,9958.0,336,4841,6578,21713.0,7.139334236449963,70.79636953632209
POST03891,2026-05-02 06:00:00,Facebook,Reel,Seasonal Campaign,Entertainment,15,70975,106899,91295,7667.0,187,1338,1878,11070.0,12.125527137302154,128.62979922507924
POST03892,2026-05-02 09:00:00,Youtube,Video,Brand Awareness,Community,20,237418,374692,301770,11776.0,570,3558,7316,23220.0,7.694601849090367,127.1049372836095
POST03893,2026-05-02 12:00:00,Facebook,Text,Special Campaign,Community,17,311180,247661,141032,4580.0,240,264,1111,6195.0,4.3926201145839245,45.32167877112925
POST03894,2026-05-02 15:00:00,Youtube,Image,Festival Campaign,Education,8,363227,350517,255830,15410.0,757,2778,3801,22746.0,8.891060469843255,70.43253943126476
POST03895,2026-05-02 18:00:00,Facebook,Reel,Educational Series,Event,3,73756,107513,62567,6235.0,108,302,212,6857.0,10.959451468026275,84.82970876945605
POST03896,2026-05-02 21:00:00,Facebook,Reel,Community Campaign,Entertainment,8,112739,67735,59953,4176.0,111,1130,1452,6869.0,11.457308224776074,53.178580615403725
POST03897,2026-05-03 00:00:00,Instagram,Reel,Event Promotion,Entertainment,1,406492,510857,324713,21597.0,447,1291,2225,25560.0,7.871566583413661,79.88176889090069
POST03898,2026-05-03 03:00:00,Facebook,Image,Special Campaign,Promotional,8,291449,278363,243962,11043.0,134,2495,5587,19259.0,7.894262221165592,83.70658331303247
POST03899,2026-05-03 06:00:00,Youtube,Reel,Educational Series,Education,8,487565,1036969,873027,78303.0,3677,7587,15647,105214.0,12.051631851019499,179.05858706018685
POST03900,2026-05-03 09:00:00,Facebook,Text,Community Campaign,Education,17,348580,118237,87847,5243.0,164,761,2074,8242.0,9.382221362140996,25.20138849044696
POST03901,2026-05-03 12:00:00,Youtube,Image,Product Launch,Community,10,285891,285854,190866,9965.0,237,1502,1614,13318.0,6.977670197939916,66.76180782186218
POST03902,2026-05-03 15:00:00,Instagram,Text,Special Campaign,Community,12,196096,251287,213664,6845.0,173,1631,2263,10912.0,5.107084019769357,108.9588772845953
POST03903,2026-05-03 18:00:00,Linkedin,Video,Educational Series,Entertainment,5,201695,264018,159328,6332.0,106,569,1054,8061.0,5.059374372363928,78.99452143087335
POST03904,2026-05-03 21:00:00,Instagram,Video,Festival Campaign,Promotional,8,305389,230054,141021,5403.0,277,2464,1733,9877.0,7.00392140177704,46.17749820720458
POST03905,2026-05-04 00:00:00,Facebook,Carousel,Special Campaign,Entertainment,15,416319,405050,254635,19081.0,328,548,6071,26028.0,10.221689869813655,61.16343476997207
POST03906,2026-05-04 03:00:00,Youtube,Carousel,Community Campaign,Brand,3,478825,278892,211733,17683.0,475,3164,3295,24617.0,11.62643518015614,44.219286795802226
POST03907,2026-05-04 06:00:00,Youtube,Carousel,Festival Campaign,Community,1,134938,200984,132652,8618.0,89,1307,1612,11626.0,8.764285498899376,98.30588863033392
POST03908,2026-05-04 09:00:00,Instagram,Carousel,Educational Series,Brand,6,219105,223307,200130,16254.0,517,1125,2030,19926.0,9.956528256633188,91.33976860409393
POST03909,2026-05-04 12:00:00,Youtube,Image,Product Launch,Promotional,14,442793,554790,343020,12657.0,351,3176,5441,21625.0,6.304297125532039,77.46734930317326
POST03910,2026-05-04 15:00:00,Instagram,Text,Festival Campaign,Entertainment,5,472962,614999,511656,22124.0,1016,4124,9675,36939.0,7.219499038416435,108.18120694685831
POST03911,2026-05-04 18:00:00,Instagram,Carousel,Event Promotion,Community,10,499764,929494,542399,28875.0,1321,6546,6481,43223.0,7.968856874736126,108.53102664457623
POST03912,2026-05-04 21:00:00,Instagram,Video,Community Campaign,Promotional,19,159559,320317,215799,12668.0,151,573,1743,15135.0,7.013470868725063,135.24714995706915
POST03913,2026-05-05 00:00:00,Instagram,Video,Educational Series,Entertainment,16,462665,469126,298043,20723.0,327,5284,4729,31063.0,10.42232161131112,64.41874790615239
POST03914,2026-05-05 03:00:00,Linkedin,Reel,Product Launch,Entertainment,3,377703,272846,243349,12217.0,674,3173,2687,18751.0,7.705394310229341,64.4286648504248
POST03915,2026-05-05 06:00:00,Linkedin,Reel,Event Promotion,Brand,18,241485,282733,158049,12006.0,595,1419,3931,17951.0,11.357870027649653,65.44878563885955
POST03916,2026-05-05 09:00:00,Instagram,Image,Educational Series,Event,6,65567,73931,59335,3223.0,94,502,753,4572.0,7.705401533664785,90.49521863132368
POST03917,2026-05-05 12:00:00,Facebook,Image,Special Campaign,Education,10,215921,89115,56739,3583.0,65,220,712,4580.0,8.072049207775956,26.27766636871819
POST03918,2026-05-05 15:00:00,Instagram,Video,Seasonal Campaign,Community,12,274536,352528,293986,22517.0,518,1839,6311,31185.0,10.607647983237296,107.08468106186437
POST03919,2026-05-05 18:00:00,Facebook,Image,Product Launch,Education,20,223125,254233,167521,5908.0,253,469,1427,8057.0,4.8095462658412975,75.07943977591036
POST03920,2026-05-05 21:00:00,Facebook,Image,Event Promotion,Promotional,2,261192,295844,182106,7710.0,441,2201,810,11162.0,6.129397164288931,69.72112468988331
POST03921,2026-05-06 00:00:00,Linkedin,Image,Festival Campaign,Education,13,393853,199609,158202,3876.0,158,750,3446,8230.0,5.202209832998319,40.16777833354069
POST03922,2026-05-06 03:00:00,Youtube,Reel,Educational Series,Brand,1,280227,353424,226245,10422.0,118,3416,3610,17566.0,7.764149483966497,80.73633161686774
POST03923,2026-05-06 06:00:00,Facebook,Carousel,Educational Series,Event,17,136322,136600,98343,5292.0,225,574,857,6948.0,7.065068179738263,72.14022681592112
POST03924,2026-05-06 09:00:00,Instagram,Video,Festival Campaign,Community,4,270765,527452,314380,9825.0,562,1470,3313,15170.0,4.825370570646988,116.10806418850295
POST03925,2026-05-06 12:00:00,Linkedin,Reel,Seasonal Campaign,Entertainment,12,140717,151027,121366,8557.0,239,537,1500,10833.0,8.925893578102599,86.24828556606522
POST03926,2026-05-06 15:00:00,Instagram,Image,Brand Awareness,Entertainment,12,156687,248451,172025,6721.0,380,2041,3091,12233.0,7.11117570120622,109.78894228621392
POST03927,2026-05-06 18:00:00,Facebook,Image,Event Promotion,Brand,23,96004,101018,60530,1203.0,52,193,805,2253.0,3.7221212621840407,63.049456272655306
POST03928,2026-05-06 21:00:00,Facebook,Reel,Festival Campaign,Community,23,293023,498173,403300,24152.0,470,1642,4721,30985.0,7.682866352591124,137.6342471410094
POST03929,2026-05-07 00:00:00,Facebook,Reel,Special Campaign,Education,13,379635,546995,320635,15367.0,265,884,6467,22983.0,7.1679635722862445,84.45875643710407
POST03930,2026-05-07 03:00:00,Instagram,Text,Educational Series,Entertainment,11,203068,251776,189130,3406.0,64,959,866,5295.0,2.7996616084174906,93.13628932180353
POST03931,2026-05-07 06:00:00,Linkedin,Image,Special Campaign,Education,20,426294,408527,311550,10543.0,474,3997,5407,20421.0,6.554646124217621,73.0833650016186
POST03932,2026-05-07 09:00:00,Instagram,Reel,Event Promotion,Brand,12,205847,242073,211964,10373.0,409,3806,2729,17317.0,8.169783548149685,102.97162455610234
POST03933,2026-05-07 12:00:00,Facebook,Reel,Seasonal Campaign,Entertainment,17,24590,20988,12652,679.0,22,57,131,889.0,7.026557066076509,51.45180967873119
POST03934,2026-05-07 15:00:00,Instagram,Carousel,Event Promotion,Promotional,12,205172,352715,274649,12108.0,280,623,6428,19439.0,7.077761069583359,133.86280779053672
POST03935,2026-05-07 18:00:00,Instagram,Carousel,Special Campaign,Event,3,293054,215891,147511,7091.0,392,1821,2967,12271.0,8.318701656147677,50.33577429415739
POST03936,2026-05-07 21:00:00,Youtube,Carousel,Special Campaign,Education,22,183048,192088,132595,3552.0,73,833,1037,5495.0,4.14419849918926,72.43728420960622
POST03937,2026-05-08 00:00:00,Youtube,Reel,Brand Awareness,Community,21,303718,573583,416214,10992.0,265,6953,7221,25431.0,6.110077988726953,137.03962228119505
POST03938,2026-05-08 03:00:00,Instagram,Video,Educational Series,Education,9,191724,362562,229075,17637.0,224,1319,4831,24011.0,10.481719960711558,119.48165070622352
POST03939,2026-05-08 06:00:00,Instagram,Image,Product Launch,Education,22,53430,36860,26222,949.0,22,198,649,1818.0,6.933109602623751,49.077297398465284
POST03940,2026-05-08 09:00:00,Youtube,Reel,Brand Awareness,Education,4,486951,687781,543619,40152.0,2254,1716,9983,54105.0,9.952742637766523,111.63731053021762
POST03941,2026-05-08 12:00:00,Facebook,Image,Brand Awareness,Brand,17,337771,268076,190331,6581.0,127,2335,3463,12506.0,6.570658484429756,56.349124110714065
POST03942,2026-05-08 15:00:00,Linkedin,Image,Product Launch,Brand,7,277635,164659,93012,6617.0,133,361,1533,8644.0,9.293424504365028,33.50153979145281
POST03943,2026-05-08 18:00:00,Instagram,Video,Product Launch,Community,13,72239,147421,94384,4408.0,176,660,366,5610.0,5.943804034582133,130.65518625673113
POST03944,2026-05-08 21:00:00,Instagram,Text,Seasonal Campaign,Brand,1,336057,348761,234720,9911.0,380,1449,3725,15465.0,6.588701431492843,69.84529410189343
POST03945,2026-05-09 00:00:00,Instagram,Reel,Seasonal Campaign,Community,7,381116,880032,593275,25604.0,481,4262,12287,42634.0,7.186212127596814,155.66782816780193
POST03946,2026-05-09 03:00:00,Instagram,Video,Brand Awareness,Community,15,375420,306396,177204,10859.0,192,536,2073,13660.0,7.708629602040586,47.2015342816046
POST03947,2026-05-09 06:00:00,Facebook,Video,Event Promotion,Brand,6,422693,408278,288795,18977.0,300,824,4595,24696.0,8.551394587856437,68.32263605027762
POST03948,2026-05-09 09:00:00,Facebook,Text,Festival Campaign,Entertainment,2,72772,65583,51953,1206.0,63,561,1214,3044.0,5.8591419167324315,71.39146924641345
POST03949,2026-05-09 12:00:00,Instagram,Reel,Festival Campaign,Brand,3,85696,123349,69943,2493.0,106,566,474,3639.0,5.202808000800651,81.6175784167289
POST03950,2026-05-09 15:00:00,Instagram,Image,Brand Awareness,Entertainment,6,194430,159982,130037,9177.0,529,742,1192,11640.0,8.951298476587432,66.88113974180939
POST03951,2026-05-09 18:00:00,Instagram,Reel,Event Promotion,Promotional,3,195277,456280,403482,38603.0,706,7342,2189,48840.0,12.104629202789715,206.6203393128735
POST03952,2026-05-09 21:00:00,Facebook,Video,Product Launch,Brand,8,485212,719557,398108,28474.0,940,6148,5575,41137.0,10.333125684487626,82.04825931757665
POST03953,2026-05-10 00:00:00,Linkedin,Reel,Community Campaign,Promotional,22,475592,517602,319770,29790.0,1404,4543,6866,42603.0,13.323013415892673,67.23620245925078
POST03954,2026-05-10 03:00:00,Instagram,Image,Brand Awareness,Brand,16,233009,267178,197770,4580.0,94,1879,2486,9039.0,4.570460636092431,84.87654983283907
POST03955,2026-05-10 06:00:00,Instagram,Reel,Educational Series,Promotional,16,382981,302825,189664,15721.0,695,3060,860,20336.0,10.722119115910242,49.52308339055985
POST03956,2026-05-10 09:00:00,Linkedin,Reel,Event Promotion,Event,19,436110,671711,549203,26513.0,893,2995,4831,35232.0,6.415114265581215,125.93221893558963
POST03957,2026-05-10 12:00:00,Linkedin,Carousel,Educational Series,Promotional,13,384894,422339,278425,15310.0,482,3109,6285,25186.0,9.04588309239472,72.3380982816048
POST03958,2026-05-10 15:00:00,Youtube,Video,Educational Series,Entertainment,13,210991,149483,97577,7715.0,325,383,1489,9912.0,10.158131526896707,46.24699631737846
POST03959,2026-05-10 18:00:00,Instagram,Carousel,Brand Awareness,Education,12,395716,337219,185579,4288.0,143,710,4288,9429.0,5.080855053642923,46.89701705263371
POST03960,2026-05-10 21:00:00,Instagram,Video,Event Promotion,Community,3,259885,494375,318646,23588.0,1203,1971,6805,33567.0,10.534260590121953,122.61038536275662
POST03961,2026-05-11 00:00:00,Youtube,Reel,Educational Series,Promotional,12,285062,239229,149801,8976.0,507,2186,1814,13483.0,9.00060747258029,52.55032238600725
POST03962,2026-05-11 03:00:00,Instagram,Image,Seasonal Campaign,Education,20,131683,205047,137409,5735.0,226,1682,2327,9970.0,7.255711052405592,104.34832134747842
POST03963,2026-05-11 06:00:00,Instagram,Image,Special Campaign,Event,16,307773,498556,299971,20095.0,502,2964,5284,28845.0,9.61592953985552,97.46501479986873
POST03964,2026-05-11 09:00:00,Youtube,Reel,Seasonal Campaign,Event,14,36699,72759,55160,5133.0,250,531,1071,6985.0,12.663161711385062,150.3038229924521
POST03965,2026-05-11 12:00:00,Instagram,Image,Event Promotion,Entertainment,17,394580,527954,334490,7060.0,130,2612,3453,13255.0,3.9627492600675653,84.7711490698971
POST03966,2026-05-11 15:00:00,Facebook,Carousel,Festival Campaign,Entertainment,10,336128,313601,263773,15814.0,233,3118,2468,21633.0,8.201370117487384,78.47397420030464
POST03967,2026-05-11 18:00:00,Instagram,Image,Special Campaign,Promotional,3,333507,209783,136274,5660.0,203,1223,2461,9547.0,7.005738438733728,40.86091146512667
POST03968,2026-05-11 21:00:00,Instagram,Carousel,Community Campaign,Brand,19,289213,448384,279703,7949.0,336,2608,5877,16770.0,5.995645380993411,96.71176606860688
POST03969,2026-05-12 00:00:00,Youtube,Image,Educational Series,Event,10,126815,112598,64165,4103.0,212,293,777,5385.0,8.392425777292917,50.59732681465127
POST03970,2026-05-12 03:00:00,Instagram,Reel,Educational Series,Education,9,467501,780519,631414,19938.0,1151,8225,6354,35668.0,5.64890863997314,135.06152928015126
POST03971,2026-05-12 06:00:00,Linkedin,Reel,Event Promotion,Brand,21,124726,102914,74908,2135.0,114,218,1585,4052.0,5.409302077214717,60.0580472395491
POST03972,2026-05-12 09:00:00,Youtube,Image,Seasonal Campaign,Event,12,352207,258778,152633,4375.0,260,1274,2764,8673.0,5.682257441051411,43.336163108626465
POST03973,2026-05-12 12:00:00,Instagram,Reel,Community Campaign,Promotional,21,301243,387369,243061,12071.0,407,4003,2566,19047.0,7.836304466779945,80.68602423956739
POST03974,2026-05-12 15:00:00,Facebook,Reel,Festival Campaign,Event,7,471193,724307,651551,20034.0,517,3673,9546,33770.0,5.1830171391034625,138.27688441891115
POST03975,2026-05-12 18:00:00,Instagram,Image,Educational Series,Entertainment,12,35622,35643,29658,1560.0,51,93,715,2419.0,8.15631532807337,83.25753747684016
POST03976,2026-05-12 21:00:00,Linkedin,Image,Brand Awareness,Education,8,439497,256855,172723,7186.0,303,2271,3367,13127.0,7.600030106007885,39.30015449479746
POST03977,2026-05-13 00:00:00,Instagram,Reel,Seasonal Campaign,Education,0,321577,468034,346295,20137.0,712,5836,2727,29412.0,8.493336606072857,107.6864949918682
POST03978,2026-05-13 03:00:00,Youtube,Carousel,Event Promotion,Entertainment,0,59875,36810,25605,772.0,32,159,243,1206.0,4.710017574692443,42.76409185803758
POST03979,2026-05-13 06:00:00,Instagram,Carousel,Event Promotion,Brand,14,232139,406744,228889,11119.0,604,1132,2022,14877.0,6.499657039001437,98.59997673807503
POST03980,2026-05-13 09:00:00,Youtube,Reel,Seasonal Campaign,Entertainment,21,411525,618941,509101,28730.0,525,4197,11028,44480.0,8.736969677922456,123.71083166271795
POST03981,2026-05-13 12:00:00,Facebook,Video,Educational Series,Education,3,156204,102034,81723,4218.0,67,745,1398,6428.0,7.865594753007109,52.31812245525083
POST03982,2026-05-13 15:00:00,Facebook,Carousel,Festival Campaign,Promotional,19,114932,85629,59347,2063.0,72,789,1405,4329.0,7.294387247881106,51.63661991438416
POST03983,2026-05-13 18:00:00,Instagram,Carousel,Educational Series,Brand,0,340160,635853,537972,14498.0,856,2886,2690,20930.0,3.8905370539730693,158.15263405456255
POST03984,2026-05-13 21:00:00,Instagram,Image,Seasonal Campaign,Community,11,194311,229384,169092,5424.0,70,1730,700,7924.0,4.686206325550588,87.0213214897767
POST03985,2026-05-14 00:00:00,Facebook,Reel,Special Campaign,Event,10,80891,74900,42904,3348.0,198,785,766,5097.0,11.88001118776804,53.039275073864836
POST03986,2026-05-14 03:00:00,Linkedin,Carousel,Product Launch,Community,18,389110,302778,194017,4965.0,289,1412,1720,8386.0,4.3223016539787755,49.8617357559559
POST03987,2026-05-14 06:00:00,Instagram,Image,Educational Series,Promotional,14,375487,307581,218880,8458.0,208,460,3927,13053.0,5.963541666666667,58.29229773600684
POST03988,2026-05-14 09:00:00,Youtube,Text,Community Campaign,Community,20,59550,26126,15315,584.0,31,146,289,1050.0,6.8560235063663075,25.717884130982366
POST03989,2026-05-14 12:00:00,Instagram,Video,Special Campaign,Brand,9,137295,265325,198961,18572.0,192,2676,1929,23369.0,11.7455179658325,144.9149641283368
POST03990,2026-05-14 15:00:00,Linkedin,Image,Seasonal Campaign,Education,0,269092,153539,90925,5779.0,188,322,2178,8467.0,9.312070387682155,33.78955896124746
POST03991,2026-05-14 18:00:00,Instagram,Reel,Special Campaign,Education,23,309340,645877,400558,39052.0,1175,5082,8028,53337.0,13.31567463388573,129.48794207021402
POST03992,2026-05-14 21:00:00,Instagram,Reel,Community Campaign,Promotional,2,232601,355076,306393,27563.0,1519,5067,3395,37544.0,12.253543651454178,131.72471313536914
POST03993,2026-05-15 00:00:00,Facebook,Reel,Special Campaign,Community,13,335993,268453,241590,17382.0,584,1367,2915,22248.0,9.208990438345959,71.90328369936279
POST03994,2026-05-15 03:00:00,Instagram,Image,Special Campaign,Brand,14,242566,341052,253261,16330.0,504,1116,4748,22698.0,8.962295813409881,104.40910927335241
POST03995,2026-05-15 06:00:00,Youtube,Reel,Seasonal Campaign,Event,0,329502,413284,316937,22213.0,932,1904,3070,28119.0,8.872110230108824,96.18666958015429
POST03996,2026-05-15 09:00:00,Youtube,Image,Product Launch,Community,9,59513,71156,58995,2201.0,63,794,560,3618.0,6.132723112128147,99.12960193571152
POST03997,2026-05-15 12:00:00,Instagram,Reel,Community Campaign,Community,21,255010,531970,422197,23238.0,855,2735,7070,33898.0,8.028953308526589,165.5609583937885
POST03998,2026-05-15 15:00:00,Instagram,Text,Community Campaign,Event,0,261943,344896,211718,8563.0,494,868,1262,11187.0,5.283915396895871,80.82598122492298
POST03999,2026-05-15 18:00:00,Youtube,Reel,Brand Awareness,Entertainment,14,190100,159249,110532,9852.0,198,376,2747,13173.0,11.917815655194875,58.14413466596528
POST04000,2026-05-15 21:00:00,Instagram,Text,Event Promotion,Promotional,2,362625,165918,122329,2570.0,84,1356,1140,5150.0,4.20995839089668,33.7342985177525
POST04001,2026-05-16 00:00:00,Youtube,Text,Community Campaign,Brand,20,496321,429293,290158,4865.0,52,1133,3313,9363.0,3.226862605890584,58.46176164216303
POST04002,2026-05-16 03:00:00,Facebook,Image,Event Promotion,Promotional,19,108915,67422,41237,2500.0,130,424,327,3381.0,8.198947547105755,37.86163522012579
POST04003,2026-05-16 06:00:00,Facebook,Carousel,Seasonal Campaign,Event,22,406934,372670,300983,18600.0,271,740,5163,24774.0,8.231029659482429,73.9635911474588
POST04004,2026-05-16 09:00:00,Instagram,Image,Festival Campaign,Brand,21,58877,36413,22561,1406.0,20,247,97,1770.0,7.845396923895217,38.318868148852694
POST04005,2026-05-16 12:00:00,Instagram,Carousel,Educational Series,Education,11,173897,219458,140709,11612.0,628,1737,3294,17271.0,12.2742681704795,80.91513942161164
POST04006,2026-05-16 15:00:00,Instagram,Reel,Brand Awareness,Education,18,86451,84270,54799,2499.0,76,220,530,3325.0,6.067628971331594,63.387352373020555
POST04007,2026-05-16 18:00:00,Instagram,Reel,Seasonal Campaign,Brand,15,43848,91563,55544,2285.0,101,259,1299,3944.0,7.1006769408036865,126.67396460499909
POST04008,2026-05-16 21:00:00,Youtube,Image,Product Launch,Promotional,7,426885,532279,451022,16422.0,868,2369,3868,23527.0,5.216375254422179,105.65421600665283
POST04009,2026-05-17 00:00:00,Facebook,Image,Festival Campaign,Promotional,23,292019,135788,103703,6783.0,194,616,1483,9076.0,8.751916530862173,35.51241528804633
POST04010,2026-05-17 03:00:00,Instagram,Image,Special Campaign,Education,13,362533,523228,440642,8263.0,190,4832,8061,21346.0,4.844295369029734,121.54534897512778
POST04011,2026-05-17 06:00:00,Instagram,Reel,Brand Awareness,Education,17,350105,450562,325668,8734.0,161,1183,5366,15444.0,4.742252846457128,93.02009397180846
POST04012,2026-05-17 09:00:00,Instagram,Image,Brand Awareness,Event,22,117976,108666,79526,2362.0,95,748,1135,4340.0,5.457334708145764,67.40862548314912
POST04013,2026-05-17 12:00:00,Facebook,Reel,Seasonal Campaign,Brand,0,446409,355060,271851,15039.0,340,1756,5531,22666.0,8.337655553961545,60.89729373735745
POST04014,2026-05-17 15:00:00,Instagram,Reel,Product Launch,Promotional,1,120091,250158,170062,8432.0,351,1541,2270,12594.0,7.4055344521409845,141.6109450333497
POST04015,2026-05-17 18:00:00,Facebook,Reel,Product Launch,Event,23,254024,268885,194620,17582.0,454,513,2010,20559.0,10.563662521837426,76.61480804963311
POST04016,2026-05-17 21:00:00,Instagram,Reel,Event Promotion,Promotional,11,36552,31295,23202,1851.0,50,174,436,2511.0,10.822342901474011,63.476690741956666
POST04017,2026-05-18 00:00:00,Linkedin,Reel,Educational Series,Education,16,184354,281121,248437,22694.0,509,1365,5868,30436.0,12.250993209546083,134.76084055675494
POST04018,2026-05-18 03:00:00,Linkedin,Video,Seasonal Campaign,Brand,1,187275,135896,116737,6027.0,186,1197,1894,9304.0,7.970052339875104,62.33453477506341
POST04019,2026-05-18 06:00:00,Instagram,Reel,Festival Campaign,Entertainment,16,410826,920429,547872,39706.0,718,2889,5015,48328.0,8.821038490742362,133.35864818682361
POST04020,2026-05-18 09:00:00,Instagram,Carousel,Educational Series,Brand,20,253901,256328,144684,7736.0,201,1954,2862,12753.0,8.814381686986811,56.98441518544629
POST04021,2026-05-18 12:00:00,Youtube,Reel,Festival Campaign,Community,6,235608,448583,353535,22282.0,1089,6194,6986,36551.0,10.338721767293196,150.05220535805236
POST04022,2026-05-18 15:00:00,Instagram,Video,Brand Awareness,Entertainment,5,116338,195037,110628,4949.0,102,1724,981,7756.0,7.0108833206783086,95.09188743144973
POST04023,2026-05-18 18:00:00,Facebook,Image,Community Campaign,Event,5,96105,105969,60521,3407.0,195,804,693,5099.0,8.425174732737396,62.973830705998644
POST04024,2026-05-18 21:00:00,Facebook,Reel,Community Campaign,Entertainment,21,372946,644099,390157,26091.0,903,7045,2380,36419.0,9.334447414758674,104.61487722083089
POST04025,2026-05-19 00:00:00,Facebook,Image,Seasonal Campaign,Entertainment,7,350884,389797,262371,5836.0,89,1331,1246,8502.0,3.2404495923711076,74.77428437888305
POST04026,2026-05-19 03:00:00,Facebook,Image,Product Launch,Event,4,93301,68293,47958,864.0,49,262,995,2170.0,4.524792526794278,51.40137833463736
POST04027,2026-05-19 06:00:00,Instagram,Image,Product Launch,Brand,14,489448,694851,508479,9710.0,318,4084,5693,19805.0,3.8949494472731416,103.8882577924519
POST04028,2026-05-19 09:00:00,Instagram,Reel,Special Campaign,Event,6,438144,828168,743115,23723.0,897,6766,6828,38214.0,5.142407299004865,169.60519829097282
POST04029,2026-05-19 12:00:00,Facebook,Text,Brand Awareness,Community,2,462126,175183,119970,3802.0,73,1314,1035,6224.0,5.187963657581062,25.960452344165873
POST04030,2026-05-19 15:00:00,Instagram,Image,Brand Awareness,Education,9,34679,53549,34001,1173.0,31,196,157,1557.0,4.5792770800858795,98.04492632428847
POST04031,2026-05-19 18:00:00,Facebook,Reel,Festival Campaign,Education,2,119421,134966,101405,3875.0,175,1531,2501,8082.0,7.97002120211035,84.91387611894055
POST04032,2026-05-19 21:00:00,Instagram,Carousel,Brand Awareness,Entertainment,13,54173,43306,27079,1448.0,23,269,299,2039.0,7.529820155840319,49.98615546489949
POST04033,2026-05-20 00:00:00,Instagram,Image,Special Campaign,Event,21,327043,326849,287362,20227.0,779,3733,1900,26639.0,9.270188821068896,87.86673312072114
POST04034,2026-05-20 03:00:00,Linkedin,Video,Seasonal Campaign,Event,2,330009,349484,223928,7965.0,355,3138,4928,16386.0,7.317530634846915,67.85511910281234
POST04035,2026-05-20 06:00:00,Instagram,Image,Festival Campaign,Event,0,58182,67420,60440,1905.0,19,323,1142,3389.0,5.607213765718067,103.88092537210821
POST04036,2026-05-20 09:00:00,Linkedin,Carousel,Educational Series,Community,0,59109,53365,37170,1862.0,96,178,653,2789.0,7.50336292709174,62.883824798254075
POST04037,2026-05-20 12:00:00,Linkedin,Reel,Product Launch,Community,18,155246,122034,101830,7737.0,99,1735,971,10542.0,10.35254836492193,65.59267227497004
POST04038,2026-05-20 15:00:00,Facebook,Video,Product Launch,Brand,3,430277,526365,408931,27487.0,614,6793,4964,39858.0,9.746876612435837,95.03900975418162
POST04039,2026-05-20 18:00:00,Facebook,Carousel,Community Campaign,Promotional,1,127046,168972,148141,7975.0,463,1991,3185,13614.0,9.189893412357145,116.60422209278529
POST04040,2026-05-20 21:00:00,Youtube,Reel,Community Campaign,Promotional,10,242003,307535,236463,19746.0,277,3561,4038,27622.0,11.681320121964113,97.71077218051016
POST04041,2026-05-21 00:00:00,Linkedin,Reel,Special Campaign,Promotional,23,478965,563168,424305,39029.0,2002,3410,4499,48940.0,11.53415585486855,88.58789264351257
POST04042,2026-05-21 03:00:00,Instagram,Reel,Seasonal Campaign,Brand,11,251042,291364,226826,23571.0,1004,2527,1225,28327.0,12.488427252607725,90.3538053393456
POST04043,2026-05-21 06:00:00,Youtube,Text,Product Launch,Event,12,85524,38685,31925,1147.0,45,332,728,2252.0,7.054032889584964,37.32870305411347
POST04044,2026-05-21 09:00:00,Facebook,Reel,Special Campaign,Promotional,15,213180,270803,234134,24257.0,948,1142,5624,31971.0,13.655000982343443,109.82925227507272
POST04045,2026-05-21 12:00:00,Youtube,Image,Seasonal Campaign,Event,15,360956,195664,125887,7231.0,132,955,2368,10686.0,8.488565141754114,34.87599596626736
POST04046,2026-05-21 15:00:00,Youtube,Reel,Educational Series,Entertainment,18,225693,394900,244960,18928.0,822,2108,4460,26318.0,10.74379490529066,108.53681771255643
POST04047,2026-05-21 18:00:00,Instagram,Image,Educational Series,Promotional,22,401086,506965,284925,14970.0,861,2771,4225,22827.0,8.011581995261912,71.03838079613848
POST04048,2026-05-21 21:00:00,Youtube,Image,Event Promotion,Entertainment,19,392716,337983,229668,15429.0,213,2117,5597,23356.0,10.16946200602609,58.48195642652706
POST04049,2026-05-22 00:00:00,Linkedin,Text,Festival Campaign,Brand,20,441697,241508,204355,11782.0,313,1422,3733,17250.0,8.441193021947102,46.26587909811477
POST04050,2026-05-22 03:00:00,Instagram,Image,Community Campaign,Education,19,71938,110150,63275,1748.0,58,320,296,2422.0,3.8277360726985377,87.9576857849815
POST04051,2026-05-22 06:00:00,Linkedin,Video,Festival Campaign,Community,8,182348,89826,66334,3948.0,85,324,332,4689.0,7.068773178159013,36.377695395617174
POST04052,2026-05-22 09:00:00,Facebook,Image,Community Campaign,Brand,15,346994,298857,237046,16317.0,767,2601,5736,25421.0,10.724078870767698,68.31414952419927
POST04053,2026-05-22 12:00:00,Facebook,Reel,Event Promotion,Brand,6,408337,680016,573184,31986.0,1421,11097,13614,58118.0,10.139501451540866,140.37033136845304
POST04054,2026-05-22 15:00:00,Youtube,Reel,Product Launch,Brand,12,443817,897398,676818,29880.0,474,3693,10336,44383.0,6.557597463424436,152.4993409445785
POST04055,2026-05-22 18:00:00,Facebook,Image,Special Campaign,Promotional,3,70324,61784,38010,894.0,34,102,293,1323.0,3.4806629834254146,54.04982651726296
POST04056,2026-05-22 21:00:00,Instagram,Text,Seasonal Campaign,Entertainment,12,172336,136680,121315,5080.0,144,1064,1921,8209.0,6.766681778840209,70.39446198124594
POST04057,2026-05-23 00:00:00,Facebook,Video,Festival Campaign,Community,7,361570,233869,136375,10148.0,217,1058,2699,14122.0,10.355270394133823,37.717454434825896
POST04058,2026-05-23 03:00:00,Instagram,Reel,Community Campaign,Promotional,1,459528,483011,395658,16321.0,855,2452,1259,20887.0,5.279054132609476,86.10095576330495
POST04059,2026-05-23 06:00:00,Linkedin,Reel,Festival Campaign,Education,6,62852,77110,44746,3514.0,44,513,944,5015.0,11.207705716712109,71.19264303443009
POST04060,2026-05-23 09:00:00,Linkedin,Reel,Product Launch,Community,10,461123,247761,148705,14301.0,477,2083,1966,18827.0,12.660636831310313,32.24844564248585
POST04061,2026-05-23 12:00:00,Instagram,Text,Seasonal Campaign,Brand,16,137503,171210,147989,3841.0,129,531,1951,6452.0,4.359783497422106,107.62601543239056
POST04062,2026-05-23 15:00:00,Instagram,Video,Brand Awareness,Event,23,172130,269663,219391,7192.0,276,3930,2754,14152.0,6.450583661134686,127.45657352001393
POST04063,2026-05-23 18:00:00,Facebook,Video,Community Campaign,Education,13,363801,214190,145205,12219.0,242,1091,2645,16197.0,11.154574566991494,39.91330425150013
POST04064,2026-05-23 21:00:00,Instagram,Image,Special Campaign,Entertainment,12,385644,308109,238338,16084.0,861,1307,1813,20065.0,8.418716276884089,61.80259513955877
POST04065,2026-05-24 00:00:00,Linkedin,Image,Brand Awareness,Education,14,319496,251706,178720,5290.0,308,1206,2921,9725.0,5.441472694717995,55.93810251145555
POST04066,2026-05-24 03:00:00,Instagram,Image,Event Promotion,Promotional,21,287165,166110,95228,5423.0,203,1001,378,7005.0,7.35602973915235,33.16142287535041
POST04067,2026-05-24 06:00:00,Instagram,Reel,Seasonal Campaign,Event,20,304758,608534,488284,35201.0,802,8475,10180,54658.0,11.193895355981356,160.22024032182912
POST04068,2026-05-24 09:00:00,Linkedin,Image,Educational Series,Promotional,8,341275,348900,285099,8814.0,474,1593,5969,16850.0,5.9102276752987555,83.53937440480551
POST04069,2026-05-24 12:00:00,Facebook,Reel,Festival Campaign,Community,2,194022,331705,284874,25708.0,1527,1312,2809,31356.0,11.006971503190885,146.82561771345516
POST04070,2026-05-24 15:00:00,Facebook,Reel,Community Campaign,Brand,12,130813,188813,139574,8750.0,412,967,742,10871.0,7.788699901127718,106.69734659399295
POST04071,2026-05-24 18:00:00,Instagram,Video,Special Campaign,Brand,12,194492,380004,298530,22217.0,592,1108,5806,29723.0,9.956453287776773,153.49217448532588
POST04072,2026-05-24 21:00:00,Facebook,Video,Festival Campaign,Education,8,22631,27147,19092,872.0,19,233,254,1378.0,7.2176827990781485,84.36215810171888
POST04073,2026-05-25 00:00:00,Youtube,Image,Event Promotion,Brand,17,157417,149382,98833,6132.0,109,1034,2307,9582.0,9.695142310766647,62.78419738655927
POST04074,2026-05-25 03:00:00,Facebook,Image,Event Promotion,Brand,4,388544,381798,265004,8552.0,185,1807,2855,13399.0,5.0561500958476095,68.20437324987645
POST04075,2026-05-25 06:00:00,Facebook,Image,Festival Campaign,Community,10,67674,39696,34500,1300.0,27,446,742,2515.0,7.289855072463768,50.97969678162958
POST04076,2026-05-25 09:00:00,Youtube,Carousel,Community Campaign,Entertainment,1,412467,290500,176467,8057.0,470,2123,627,11277.0,6.390429938742087,42.78330145199495
POST04077,2026-05-25 12:00:00,Youtube,Video,Special Campaign,Entertainment,16,46844,78025,49699,1931.0,81,413,994,3419.0,6.879414072717761,106.0946972931432
POST04078,2026-05-25 15:00:00,Instagram,Video,Seasonal Campaign,Promotional,22,91836,192836,146973,12779.0,234,587,2633,16233.0,11.044885795350167,160.03854697504246
POST04079,2026-05-25 18:00:00,Facebook,Carousel,Product Launch,Promotional,19,386292,393329,232338,6540.0,224,2053,3386,12203.0,5.252261791011372,60.14569289552981
POST04080,2026-05-25 21:00:00,Instagram,Reel,Seasonal Campaign,Entertainment,20,497312,762262,657186,45953.0,883,7304,15134,69274.0,10.541003612371536,132.147625635416
POST04081,2026-05-26 00:00:00,Facebook,Reel,Product Launch,Education,3,287506,347954,197127,17643.0,711,2346,4676,25376.0,12.872919488451606,68.5644821325468
POST04082,2026-05-26 03:00:00,Instagram,Image,Special Campaign,Entertainment,21,290241,306709,249771,12330.0,333,2443,5857,20963.0,8.392887885302938,86.0564151860006
POST04083,2026-05-26 06:00:00,Facebook,Reel,Educational Series,Promotional,17,156671,172710,117581,6055.0,119,831,1899,8904.0,7.572652044122775,75.0496262869325
POST04084,2026-05-26 09:00:00,Facebook,Video,Seasonal Campaign,Event,23,242060,378291,214834,17242.0,381,523,3099,21245.0,9.889030600370518,88.75237544410477
POST04085,2026-05-26 12:00:00,Instagram,Reel,Special Campaign,Brand,19,198445,303309,256303,16643.0,728,4187,2285,23843.0,9.302661303223138,129.15568545440803
POST04086,2026-05-26 15:00:00,Instagram,Reel,Festival Campaign,Community,7,24258,21990,17023,659.0,20,281,111,1071.0,6.291487986841332,70.17478769890346
POST04087,2026-05-26 18:00:00,Instagram,Image,Festival Campaign,Event,18,111066,151800,83960,2947.0,105,1046,1280,5378.0,6.40543115769414,75.59469144472656
POST04088,2026-05-26 21:00:00,Facebook,Text,Community Campaign,Event,11,204343,122974,79150,3295.0,168,866,496,4825.0,6.096020214782059,38.73389350259123
POST04089,2026-05-27 00:00:00,Facebook,Reel,Festival Campaign,Brand,10,354320,501898,337885,26147.0,1118,1787,2293,31345.0,9.276824955236249,95.36153759313615
POST04090,2026-05-27 03:00:00,Instagram,Carousel,Community Campaign,Entertainment,15,57056,77610,51447,2856.0,94,356,558,3864.0,7.510642019942853,90.16930734716769
POST04091,2026-05-27 06:00:00,Facebook,Image,Special Campaign,Education,4,299405,294218,213137,6967.0,402,2506,1515,11390.0,5.343980632175549,71.18685392695512
POST04092,2026-05-27 09:00:00,Instagram,Reel,Festival Campaign,Event,2,401317,351838,258383,18684.0,387,4750,3627,27448.0,10.62298990258647,64.38376644896677
POST04093,2026-05-27 12:00:00,Youtube,Image,Event Promotion,Education,11,71696,37893,26103,938.0,22,51,459,1470.0,5.631536604987932,36.40788886409283
POST04094,2026-05-27 15:00:00,Linkedin,Carousel,Brand Awareness,Community,14,188899,139402,92858,3265.0,181,686,1704,5836.0,6.284865062784036,49.157486275734655
POST04095,2026-05-27 18:00:00,Instagram,Image,Special Campaign,Community,15,297285,383087,278329,19220.0,1012,870,4097,25199.0,9.05367388953361,93.6236271591234
POST04096,2026-05-27 21:00:00,Youtube,Video,Festival Campaign,Community,12,439968,420284,236101,11019.0,181,3470,3418,18088.0,7.6611280765435135,53.66322096152447
POST04097,2026-05-28 00:00:00,Instagram,Reel,Brand Awareness,Promotional,6,109084,158837,123229,6429.0,363,1876,1656,10324.0,8.37789805970997,112.96707124784571
POST04098,2026-05-28 03:00:00,Instagram,Reel,Product Launch,Event,14,120904,279295,212849,20422.0,214,3266,1787,25689.0,12.069119422689324,176.0479388605836
POST04099,2026-05-28 06:00:00,Instagram,Text,Educational Series,Community,2,494654,318254,206141,4415.0,225,1093,3585,9318.0,4.520207042752291,41.67377601313241
POST04100,2026-05-28 09:00:00,Instagram,Image,Seasonal Campaign,Promotional,11,113219,164821,101007,5006.0,119,661,1763,7549.0,7.473739443800925,89.21382453475123
POST04101,2026-05-28 12:00:00,Facebook,Image,Seasonal Campaign,Community,7,72680,78030,44909,2708.0,52,218,387,3365.0,7.492930147631878,61.79003852504128
POST04102,2026-05-28 15:00:00,Youtube,Video,Special Campaign,Entertainment,11,38792,71244,53829,2352.0,76,432,991,3851.0,7.1541362462613085,138.76314704062693
POST04103,2026-05-28 18:00:00,Youtube,Reel,Product Launch,Event,17,450844,912351,683455,62767.0,3443,13131,14951,94292.0,13.796372840933198,151.5945648605726
POST04104,2026-05-28 21:00:00,Instagram,Carousel,Festival Campaign,Promotional,2,390613,495775,365218,25378.0,1251,999,5874,33502.0,9.173151378081036,93.49868027945818
POST04105,2026-05-29 00:00:00,Instagram,Reel,Seasonal Campaign,Community,11,335244,618128,553203,35358.0,2063,4467,3090,44978.0,8.130469285235257,165.01503382610875
POST04106,2026-05-29 03:00:00,Facebook,Reel,Community Campaign,Promotional,22,144118,188665,138865,4896.0,181,2214,1416,8707.0,6.270118460375185,96.3550701508486
POST04107,2026-05-29 06:00:00,Linkedin,Reel,Product Launch,Community,20,218942,184197,147841,15030.0,533,1339,745,17647.0,11.936472291177685,67.52518931954582
POST04108,2026-05-29 09:00:00,Instagram,Video,Event Promotion,Entertainment,22,413983,464859,274044,18893.0,201,4718,2643,26455.0,9.653559282450994,66.19692112961161
POST04109,2026-05-29 12:00:00,Linkedin,Reel,Brand Awareness,Education,1,309136,270565,177122,11749.0,223,1454,1357,14783.0,8.346224636126513,57.29581802184151
POST04110,2026-05-29 15:00:00,Youtube,Carousel,Community Campaign,Community,13,410612,340733,220251,16911.0,589,3017,3348,23865.0,10.835365106174319,53.639689049516335
POST04111,2026-05-29 18:00:00,Youtube,Text,Seasonal Campaign,Education,13,49570,51421,38647,1312.0,62,365,476,2215.0,5.731363365849871,77.9644946540246
POST04112,2026-05-29 21:00:00,Youtube,Image,Community Campaign,Event,3,215769,312849,208290,10088.0,515,397,3936,14936.0,7.170771520476259,96.53379308427068
POST04113,2026-05-30 00:00:00,Instagram,Image,Festival Campaign,Entertainment,16,228345,337309,261203,16809.0,406,1701,2869,21785.0,8.340256428907784,114.38962972694826
POST04114,2026-05-30 03:00:00,Instagram,Image,Event Promotion,Event,14,492124,381580,302032,11845.0,540,1535,1934,15854.0,5.249112676802458,61.37314985654022
POST04115,2026-05-30 06:00:00,Facebook,Reel,Brand Awareness,Education,15,139571,90126,50632,4366.0,224,542,414,5546.0,10.953547163848949,36.2768770016694
POST04116,2026-05-30 09:00:00,Instagram,Image,Event Promotion,Entertainment,4,106126,144083,111508,3549.0,101,804,1673,6127.0,5.4946730279441836,105.07133030548592
POST04117,2026-05-30 12:00:00,Linkedin,Carousel,Product Launch,Brand,23,387533,289789,171229,11172.0,500,2476,2208,16356.0,9.552120260002686,44.18436623461744
POST04118,2026-05-30 15:00:00,Youtube,Text,Festival Campaign,Entertainment,16,343724,375623,267743,10166.0,323,880,1054,12423.0,4.639897214866496,77.89476440399856
POST04119,2026-05-30 18:00:00,Instagram,Text,Community Campaign,Entertainment,22,282888,325692,261954,5873.0,348,858,1995,9074.0,3.4639669560304482,92.59989819292441
POST04120,2026-05-30 21:00:00,Facebook,Video,Community Campaign,Brand,6,243766,296283,235891,7971.0,82,963,2247,11263.0,4.774662873954496,96.76944282631705
POST04121,2026-05-31 00:00:00,Instagram,Video,Product Launch,Promotional,22,171630,186680,122263,6963.0,213,1702,2317,11195.0,9.15649051634591,71.2363805861446
POST04122,2026-05-31 03:00:00,Youtube,Image,Community Campaign,Promotional,14,209933,125538,81013,4567.0,105,1015,1544,7231.0,8.925727969585129,38.58993107324718
POST04123,2026-05-31 06:00:00,Facebook,Carousel,Educational Series,Promotional,16,314403,223619,157445,9290.0,487,1122,2890,13789.0,8.757978976785544,50.07744837040359
POST04124,2026-05-31 09:00:00,Linkedin,Video,Festival Campaign,Education,11,268316,260097,160228,13705.0,333,539,3365,17942.0,11.197793144768704,59.71615557775161
POST04125,2026-05-31 12:00:00,Facebook,Image,Product Launch,Entertainment,10,434666,520888,464186,18122.0,673,1682,10316,30793.0,6.63376318975583,106.79142145923537
POST04126,2026-05-31 15:00:00,Facebook,Text,Festival Campaign,Community,18,339093,129021,86537,4583.0,215,216,394,5408.0,6.249349989022037,25.5201375433878
POST04127,2026-05-31 18:00:00,Facebook,Image,Brand Awareness,Brand,10,188001,106607,93072,1861.0,64,812,1288,4025.0,4.324608904933815,49.506119648299745
POST04128,2026-05-31 21:00:00,Linkedin,Carousel,Festival Campaign,Community,1,66589,63054,54724,2410.0,73,325,343,3151.0,5.75798552737373,82.18174172911442
POST04129,2026-06-01 00:00:00,Instagram,Carousel,Festival Campaign,Education,14,277935,281686,190897,4886.0,59,2739,2059,9743.0,5.103799431106827,68.68404483062587
POST04130,2026-06-01 03:00:00,Instagram,Text,Brand Awareness,Brand,4,357266,436812,279092,15731.0,175,860,4909,21675.0,7.7662562882490365,78.11882462926782
POST04131,2026-06-01 06:00:00,Instagram,Reel,Product Launch,Community,17,413502,412464,338134,21327.0,1234,6194,5490,34245.0,10.127641704176451,81.77324414392191
POST04132,2026-06-01 09:00:00,Instagram,Carousel,Festival Campaign,Education,20,481999,888602,560070,22916.0,966,3719,3264,30865.0,5.510918278072384,116.19733650899691
POST04133,2026-06-01 12:00:00,Facebook,Image,Event Promotion,Education,20,194634,222665,163087,7272.0,372,1948,3205,12797.0,7.846732112308155,83.79162941726523
POST04134,2026-06-01 15:00:00,Facebook,Reel,Festival Campaign,Education,15,221707,359921,211900,14316.0,487,3949,4304,23056.0,10.880604058518168,95.5765943339633
POST04135,2026-06-01 18:00:00,Youtube,Video,Product Launch,Brand,3,298531,265230,181702,15431.0,356,3231,1101,20119.0,11.072525343694622,60.86537076551514
POST04136,2026-06-01 21:00:00,Instagram,Image,Special Campaign,Community,22,396509,355214,205084,9698.0,239,2297,3393,15627.0,7.619804567884379,51.722407309796246
POST04137,2026-06-02 00:00:00,Facebook,Carousel,Community Campaign,Community,9,42319,52152,33857,1631.0,19,118,805,2573.0,7.599610124937237,80.00425340863441
POST04138,2026-06-02 03:00:00,Instagram,Reel,Seasonal Campaign,Event,21,151483,309052,241942,24432.0,1210,855,1225,27722.0,11.458118061353547,159.71561165279275
POST04139,2026-06-02 06:00:00,Facebook,Image,Brand Awareness,Education,1,302873,295662,265196,18643.0,728,2772,1755,23898.0,9.011448136472646,87.56013246476246
POST04140,2026-06-02 09:00:00,Youtube,Carousel,Community Campaign,Promotional,14,105647,115683,73942,1731.0,58,1060,1467,4316.0,5.837007384165968,69.98968262231772
POST04141,2026-06-02 12:00:00,Instagram,Image,Product Launch,Entertainment,3,394246,345563,247306,13891.0,730,925,2575,18121.0,7.327359627344261,62.728854573033075
POST04142,2026-06-02 15:00:00,Instagram,Reel,Educational Series,Event,15,297848,679752,480459,26423.0,851,8890,11541,47705.0,9.929047015458135,161.3101313421611
POST04143,2026-06-02 18:00:00,Instagram,Text,Seasonal Campaign,Event,6,423325,243554,149652,6791.0,389,1114,2504,10798.0,7.215406409536793,35.35156203862281
POST04144,2026-06-02 21:00:00,Facebook,Image,Community Campaign,Brand,11,480108,211459,161454,8459.0,90,524,2200,11273.0,6.98217448932823,33.628683546202105
POST04145,2026-06-03 00:00:00,Linkedin,Carousel,Festival Campaign,Event,2,444388,190051,152733,6383.0,378,668,1592,9021.0,5.906385653395141,34.36928989981728
POST04146,2026-06-03 03:00:00,Facebook,Image,Seasonal Campaign,Community,16,224957,232329,139752,9961.0,505,359,1154,11979.0,8.571612570839774,62.12387256231191
POST04147,2026-06-03 06:00:00,Instagram,Image,Festival Campaign,Brand,8,431200,259255,211291,7877.0,218,734,3655,12484.0,5.908439072180074,49.00069573283859
POST04148,2026-06-03 09:00:00,Youtube,Image,Brand Awareness,Brand,7,178532,183576,145953,7608.0,302,1512,2338,11760.0,8.057388337341473,81.7517307821567
POST04149,2026-06-03 12:00:00,Facebook,Image,Festival Campaign,Promotional,22,141845,99647,61688,3819.0,203,268,670,4960.0,8.040461678122163,43.48972469949593
POST04150,2026-06-03 15:00:00,Facebook,Image,Seasonal Campaign,Education,5,150317,78765,61210,1582.0,53,512,1419,3566.0,5.825845450089854,40.72061044326324
POST04151,2026-06-03 18:00:00,Instagram,Image,Event Promotion,Event,14,451690,605193,416242,14248.0,178,4260,8224,26910.0,6.464989116907953,92.15213974185835
POST04152,2026-06-03 21:00:00,Instagram,Image,Event Promotion,Education,9,64449,38631,30456,875.0,48,373,265,1561.0,5.125426845285001,47.255969836614995
POST04153,2026-06-04 00:00:00,Facebook,Reel,Special Campaign,Education,22,140247,134289,97176,8452.0,303,1221,2308,12284.0,12.64098131225817,69.28918265631351
POST04154,2026-06-04 03:00:00,Instagram,Image,Community Campaign,Education,5,158268,181559,102916,6305.0,234,871,2019,9429.0,9.161840724474327,65.02641089797054
POST04155,2026-06-04 06:00:00,Instagram,Reel,Product Launch,Brand,14,333678,469741,387742,17822.0,190,6989,8815,33816.0,8.72126310794291,116.20244667014308
POST04156,2026-06-04 09:00:00,Instagram,Reel,Special Campaign,Education,13,33549,39731,29578,778.0,11,224,177,1190.0,4.023260531476097,88.16358162687412
POST04157,2026-06-04 12:00:00,Youtube,Text,Brand Awareness,Event,18,29821,35082,28194,960.0,46,98,105,1209.0,4.288146414130666,94.54411320881259
POST04158,2026-06-04 15:00:00,Linkedin,Carousel,Educational Series,Brand,12,55564,66788,39680,2551.0,80,556,549,3736.0,9.41532258064516,71.41314520192931
POST04159,2026-06-04 18:00:00,Linkedin,Carousel,Special Campaign,Event,13,293217,225636,181060,10903.0,653,564,2328,14448.0,7.979675245774881,61.74948928609187
POST04160,2026-06-04 21:00:00,Youtube,Image,Community Campaign,Brand,2,27282,24139,16771,705.0,31,67,371,1174.0,7.000178880209885,61.47276592625174
POST04161,2026-06-05 00:00:00,Youtube,Text,Product Launch,Entertainment,3,256327,170737,141667,4049.0,232,780,961,6022.0,4.2508135274975825,55.26807554412918
POST04162,2026-06-05 03:00:00,Instagram,Carousel,Brand Awareness,Entertainment,13,212218,362521,275410,14014.0,335,1936,969,17254.0,6.2648415090229115,129.77692749908115
POST04163,2026-06-05 06:00:00,Youtube,Video,Seasonal Campaign,Entertainment,13,432405,609538,410960,10309.0,193,5513,6017,22032.0,5.361105703718123,95.0405291335669
POST04164,2026-06-05 09:00:00,Instagram,Image,Brand Awareness,Entertainment,7,392110,249650,154950,3407.0,98,445,1070,5020.0,3.2397547595998706,39.51697227818725
POST04165,2026-06-05 12:00:00,Facebook,Text,Seasonal Campaign,Brand,9,225855,206316,172392,3847.0,89,1060,704,5700.0,3.3064179312265067,76.32861791857609
POST04166,2026-06-05 15:00:00,Instagram,Video,Community Campaign,Education,8,30771,45856,34211,2361.0,96,513,119,3089.0,9.029259594867147,111.17935718696175
POST04167,2026-06-05 18:00:00,Instagram,Video,Product Launch,Promotional,13,343636,453067,405773,16130.0,761,5299,2488,24678.0,6.0817254967678975,118.08221490181472
POST04168,2026-06-05 21:00:00,Instagram,Reel,Special Campaign,Community,7,456941,597253,406562,23996.0,722,5397,4581,34696.0,8.53399973435786,88.97472540218541
POST04169,2026-06-06 00:00:00,Instagram,Reel,Product Launch,Promotional,10,173306,162059,128026,9534.0,138,850,2873,13395.0,10.462718510302595,73.8728030189376
POST04170,2026-06-06 03:00:00,Instagram,Reel,Festival Campaign,Entertainment,9,240354,546193,419469,38081.0,430,3881,8277,50669.0,12.079319329914725,174.52133103672082
POST04171,2026-06-06 06:00:00,Instagram,Reel,Educational Series,Education,17,54096,104748,80986,5577.0,116,457,1187,7337.0,9.059590546514212,149.70792664892042
POST04172,2026-06-06 09:00:00,Linkedin,Video,Event Promotion,Event,3,32236,19551,15796,580.0,27,163,196,966.0,6.11547227146113,49.001116763866484
POST04173,2026-06-06 12:00:00,Youtube,Reel,Festival Campaign,Education,3,71544,103460,61940,6208.0,130,772,806,7916.0,12.780109783661608,86.57609303365761
POST04174,2026-06-06 15:00:00,Youtube,Reel,Brand Awareness,Event,11,318065,480110,356421,11769.0,653,4728,8005,25155.0,7.057664952401795,112.05917029537989
POST04175,2026-06-06 18:00:00,Linkedin,Reel,Educational Series,Promotional,17,306720,213049,155141,8476.0,360,2700,2938,14474.0,9.329577610045057,50.580659885237345
POST04176,2026-06-06 21:00:00,Linkedin,Reel,Educational Series,Education,7,151238,145840,97696,9560.0,507,356,662,11085.0,11.346421552571242,64.59752178685251
POST04177,2026-06-07 00:00:00,Youtube,Reel,Product Launch,Education,2,165724,271525,190787,13924.0,407,1748,4516,20595.0,10.794760649310488,115.1233375974512
POST04178,2026-06-07 03:00:00,Facebook,Video,Educational Series,Community,17,432854,366511,268133,19228.0,1137,3115,5363,28843.0,10.756975083260919,61.94536726009232
POST04179,2026-06-07 06:00:00,Instagram,Image,Community Campaign,Promotional,6,35233,31644,20958,718.0,31,177,78,1004.0,4.790533447848077,59.48400647120597
POST04180,2026-06-07 09:00:00,Instagram,Reel,Educational Series,Education,0,284029,275611,179865,5778.0,160,533,2527,8998.0,5.002640869541045,63.32628006295133
POST04181,2026-06-07 12:00:00,Youtube,Image,Brand Awareness,Event,21,73520,66470,53734,2028.0,41,215,932,3216.0,5.985037406483791,73.08759521218717
POST04182,2026-06-07 15:00:00,Facebook,Image,Community Campaign,Education,12,246972,216822,124330,4937.0,263,1454,539,7193.0,5.785409796509289,50.34173914451841
POST04183,2026-06-07 18:00:00,Facebook,Reel,Community Campaign,Event,2,231316,166856,110047,5181.0,134,1244,1184,7743.0,7.036084582042218,47.574313925539094
POST04184,2026-06-07 21:00:00,Instagram,Carousel,Festival Campaign,Entertainment,2,119203,167435,130398,4508.0,55,1009,2251,7823.0,5.9993251430236665,109.39154215917384
POST04185,2026-06-08 00:00:00,Instagram,Carousel,Educational Series,Education,14,448232,507048,315926,13710.0,328,4545,6619,25202.0,7.977184530554624,70.48269646076139
POST04186,2026-06-08 03:00:00,Facebook,Carousel,Product Launch,Event,20,129759,144471,108395,6642.0,126,338,2655,9761.0,9.005027907191291,83.53563143982305
POST04187,2026-06-08 06:00:00,Instagram,Carousel,Seasonal Campaign,Promotional,18,220020,225893,148131,11967.0,310,2175,840,15292.0,10.32329492138715,67.32615216798473
POST04188,2026-06-08 09:00:00,Youtube,Reel,Festival Campaign,Entertainment,3,478026,730401,617302,49936.0,2030,1894,10440,64300.0,10.4162954275217,129.13565370921248
POST04189,2026-06-08 12:00:00,Facebook,Text,Product Launch,Education,12,162841,122316,82257,4119.0,144,574,1862,6699.0,8.143987745723768,50.513691269397754
POST04190,2026-06-08 15:00:00,Facebook,Video,Educational Series,Community,12,494699,636058,400926,18457.0,840,4434,7526,31257.0,7.796201792849554,81.04443307950895
POST04191,2026-06-08 18:00:00,Facebook,Text,Festival Campaign,Event,14,456363,387193,284794,5613.0,149,2201,4816,12779.0,4.487102958629746,62.405146780085154
POST04192,2026-06-08 21:00:00,Linkedin,Reel,Educational Series,Community,18,157521,104248,62286,3035.0,48,193,480,3756.0,6.030247567671708,39.5413944807359
POST04193,2026-06-09 00:00:00,Youtube,Text,Brand Awareness,Education,15,455395,550492,456423,15116.0,272,3045,9555,27988.0,6.132031032616673,100.22573809549951
POST04194,2026-06-09 03:00:00,Facebook,Video,Festival Campaign,Event,6,252508,366423,288744,21272.0,1060,1204,4439,27975.0,9.688513008062504,114.35043642181635
POST04195,2026-06-09 06:00:00,Facebook,Video,Product Launch,Education,2,126459,145086,118923,10897.0,162,574,648,12281.0,10.3268501467336,94.04075629255331
POST04196,2026-06-09 09:00:00,Instagram,Reel,Brand Awareness,Entertainment,19,290280,629605,434180,38696.0,1931,2709,10239,53575.0,12.339352342346492,149.57282623673694
POST04197,2026-06-09 12:00:00,Instagram,Carousel,Event Promotion,Entertainment,1,249735,277671,233868,8836.0,182,2448,5786,17252.0,7.376810850565276,93.64646525316836
POST04198,2026-06-09 15:00:00,Instagram,Text,Product Launch,Education,17,354130,170286,123072,6389.0,280,652,1825,9146.0,7.431422256890276,34.75333916923164
POST04199,2026-06-09 18:00:00,Youtube,Carousel,Seasonal Campaign,Education,10,325143,460799,268712,12613.0,519,877,5396,19405.0,7.221486200839561,82.64425191377333
POST04200,2026-06-09 21:00:00,Facebook,Image,Special Campaign,Brand,0,109567,128095,80496,2211.0,32,417,1274,3934.0,4.88719936394355,73.46737612602334
POST04201,2026-06-10 00:00:00,Facebook,Text,Educational Series,Education,15,313196,139920,111777,3996.0,172,251,1373,5792.0,5.1817457974359655,35.6891531181752
POST04202,2026-06-10 03:00:00,Instagram,Image,Product Launch,Education,16,474497,586185,506316,24512.0,793,4845,6075,36225.0,7.154622804730643,106.70583797157833
POST04203,2026-06-10 06:00:00,Instagram,Image,Event Promotion,Community,15,424562,602241,351296,20805.0,943,2923,8506,33177.0,9.444172435780652,82.743156476557
POST04204,2026-06-10 09:00:00,Linkedin,Image,Product Launch,Community,9,208749,211180,180025,6641.0,343,1182,2000,10166.0,5.646993473128732,86.23993408351657
POST04205,2026-06-10 12:00:00,Instagram,Text,Brand Awareness,Entertainment,16,296996,207563,172209,3720.0,44,1815,2374,7953.0,4.618225528282494,57.983609206858
POST04206,2026-06-10 15:00:00,Youtube,Reel,Community Campaign,Community,2,397562,357443,241201,8046.0,341,2741,2042,13170.0,5.460176367427995,60.67003385635448
POST04207,2026-06-10 18:00:00,Youtube,Image,Special Campaign,Education,17,354747,262644,207816,5002.0,76,2532,1781,9391.0,4.518901335797051,58.58146791939044
POST04208,2026-06-10 21:00:00,Youtube,Carousel,Product Launch,Promotional,18,444701,553549,340672,27543.0,797,3408,3691,35439.0,10.40267471350742,76.60697862159068
POST04209,2026-06-11 00:00:00,Instagram,Video,Festival Campaign,Education,13,226297,462317,385890,35704.0,379,3194,9008,48285.0,12.512633133794605,170.5236923158504
POST04210,2026-06-11 03:00:00,Instagram,Image,Seasonal Campaign,Brand,20,496553,580539,452860,31841.0,841,3671,5309,41662.0,9.199752682948374,91.20073788699294
POST04211,2026-06-11 06:00:00,Instagram,Text,Event Promotion,Event,1,388215,496006,348985,9985.0,184,1040,5287,16496.0,4.726850724243162,89.89477480262225
POST04212,2026-06-11 09:00:00,Youtube,Text,Product Launch,Entertainment,11,44272,46387,39548,934.0,35,319,593,1881.0,4.756245574997471,89.32959884351283
POST04213,2026-06-11 12:00:00,Youtube,Reel,Event Promotion,Community,10,416979,654947,392137,40198.0,1431,7528,6207,55364.0,14.118535103803007,94.04238582758364
POST04214,2026-06-11 15:00:00,Instagram,Image,Community Campaign,Promotional,16,79087,44568,37705,2690.0,133,177,793,3793.0,10.059673783317862,47.6753448733673
POST04215,2026-06-11 18:00:00,Facebook,Reel,Brand Awareness,Event,5,336992,328465,183401,5889.0,247,1478,4186,11800.0,6.433988909547931,54.42295366062102
POST04216,2026-06-11 21:00:00,Facebook,Reel,Festival Campaign,Promotional,18,50075,32660,26572,2250.0,102,251,201,2804.0,10.552461237392745,53.064403394907636
POST04217,2026-06-12 00:00:00,Instagram,Image,Educational Series,Entertainment,12,310836,276029,207208,6959.0,101,1545,4544,13149.0,6.345797459557547,66.66151925774363
POST04218,2026-06-12 03:00:00,Youtube,Text,Product Launch,Community,6,112085,51999,41279,2308.0,26,351,621,3306.0,8.008914944644976,36.8282999509301
POST04219,2026-06-12 06:00:00,Facebook,Video,Brand Awareness,Brand,21,348558,251394,174548,5310.0,310,791,4073,10484.0,6.006370740426703,50.07717510428681
POST04220,2026-06-12 09:00:00,Instagram,Reel,Special Campaign,Entertainment,10,179920,255606,217918,20769.0,651,1680,5045,28145.0,12.915408548169493,121.11938639395288
POST04221,2026-06-12 12:00:00,Instagram,Reel,Event Promotion,Promotional,6,402314,636951,420134,11009.0,327,4917,4859,21112.0,5.025063432143078,104.42937605949582
POST04222,2026-06-12 15:00:00,Facebook,Image,Community Campaign,Promotional,12,247349,143681,92851,4288.0,50,807,1610,6755.0,7.2750966602406,37.53845780658098
POST04223,2026-06-12 18:00:00,Linkedin,Image,Seasonal Campaign,Entertainment,12,39268,34848,22846,825.0,13,184,506,1528.0,6.688260527006916,58.17968829581338
POST04224,2026-06-12 21:00:00,Facebook,Reel,Event Promotion,Education,20,408031,520536,427374,25356.0,1445,4256,4899,35956.0,8.4132399256857,104.74057118209154
POST04225,2026-06-13 00:00:00,Youtube,Video,Seasonal Campaign,Entertainment,0,358467,563913,407907,22529.0,1007,5506,1617,30659.0,7.51617402986465,113.79206454150592
POST04226,2026-06-13 03:00:00,Facebook,Text,Community Campaign,Community,18,136985,113987,84120,3735.0,113,293,918,5059.0,6.014027579648121,61.408183377742084
POST04227,2026-06-13 06:00:00,Instagram,Image,Seasonal Campaign,Community,18,192692,255331,214753,4133.0,228,1096,2370,7827.0,3.6446522283739924,111.44884063687128
POST04228,2026-06-13 09:00:00,Facebook,Video,Community Campaign,Brand,22,96872,150261,126471,9330.0,368,1180,2624,13502.0,10.675965241043402,130.5547526633083
POST04229,2026-06-13 12:00:00,Youtube,Image,Brand Awareness,Entertainment,14,375418,273998,166209,3190.0,150,1651,1630,6621.0,3.9835387975380394,44.273050306591585
POST04230,2026-06-13 15:00:00,Instagram,Carousel,Product Launch,Event,13,492239,477666,354628,11586.0,365,1143,8038,21132.0,5.958920333419808,72.04386487052021
POST04231,2026-06-13 18:00:00,Facebook,Image,Educational Series,Community,2,322283,155115,92154,4678.0,147,290,1388,6503.0,7.0566660155826115,28.59412379802844
POST04232,2026-06-13 21:00:00,Youtube,Reel,Product Launch,Community,20,466353,728629,622238,20373.0,273,9845,9890,40381.0,6.489639012725035,133.42639588466247
POST04233,2026-06-14 00:00:00,Instagram,Text,Special Campaign,Community,19,316181,254736,214730,12795.0,597,868,4456,18716.0,8.716062031388255,67.91363174890331
POST04234,2026-06-14 03:00:00,Linkedin,Image,Special Campaign,Education,3,98434,70603,59819,3610.0,53,782,356,4801.0,8.025878065497585,60.770668671394034
POST04235,2026-06-14 06:00:00,Instagram,Carousel,Festival Campaign,Event,6,168750,142420,113466,7427.0,358,1727,385,9897.0,8.722436677066257,67.23911111111111
POST04236,2026-06-14 09:00:00,Instagram,Image,Product Launch,Entertainment,0,456267,566220,403945,13109.0,256,3968,1714,19047.0,4.71524588743517,88.53259166233805
POST04237,2026-06-14 12:00:00,Instagram,Reel,Community Campaign,Education,22,38141,66581,46050,1371.0,30,677,169,2247.0,4.879478827361564,120.73621562098529
POST04238,2026-06-14 15:00:00,Facebook,Reel,Community Campaign,Community,23,488908,437473,301125,30818.0,1722,4095,5540,42175.0,14.005811540058117,61.591342338435865
POST04239,2026-06-14 18:00:00,Instagram,Image,Festival Campaign,Event,18,306304,239525,137289,3567.0,119,531,1151,5368.0,3.9100000728390474,44.82115806519013
POST04240,2026-06-14 21:00:00,Instagram,Carousel,Event Promotion,Event,2,426051,748494,660250,48413.0,787,5896,14435,69531.0,10.531010980689134,154.96971019901372
POST04241,2026-06-15 00:00:00,Facebook,Reel,Community Campaign,Education,19,29383,43780,30978,1282.0,70,495,694,2541.0,8.20259539027697,105.4283088860906
POST04242,2026-06-15 03:00:00,Instagram,Carousel,Festival Campaign,Community,14,124882,114385,100148,4463.0,145,1269,1084,6961.0,6.9507129448416345,80.19410323345238
POST04243,2026-06-15 06:00:00,Facebook,Carousel,Community Campaign,Education,12,175636,228856,196298,12699.0,209,2820,1430,17158.0,8.740792061050035,111.76410303126923
POST04244,2026-06-15 09:00:00,Youtube,Carousel,Educational Series,Promotional,21,389693,255344,214492,17279.0,510,3087,2997,23873.0,11.130018835201314,55.0412760814282
POST04245,2026-06-15 12:00:00,Youtube,Image,Community Campaign,Community,13,235833,213379,161294,3075.0,121,783,3378,7357.0,4.561236003819113,68.3933122166957
POST04246,2026-06-15 15:00:00,Linkedin,Text,Brand Awareness,Education,6,451700,157223,92061,2461.0,69,785,1663,4978.0,5.407284300626759,20.38100509187514
POST04247,2026-06-15 18:00:00,Instagram,Image,Festival Campaign,Entertainment,0,71556,110063,73012,4330.0,243,687,260,5520.0,7.560401029967677,102.03476997037286
POST04248,2026-06-15 21:00:00,Instagram,Image,Seasonal Campaign,Community,12,498698,291219,221691,6066.0,142,2696,699,9603.0,4.331704940660649,44.4539581069104
POST04249,2026-06-16 00:00:00,Youtube,Reel,Special Campaign,Brand,3,441496,411153,228070,7912.0,148,1300,1255,10615.0,4.654272810979085,51.658452171707104
POST04250,2026-06-16 03:00:00,Linkedin,Reel,Product Launch,Community,11,193854,285283,161162,4770.0,100,2433,1677,8980.0,5.572033109541952,83.1357619651903
POST04251,2026-06-16 06:00:00,Instagram,Reel,Festival Campaign,Promotional,6,463639,782699,616126,40167.0,569,6009,9125,55870.0,9.067950386771537,132.88916592435064
POST04252,2026-06-16 09:00:00,Instagram,Carousel,Event Promotion,Education,1,177367,289451,249179,17284.0,563,1865,5229,24941.0,10.00927044413855,140.48780212779153
POST04253,2026-06-16 12:00:00,Instagram,Reel,Community Campaign,Brand,16,339740,273692,232448,23480.0,1265,744,1427,26916.0,11.579363986784141,68.41937952551952
POST04254,2026-06-16 15:00:00,Youtube,Reel,Festival Campaign,Promotional,0,118236,155398,94614,4433.0,112,1783,601,6929.0,7.323440505633416,80.0213133055922
POST04255,2026-06-16 18:00:00,Instagram,Video,Educational Series,Entertainment,13,395568,845578,734749,24054.0,551,9509,16164,50278.0,6.842881038286544,185.7453080127816
POST04256,2026-06-16 21:00:00,Facebook,Reel,Festival Campaign,Community,21,252144,318555,252838,14512.0,752,3181,5898,24343.0,9.6279040334127,100.27523954565645
POST04257,2026-06-17 00:00:00,Linkedin,Reel,Educational Series,Brand,20,380289,533800,427421,12961.0,327,2925,6466,22679.0,5.3060097655473175,112.39373213529711
POST04258,2026-06-17 03:00:00,Youtube,Reel,Special Campaign,Education,0,265117,554860,364218,18883.0,639,4999,7381,31902.0,8.759039915654911,137.38010010674532
POST04259,2026-06-17 06:00:00,Instagram,Video,Special Campaign,Education,2,357431,609941,488318,34329.0,396,8375,5146,48246.0,9.880037188881015,136.61881593930016
POST04260,2026-06-17 09:00:00,Youtube,Reel,Community Campaign,Entertainment,10,470169,556450,444280,17378.0,423,2381,10581,30763.0,6.92423696767804,94.49368205900431
POST04261,2026-06-17 12:00:00,Instagram,Image,Product Launch,Promotional,6,487680,425888,322879,16828.0,278,4297,7396,28799.0,8.919440409565194,66.20714402887138
POST04262,2026-06-17 15:00:00,Linkedin,Image,Community Campaign,Brand,8,353822,145533,98242,6924.0,105,668,2130,9827.0,10.002850104843143,27.765938805388018
POST04263,2026-06-17 18:00:00,Youtube,Carousel,Event Promotion,Entertainment,21,328099,351583,293169,22118.0,698,4530,963,28309.0,9.656205124006972,89.35382308388627
POST04264,2026-06-17 21:00:00,Instagram,Carousel,Brand Awareness,Promotional,2,333224,594268,521845,22690.0,541,5611,7573,36415.0,6.978125688662343,156.60486639617795
POST04265,2026-06-18 00:00:00,Facebook,Video,Product Launch,Event,0,363937,384429,328479,17852.0,327,2449,1178,21806.0,6.638476127849878,90.2571049384921
POST04266,2026-06-18 03:00:00,Youtube,Reel,Product Launch,Event,18,216002,435832,276771,16248.0,578,2471,4955,24252.0,8.762478727901406,128.13353580059444
POST04267,2026-06-18 06:00:00,Facebook,Reel,Special Campaign,Promotional,1,435866,671693,474205,44135.0,2171,3561,3336,53203.0,11.219409327189718,108.79605199763229
POST04268,2026-06-18 09:00:00,Instagram,Reel,Brand Awareness,Education,20,385861,893396,598436,61949.0,2895,4941,10214,79999.0,13.368012619561656,155.09108202176432
POST04269,2026-06-18 12:00:00,Facebook,Reel,Festival Campaign,Education,23,436428,739223,589617,53313.0,1201,7975,3039,65528.0,11.113655135452335,135.10063515631444
POST04270,2026-06-18 15:00:00,Linkedin,Reel,Community Campaign,Event,4,349870,438996,369205,25672.0,594,1063,7253,34582.0,9.36661204479896,105.52633835424585
POST04271,2026-06-18 18:00:00,Facebook,Reel,Festival Campaign,Education,16,217610,349116,218382,7336.0,341,4138,4145,15960.0,7.308294639668104,100.35476310831304
POST04272,2026-06-18 21:00:00,Linkedin,Image,Festival Campaign,Education,18,62882,56506,49812,3464.0,131,537,154,4286.0,8.604352364891994,79.21503768964091
POST04273,2026-06-19 00:00:00,Instagram,Carousel,Community Campaign,Promotional,4,43038,65257,51361,3861.0,181,767,1049,5858.0,11.405541169369755,119.3387239183977
POST04274,2026-06-19 03:00:00,Youtube,Image,Event Promotion,Community,22,355774,428139,268210,17014.0,171,2734,1771,21690.0,8.086946795421499,75.38774615345697
POST04275,2026-06-19 06:00:00,Facebook,Carousel,Product Launch,Promotional,20,304595,351467,238956,10916.0,156,2070,1291,14433.0,6.040024104856124,78.45040135261577
POST04276,2026-06-19 09:00:00,Youtube,Reel,Educational Series,Education,13,220360,277117,162560,9896.0,495,943,2276,13610.0,8.372293307086615,73.77019422762751
POST04277,2026-06-19 12:00:00,Youtube,Reel,Brand Awareness,Promotional,9,75352,99516,75530,2668.0,140,855,1207,4870.0,6.447769098371508,100.23622465229856
POST04278,2026-06-19 15:00:00,Instagram,Image,Product Launch,Brand,20,40521,34750,21170,1453.0,39,214,111,1817.0,8.58290033065659,52.24451518965475
POST04279,2026-06-19 18:00:00,Instagram,Reel,Festival Campaign,Event,6,346452,350362,277690,27650.0,1601,4730,2694,36675.0,13.207173466815513,80.1525175204646
POST04280,2026-06-19 21:00:00,Instagram,Reel,Brand Awareness,Community,7,466070,696854,563083,25815.0,647,4548,6740,37750.0,6.704162619009986,120.81511360954363
POST04281,2026-06-20 00:00:00,Instagram,Image,Educational Series,Brand,7,244376,369483,265202,14741.0,803,2061,6301,23906.0,9.01426082759557,108.52211346449734
POST04282,2026-06-20 03:00:00,Facebook,Text,Product Launch,Brand,6,140631,109284,63694,1538.0,47,480,543,2608.0,4.094577197224228,45.291578670421174
POST04283,2026-06-20 06:00:00,Instagram,Carousel,Product Launch,Education,12,319350,223796,170936,7821.0,297,1732,1492,11342.0,6.6352318996583515,53.526225144825425
POST04284,2026-06-20 09:00:00,Instagram,Reel,Event Promotion,Education,13,352107,720224,489948,24294.0,1024,1707,8577,35602.0,7.266485422942844,139.14747505729792
POST04285,2026-06-20 12:00:00,Youtube,Video,Product Launch,Brand,18,146407,277401,244772,12740.0,212,2433,4650,20035.0,8.18516823819718,167.1859952051473
POST04286,2026-06-20 15:00:00,Youtube,Carousel,Product Launch,Brand,10,418772,643017,469159,18984.0,225,6166,1519,26894.0,5.732384969701103,112.03208428452713
POST04287,2026-06-20 18:00:00,Linkedin,Carousel,Educational Series,Entertainment,1,388980,401090,230744,9865.0,309,3011,1372,14557.0,6.308723087057519,59.320273535914446
POST04288,2026-06-20 21:00:00,Youtube,Video,Educational Series,Entertainment,16,300916,258233,199515,16152.0,291,2057,2168,20668.0,10.359120868105155,66.30255619508434
POST04289,2026-06-21 00:00:00,Instagram,Image,Brand Awareness,Event,5,179135,164252,135142,4622.0,173,1749,2284,8828.0,6.532388154681742,75.44142685683981
POST04290,2026-06-21 03:00:00,Facebook,Reel,Festival Campaign,Brand,8,387440,482899,292721,26212.0,856,4848,1741,33657.0,11.49797930452547,75.55260169316539
POST04291,2026-06-21 06:00:00,Youtube,Image,Educational Series,Promotional,18,42709,24390,17247,839.0,13,179,187,1218.0,7.062097756131501,40.38258914982791
POST04292,2026-06-21 09:00:00,Instagram,Image,Brand Awareness,Community,4,201924,132214,107109,6441.0,278,838,510,8067.0,7.531579979273451,53.04421465501872
POST04293,2026-06-21 12:00:00,Youtube,Image,Product Launch,Entertainment,8,494071,701537,390877,26431.0,291,3404,6083,36209.0,9.263527912872847,79.11352821760435
POST04294,2026-06-21 15:00:00,Linkedin,Image,Special Campaign,Education,6,418599,362480,203039,5172.0,84,895,2513,8664.0,4.26716049625934,48.50441592072604
POST04295,2026-06-21 18:00:00,Instagram,Text,Brand Awareness,Brand,3,283377,197677,155555,4740.0,213,1040,3163,9156.0,5.886021021503648,54.89330467892596
POST04296,2026-06-21 21:00:00,Instagram,Text,Special Campaign,Promotional,17,309290,230304,185117,3239.0,117,1227,2892,7475.0,4.0379867867348755,59.85224223220925
POST04297,2026-06-22 00:00:00,Instagram,Video,Brand Awareness,Community,17,149205,190024,160770,8568.0,206,894,2813,12481.0,7.763264290601481,107.75108072785764
POST04298,2026-06-22 03:00:00,Instagram,Video,Brand Awareness,Promotional,19,148443,122926,84801,3484.0,66,1461,1506,6517.0,7.6850508838339175,57.126978031971866
POST04299,2026-06-22 06:00:00,Youtube,Text,Special Campaign,Promotional,16,333594,341040,234097,9533.0,401,909,3738,14581.0,6.228614634104666,70.17422375702202
POST04300,2026-06-22 09:00:00,Youtube,Reel,Community Campaign,Education,3,175785,170137,126467,11015.0,223,551,424,12213.0,9.657064688812103,71.94413630286999
POST04301,2026-06-22 12:00:00,Instagram,Reel,Brand Awareness,Entertainment,21,194830,396671,323312,20671.0,1224,3392,6888,32175.0,9.951687534022863,165.94569624801107
POST04302,2026-06-22 15:00:00,Linkedin,Image,Special Campaign,Promotional,15,362469,351242,271983,9795.0,523,2672,6301,19291.0,7.092722706933889,75.03620999313044
POST04303,2026-06-22 18:00:00,Facebook,Video,Educational Series,Community,21,219538,269923,179380,6275.0,104,976,2646,10001.0,5.57531497379864,81.70795033206096
POST04304,2026-06-22 21:00:00,Youtube,Image,Seasonal Campaign,Entertainment,22,490864,617092,414248,8056.0,426,1632,2264,12378.0,2.9880651204109614,84.39160337690276
POST04305,2026-06-23 00:00:00,Facebook,Carousel,Seasonal Campaign,Event,4,294518,186984,152775,9732.0,265,866,2658,13521.0,8.85027000490918,51.8728906212863
POST04306,2026-06-23 03:00:00,Instagram,Reel,Seasonal Campaign,Education,8,70985,119145,87824,2492.0,85,677,966,4220.0,4.805064674804154,123.72191308022822
POST04307,2026-06-23 06:00:00,Youtube,Reel,Seasonal Campaign,Entertainment,1,313156,526986,307913,30121.0,516,2081,1420,34138.0,11.086897922465113,98.32575457599407
POST04308,2026-06-23 09:00:00,Facebook,Carousel,Community Campaign,Entertainment,1,104059,114222,68938,4028.0,64,587,1502,6181.0,8.966027444950535,66.24895491980512
POST04309,2026-06-23 12:00:00,Facebook,Reel,Festival Campaign,Promotional,3,306927,221671,187958,10066.0,536,546,3506,14654.0,7.796422605050064,61.238665871689356
POST04310,2026-06-23 15:00:00,Facebook,Image,Special Campaign,Community,19,428779,293263,263813,5345.0,221,744,5462,11772.0,4.462251670690982,61.52656729923807
POST04311,2026-06-23 18:00:00,Instagram,Reel,Brand Awareness,Promotional,19,325337,418727,279495,16281.0,537,4171,5733,26722.0,9.56081504141398,85.90938011969126
POST04312,2026-06-23 21:00:00,Linkedin,Reel,Event Promotion,Community,16,281204,313662,214966,20131.0,237,2056,2336,24760.0,11.518100536829081,76.44485853686291
POST04313,2026-06-24 00:00:00,Instagram,Carousel,Seasonal Campaign,Education,19,292186,465802,281377,23100.0,1295,1974,3829,30198.0,10.732220472888688,96.30064411025853
POST04314,2026-06-24 03:00:00,Linkedin,Image,Product Launch,Entertainment,20,79031,60919,38531,870.0,25,74,313,1282.0,3.3271910928862476,48.75428629272058
POST04315,2026-06-24 06:00:00,Linkedin,Image,Seasonal Campaign,Brand,18,63163,57066,39867,2390.0,73,210,781,3454.0,8.66380715880302,63.117647990120794
POST04316,2026-06-24 09:00:00,Instagram,Reel,Seasonal Campaign,Community,2,370500,346191,224863,10377.0,254,3705,3266,17602.0,7.827877418694938,60.69176788124157
POST04317,2026-06-24 12:00:00,Facebook,Video,Product Launch,Community,4,378932,563998,448659,23024.0,1256,3459,7761,35500.0,7.912468043658993,118.4009268153653
POST04318,2026-06-24 15:00:00,Instagram,Image,Community Campaign,Promotional,9,415424,465086,343348,16334.0,444,4489,3723,24990.0,7.278329857753649,82.6500154059467
POST04319,2026-06-24 18:00:00,Youtube,Carousel,Product Launch,Promotional,5,256929,159504,133633,11180.0,209,991,2397,14777.0,11.057897375648231,52.011645240513914
POST04320,2026-06-24 21:00:00,Youtube,Carousel,Product Launch,Event,2,33796,44624,35859,1224.0,42,302,637,2205.0,6.1490839119886225,106.1042726949935
POST04321,2026-06-25 00:00:00,Youtube,Reel,Community Campaign,Community,16,110962,161428,96023,3474.0,170,1550,1915,7109.0,7.403434593795237,86.53683242911988
POST04322,2026-06-25 03:00:00,Linkedin,Video,Product Launch,Education,9,435886,301439,178809,11951.0,341,3171,1147,16610.0,9.289241592984693,41.02196445859697
POST04323,2026-06-25 06:00:00,Facebook,Carousel,Brand Awareness,Entertainment,23,306464,366188,316194,23632.0,1006,2267,5286,32191.0,10.180775093771546,103.17492429779679
POST04324,2026-06-25 09:00:00,Youtube,Image,Seasonal Campaign,Entertainment,11,302218,428917,358930,19024.0,479,1149,8021,28673.0,7.988465717549382,118.76526216175078
POST04325,2026-06-25 12:00:00,Facebook,Reel,Festival Campaign,Entertainment,0,47931,46135,32929,1748.0,80,376,167,2371.0,7.200340125725045,68.7008407919718
POST04326,2026-06-25 15:00:00,Linkedin,Text,Community Campaign,Community,17,301137,179582,106963,6306.0,273,777,2581,9937.0,9.29012836214392,35.51971361871839
POST04327,2026-06-25 18:00:00,Instagram,Video,Event Promotion,Promotional,18,75330,68141,58908,5634.0,248,1023,446,7351.0,12.478780471243295,78.19992035045799
POST04328,2026-06-25 21:00:00,Linkedin,Reel,Community Campaign,Education,21,446207,663506,418503,36037.0,1524,4015,9878,51454.0,12.29477446995601,93.79122245953111
POST04329,2026-06-26 00:00:00,Instagram,Reel,Educational Series,Entertainment,19,297147,379552,213474,18911.0,336,882,4717,24846.0,11.638888108153687,71.84120990620804
POST04330,2026-06-26 03:00:00,Facebook,Video,Event Promotion,Community,3,198568,148998,130147,10253.0,557,1633,2595,15038.0,11.554626691356697,65.54278635026792
POST04331,2026-06-26 06:00:00,Instagram,Carousel,Educational Series,Brand,14,34743,42831,35683,1328.0,52,85,271,1736.0,4.86506179413166,102.70558098034137
POST04332,2026-06-26 09:00:00,Instagram,Video,Special Campaign,Event,8,466142,364675,289084,10065.0,293,2612,2243,15213.0,5.262484260630129,62.01629546361409
POST04333,2026-06-26 12:00:00,Youtube,Image,Special Campaign,Event,5,144291,107541,60428,2896.0,53,398,526,3873.0,6.409280466009134,41.8792578885724
POST04334,2026-06-26 15:00:00,Facebook,Carousel,Community Campaign,Entertainment,11,361687,194022,142596,11566.0,568,795,2970,15899.0,11.1496816179977,39.42524890305707
POST04335,2026-06-26 18:00:00,Instagram,Image,Educational Series,Promotional,17,44300,30015,23374,1529.0,54,305,166,2054.0,8.78754171301446,52.76297968397291
POST04336,2026-06-26 21:00:00,Instagram,Reel,Event Promotion,Event,22,130888,124993,101965,3500.0,60,960,1608,6128.0,6.009905359682244,77.90248151091009
POST04337,2026-06-27 00:00:00,Youtube,Carousel,Brand Awareness,Event,14,126818,201024,143707,3533.0,198,2056,2889,8676.0,6.037284196316115,113.317510132631
POST04338,2026-06-27 03:00:00,Linkedin,Text,Community Campaign,Event,18,232783,199788,176547,9589.0,146,1151,2318,13204.0,7.479028247435528,75.84187848769025
POST04339,2026-06-27 06:00:00,Instagram,Reel,Community Campaign,Event,8,91509,139116,88432,6527.0,236,1456,1900,10119.0,11.442690428804053,96.63748920871171
POST04340,2026-06-27 09:00:00,Instagram,Image,Product Launch,Entertainment,21,29703,36262,20829,717.0,29,147,320,1213.0,5.823611311152719,70.12422987577013
POST04341,2026-06-27 12:00:00,Youtube,Carousel,Community Campaign,Community,23,235078,324705,216405,12203.0,731,3383,3482,19799.0,9.149049236385482,92.05667905971634
POST04342,2026-06-27 15:00:00,Instagram,Image,Seasonal Campaign,Education,12,216086,208008,162585,4872.0,83,1510,2908,9373.0,5.764984469662023,75.24087631776237
POST04343,2026-06-27 18:00:00,Facebook,Video,Special Campaign,Education,15,239888,225453,182167,16792.0,683,880,3936,22291.0,12.236574132526748,75.93835456546388
POST04344,2026-06-27 21:00:00,Facebook,Video,Seasonal Campaign,Promotional,12,371547,471721,381374,31866.0,1078,953,1183,35080.0,9.198319759606056,102.64488745703775
POST04345,2026-06-28 00:00:00,Youtube,Reel,Community Campaign,Community,0,453647,568738,334836,33836.0,773,6126,3896,44631.0,13.32921191269756,73.80981247533876
POST04346,2026-06-28 03:00:00,Instagram,Text,Special Campaign,Brand,17,76436,74365,63937,5821.0,85,524,1546,7976.0,12.474779861426091,83.64775760113035
POST04347,2026-06-28 06:00:00,Facebook,Video,Special Campaign,Education,21,303989,333296,216073,18310.0,907,876,1117,21210.0,9.816126957093205,71.07921668218258
POST04348,2026-06-28 09:00:00,Youtube,Video,Brand Awareness,Brand,2,101777,137631,85808,5520.0,269,1201,698,7688.0,8.959537572254336,84.30981459465302
POST04349,2026-06-28 12:00:00,Facebook,Carousel,Product Launch,Education,16,55055,69162,52913,2194.0,120,275,823,3412.0,6.448320828529851,96.1093452002543
POST04350,2026-06-28 15:00:00,Facebook,Video,Festival Campaign,Education,21,422094,548883,342583,20053.0,927,5146,7493,33619.0,9.813388288385589,81.16272678597657
POST04351,2026-06-28 18:00:00,Facebook,Reel,Educational Series,Promotional,4,30209,51627,37574,3744.0,132,484,193,4553.0,12.117421621333902,124.38015161044721
POST04352,2026-06-28 21:00:00,Youtube,Reel,Event Promotion,Event,5,78812,145494,100748,8053.0,238,472,311,9074.0,9.006630404573789,127.83332487438462
POST04353,2026-06-29 00:00:00,Youtube,Video,Festival Campaign,Promotional,20,114035,97208,61358,3062.0,138,215,1111,4526.0,7.376381237980377,53.80628754329811
POST04354,2026-06-29 03:00:00,Linkedin,Reel,Product Launch,Education,16,385283,496253,323666,33658.0,1351,3391,5224,43624.0,13.478091612959037,84.00734005912537
POST04355,2026-06-29 06:00:00,Youtube,Reel,Seasonal Campaign,Community,16,274948,458304,320626,16982.0,630,5910,2873,26395.0,8.232332998571543,116.61332324657754
POST04356,2026-06-29 09:00:00,Facebook,Video,Seasonal Campaign,Event,0,382982,474027,318146,26274.0,1036,3565,7656,38531.0,12.111106221671811,83.07074483918304
POST04357,2026-06-29 12:00:00,Instagram,Video,Seasonal Campaign,Community,6,162076,228895,156461,12591.0,538,2228,2394,17751.0,11.34531928084315,96.53557590266296
POST04358,2026-06-29 15:00:00,Facebook,Reel,Brand Awareness,Community,21,271290,178531,144146,11875.0,693,1518,2536,16622.0,11.531364033688066,53.13354712669099
POST04359,2026-06-29 18:00:00,Youtube,Video,Special Campaign,Community,15,378267,724744,441320,31863.0,1518,3703,5001,42085.0,9.536164234569021,116.66891375668509
POST04360,2026-06-29 21:00:00,Instagram,Carousel,Seasonal Campaign,Event,4,446606,760759,585530,16304.0,306,7801,13628,38039.0,6.49650743770601,131.10661298773417
POST04361,2026-06-30 00:00:00,Instagram,Image,Event Promotion,Community,15,48400,51582,40613,2913.0,97,293,368,3671.0,9.038977667249402,83.9111570247934
POST04362,2026-06-30 03:00:00,Facebook,Video,Educational Series,Event,3,358655,255099,211918,7543.0,331,976,4126,12976.0,6.123123094781944,59.086866208473324
POST04363,2026-06-30 06:00:00,Facebook,Image,Community Campaign,Brand,10,98121,105266,89114,4472.0,83,446,496,5497.0,6.1685032654801715,90.82051752428124
POST04364,2026-06-30 09:00:00,Youtube,Reel,Community Campaign,Education,13,135763,180681,109408,4970.0,281,1322,1622,8195.0,7.4903114945890605,80.58749438359494
POST04365,2026-06-30 12:00:00,Instagram,Reel,Festival Campaign,Entertainment,12,157948,219323,131240,5139.0,71,1234,2061,8505.0,6.480493751904907,83.09063742497531
POST04366,2026-06-30 15:00:00,Facebook,Image,Educational Series,Community,23,461320,435467,333206,16064.0,651,2028,2380,21123.0,6.3393216208591685,72.228821642244
POST04367,2026-06-30 18:00:00,Instagram,Image,Product Launch,Promotional,7,405327,550989,449012,28360.0,1667,4321,4545,38893.0,8.661906586015517,110.777717743945
POST04368,2026-06-30 21:00:00,Youtube,Video,Educational Series,Brand,20,492351,365792,236050,12071.0,560,2909,1636,17176.0,7.276424486337641,47.9434387256246
POST04369,2026-07-01 00:00:00,Instagram,Video,Brand Awareness,Promotional,19,372919,680682,499652,14767.0,647,3646,10787,29847.0,5.973557596086876,133.98405551875877
POST04370,2026-07-01 03:00:00,Instagram,Image,Festival Campaign,Entertainment,14,326050,434512,356423,18421.0,1102,2140,6222,27885.0,7.823569186051406,109.31544241680724
POST04371,2026-07-01 06:00:00,Instagram,Video,Festival Campaign,Event,17,139925,219467,179661,14226.0,705,2539,2303,19773.0,11.005727453370515,128.3980703948544
POST04372,2026-07-01 09:00:00,Instagram,Reel,Brand Awareness,Entertainment,6,40378,52811,41131,2019.0,118,747,626,3510.0,8.533709367630255,101.86487691317055
POST04373,2026-07-01 12:00:00,Instagram,Reel,Educational Series,Promotional,20,46568,48295,27894,2227.0,100,225,294,2846.0,10.2029110202911,59.899501803813784
POST04374,2026-07-01 15:00:00,Instagram,Video,Seasonal Campaign,Entertainment,18,277447,240774,136693,4026.0,174,950,1699,6849.0,5.010497977219024,49.2681485112472
POST04375,2026-07-01 18:00:00,Youtube,Reel,Brand Awareness,Education,8,379190,271762,186416,10102.0,486,1320,3099,15007.0,8.050274654536091,49.16163400933569
POST04376,2026-07-01 21:00:00,Youtube,Reel,Seasonal Campaign,Entertainment,10,237296,239725,134087,8445.0,164,669,1026,10304.0,7.684563007599543,56.50622007956307
POST04377,2026-07-02 00:00:00,Instagram,Carousel,Event Promotion,Community,9,268958,308840,267594,18802.0,945,1939,1592,23278.0,8.69899923017706,99.49285762089248
POST04378,2026-07-02 03:00:00,Facebook,Image,Brand Awareness,Education,13,107332,64651,36013,1305.0,76,282,856,2519.0,6.994696359647905,33.55290127827675
POST04379,2026-07-02 06:00:00,Instagram,Video,Seasonal Campaign,Community,15,127014,147962,82912,4698.0,190,894,680,6462.0,7.793805480509455,65.27784338734313
POST04380,2026-07-02 09:00:00,Youtube,Reel,Educational Series,Entertainment,7,50796,64680,39316,2949.0,31,561,546,4087.0,10.395258927663038,77.39979525946924
POST04381,2026-07-02 12:00:00,Instagram,Reel,Seasonal Campaign,Education,0,499569,629901,484680,36195.0,492,1690,9574,47951.0,9.89333168275976,97.01963092185464
POST04382,2026-07-02 15:00:00,Instagram,Reel,Brand Awareness,Education,11,215422,411544,304354,20204.0,439,3678,4636,28957.0,9.51424985378868,141.2826916470927
POST04383,2026-07-02 18:00:00,Youtube,Image,Product Launch,Entertainment,2,75061,73695,57542,2056.0,71,275,976,3378.0,5.870494595252164,76.66031627609544
POST04384,2026-07-02 21:00:00,Youtube,Image,Community Campaign,Brand,1,95597,49149,42403,2297.0,70,194,279,2840.0,6.6976393179727856,44.355994434971805
POST04385,2026-07-03 00:00:00,Linkedin,Image,Brand Awareness,Event,15,44401,23230,16475,1041.0,61,181,192,1475.0,8.952959028831563,37.10502015720367
POST04386,2026-07-03 03:00:00,Youtube,Video,Community Campaign,Event,3,154882,247307,139816,4903.0,280,670,2542,8395.0,6.004319963380443,90.2725946204207
POST04387,2026-07-03 06:00:00,Linkedin,Text,Brand Awareness,Event,1,381360,183265,149768,4541.0,134,705,1140,6520.0,4.35339992521767,39.27207887560311
POST04388,2026-07-03 09:00:00,Instagram,Reel,Educational Series,Education,11,371506,823042,686571,53664.0,2667,9183,9363,74877.0,10.905936895091696,184.80751320301692
POST04389,2026-07-03 12:00:00,Instagram,Image,Event Promotion,Event,23,24902,32613,18506,1088.0,45,172,295,1600.0,8.645844590943478,74.31531603887238
POST04390,2026-07-03 15:00:00,Instagram,Image,Event Promotion,Education,16,275267,234836,149120,8976.0,198,352,3036,12562.0,8.424087982832617,54.17285762550542
POST04391,2026-07-03 18:00:00,Instagram,Text,Community Campaign,Brand,19,213806,195583,160321,7117.0,402,353,1244,9116.0,5.686092277368529,74.9843315903202
POST04392,2026-07-03 21:00:00,Youtube,Text,Special Campaign,Entertainment,20,281566,271140,184823,6750.0,155,1458,4531,12894.0,6.976404451826883,65.64109302969818
POST04393,2026-07-04 00:00:00,Facebook,Reel,Special Campaign,Entertainment,9,367292,297961,213169,16280.0,871,3988,5176,26315.0,12.344665500143078,58.038018797033416
POST04394,2026-07-04 03:00:00,Instagram,Carousel,Educational Series,Education,19,331867,312020,261507,9687.0,323,4113,855,14978.0,5.727571346082514,78.79873563807188
POST04395,2026-07-04 06:00:00,Linkedin,Image,Seasonal Campaign,Education,7,342743,248532,144923,4234.0,173,1934,1607,7948.0,5.484291658328906,42.28328514367908
POST04396,2026-07-04 09:00:00,Facebook,Reel,Educational Series,Brand,17,227271,378889,298204,29327.0,1522,2547,1339,34735.0,11.64806642432697,131.21075720175472
POST04397,2026-07-04 12:00:00,Instagram,Reel,Special Campaign,Event,17,296111,389876,243767,23871.0,828,1629,2432,28760.0,11.798151513535467,82.32284514928524
POST04398,2026-07-04 15:00:00,Instagram,Image,Educational Series,Brand,17,395456,385293,220359,12580.0,662,650,3604,17496.0,7.939771010033627,55.72276055996116
POST04399,2026-07-04 18:00:00,Instagram,Image,Product Launch,Entertainment,1,191608,142914,111740,3984.0,149,627,1831,6591.0,5.898514408448183,58.31698050185796
POST04400,2026-07-04 21:00:00,Instagram,Reel,Festival Campaign,Entertainment,11,156207,266396,157838,12091.0,716,1148,809,14764.0,9.35389449942346,101.04412734384502
POST04401,2026-07-05 00:00:00,Instagram,Carousel,Special Campaign,Community,9,344509,538326,436826,28101.0,1208,4356,7817,41482.0,9.496229620031775,126.79668745954386
POST04402,2026-07-05 03:00:00,Youtube,Reel,Special Campaign,Event,7,99608,133984,83196,5505.0,158,734,1798,8195.0,9.850233184287706,83.52341177415468
POST04403,2026-07-05 06:00:00,Instagram,Image,Brand Awareness,Entertainment,18,368097,497030,281805,16463.0,792,1270,4758,23283.0,8.262096130302869,76.55726615538839
POST04404,2026-07-05 09:00:00,Instagram,Reel,Educational Series,Community,9,398471,498910,291739,8260.0,293,3778,2864,15195.0,5.208422596910252,73.21461285764836
POST04405,2026-07-05 12:00:00,Linkedin,Reel,Educational Series,Education,10,354123,444517,375369,17261.0,868,3025,1146,22300.0,5.940820898902147,105.99961030489406
POST04406,2026-07-05 15:00:00,Facebook,Image,Educational Series,Entertainment,13,123146,75643,51425,3131.0,161,305,887,4484.0,8.719494409333981,41.759375050752766
POST04407,2026-07-05 18:00:00,Linkedin,Reel,Event Promotion,Promotional,14,435141,579553,380066,37709.0,1540,4832,6807,50888.0,13.38925344545421,87.34318301424136
POST04408,2026-07-05 21:00:00,Instagram,Image,Educational Series,Event,23,246610,354401,255849,16709.0,895,814,4756,23174.0,9.057686369694624,103.74640120027574
POST04409,2026-07-06 00:00:00,Instagram,Reel,Special Campaign,Community,22,122331,247652,191070,15646.0,472,2996,738,19852.0,10.38990945726697,156.19099001888318
POST04410,2026-07-06 03:00:00,Youtube,Image,Brand Awareness,Event,9,50993,36119,20334,547.0,7,266,292,1112.0,5.468673158257106,39.87606142019493
POST04411,2026-07-06 06:00:00,Instagram,Reel,Seasonal Campaign,Event,3,216868,404031,349230,19123.0,824,3804,4224,27975.0,8.010480199295593,161.03343969603628
POST04412,2026-07-06 09:00:00,Instagram,Carousel,Seasonal Campaign,Promotional,6,148238,193978,171761,4150.0,200,1673,3414,9437.0,5.494262376208802,115.86840081490577
POST04413,2026-07-06 12:00:00,Facebook,Video,Educational Series,Brand,10,356807,572646,398594,27929.0,380,3348,7533,39190.0,9.832059689809682,111.71137337552236
POST04414,2026-07-06 15:00:00,Facebook,Reel,Brand Awareness,Education,23,267557,269709,187291,11441.0,555,3515,4478,19989.0,10.67269649903092,70.00041112734856
POST04415,2026-07-06 18:00:00,Youtube,Image,Product Launch,Event,21,69483,87447,74985,3669.0,153,251,1705,5778.0,7.705541108221644,107.91848365787315
POST04416,2026-07-06 21:00:00,Youtube,Reel,Seasonal Campaign,Entertainment,21,253586,315514,220941,22622.0,357,3612,3375,29966.0,13.562896881973016,87.12665525699367
POST04417,2026-07-07 00:00:00,Youtube,Image,Special Campaign,Education,2,175915,156192,132711,5271.0,195,1248,3260,9974.0,7.51557896481829,75.4404115624023
POST04418,2026-07-07 03:00:00,Instagram,Reel,Festival Campaign,Entertainment,4,136747,130340,72979,3643.0,56,1165,460,5324.0,7.295249318297044,53.36789838168296
POST04419,2026-07-07 06:00:00,Instagram,Image,Event Promotion,Education,1,57879,46235,33352,871.0,22,430,105,1428.0,4.281602302710482,57.62366315934968
POST04420,2026-07-07 09:00:00,Instagram,Image,Brand Awareness,Education,11,481673,345669,305346,7864.0,394,2322,1640,12220.0,4.002017383558324,63.39279967945058
POST04421,2026-07-07 12:00:00,Instagram,Text,Seasonal Campaign,Community,20,260021,154265,98495,3775.0,56,424,1064,5319.0,5.400274125590132,37.87963279888932
POST04422,2026-07-07 15:00:00,Linkedin,Image,Seasonal Campaign,Entertainment,4,286032,104828,67420,3941.0,129,736,1322,6128.0,9.089291011569268,23.570789282318064
POST04423,2026-07-07 18:00:00,Youtube,Image,Community Campaign,Entertainment,6,347857,445550,343315,16644.0,670,4010,3923,25247.0,7.35388782896174,98.69429104488339
POST04424,2026-07-07 21:00:00,Facebook,Image,Product Launch,Education,3,464367,364075,318262,20737.0,1182,3128,6420,31467.0,9.88713701290132,68.53673926011108
POST04425,2026-07-08 00:00:00,Instagram,Text,Festival Campaign,Event,10,405969,476506,295223,8624.0,404,2886,5709,17623.0,5.969385854083185,72.72057718692807
POST04426,2026-07-08 03:00:00,Instagram,Video,Festival Campaign,Entertainment,21,289570,463912,404799,27058.0,458,5583,8288,41387.0,10.22408652195287,139.79314155471906
POST04427,2026-07-08 06:00:00,Instagram,Reel,Festival Campaign,Promotional,8,90031,186984,146231,11344.0,662,2746,1041,15793.0,10.800035560175338,162.42294320845042
POST04428,2026-07-08 09:00:00,Instagram,Video,Special Campaign,Promotional,3,249645,360842,323879,14318.0,485,3660,4648,23111.0,7.135689563077569,129.73582487131728
POST04429,2026-07-08 12:00:00,Instagram,Image,Brand Awareness,Education,21,292191,187459,151421,5966.0,169,946,2828,9909.0,6.5440064456053,51.82260918371887
POST04430,2026-07-08 15:00:00,Facebook,Video,Product Launch,Brand,8,169111,203965,159853,10637.0,174,2080,1478,14369.0,8.988883536749388,94.52548917574848
POST04431,2026-07-08 18:00:00,Facebook,Video,Educational Series,Education,11,212168,269874,225403,5749.0,325,783,4831,11688.0,5.185379076587268,106.2379812224275
POST04432,2026-07-08 21:00:00,Youtube,Reel,Community Campaign,Education,15,448517,722516,441673,42027.0,1652,4868,8897,57444.0,13.006002178081975,98.47408236477101
POST04433,2026-07-09 00:00:00,Youtube,Carousel,Product Launch,Event,0,461923,694290,611735,17126.0,1017,7742,3448,29333.0,4.795050144261813,132.43224520104
POST04434,2026-07-09 03:00:00,Linkedin,Reel,Product Launch,Event,7,458330,587010,356877,10602.0,198,1946,2781,15527.0,4.35079873457802,77.86463901555648
POST04435,2026-07-09 06:00:00,Instagram,Reel,Seasonal Campaign,Community,0,303510,441578,246835,10557.0,393,2312,2029,15291.0,6.19482650353475,81.32680966030773
POST04436,2026-07-09 09:00:00,Instagram,Reel,Product Launch,Brand,19,433961,893005,709269,46230.0,716,6042,15835,68823.0,9.703370653447422,163.4407239360219
POST04437,2026-07-09 12:00:00,Instagram,Carousel,Brand Awareness,Brand,18,456298,685200,421129,17564.0,636,2809,2993,24002.0,5.699441263840771,92.29253689474861
POST04438,2026-07-09 15:00:00,Facebook,Reel,Community Campaign,Brand,3,206342,149769,122146,7369.0,401,1660,2038,11468.0,9.388764265714801,59.19589807213267
POST04439,2026-07-09 18:00:00,Linkedin,Reel,Brand Awareness,Brand,13,162425,175657,145490,4739.0,73,1601,644,7057.0,4.850505189360094,89.57364937663537
POST04440,2026-07-09 21:00:00,Instagram,Carousel,Community Campaign,Brand,22,307224,475576,300965,10740.0,252,3907,4561,19460.0,6.4658681242004885,97.96272426633335
POST04441,2026-07-10 00:00:00,Linkedin,Reel,Community Campaign,Education,13,38788,42489,24658,828.0,36,88,150,1102.0,4.469137805174791,63.57120758997629
POST04442,2026-07-10 03:00:00,Facebook,Reel,Seasonal Campaign,Education,8,448185,759836,551099,24202.0,334,5660,8630,38826.0,7.045195146425597,122.96239276191751
POST04443,2026-07-10 06:00:00,Instagram,Reel,Brand Awareness,Community,8,468387,439499,378662,30617.0,1001,1074,4199,36891.0,9.742461614843844,80.84383213026834
POST04444,2026-07-10 09:00:00,Instagram,Image,Community Campaign,Promotional,16,342777,452502,383066,18795.0,500,1679,6253,27227.0,7.1076524671988635,111.7537057620552
POST04445,2026-07-10 12:00:00,Youtube,Image,Product Launch,Promotional,14,409605,537076,317400,11437.0,593,3450,3706,19186.0,6.044738500315059,77.48928846083422
POST04446,2026-07-10 15:00:00,Linkedin,Reel,Brand Awareness,Community,9,156731,196032,174012,8069.0,100,764,3792,12725.0,7.3127140656966185,111.02589787597859
POST04447,2026-07-10 18:00:00,Instagram,Text,Community Campaign,Community,16,316065,251912,161823,9691.0,515,409,3180,13795.0,8.524746173288099,51.19927862939585
POST04448,2026-07-10 21:00:00,Facebook,Carousel,Special Campaign,Entertainment,8,155233,129895,87326,6058.0,273,661,1884,8876.0,10.164212262098344,56.25479118486404
POST04449,2026-07-11 00:00:00,Instagram,Reel,Festival Campaign,Education,3,166575,282352,170023,15322.0,380,2674,1340,19716.0,11.596078177658317,102.0699384661564
POST04450,2026-07-11 03:00:00,Facebook,Reel,Brand Awareness,Brand,13,243611,255695,174443,4894.0,97,2334,1094,8419.0,4.82621830626623,71.607193435436
POST04451,2026-07-11 06:00:00,Youtube,Image,Seasonal Campaign,Entertainment,2,307126,420563,324874,6893.0,396,3556,4958,15803.0,4.86434740853377,105.77873576317212
POST04452,2026-07-11 09:00:00,Youtube,Carousel,Special Campaign,Event,20,351158,247380,179876,11852.0,446,499,3993,16790.0,9.334208009962419,51.223665700340014
POST04453,2026-07-11 12:00:00,Facebook,Reel,Special Campaign,Education,11,206982,275868,231629,9488.0,258,2808,1258,13812.0,5.962983909614081,111.90779874578465
POST04454,2026-07-11 15:00:00,Facebook,Reel,Event Promotion,Community,21,72632,53886,41732,2470.0,30,428,339,3267.0,7.828524872999138,57.4567683665602
POST04455,2026-07-11 18:00:00,Linkedin,Video,Brand Awareness,Promotional,0,178244,177986,114309,4259.0,77,1872,2218,8426.0,7.371248108197954,64.13062992302686
POST04456,2026-07-11 21:00:00,Instagram,Reel,Special Campaign,Education,0,140056,265589,197891,7878.0,314,2980,2619,13791.0,6.96898797823044,141.29419660707146
POST04457,2026-07-12 00:00:00,Facebook,Image,Brand Awareness,Community,12,357840,192898,110427,2638.0,94,747,1797,5276.0,4.777817019388374,30.859322602280347
POST04458,2026-07-12 03:00:00,Instagram,Video,Brand Awareness,Education,13,208876,362150,272799,18219.0,872,3011,4369,26471.0,9.703481317746766,130.60332446044544
POST04459,2026-07-12 06:00:00,Youtube,Carousel,Community Campaign,Education,15,120750,89255,61263,4139.0,214,483,739,5575.0,9.100109364543036,50.73540372670807
POST04460,2026-07-12 09:00:00,Youtube,Reel,Brand Awareness,Education,6,490683,786266,459524,13985.0,417,4620,8512,27534.0,5.991852438610388,93.64987170943358
POST04461,2026-07-12 12:00:00,Youtube,Carousel,Event Promotion,Event,9,247778,287772,189242,7259.0,109,2035,4115,13518.0,7.143234588516291,76.37562656894478
POST04462,2026-07-12 15:00:00,Youtube,Reel,Educational Series,Promotional,14,476323,543602,469851,36344.0,1801,2941,10792,51878.0,11.041372690491242,98.64125813786023
POST04463,2026-07-12 18:00:00,Linkedin,Carousel,Brand Awareness,Education,7,341070,175207,132301,6048.0,227,879,531,7685.0,5.808724045925579,38.789984460667895
POST04464,2026-07-12 21:00:00,Instagram,Image,Festival Campaign,Community,10,93137,124312,107671,6035.0,356,545,1634,8570.0,7.959431973326151,115.60496902412577
POST04465,2026-07-13 00:00:00,Facebook,Video,Event Promotion,Event,23,89053,84809,58838,4628.0,230,876,228,5962.0,10.132907304803018,66.07076684670926
POST04466,2026-07-13 03:00:00,Instagram,Text,Educational Series,Entertainment,13,352482,186067,166086,2732.0,72,1774,3790,8368.0,5.038353624026107,47.1190018213696
POST04467,2026-07-13 06:00:00,Instagram,Text,Community Campaign,Education,12,392838,450000,304203,9776.0,307,1685,3785,15553.0,5.11270434545353,77.43726421578361
POST04468,2026-07-13 09:00:00,Instagram,Text,Brand Awareness,Event,22,366439,241705,196960,9416.0,205,443,4492,14556.0,7.390333062550772,53.749737336910094
POST04469,2026-07-13 12:00:00,Linkedin,Image,Educational Series,Brand,12,486602,433195,284561,10936.0,389,823,2028,14176.0,4.981708667034485,58.4792088811801
POST04470,2026-07-13 15:00:00,Linkedin,Image,Festival Campaign,Entertainment,8,157816,121001,71039,1301.0,59,459,466,2285.0,3.2165430256619603,45.013813555026104
POST04471,2026-07-13 18:00:00,Linkedin,Image,Event Promotion,Promotional,16,108309,54161,45580,1648.0,66,292,1047,3053.0,6.69811320754717,42.083298710171825
POST04472,2026-07-13 21:00:00,Linkedin,Carousel,Event Promotion,Education,17,395865,191670,156575,11896.0,322,641,3702,16561.0,10.577039757304805,39.55262526366312
POST04473,2026-07-14 00:00:00,Instagram,Video,Community Campaign,Education,18,485000,763525,639238,59154.0,3026,9582,12701,84463.0,13.213075568098267,131.80164948453609
POST04474,2026-07-14 03:00:00,Instagram,Reel,Community Campaign,Event,12,473299,387788,253959,17706.0,270,2806,2002,22784.0,8.971526900011419,53.65720189563046
POST04475,2026-07-14 06:00:00,Facebook,Text,Community Campaign,Promotional,11,70123,26765,21312,613.0,10,54,144,821.0,3.8522897897897894,30.392310654136303
POST04476,2026-07-14 09:00:00,Youtube,Video,Educational Series,Brand,20,395876,628227,393881,22670.0,684,1551,7663,32568.0,8.268487182677003,99.4960543200396
POST04477,2026-07-14 12:00:00,Youtube,Text,Brand Awareness,Entertainment,19,92672,79426,43998,1127.0,50,257,746,2180.0,4.954770671394154,47.477123618784525
POST04478,2026-07-14 15:00:00,Instagram,Video,Product Launch,Community,19,455501,541984,462459,16697.0,746,1952,10259,29654.0,6.4122441124510505,101.5275487869401
POST04479,2026-07-14 18:00:00,Youtube,Reel,Special Campaign,Promotional,7,208568,309952,227267,14657.0,415,2746,2065,19883.0,8.7487404682598,108.96542134939205
POST04480,2026-07-14 21:00:00,Youtube,Reel,Event Promotion,Education,23,228408,356558,318862,26612.0,1193,2903,3028,33736.0,10.580125571563874,139.60194038737697
POST04481,2026-07-15 00:00:00,Instagram,Reel,Product Launch,Event,10,269720,448233,306933,13306.0,173,5568,5861,24908.0,8.115126102439294,113.7969004893964
POST04482,2026-07-15 03:00:00,Youtube,Reel,Seasonal Campaign,Brand,6,277058,452671,400571,38832.0,951,3877,3562,47222.0,11.788671671189377,144.58019620440484
POST04483,2026-07-15 06:00:00,Youtube,Carousel,Event Promotion,Event,0,475612,791196,605478,19132.0,854,6349,7975,34310.0,5.666597299984475,127.30503015062698
POST04484,2026-07-15 09:00:00,Youtube,Video,Special Campaign,Entertainment,9,72238,84748,61804,3968.0,76,930,892,5866.0,9.491295061808296,85.5560785182314
POST04485,2026-07-15 12:00:00,Instagram,Video,Community Campaign,Promotional,14,295561,340976,223674,17871.0,368,1593,3963,23795.0,10.638250310720066,75.67777886798326
POST04486,2026-07-15 15:00:00,Facebook,Carousel,Special Campaign,Event,3,372985,189782,159198,5483.0,78,1446,1683,8690.0,5.458611289086546,42.68214539458691
POST04487,2026-07-15 18:00:00,Instagram,Reel,Brand Awareness,Community,0,458345,462669,388678,19092.0,538,1804,8505,29939.0,7.702777105984902,84.80031417382104
POST04488,2026-07-15 21:00:00,Instagram,Reel,Brand Awareness,Community,10,319863,302510,210524,6319.0,323,2087,2494,11223.0,5.330983640820049,65.8169278722453
POST04489,2026-07-16 00:00:00,Facebook,Reel,Event Promotion,Event,4,24002,23461,18875,1880.0,97,168,73,2218.0,11.750993377483445,78.639280059995
POST04490,2026-07-16 03:00:00,Youtube,Image,Educational Series,Education,18,153404,168574,119103,5275.0,280,811,532,6898.0,5.791625735707749,77.6400876117963
POST04491,2026-07-16 06:00:00,Instagram,Image,Seasonal Campaign,Event,18,308293,181905,147139,3159.0,37,449,3586,7231.0,4.914400668755395,47.72699996431965
POST04492,2026-07-16 09:00:00,Facebook,Reel,Special Campaign,Brand,3,260836,374656,336428,30530.0,1821,3139,5613,41103.0,12.217472980845827,128.98066217853363
POST04493,2026-07-16 12:00:00,Youtube,Reel,Community Campaign,Promotional,1,220983,283593,182030,12816.0,450,3150,2512,18928.0,10.398285996813712,82.37285221035103
POST04494,2026-07-16 15:00:00,Facebook,Reel,Brand Awareness,Entertainment,6,377138,645773,498484,15110.0,810,9190,11032,36142.0,7.250383161746416,132.17549013888816
POST04495,2026-07-16 18:00:00,Facebook,Carousel,Seasonal Campaign,Community,12,381133,384800,262801,12984.0,717,1419,4933,20053.0,7.630488468460926,68.95257036257685
POST04496,2026-07-16 21:00:00,Facebook,Image,Seasonal Campaign,Event,19,105808,108961,80841,3351.0,119,429,565,4464.0,5.521950495416929,76.40348555874792
POST04497,2026-07-17 00:00:00,Youtube,Image,Brand Awareness,Brand,20,341067,459611,393404,10184.0,127,752,1243,12306.0,3.1280820733902046,115.34507882615439
POST04498,2026-07-17 03:00:00,Instagram,Image,Festival Campaign,Community,11,37352,56026,37629,1531.0,61,118,925,2635.0,7.002577799037976,100.74159348896981
POST04499,2026-07-17 06:00:00,Instagram,Text,Special Campaign,Community,1,81081,74320,42758,1185.0,31,208,720,2144.0,5.0142663361242334,52.73491940158607
POST04500,2026-07-17 09:00:00,Youtube,Reel,Seasonal Campaign,Entertainment,21,273080,350181,290519,23414.0,476,4119,3920,31929.0,10.990331097105525,106.38604072066794
POST04501,2026-07-17 12:00:00,Youtube,Image,Brand Awareness,Community,8,476994,500800,372724,6819.0,130,1945,8864,17758.0,4.764383297024071,78.14018624972222
POST04502,2026-07-17 15:00:00,Youtube,Carousel,Festival Campaign,Brand,15,218641,227800,161120,4463.0,169,504,1792,6928.0,4.2999006951340615,73.69157660274148
POST04503,2026-07-17 18:00:00,Instagram,Image,Brand Awareness,Community,7,41645,33314,20460,1383.0,21,211,386,2001.0,9.780058651026392,49.12954736462961
POST04504,2026-07-17 21:00:00,Instagram,Text,Brand Awareness,Community,23,45343,33623,19585,675.0,34,118,347,1174.0,5.994383456727087,43.192995611229954
POST04505,2026-07-18 00:00:00,Youtube,Image,Seasonal Campaign,Event,17,282789,205147,132844,3655.0,78,1046,2377,7156.0,5.386769443858962,46.976367539048546
POST04506,2026-07-18 03:00:00,Instagram,Image,Educational Series,Event,3,313919,260864,209112,12721.0,476,1174,3742,18113.0,8.66186541183672,66.61336204562323
POST04507,2026-07-18 06:00:00,Facebook,Reel,Educational Series,Promotional,23,24121,16752,11627,1074.0,17,150,37,1278.0,10.991657349273243,48.20281082873844
POST04508,2026-07-18 09:00:00,Instagram,Carousel,Community Campaign,Education,10,279982,326835,244988,8404.0,445,3493,5177,17519.0,7.1509624961222595,87.50133937181675
POST04509,2026-07-18 12:00:00,Youtube,Reel,Special Campaign,Brand,16,345886,363683,210469,17187.0,766,2516,4904,25373.0,12.055457098194983,60.84923934475521
POST04510,2026-07-18 15:00:00,Linkedin,Reel,Brand Awareness,Education,7,486864,480194,284819,21071.0,428,3568,3670,28737.0,10.089565653976736,58.50073121035854
POST04511,2026-07-18 18:00:00,Instagram,Image,Special Campaign,Education,18,279806,390490,216314,12596.0,576,1334,3316,17822.0,8.238948935343991,77.30856379062637
POST04512,2026-07-18 21:00:00,Youtube,Image,Community Campaign,Community,7,291415,273588,214944,13014.0,184,594,2180,15972.0,7.430772666368915,73.75872896041727
POST04513,2026-07-19 00:00:00,Instagram,Reel,Community Campaign,Entertainment,5,452420,1026628,659669,51159.0,2486,6492,13372,73509.0,11.143315814446336,145.80898280358957
POST04514,2026-07-19 03:00:00,Facebook,Carousel,Community Campaign,Entertainment,22,176284,107922,95880,7789.0,268,1411,1841,11309.0,11.794952023362537,54.38950783962243
POST04515,2026-07-19 06:00:00,Youtube,Carousel,Community Campaign,Community,1,392965,612850,403230,30422.0,487,4590,7760,43259.0,10.728120427547553,102.61219192548954
POST04516,2026-07-19 09:00:00,Youtube,Reel,Event Promotion,Brand,14,357972,383033,259415,11377.0,426,2823,4972,19598.0,7.5546903610045675,72.46795838780686
POST04517,2026-07-19 12:00:00,Youtube,Image,Seasonal Campaign,Education,0,436697,619932,442830,29816.0,597,4013,3457,37883.0,8.554750129846669,101.40440625880187
POST04518,2026-07-19 15:00:00,Linkedin,Carousel,Seasonal Campaign,Promotional,5,115011,70249,46483,2029.0,88,452,254,2823.0,6.073188047243079,40.41613410891132
POST04519,2026-07-19 18:00:00,Instagram,Image,Event Promotion,Education,18,479620,645913,540051,30908.0,1404,6737,5312,44361.0,8.21422421215774,112.59976648179808
POST04520,2026-07-19 21:00:00,Instagram,Image,Brand Awareness,Entertainment,3,58682,35625,30518,1946.0,93,134,477,2650.0,8.683399960678944,52.00572577621758
POST04521,2026-07-20 00:00:00,Linkedin,Reel,Event Promotion,Education,12,474657,557724,308902,18545.0,1015,5442,3641,28643.0,9.272520087276872,65.07899388400466
POST04522,2026-07-20 03:00:00,Youtube,Carousel,Brand Awareness,Event,14,93749,77818,60630,1469.0,62,697,514,2742.0,4.522513607125186,64.67268984202498
POST04523,2026-07-20 06:00:00,Linkedin,Text,Educational Series,Event,8,473185,332224,262500,15155.0,524,720,916,17315.0,6.596190476190476,55.47513129114405
POST04524,2026-07-20 09:00:00,Instagram,Carousel,Seasonal Campaign,Promotional,2,239347,313995,278356,7116.0,375,1997,1576,11064.0,3.9747661268303895,116.29809439850926
POST04525,2026-07-20 12:00:00,Facebook,Reel,Product Launch,Brand,1,346891,577824,392712,20873.0,1147,3916,2088,28024.0,7.136018252561674,113.20904837542629
POST04526,2026-07-20 15:00:00,Youtube,Image,Festival Campaign,Education,15,21903,24430,15106,758.0,37,41,363,1199.0,7.937243479412154,68.9677213167146
POST04527,2026-07-20 18:00:00,Facebook,Video,Seasonal Campaign,Event,17,186416,182857,133888,4346.0,248,1478,2695,8767.0,6.548010277246654,71.82216118788088
POST04528,2026-07-20 21:00:00,Linkedin,Reel,Event Promotion,Brand,17,122413,88297,62394,5701.0,336,435,355,6827.0,10.941757220245536,50.970076707539235
POST04529,2026-07-21 00:00:00,Youtube,Text,Event Promotion,Event,5,368678,352049,291181,7033.0,158,1737,3866,12794.0,4.393830641422346,78.97976011587348
POST04530,2026-07-21 03:00:00,Instagram,Text,Educational Series,Brand,17,142702,79161,68584,4071.0,78,396,1193,5738.0,8.366382829814533,48.06099423974437
POST04531,2026-07-21 06:00:00,Instagram,Reel,Event Promotion,Brand,10,269053,557608,323606,31545.0,1022,3694,7812,44073.0,13.619339567251535,120.27593076457055
POST04532,2026-07-21 09:00:00,Instagram,Text,Brand Awareness,Event,6,300463,202091,171030,7218.0,431,1667,1525,10841.0,6.338654037303397,56.922150148271164
POST04533,2026-07-21 12:00:00,Instagram,Image,Brand Awareness,Community,22,381063,421490,365912,19627.0,283,4001,3223,27134.0,7.415444150506133,96.02401702605606
POST04534,2026-07-21 15:00:00,Instagram,Video,Product Launch,Entertainment,22,172513,272253,237798,14843.0,676,3809,3686,23014.0,9.677961967720503,137.8435248358095
POST04535,2026-07-21 18:00:00,Youtube,Image,Product Launch,Brand,13,358322,305958,250123,9784.0,514,2125,5468,17891.0,7.152880782654934,69.80397519549454
POST04536,2026-07-21 21:00:00,Youtube,Image,Seasonal Campaign,Community,17,490528,565203,457661,16929.0,1012,4121,4188,26250.0,5.735686457880396,93.29966892817535
POST04537,2026-07-22 00:00:00,Youtube,Carousel,Product Launch,Education,6,175934,152446,84640,6532.0,267,675,488,7962.0,9.406899810964083,48.108949947139266
POST04538,2026-07-22 03:00:00,Facebook,Video,Brand Awareness,Community,9,444319,256547,223726,14657.0,425,3040,1981,20103.0,8.985544818215137,50.3525620106275
POST04539,2026-07-22 06:00:00,Instagram,Reel,Special Campaign,Event,7,162582,370111,249094,22472.0,411,1510,3208,27601.0,11.08055593470738,153.21130260422433
POST04540,2026-07-22 09:00:00,Instagram,Image,Community Campaign,Community,23,185763,164520,92853,4248.0,251,683,1013,6195.0,6.671836128073407,49.98465787051243
POST04541,2026-07-22 12:00:00,Instagram,Reel,Community Campaign,Entertainment,13,492154,931648,647069,32319.0,1816,9492,14201,57828.0,8.936913992170851,131.4769360809828
POST04542,2026-07-22 15:00:00,Youtube,Reel,Product Launch,Event,17,354135,510228,411498,13644.0,685,6479,9770,30578.0,7.430898813602981,116.1980600618408
POST04543,2026-07-22 18:00:00,Instagram,Reel,Product Launch,Promotional,4,191444,349124,246022,12608.0,721,1670,2786,17785.0,7.229028298282267,128.5085978145045
POST04544,2026-07-22 21:00:00,Instagram,Image,Brand Awareness,Education,13,257528,169919,138535,9077.0,118,543,2925,12663.0,9.140650377161007,53.79415053897052
POST04545,2026-07-23 00:00:00,Youtube,Reel,Educational Series,Promotional,21,88309,128662,93703,7639.0,317,700,422,9078.0,9.688056945882202,106.10809770238593
POST04546,2026-07-23 03:00:00,Facebook,Reel,Seasonal Campaign,Community,21,194122,202643,132690,11583.0,274,2408,2014,16279.0,12.26844524832316,68.35392176054233
POST04547,2026-07-23 06:00:00,Instagram,Reel,Event Promotion,Brand,21,270953,402334,249857,21569.0,1041,1194,5321,29125.0,11.656667613875136,92.2141478411385
POST04548,2026-07-23 09:00:00,Facebook,Reel,Seasonal Campaign,Community,9,47377,81273,56678,2004.0,29,1060,692,3785.0,6.678076149475986,119.63188889123415
POST04549,2026-07-23 12:00:00,Facebook,Image,Festival Campaign,Brand,14,340480,175481,98713,2623.0,60,1326,607,4616.0,4.6761824683678945,28.99230498120301
POST04550,2026-07-23 15:00:00,Facebook,Text,Community Campaign,Promotional,5,357456,302737,211277,6185.0,324,1930,1954,10393.0,4.919134595814973,59.10573609059576
POST04551,2026-07-23 18:00:00,Linkedin,Reel,Special Campaign,Promotional,8,267663,231142,132679,6564.0,311,2050,1833,10758.0,8.108291440242994,49.569421249855225
POST04552,2026-07-23 21:00:00,Instagram,Text,Community Campaign,Brand,9,471435,335342,287371,5165.0,307,3102,6194,14768.0,5.13900149980339,60.95665362139001
POST04553,2026-07-24 00:00:00,Instagram,Carousel,Brand Awareness,Entertainment,22,377085,366217,275182,8439.0,356,1669,5357,15821.0,5.749285927131862,72.976119442566
POST04554,2026-07-24 03:00:00,Linkedin,Carousel,Seasonal Campaign,Education,16,341373,243390,188898,14156.0,356,729,914,16155.0,8.552234539275165,55.33478043078978
POST04555,2026-07-24 06:00:00,Youtube,Carousel,Special Campaign,Event,0,85679,84819,55225,3209.0,119,736,829,4893.0,8.860117700316886,64.45570093021628
POST04556,2026-07-24 09:00:00,Youtube,Video,Brand Awareness,Promotional,13,469864,478033,300700,14627.0,836,1523,6673,23659.0,7.867974725640173,63.99724175506104
POST04557,2026-07-24 12:00:00,Facebook,Reel,Festival Campaign,Education,3,307842,420502,335462,22497.0,958,1129,5265,29849.0,8.89787815013325,108.9721350562951
POST04558,2026-07-24 15:00:00,Facebook,Image,Special Campaign,Event,1,430299,190904,149868,4812.0,260,614,663,6349.0,4.236394693997384,34.82880508669553
POST04559,2026-07-24 18:00:00,Linkedin,Carousel,Seasonal Campaign,Community,2,65169,45561,27014,1560.0,17,218,570,2365.0,8.754719774931518,41.452224217035706
POST04560,2026-07-24 21:00:00,Linkedin,Image,Special Campaign,Event,6,435918,244876,155134,3417.0,97,1177,3560,8251.0,5.318627766962755,35.58788579503484
POST04561,2026-07-25 00:00:00,Facebook,Video,Festival Campaign,Promotional,22,380718,514552,453475,40355.0,2290,1530,5243,49418.0,10.897623904294614,119.11047021680088
POST04562,2026-07-25 03:00:00,Instagram,Reel,Product Launch,Entertainment,13,323166,325925,213957,9575.0,114,2159,2101,13949.0,6.51953429894792,66.20653162770836
POST04563,2026-07-25 06:00:00,Linkedin,Carousel,Seasonal Campaign,Entertainment,11,86543,104732,58549,4250.0,152,605,875,5882.0,10.046286016840595,67.65307419433114
POST04564,2026-07-25 09:00:00,Instagram,Image,Festival Campaign,Education,18,375099,271631,155460,8338.0,227,1974,3832,14371.0,9.244178566833911,41.4450585045548
POST04565,2026-07-25 12:00:00,Instagram,Image,Event Promotion,Community,17,128768,120994,99387,4595.0,194,443,2129,7361.0,7.406401239598741,77.18299577534792
POST04566,2026-07-25 15:00:00,Linkedin,Reel,Event Promotion,Education,14,226782,165026,134496,13251.0,239,829,2803,17122.0,12.730490126100404,59.306294150329386
POST04567,2026-07-25 18:00:00,Instagram,Carousel,Community Campaign,Brand,0,378560,375243,256530,7921.0,337,1902,1859,12019.0,4.685222001325381,67.76468723584108
POST04568,2026-07-25 21:00:00,Instagram,Video,Event Promotion,Entertainment,2,420419,763428,460820,15017.0,894,8177,10457,34545.0,7.49641942624018,109.60969889562556
POST04569,2026-07-26 00:00:00,Instagram,Image,Seasonal Campaign,Education,14,210844,222338,161047,5697.0,134,923,2452,9206.0,5.7163436760697195,76.38206446472273
POST04570,2026-07-26 03:00:00,Linkedin,Video,Event Promotion,Brand,3,318636,202675,135014,11310.0,374,416,3128,15228.0,11.278830343519932,42.37248772894463
POST04571,2026-07-26 06:00:00,Youtube,Image,Event Promotion,Community,14,376669,203841,138793,2762.0,31,681,2406,5880.0,4.236524896788743,36.847470856375224
POST04572,2026-07-26 09:00:00,Facebook,Reel,Special Campaign,Event,9,243939,208324,133607,5968.0,189,1607,2852,10616.0,7.945691468261394,54.770659878084274
POST04573,2026-07-26 12:00:00,Instagram,Reel,Product Launch,Education,5,130230,293686,167988,9932.0,300,1607,1115,12954.0,7.7112650903635975,128.99331951163327
POST04574,2026-07-26 15:00:00,Facebook,Reel,Community Campaign,Brand,12,370663,583431,482442,39371.0,1505,7566,8946,57388.0,11.895315913622778,130.15650334670576
POST04575,2026-07-26 18:00:00,Facebook,Image,Brand Awareness,Entertainment,6,340780,259517,198887,6794.0,155,1771,1722,10442.0,5.250217460165823,58.36228651916192
POST04576,2026-07-26 21:00:00,Instagram,Reel,Community Campaign,Event,21,75639,115872,97578,5947.0,157,1176,655,7935.0,8.131955973682592,129.00487843572762
POST04577,2026-07-27 00:00:00,Youtube,Carousel,Community Campaign,Education,0,60685,98083,71220,3007.0,121,463,1112,4703.0,6.603482167930356,117.36013841970833
POST04578,2026-07-27 03:00:00,Instagram,Carousel,Community Campaign,Entertainment,21,237501,326586,292211,7831.0,434,2814,4751,15830.0,5.417318307661245,123.03569248129482
POST04579,2026-07-27 06:00:00,Linkedin,Reel,Festival Campaign,Event,10,297883,427759,379372,31721.0,690,4933,5232,42576.0,11.222757609944855,127.3560424730515
POST04580,2026-07-27 09:00:00,Facebook,Reel,Brand Awareness,Promotional,13,443133,514234,331744,20564.0,902,1867,1645,24978.0,7.529299700974246,74.86330289100563
POST04581,2026-07-27 12:00:00,Linkedin,Reel,Festival Campaign,Entertainment,5,40704,29636,20313,1815.0,65,305,170,2355.0,11.593560773888644,49.90418632075472
POST04582,2026-07-27 15:00:00,Instagram,Image,Product Launch,Promotional,4,377832,500249,406926,22589.0,344,2603,3328,28864.0,7.093181561266667,107.70024772914945
POST04583,2026-07-27 18:00:00,Facebook,Reel,Product Launch,Community,18,471737,566499,465555,14203.0,543,7050,4609,26405.0,5.671725145256737,98.6895240356385
POST04584,2026-07-27 21:00:00,Facebook,Reel,Educational Series,Education,18,329527,450487,391358,25440.0,1156,2192,6581,35369.0,9.037505302050807,118.76356110424942
POST04585,2026-07-28 00:00:00,Facebook,Text,Educational Series,Brand,12,223814,99290,77289,4605.0,183,610,976,6374.0,8.246969167669397,34.532692324876905
POST04586,2026-07-28 03:00:00,Linkedin,Video,Special Campaign,Education,6,239864,264257,189285,8738.0,132,533,4600,14003.0,7.397839237129197,78.91346763165794
POST04587,2026-07-28 06:00:00,Instagram,Reel,Product Launch,Entertainment,7,44307,60980,41599,2681.0,141,219,139,3180.0,7.644414529195413,93.88809894599048
POST04588,2026-07-28 09:00:00,Instagram,Image,Product Launch,Promotional,13,286860,257760,179584,9555.0,115,2195,1391,13256.0,7.3815039201710615,62.60336052429757
POST04589,2026-07-28 12:00:00,Facebook,Image,Festival Campaign,Promotional,18,469486,445493,377618,10921.0,238,2718,5896,19773.0,5.236244034977147,80.43221736111407
POST04590,2026-07-28 15:00:00,Facebook,Video,Special Campaign,Event,18,120924,142644,127381,9500.0,387,1314,2846,14047.0,11.027547279421578,105.33971750851774
POST04591,2026-07-28 18:00:00,Youtube,Image,Product Launch,Education,22,432136,491604,279313,14978.0,313,3468,1046,19805.0,7.090611607766198,64.6354388433271
POST04592,2026-07-28 21:00:00,Instagram,Reel,Seasonal Campaign,Education,11,451087,1031148,776542,42901.0,647,8383,17425,69356.0,8.931390703915563,172.14905328683824
POST04593,2026-07-29 00:00:00,Youtube,Carousel,Brand Awareness,Entertainment,22,62928,87305,63908,2487.0,88,705,904,4184.0,6.54691118482819,101.55733536740401
POST04594,2026-07-29 03:00:00,Instagram,Image,Festival Campaign,Promotional,8,295731,364391,248387,16798.0,774,1092,5037,23701.0,9.541964756609646,83.99085655545073
POST04595,2026-07-29 06:00:00,Youtube,Reel,Product Launch,Entertainment,13,283339,451183,382626,13739.0,419,1522,9133,24813.0,6.484922613727242,135.04176975284022
POST04596,2026-07-29 09:00:00,Facebook,Image,Festival Campaign,Entertainment,5,407855,296901,223124,9221.0,414,1324,1726,12685.0,5.685179541420913,54.706697233085286
POST04597,2026-07-29 12:00:00,Facebook,Image,Festival Campaign,Community,14,438299,475442,313597,18633.0,988,3494,4996,28111.0,8.964052589788805,71.54864601561948
POST04598,2026-07-29 15:00:00,Instagram,Reel,Event Promotion,Promotional,12,266164,365779,258033,9690.0,561,2619,5790,18660.0,7.231633163200056,96.94511654468674
POST04599,2026-07-29 18:00:00,Youtube,Reel,Special Campaign,Entertainment,6,398126,683322,461161,45548.0,986,2509,9950,58993.0,12.792278618530187,115.83292726423294
POST04600,2026-07-29 21:00:00,Instagram,Image,Educational Series,Promotional,10,173510,148627,104117,4832.0,194,851,1505,7382.0,7.090100559946983,60.00633969223676
POST04601,2026-07-30 00:00:00,Instagram,Reel,Special Campaign,Entertainment,9,40009,40429,23244,1519.0,35,164,555,2273.0,9.778867664773705,58.09692819115699
POST04602,2026-07-30 03:00:00,Facebook,Video,Festival Campaign,Brand,0,126172,85815,50559,2757.0,147,867,939,4710.0,9.315848810300837,40.07148971245601
POST04603,2026-07-30 06:00:00,Linkedin,Reel,Special Campaign,Entertainment,6,383267,452232,347446,32542.0,1774,4293,5048,43657.0,12.565118032730267,90.65377400089233
POST04604,2026-07-30 09:00:00,Instagram,Reel,Community Campaign,Entertainment,17,499895,645669,509706,50959.0,1330,9792,2178,64259.0,12.607071527508015,101.9626121485512
POST04605,2026-07-30 12:00:00,Facebook,Carousel,Seasonal Campaign,Brand,22,280226,205243,158615,7128.0,301,426,2176,10031.0,6.324118147716168,56.60252795957549
POST04606,2026-07-30 15:00:00,Linkedin,Video,Seasonal Campaign,Education,2,271505,284639,232571,14664.0,797,600,2856,18917.0,8.133860197531076,85.65993259792637
POST04607,2026-07-30 18:00:00,Facebook,Video,Festival Campaign,Promotional,8,295840,167955,147840,6905.0,244,1455,1436,10040.0,6.791125541125541,49.97295835586804
POST04608,2026-07-30 21:00:00,Instagram,Image,Community Campaign,Event,4,410877,331135,281867,10675.0,491,3350,6692,21208.0,7.524115983779583,68.60130890753193
POST04609,2026-07-31 00:00:00,Linkedin,Reel,Seasonal Campaign,Brand,22,27564,24095,16781,473.0,23,192,392,1080.0,6.435850068529884,60.88013350747352
POST04610,2026-07-31 03:00:00,Instagram,Carousel,Event Promotion,Education,23,23637,35988,22533,1588.0,85,316,234,2223.0,9.865530555185728,95.32935651732454
POST04611,2026-07-31 06:00:00,Instagram,Carousel,Product Launch,Entertainment,12,251249,330819,218058,17895.0,639,846,2744,22124.0,10.145924478808391,86.78959916258373
POST04612,2026-07-31 09:00:00,Instagram,Reel,Festival Campaign,Community,15,475975,1006850,760886,65453.0,3736,10970,14867,95026.0,12.488861669159375,159.85839592415567
POST04613,2026-07-31 12:00:00,Youtube,Text,Event Promotion,Education,15,168862,116256,98779,3785.0,156,783,2111,6835.0,6.919486935482238,58.496879108384356
POST04614,2026-07-31 15:00:00,Instagram,Reel,Special Campaign,Brand,11,113695,141260,112386,10176.0,178,1327,609,12290.0,10.93552577723204,98.84867408417257
POST04615,2026-07-31 18:00:00,Instagram,Text,Brand Awareness,Community,17,222122,106591,78883,4228.0,171,429,1088,5916.0,7.499714767440387,35.51336652830426
POST04616,2026-07-31 21:00:00,Instagram,Video,Special Campaign,Entertainment,10,250953,524610,399048,25222.0,628,4985,9225,40060.0,10.03889256430304,159.0130422828179
POST04617,2026-08-01 00:00:00,Facebook,Carousel,Event Promotion,Education,16,207996,196849,144662,11578.0,331,1390,2549,15848.0,10.955192102971063,69.55037596876863
POST04618,2026-08-01 03:00:00,Linkedin,Text,Educational Series,Event,6,238371,143383,127620,2087.0,105,530,1907,4629.0,3.6271744240714625,53.53839183457719
POST04619,2026-08-01 06:00:00,Instagram,Carousel,Educational Series,Promotional,14,294712,528574,441693,9556.0,560,1558,8302,19976.0,4.522598275272644,149.87275713238688
POST04620,2026-08-01 09:00:00,Linkedin,Reel,Product Launch,Promotional,5,113539,93273,76805,2484.0,132,701,1348,4665.0,6.07382331879435,67.64635940073454
POST04621,2026-08-01 12:00:00,Linkedin,Image,Special Campaign,Brand,5,280515,168061,122863,2595.0,68,957,2915,6535.0,5.318932469498548,43.79908382795929
POST04622,2026-08-01 15:00:00,Facebook,Reel,Community Campaign,Entertainment,17,352991,477570,318125,18807.0,614,3561,7341,30323.0,9.531787819253438,90.12269434631477
POST04623,2026-08-01 18:00:00,Instagram,Image,Product Launch,Entertainment,18,61596,85494,47605,3274.0,193,322,559,4348.0,9.133494380842349,77.28586271835833
POST04624,2026-08-01 21:00:00,Facebook,Carousel,Seasonal Campaign,Promotional,19,320459,363191,205275,13042.0,732,1348,760,15882.0,7.736938253562295,64.05655637694682
POST04625,2026-08-02 00:00:00,Linkedin,Image,Community Campaign,Education,18,37191,34508,19344,1037.0,61,114,199,1411.0,7.294251447477254,52.01258368960232
POST04626,2026-08-02 03:00:00,Facebook,Reel,Community Campaign,Entertainment,1,137083,172433,154011,8627.0,273,1092,1149,11141.0,7.2338988773529165,112.34872303640859
POST04627,2026-08-02 06:00:00,Instagram,Image,Community Campaign,Event,2,303052,446046,263197,12323.0,616,2259,1551,16749.0,6.363674357990402,86.84879162651954
POST04628,2026-08-02 09:00:00,Youtube,Video,Community Campaign,Event,13,152487,211368,126766,5818.0,311,1984,2856,10969.0,8.652951106763643,83.13233259228655
POST04629,2026-08-02 12:00:00,Facebook,Reel,Educational Series,Entertainment,21,60276,51435,37005,2456.0,29,646,688,3819.0,10.320226996351845,61.39259406729046
POST04630,2026-08-02 15:00:00,Youtube,Image,Special Campaign,Entertainment,3,67650,69766,50126,2923.0,68,673,186,3850.0,7.68064477516658,74.0960827790096
POST04631,2026-08-02 18:00:00,Instagram,Reel,Seasonal Campaign,Promotional,21,84427,159752,139302,9692.0,525,571,3236,14024.0,10.067335716644413,164.99697963921494
POST04632,2026-08-02 21:00:00,Instagram,Carousel,Educational Series,Brand,16,104369,151700,87339,4138.0,121,438,1997,6694.0,7.6643881885526515,83.68289434602228
POST04633,2026-08-03 00:00:00,Facebook,Reel,Festival Campaign,Promotional,5,166478,144724,128085,11771.0,281,1913,3059,17024.0,13.291173829878597,76.93809392232006
POST04634,2026-08-03 03:00:00,Linkedin,Carousel,Seasonal Campaign,Brand,18,442552,201142,125861,4922.0,116,1372,2675,9085.0,7.218280484026028,28.439821761058585
POST04635,2026-08-03 06:00:00,Instagram,Reel,Educational Series,Event,8,114957,134944,120039,7629.0,219,583,568,8999.0,7.4967302293421305,104.420783423367
POST04636,2026-08-03 09:00:00,Linkedin,Reel,Product Launch,Brand,3,252872,390283,288600,29522.0,655,3828,4820,38825.0,13.452875952875953,114.12888734221266
POST04637,2026-08-03 12:00:00,Instagram,Text,Educational Series,Promotional,6,359460,221434,172320,10085.0,102,941,831,11959.0,6.939995357474466,47.938574528459355
POST04638,2026-08-03 15:00:00,Facebook,Reel,Seasonal Campaign,Entertainment,3,59871,67553,44619,1181.0,22,837,834,2874.0,6.441202178444161,74.52522924287217
POST04639,2026-08-03 18:00:00,Facebook,Image,Seasonal Campaign,Brand,10,294365,271422,207403,9694.0,524,2448,1521,14187.0,6.840306070789719,70.4577650196185
POST04640,2026-08-03 21:00:00,Facebook,Reel,Product Launch,Promotional,21,41116,66360,53007,2771.0,38,203,1250,4262.0,8.040447488067613,128.92061484580213
POST04641,2026-08-04 00:00:00,Linkedin,Image,Brand Awareness,Event,22,453006,411051,227569,7675.0,235,649,5359,13918.0,6.115947251163383,50.23531697151914
POST04642,2026-08-04 03:00:00,Instagram,Image,Special Campaign,Community,1,256871,390872,219662,11026.0,361,1467,3532,16386.0,7.459642541723192,85.51451896087919
POST04643,2026-08-04 06:00:00,Linkedin,Reel,Seasonal Campaign,Brand,9,493174,566439,507114,30838.0,1508,1390,9918,43654.0,8.608320811494062,102.82658858739512
POST04644,2026-08-04 09:00:00,Instagram,Reel,Educational Series,Event,5,61474,130933,92981,7732.0,174,390,2034,10330.0,11.109796625116958,151.25256205875655
POST04645,2026-08-04 12:00:00,Facebook,Image,Product Launch,Event,7,238091,147309,129268,2516.0,64,1643,1494,5717.0,4.422594919082836,54.29352642477036
POST04646,2026-08-04 15:00:00,Facebook,Carousel,Community Campaign,Education,14,60100,52850,42568,3379.0,36,549,670,4634.0,10.886111633151662,70.82861896838602
POST04647,2026-08-04 18:00:00,Facebook,Video,Special Campaign,Community,12,137982,200249,136277,8839.0,487,1757,936,12019.0,8.819536678970039,98.76433157948138
POST04648,2026-08-04 21:00:00,Instagram,Image,Seasonal Campaign,Brand,21,268668,239546,144397,7933.0,351,1662,3563,13509.0,9.355457523355748,53.74551491059598
POST04649,2026-08-05 00:00:00,Linkedin,Image,Special Campaign,Promotional,1,287560,283902,253340,12831.0,296,1197,5940,20264.0,7.998736875345386,88.09987480873556
POST04650,2026-08-05 03:00:00,Instagram,Reel,Special Campaign,Brand,19,35251,47464,35815,3694.0,200,532,488,4914.0,13.720508166969147,101.59995461121672
POST04651,2026-08-05 06:00:00,Instagram,Reel,Event Promotion,Brand,0,440290,593024,366088,37681.0,539,4760,5554,48534.0,13.257468149734489,83.1470167389675
POST04652,2026-08-05 09:00:00,Facebook,Reel,Special Campaign,Community,14,478663,453087,357294,26286.0,747,6053,4504,37590.0,10.520747619607382,74.64416510154325
POST04653,2026-08-05 12:00:00,Youtube,Reel,Community Campaign,Event,6,470900,704997,410461,32569.0,1243,3028,1246,38086.0,9.278835260840859,87.16521554470164
POST04654,2026-08-05 15:00:00,Facebook,Reel,Festival Campaign,Event,23,263148,193679,165365,12278.0,433,2564,1332,16607.0,10.042632963444502,62.841062823962176
POST04655,2026-08-05 18:00:00,Instagram,Image,Special Campaign,Event,17,279463,161957,94185,3275.0,139,1109,493,5016.0,5.3256888039496735,33.702135882030895
POST04656,2026-08-05 21:00:00,Instagram,Image,Seasonal Campaign,Event,9,228772,345264,218437,6203.0,154,1796,2207,10360.0,4.7427862495822595,95.48240169251481
POST04657,2026-08-06 00:00:00,Facebook,Text,Product Launch,Community,14,336966,325014,189158,6265.0,300,1046,1550,9161.0,4.843041267088888,56.135633862170074
POST04658,2026-08-06 03:00:00,Youtube,Reel,Community Campaign,Promotional,4,219076,180501,105832,8387.0,253,1971,2090,12701.0,12.001096076800968,48.30834961383264
POST04659,2026-08-06 06:00:00,Instagram,Carousel,Educational Series,Entertainment,23,464796,614747,450819,11057.0,179,1986,6359,19581.0,4.343428293838548,96.99287429323833
POST04660,2026-08-06 09:00:00,Facebook,Video,Educational Series,Education,10,206372,231726,183166,11178.0,525,543,3841,16087.0,8.782743522269417,88.75525749617196
POST04661,2026-08-06 12:00:00,Youtube,Image,Seasonal Campaign,Event,7,63655,54979,45410,1818.0,101,176,771,2866.0,6.311385157454305,71.33767967952242
POST04662,2026-08-06 15:00:00,Facebook,Reel,Brand Awareness,Event,20,415243,519310,411952,27660.0,780,5829,7183,41452.0,10.06233735969239,99.207452022069
POST04663,2026-08-06 18:00:00,Youtube,Reel,Event Promotion,Education,7,109091,149466,101221,9423.0,372,1612,2254,13661.0,13.496211260509183,92.78583934513388
POST04664,2026-08-06 21:00:00,Facebook,Reel,Seasonal Campaign,Event,5,163016,188751,140629,4178.0,185,2069,3042,9474.0,6.7368750399988615,86.26699219708495
POST04665,2026-08-07 00:00:00,Facebook,Reel,Product Launch,Entertainment,14,282459,414859,362869,31048.0,1601,3518,1593,37760.0,10.405959175349782,128.46784843109972
POST04666,2026-08-07 03:00:00,Facebook,Carousel,Community Campaign,Brand,14,230741,223710,153387,9665.0,192,2347,2411,14615.0,9.528186873724632,66.47583221014037
POST04667,2026-08-07 06:00:00,Instagram,Reel,Event Promotion,Education,4,187829,241342,154058,6455.0,248,1557,1862,10122.0,6.570252761946799,82.02034829552413
POST04668,2026-08-07 09:00:00,Facebook,Reel,Brand Awareness,Promotional,12,275053,348025,254671,21205.0,997,4885,4123,31210.0,12.255027074146644,92.58979178558315
POST04669,2026-08-07 12:00:00,Facebook,Carousel,Seasonal Campaign,Education,13,118834,128104,83788,4379.0,87,1226,1841,7533.0,8.990547572444742,70.50844034535571
POST04670,2026-08-07 15:00:00,Facebook,Video,Festival Campaign,Entertainment,10,437484,549172,352368,20660.0,694,3083,1150,25587.0,7.261442582754393,80.54420275941521
POST04671,2026-08-07 18:00:00,Instagram,Image,Event Promotion,Community,19,128898,155679,128058,5645.0,187,471,415,6718.0,5.246060378890815,99.34832192896708
POST04672,2026-08-07 21:00:00,Linkedin,Carousel,Brand Awareness,Promotional,20,333155,325914,280870,22694.0,1179,934,1229,26036.0,9.269768932246235,84.30610376551455
POST04673,2026-08-08 00:00:00,Facebook,Image,Seasonal Campaign,Brand,11,477760,313494,227537,15699.0,767,1824,5062,23352.0,10.26294624610503,47.625795378432684
POST04674,2026-08-08 03:00:00,Instagram,Reel,Special Campaign,Event,19,483509,713644,587274,57119.0,1233,9101,6328,73781.0,12.563300946406617,121.46082079133997
POST04675,2026-08-08 06:00:00,Youtube,Image,Seasonal Campaign,Education,0,60640,70161,43182,2845.0,61,166,482,3554.0,8.230281135658377,71.21042216358839
POST04676,2026-08-08 09:00:00,Linkedin,Image,Product Launch,Promotional,2,395946,357596,265220,5312.0,245,1464,2811,9832.0,3.707111077595958,66.98388164042571
POST04677,2026-08-08 12:00:00,Instagram,Text,Seasonal Campaign,Education,7,181039,152205,117604,3884.0,182,899,950,5915.0,5.029590830243869,64.96058860245583
POST04678,2026-08-08 15:00:00,Linkedin,Reel,Festival Campaign,Brand,22,111331,100191,72311,6927.0,131,751,278,8087.0,11.183637344249146,64.95136125607422
POST04679,2026-08-08 18:00:00,Facebook,Image,Seasonal Campaign,Education,11,48798,48059,28398,1669.0,51,251,651,2622.0,9.233044580604268,58.19500799213082
POST04680,2026-08-08 21:00:00,Facebook,Reel,Educational Series,Promotional,14,475004,401351,323864,19956.0,1023,4544,2630,28153.0,8.692846379961958,68.18132057835302
POST04681,2026-08-09 00:00:00,Instagram,Image,Brand Awareness,Entertainment,22,128262,70576,59543,3558.0,49,372,1349,5328.0,8.94815511479099,46.42294678080803
POST04682,2026-08-09 03:00:00,Instagram,Reel,Special Campaign,Community,2,381515,578002,446407,18855.0,541,7090,10725,37211.0,8.335666779418782,117.00902978913017
POST04683,2026-08-09 06:00:00,Linkedin,Reel,Educational Series,Promotional,21,313605,219620,133793,9738.0,411,1937,2098,14184.0,10.601451495967652,42.662903971556574
POST04684,2026-08-09 09:00:00,Instagram,Video,Seasonal Campaign,Education,7,381175,482082,277724,17323.0,841,3645,3107,24916.0,8.971496881796316,72.85997245359744
POST04685,2026-08-09 12:00:00,Facebook,Image,Festival Campaign,Brand,23,364307,233484,153063,7495.0,319,543,3037,11394.0,7.443993649673663,42.0148391329291
POST04686,2026-08-09 15:00:00,Instagram,Image,Brand Awareness,Event,18,345640,476790,268407,15293.0,456,1972,955,18676.0,6.958089766660333,77.65507464413841
POST04687,2026-08-09 18:00:00,Instagram,Reel,Brand Awareness,Event,19,111897,145130,122450,12255.0,730,1512,2869,17366.0,14.182115149040426,109.43099457536843
POST04688,2026-08-09 21:00:00,Instagram,Reel,Seasonal Campaign,Brand,5,86247,153472,122174,5692.0,68,785,1462,8007.0,6.553767577389625,141.65594165594166
POST04689,2026-08-10 00:00:00,Youtube,Image,Festival Campaign,Education,17,162157,188454,140829,8299.0,288,1503,1378,11468.0,8.143209140162892,86.84731463951603
POST04690,2026-08-10 03:00:00,Linkedin,Video,Product Launch,Community,10,113262,103996,89579,6310.0,224,384,518,7436.0,8.301052702084194,79.09007434090869
POST04691,2026-08-10 06:00:00,Instagram,Text,Special Campaign,Brand,11,486676,254517,149791,6932.0,152,443,3597,11124.0,7.426347377345769,30.778382332393626
POST04692,2026-08-10 09:00:00,Instagram,Image,Brand Awareness,Education,22,101085,131046,104844,4315.0,163,695,2185,7358.0,7.01804585860898,103.71865261908295
POST04693,2026-08-10 12:00:00,Instagram,Image,Special Campaign,Promotional,1,147061,91351,54931,3790.0,79,185,1039,5093.0,9.27163168338461,37.3525271825977
POST04694,2026-08-10 15:00:00,Youtube,Video,Festival Campaign,Community,4,340996,269714,154094,9019.0,290,397,3618,13324.0,8.646670214284788,45.18938638576406
POST04695,2026-08-10 18:00:00,Youtube,Image,Event Promotion,Entertainment,3,225070,155081,92508,2272.0,71,611,2230,5184.0,5.603839667920613,41.10187941529302
POST04696,2026-08-10 21:00:00,Linkedin,Image,Educational Series,Education,8,128293,72084,63637,3484.0,169,597,566,4816.0,7.567924320756793,49.60286219824932
POST04697,2026-08-11 00:00:00,Youtube,Reel,Brand Awareness,Event,12,284704,548176,385999,13915.0,794,4233,7837,26779.0,6.937582739851658,135.5790575474879
POST04698,2026-08-11 03:00:00,Youtube,Carousel,Event Promotion,Event,12,238131,323152,183275,7574.0,152,515,3642,11883.0,6.483699358886918,76.96394001620956
POST04699,2026-08-11 06:00:00,Instagram,Image,Brand Awareness,Community,14,39944,38273,28868,875.0,52,130,440,1497.0,5.18567271719551,72.27117965151211
POST04700,2026-08-11 09:00:00,Linkedin,Video,Product Launch,Entertainment,1,349857,496615,307851,19334.0,1102,3257,1942,25635.0,8.327080308330977,87.9933801524623
POST04701,2026-08-11 12:00:00,Instagram,Video,Seasonal Campaign,Education,22,266597,285468,157690,7730.0,120,2194,3735,13779.0,8.73803031263872,59.149202729213
POST04702,2026-08-11 15:00:00,Instagram,Reel,Festival Campaign,Entertainment,12,473377,819562,668299,25708.0,1429,10704,6641,44482.0,6.656002777200026,141.17690551082964
POST04703,2026-08-11 18:00:00,Facebook,Carousel,Brand Awareness,Promotional,6,40098,51049,30843,2184.0,83,283,485,3035.0,9.840158220665954,76.91904833158762
POST04704,2026-08-11 21:00:00,Youtube,Video,Festival Campaign,Entertainment,22,252454,433885,381762,22039.0,1188,4764,1308,29299.0,7.674676892933293,151.22042035380701
POST04705,2026-08-12 00:00:00,Youtube,Reel,Community Campaign,Promotional,16,47475,40075,30356,1865.0,106,542,377,2890.0,9.520358413493215,63.94102159031069
POST04706,2026-08-12 03:00:00,Youtube,Reel,Brand Awareness,Event,7,455952,780636,453119,43108.0,2282,1677,7508,54575.0,12.04429741414507,99.37866266624556
POST04707,2026-08-12 06:00:00,Facebook,Reel,Product Launch,Promotional,17,172488,152945,95780,6515.0,196,409,1090,8210.0,8.571726874086448,55.52850053337044
POST04708,2026-08-12 09:00:00,Instagram,Image,Product Launch,Education,14,279381,258201,197212,11109.0,464,1411,2661,15645.0,7.933087236070828,70.58890905251252
POST04709,2026-08-12 12:00:00,Facebook,Image,Seasonal Campaign,Community,14,230728,184832,123530,4411.0,146,1103,892,6552.0,5.303974742977415,53.53923234284525
POST04710,2026-08-12 15:00:00,Facebook,Image,Seasonal Campaign,Community,4,398482,416615,306732,14818.0,419,568,3283,19088.0,6.223022051823742,76.97512058261101
POST04711,2026-08-12 18:00:00,Youtube,Reel,Event Promotion,Education,1,22948,21861,18140,1499.0,33,185,343,2060.0,11.356119073869902,79.04828307477776
POST04712,2026-08-12 21:00:00,Youtube,Video,Product Launch,Education,15,153592,123379,102085,4629.0,148,520,2484,7781.0,7.62207963951609,66.46505026303453
POST04713,2026-08-13 00:00:00,Instagram,Reel,Festival Campaign,Education,4,223877,228213,181268,14448.0,726,2447,2413,20034.0,11.052143787099764,80.96767421396571
POST04714,2026-08-13 03:00:00,Facebook,Reel,Community Campaign,Brand,22,409438,344059,295931,20822.0,1086,2108,5354,29370.0,9.924610804545654,72.27736555962075
POST04715,2026-08-13 06:00:00,Youtube,Image,Special Campaign,Promotional,5,82976,45960,28484,1180.0,68,351,697,2296.0,8.060665636848757,34.32799845738527
POST04716,2026-08-13 09:00:00,Instagram,Image,Product Launch,Education,11,164408,253264,155006,8757.0,214,394,3107,12472.0,8.04614014941357,94.28130018003989
POST04717,2026-08-13 12:00:00,Youtube,Reel,Brand Awareness,Community,4,211184,247357,205249,10409.0,442,3340,661,14852.0,7.236088848179528,97.18965451928176
POST04718,2026-08-13 15:00:00,Linkedin,Reel,Special Campaign,Entertainment,19,261806,184325,122080,9977.0,445,1126,2878,14426.0,11.81684141546527,46.6299473656066
POST04719,2026-08-13 18:00:00,Youtube,Reel,Special Campaign,Entertainment,7,296164,481889,351424,24243.0,474,6004,7753,38474.0,10.94802859224185,118.65858105644169
POST04720,2026-08-13 21:00:00,Linkedin,Carousel,Product Launch,Brand,10,112816,121962,98835,3604.0,102,1307,886,5899.0,5.968533414276319,87.60725429017161
POST04721,2026-08-14 00:00:00,Instagram,Video,Community Campaign,Promotional,13,346710,625692,430836,31070.0,842,2642,3013,37567.0,8.719559182612409,124.26408237431859
POST04722,2026-08-14 03:00:00,Instagram,Image,Festival Campaign,Promotional,23,391158,514843,306618,20168.0,1195,733,6985,29081.0,9.484439921987619,78.38725016489501
POST04723,2026-08-14 06:00:00,Instagram,Carousel,Brand Awareness,Promotional,16,167818,116409,91708,3717.0,215,1063,1664,6659.0,7.261089545077856,54.647296475944174
POST04724,2026-08-14 09:00:00,Youtube,Carousel,Event Promotion,Community,9,274601,406655,339965,24537.0,1253,1662,2792,30244.0,8.8962099039607,123.80326364434215
POST04725,2026-08-14 12:00:00,Instagram,Reel,Event Promotion,Community,1,349936,546925,303258,15835.0,532,5557,5672,27596.0,9.099842378436843,86.66098943806868
POST04726,2026-08-14 15:00:00,Instagram,Text,Event Promotion,Brand,2,387800,401054,299544,15561.0,361,645,4854,21421.0,7.151203162139785,77.2418772563177
POST04727,2026-08-14 18:00:00,Linkedin,Video,Seasonal Campaign,Promotional,12,375392,524860,374903,10378.0,579,2794,3675,17426.0,4.648135651088415,99.86973616912455
POST04728,2026-08-14 21:00:00,Facebook,Reel,Brand Awareness,Promotional,16,98372,150852,96674,2567.0,60,272,1474,4373.0,4.523449945176573,98.27389907697312
POST04729,2026-08-15 00:00:00,Facebook,Reel,Special Campaign,Education,2,176783,274134,166223,5790.0,209,1322,2426,9747.0,5.8638094607846085,94.02657495347403
POST04730,2026-08-15 03:00:00,Instagram,Reel,Event Promotion,Promotional,9,286502,304577,187562,17662.0,393,2203,2666,22924.0,12.222091894946738,65.46620965996746
POST04731,2026-08-15 06:00:00,Instagram,Reel,Seasonal Campaign,Community,7,162411,247386,198834,13447.0,787,2717,2859,19810.0,9.963084784292425,122.4264366329867
POST04732,2026-08-15 09:00:00,Instagram,Carousel,Product Launch,Education,3,52039,95031,70101,4095.0,49,842,210,5196.0,7.412162451320238,134.70858394665538
POST04733,2026-08-15 12:00:00,Facebook,Image,Special Campaign,Education,12,402129,352657,315065,20000.0,374,3639,2807,26820.0,8.51252916064939,78.34923619037673
POST04734,2026-08-15 15:00:00,Linkedin,Video,Brand Awareness,Promotional,6,303389,175505,111468,3081.0,148,460,1391,5080.0,4.5573617540460045,36.74094973779537
POST04735,2026-08-15 18:00:00,Youtube,Carousel,Brand Awareness,Entertainment,6,149024,212024,187623,8515.0,149,2345,1088,12097.0,6.44750377085965,125.90119712261112
POST04736,2026-08-15 21:00:00,Instagram,Carousel,Brand Awareness,Event,15,263859,180502,131818,8108.0,478,777,2568,11931.0,9.0511159325737,49.957742582212475
POST04737,2026-08-16 00:00:00,Youtube,Carousel,Educational Series,Community,4,299403,429599,258235,12006.0,312,1029,5586,18933.0,7.33169399965148,86.24997077517594
POST04738,2026-08-16 03:00:00,Instagram,Reel,Seasonal Campaign,Entertainment,16,81086,174533,105044,2994.0,167,744,2204,6109.0,5.815658200373177,129.54640751794392
POST04739,2026-08-16 06:00:00,Instagram,Reel,Special Campaign,Promotional,9,206179,297596,227065,17432.0,751,3882,2977,25042.0,11.028560103934996,110.13003264153964
POST04740,2026-08-16 09:00:00,Facebook,Carousel,Festival Campaign,Promotional,3,223737,193166,162452,7417.0,309,1732,2955,12413.0,7.641026272375841,72.60846440240103
POST04741,2026-08-16 12:00:00,Facebook,Reel,Educational Series,Entertainment,22,204075,192019,155861,4285.0,238,1978,731,7232.0,4.640031823227106,76.37437216709543
POST04742,2026-08-16 15:00:00,Instagram,Reel,Educational Series,Promotional,13,199861,429306,334630,13151.0,469,4176,2471,20267.0,6.056540059169829,167.431364798535
POST04743,2026-08-16 18:00:00,Instagram,Video,Educational Series,Community,4,258720,390359,238211,9448.0,283,2090,960,12781.0,5.365411337007947,92.07289734075448
POST04744,2026-08-16 21:00:00,Linkedin,Carousel,Festival Campaign,Education,1,453789,411395,241866,12859.0,268,1884,5862,20873.0,8.629985198415651,53.29922056286072
POST04745,2026-08-17 00:00:00,Instagram,Reel,Educational Series,Brand,13,469024,849995,467571,18954.0,326,2387,7310,28977.0,6.197347568604554,99.69020775056288
POST04746,2026-08-17 03:00:00,Instagram,Carousel,Event Promotion,Promotional,23,192660,194257,113762,4978.0,246,755,779,6758.0,5.94047221392029,59.048063946849375
POST04747,2026-08-17 06:00:00,Instagram,Video,Brand Awareness,Promotional,17,358891,482066,394440,30785.0,504,4097,7323,42709.0,10.82775580569922,109.90523585155381
POST04748,2026-08-17 09:00:00,Instagram,Reel,Special Campaign,Entertainment,23,246805,478037,412707,36731.0,1090,5299,5679,48799.0,11.824127044125737,167.21986993780516
POST04749,2026-08-17 12:00:00,Instagram,Reel,Special Campaign,Education,10,150196,348058,220711,19431.0,591,841,2770,23633.0,10.707667492784683,146.94865375908813
POST04750,2026-08-17 15:00:00,Facebook,Text,Brand Awareness,Entertainment,15,101164,36485,30217,1398.0,60,143,697,2298.0,7.604990568223186,29.869321102368428
POST04751,2026-08-17 18:00:00,Instagram,Reel,Seasonal Campaign,Community,17,439516,372064,230529,15736.0,376,1921,4283,22316.0,9.680343904671428,52.45065026074136
POST04752,2026-08-17 21:00:00,Youtube,Reel,Product Launch,Entertainment,15,198164,262994,167591,11555.0,599,1894,3049,17097.0,10.20162180546688,84.57186976443754
POST04753,2026-08-18 00:00:00,Facebook,Image,Community Campaign,Promotional,20,365192,343022,215574,14978.0,305,2178,1108,18569.0,8.613747483462756,59.030318298319784
POST04754,2026-08-18 03:00:00,Youtube,Video,Event Promotion,Education,3,499697,584646,332140,28964.0,1432,4088,1668,36152.0,10.884566748961282,66.46827977754519
POST04755,2026-08-18 06:00:00,Linkedin,Reel,Festival Campaign,Community,0,250395,390522,241311,18504.0,971,2955,4251,26681.0,11.05668618504751,96.37213203139041
POST04756,2026-08-18 09:00:00,Linkedin,Reel,Community Campaign,Promotional,13,461624,333834,227254,14213.0,279,1710,1464,17666.0,7.773680551277424,49.229242846992356
POST04757,2026-08-18 12:00:00,Instagram,Reel,Brand Awareness,Community,11,404406,320436,221714,18372.0,927,3720,2875,25894.0,11.67900989563131,54.82460695439732
POST04758,2026-08-18 15:00:00,Facebook,Text,Educational Series,Promotional,23,236919,110365,72654,1294.0,59,665,1128,3146.0,4.330112588432846,30.666177047851797
POST04759,2026-08-18 18:00:00,Youtube,Reel,Special Campaign,Promotional,9,85124,168816,123261,12286.0,659,702,1422,15069.0,12.225278068488816,144.80170104788309
POST04760,2026-08-18 21:00:00,Linkedin,Image,Seasonal Campaign,Promotional,18,317753,147598,100706,4790.0,170,953,490,6403.0,6.3581117311778845,31.693170481474603
POST04761,2026-08-19 00:00:00,Youtube,Text,Seasonal Campaign,Brand,3,424355,342732,304903,11472.0,248,3152,5901,20773.0,6.812986425190963,71.85092670052197
POST04762,2026-08-19 03:00:00,Linkedin,Reel,Product Launch,Event,19,189317,180995,150691,7336.0,407,1501,3386,12630.0,8.381389731304457,79.59718355984936
POST04763,2026-08-19 06:00:00,Facebook,Text,Product Launch,Education,20,258242,203201,177971,2696.0,133,1871,1166,5866.0,3.2960426136842518,68.9163652697857
POST04764,2026-08-19 09:00:00,Instagram,Text,Brand Awareness,Brand,2,463376,231287,172331,3059.0,33,295,3755,7142.0,4.144350116926148,37.19031628742101
POST04765,2026-08-19 12:00:00,Youtube,Video,Event Promotion,Event,3,234218,358248,282091,12112.0,690,2948,5740,21490.0,7.618109049916516,120.43950507646721
POST04766,2026-08-19 15:00:00,Instagram,Reel,Seasonal Campaign,Community,14,201859,179440,109159,7449.0,427,756,1681,10313.0,9.447686402403834,54.07685562694752
POST04767,2026-08-19 18:00:00,Linkedin,Carousel,Community Campaign,Event,10,180024,215645,175421,4607.0,127,996,2826,8556.0,4.877409204143176,97.44311869528507
POST04768,2026-08-19 21:00:00,Instagram,Video,Product Launch,Event,15,84403,163944,103709,9747.0,102,1668,1797,13314.0,12.837844352949118,122.87359454047842
POST04769,2026-08-20 00:00:00,Facebook,Text,Special Campaign,Brand,3,492320,298920,179663,6017.0,226,815,2613,9671.0,5.382855679800516,36.493134546636334
POST04770,2026-08-20 03:00:00,Instagram,Reel,Special Campaign,Education,5,273021,635841,359028,18192.0,1012,1075,7746,28025.0,7.805797876488742,131.5019723757513
POST04771,2026-08-20 06:00:00,Instagram,Video,Brand Awareness,Entertainment,7,241507,191949,137297,8486.0,137,1485,1843,11951.0,8.704487352236393,56.850112005035044
POST04772,2026-08-20 09:00:00,Youtube,Reel,Event Promotion,Event,12,97538,179737,116896,3631.0,143,2221,1757,7752.0,6.631535724062415,119.84662387992373
POST04773,2026-08-20 12:00:00,Instagram,Reel,Brand Awareness,Entertainment,22,420745,612934,548793,50672.0,2360,2160,2090,57282.0,10.437815351143326,130.43363557499197
POST04774,2026-08-20 15:00:00,Facebook,Image,Brand Awareness,Entertainment,19,234677,177410,113088,4846.0,81,582,787,6296.0,5.567345783814375,48.1887871414753
POST04775,2026-08-20 18:00:00,Instagram,Video,Event Promotion,Promotional,3,330622,319047,272239,10029.0,357,2647,6229,19262.0,7.075400658979794,82.34146548021609
POST04776,2026-08-20 21:00:00,Facebook,Image,Event Promotion,Entertainment,4,82525,67839,44824,1198.0,17,516,254,1985.0,4.428431197572729,54.315661920630106
POST04777,2026-08-21 00:00:00,Instagram,Image,Event Promotion,Community,9,89248,56359,45774,1716.0,65,226,1047,3054.0,6.671909817800498,51.28854428110434
POST04778,2026-08-21 03:00:00,Instagram,Text,Special Campaign,Community,4,149210,149944,117097,5821.0,153,568,1989,8531.0,7.285412948239493,78.47798404932645
POST04779,2026-08-21 06:00:00,Instagram,Image,Special Campaign,Promotional,11,478307,383084,286019,11587.0,269,1801,6647,20304.0,7.098829098766165,59.79820491859831
POST04780,2026-08-21 09:00:00,Instagram,Carousel,Brand Awareness,Education,0,321970,496903,345789,20262.0,1066,2518,7232,31078.0,8.98756177900396,107.39789421374661
POST04781,2026-08-21 12:00:00,Instagram,Image,Product Launch,Education,23,471101,563413,442215,24806.0,721,1832,9744,37103.0,8.390262655043362,93.86840613796193
POST04782,2026-08-21 15:00:00,Instagram,Image,Festival Campaign,Community,9,301472,405816,281046,16418.0,738,3516,4085,24757.0,8.808878261921537,93.22457807026855
POST04783,2026-08-21 18:00:00,Youtube,Carousel,Festival Campaign,Promotional,4,103247,149032,110557,5114.0,253,1428,2339,9134.0,8.261801604602152,107.08010886514863
POST04784,2026-08-21 21:00:00,Instagram,Text,Brand Awareness,Education,18,288050,180618,136624,6457.0,122,1504,1794,9877.0,7.229330132333997,47.430654400277724
POST04785,2026-08-22 00:00:00,Youtube,Image,Brand Awareness,Event,18,274590,136105,87593,2245.0,35,537,347,3164.0,3.612160789104152,31.899559343020506
POST04786,2026-08-22 03:00:00,Instagram,Video,Product Launch,Education,19,311251,388035,259559,15818.0,164,806,4498,21286.0,8.200832951275046,83.39218187250805
POST04787,2026-08-22 06:00:00,Linkedin,Reel,Event Promotion,Promotional,11,333556,492272,273859,8669.0,219,1246,5210,15344.0,5.602883235533614,82.1028552926645
POST04788,2026-08-22 09:00:00,Linkedin,Reel,Brand Awareness,Community,22,103349,115855,98274,4426.0,224,849,514,6013.0,6.1186071595742515,95.08945417952762
POST04789,2026-08-22 12:00:00,Youtube,Image,Seasonal Campaign,Event,15,276817,336395,274025,13562.0,659,3414,5740,23375.0,8.530243590913237,98.99139142465961
POST04790,2026-08-22 15:00:00,Instagram,Reel,Special Campaign,Entertainment,4,422369,908992,558335,46762.0,2505,10709,2598,62574.0,11.207250127611559,132.19128297768066
POST04791,2026-08-22 18:00:00,Instagram,Reel,Educational Series,Entertainment,16,328357,720234,487394,16295.0,782,8037,6197,31311.0,6.4241660750850444,148.4341737803671
POST04792,2026-08-22 21:00:00,Linkedin,Image,Event Promotion,Entertainment,13,182751,135399,94423,2755.0,30,433,1296,4514.0,4.780614892557957,51.66756953450323
POST04793,2026-08-23 00:00:00,Instagram,Reel,Seasonal Campaign,Community,11,395776,642688,428693,44313.0,1297,5894,1632,53136.0,12.394883984576376,108.317078347348
POST04794,2026-08-23 03:00:00,Instagram,Reel,Special Campaign,Promotional,12,104388,219994,182459,9549.0,98,2314,811,12772.0,6.999928751116689,174.78924780626127
POST04795,2026-08-23 06:00:00,Instagram,Image,Brand Awareness,Entertainment,20,395102,557917,448507,14952.0,176,5127,5792,26047.0,5.807490184099691,113.51676275999615
POST04796,2026-08-23 09:00:00,Instagram,Image,Educational Series,Education,13,432828,560411,458699,10368.0,351,3561,4517,18797.0,4.0978942618143925,105.97720110528894
POST04797,2026-08-23 12:00:00,Instagram,Text,Seasonal Campaign,Entertainment,4,50907,50602,43843,2028.0,56,201,918,3203.0,7.30561321077481,86.12371579547016
POST04798,2026-08-23 15:00:00,Facebook,Carousel,Community Campaign,Brand,21,115707,122159,92633,4911.0,186,218,1121,6436.0,6.947847959150627,80.05825058120944
POST04799,2026-08-23 18:00:00,Instagram,Image,Product Launch,Community,22,411329,383335,293284,7774.0,103,3255,1560,12692.0,4.327545996372118,71.30156152374376
POST04800,2026-08-23 21:00:00,Facebook,Text,Special Campaign,Brand,4,335695,303844,243888,10604.0,417,1626,1578,14225.0,5.832595289641147,72.65166296787262
POST04801,2026-08-24 00:00:00,Instagram,Video,Educational Series,Entertainment,17,494200,795465,627169,38793.0,514,6731,11173,57211.0,9.122102654946275,126.90590853905302
POST04802,2026-08-24 03:00:00,Instagram,Reel,Brand Awareness,Entertainment,13,155038,174991,149518,10476.0,326,2807,3573,17182.0,11.491592985459945,96.43958255395452
POST04803,2026-08-24 06:00:00,Linkedin,Reel,Festival Campaign,Brand,17,127412,98035,80346,8323.0,229,869,1778,11199.0,13.938466133970579,63.059994349040906
POST04804,2026-08-24 09:00:00,Instagram,Carousel,Seasonal Campaign,Community,19,205505,352568,208776,4760.0,100,1338,1221,7419.0,3.5535693757903206,101.59168876669666
POST04805,2026-08-24 12:00:00,Facebook,Image,Brand Awareness,Community,0,172473,157264,137594,9275.0,237,794,462,10768.0,7.825922641975668,79.77712453543452
POST04806,2026-08-24 15:00:00,Youtube,Video,Festival Campaign,Entertainment,6,172611,204766,161577,13672.0,137,417,578,14804.0,9.162195114403659,93.60759163668597
POST04807,2026-08-24 18:00:00,Instagram,Carousel,Product Launch,Community,16,316162,273716,162724,7675.0,201,613,2474,10963.0,6.737174602394239,51.468550932749665
POST04808,2026-08-24 21:00:00,Linkedin,Carousel,Product Launch,Event,2,341686,318650,261353,19993.0,278,705,3577,24553.0,9.394573622648297,76.48923280438765
POST04809,2026-08-25 00:00:00,Instagram,Text,Event Promotion,Community,9,483440,297740,201106,8885.0,498,778,662,10823.0,5.381738983421678,41.598957471454575
POST04810,2026-08-25 03:00:00,Linkedin,Image,Seasonal Campaign,Brand,6,83534,58350,48552,3205.0,43,124,206,3578.0,7.369418355577525,58.12244116168267
POST04811,2026-08-25 06:00:00,Instagram,Reel,Event Promotion,Promotional,11,237065,435468,385124,27878.0,1607,3156,9626,42267.0,10.974906783269804,162.45502288401914
POST04812,2026-08-25 09:00:00,Linkedin,Video,Festival Campaign,Brand,21,56555,57844,36981,1463.0,50,161,896,2570.0,6.949514615613422,65.3894439041641
POST04813,2026-08-25 12:00:00,Instagram,Reel,Festival Campaign,Education,14,116915,259373,220491,15642.0,557,3993,1276,21468.0,9.736451827965768,188.590856605226
POST04814,2026-08-25 15:00:00,Youtube,Video,Product Launch,Event,22,292614,208467,171098,6312.0,311,2915,1130,10668.0,6.235023203076599,58.472253549044126
POST04815,2026-08-25 18:00:00,Facebook,Text,Educational Series,Promotional,20,320570,168735,132442,2825.0,126,977,3020,6948.0,5.246069977801604,41.31453348722588
POST04816,2026-08-25 21:00:00,Linkedin,Carousel,Festival Campaign,Entertainment,15,225801,105664,72350,4500.0,98,947,1024,6569.0,9.079474775397374,32.041487858778304
POST04817,2026-08-26 00:00:00,Linkedin,Image,Festival Campaign,Education,7,335068,167572,98608,6820.0,76,958,2374,10228.0,10.372383579425605,29.429250182052595
POST04818,2026-08-26 03:00:00,Facebook,Image,Seasonal Campaign,Education,5,251588,127159,91473,4553.0,222,1032,1321,7128.0,7.792463349840936,36.35825238087667
POST04819,2026-08-26 06:00:00,Linkedin,Image,Educational Series,Event,3,387411,343833,201824,12305.0,202,1874,3168,17549.0,8.695199778024417,52.09557808115929
POST04820,2026-08-26 09:00:00,Instagram,Image,Event Promotion,Promotional,10,341098,320265,232208,6290.0,251,1586,1821,9948.0,4.284090126093846,68.07662314056371
POST04821,2026-08-26 12:00:00,Instagram,Carousel,Event Promotion,Education,16,406651,730164,611222,38027.0,2172,8573,13614,62386.0,10.206766117711732,150.30628229120302
POST04822,2026-08-26 15:00:00,Instagram,Video,Festival Campaign,Promotional,1,187831,141561,127287,9772.0,366,1175,2692,14005.0,11.002694697808888,67.76676906367959
POST04823,2026-08-26 18:00:00,Instagram,Carousel,Seasonal Campaign,Promotional,5,488047,708978,439072,10371.0,251,3296,4576,18494.0,4.212065447124845,89.96510581972638
POST04824,2026-08-26 21:00:00,Instagram,Reel,Event Promotion,Community,3,296879,681055,424127,14241.0,269,5578,6986,27074.0,6.38346532996013,142.86190670273072
POST04825,2026-08-27 00:00:00,Youtube,Image,Event Promotion,Education,2,67011,44835,37383,2250.0,25,477,392,3144.0,8.410239948639756,55.78636343286924
POST04826,2026-08-27 03:00:00,Instagram,Video,Community Campaign,Promotional,6,392865,533158,380765,21199.0,872,3540,5028,30639.0,8.046695468333487,96.92006159876803
POST04827,2026-08-27 06:00:00,Facebook,Image,Seasonal Campaign,Event,6,481784,469031,408306,16291.0,617,3481,8892,29281.0,7.171337183386969,84.74876708234396
POST04828,2026-08-27 09:00:00,Instagram,Image,Event Promotion,Education,15,260381,318651,261022,17671.0,584,1973,3168,23396.0,8.963229153098206,100.24617771650006
POST04829,2026-08-27 12:00:00,Instagram,Video,Product Launch,Event,1,407517,625570,505303,48216.0,949,8383,10860,68408.0,13.538015804378759,123.99556337527022
POST04830,2026-08-27 15:00:00,Youtube,Carousel,Brand Awareness,Event,7,318815,304437,178303,12330.0,269,2021,4301,18921.0,10.611711524764026,55.92679139940091
POST04831,2026-08-27 18:00:00,Facebook,Image,Festival Campaign,Promotional,14,405052,402962,226688,13782.0,798,1520,2756,18856.0,8.318040654997176,55.965160028835804
POST04832,2026-08-27 21:00:00,Facebook,Video,Special Campaign,Promotional,15,246505,307025,202902,7912.0,87,2407,4525,14931.0,7.358724901676672,82.31151497941218
POST04833,2026-08-28 00:00:00,Facebook,Reel,Festival Campaign,Community,0,439052,340474,213155,8737.0,246,1116,2064,12163.0,5.706176256714597,48.548919034647376
POST04834,2026-08-28 03:00:00,Instagram,Text,Product Launch,Community,9,384118,506145,404565,23922.0,285,1955,1239,27401.0,6.772953666283539,105.32310383788315
POST04835,2026-08-28 06:00:00,Youtube,Reel,Special Campaign,Education,6,271487,409840,290067,23268.0,455,4363,1409,29495.0,10.16834041790345,106.84378994205983
POST04836,2026-08-28 09:00:00,Instagram,Reel,Brand Awareness,Community,15,368958,590229,432697,34426.0,1950,5237,8314,49927.0,11.538559315178983,117.27540804102364
POST04837,2026-08-28 12:00:00,Instagram,Video,Brand Awareness,Entertainment,9,148338,287992,240418,10723.0,187,1755,1251,13916.0,5.788252127544526,162.07445159028703
POST04838,2026-08-28 15:00:00,Youtube,Reel,Product Launch,Education,11,238510,388960,279069,26552.0,1063,2434,6603,36652.0,13.133669450924323,117.00515701647728
POST04839,2026-08-28 18:00:00,Instagram,Carousel,Educational Series,Event,16,80854,58525,43350,1031.0,28,570,956,2585.0,5.963091118800461,53.6151581863606
POST04840,2026-08-28 21:00:00,Instagram,Video,Educational Series,Community,12,333632,483595,408546,17882.0,744,4427,5853,28906.0,7.0753354579410885,122.45408114329561
POST04841,2026-08-29 00:00:00,Linkedin,Video,Brand Awareness,Community,11,56091,68956,48335,1786.0,93,296,763,2938.0,6.078411089272784,86.1724697366779
POST04842,2026-08-29 03:00:00,Linkedin,Text,Educational Series,Community,14,158192,113896,65956,3099.0,75,289,1205,4668.0,7.077445569773788,41.69363811065035
POST04843,2026-08-29 06:00:00,Instagram,Reel,Educational Series,Promotional,13,27859,63919,46826,3830.0,53,492,894,5269.0,11.252295733139709,168.08212785814277
POST04844,2026-08-29 09:00:00,Instagram,Carousel,Educational Series,Event,18,249475,165001,124208,6792.0,137,1554,1714,10197.0,8.209616127785651,49.78775428399639
POST04845,2026-08-29 12:00:00,Instagram,Reel,Brand Awareness,Community,18,443827,527045,384283,10149.0,324,7476,3802,21751.0,5.660151502928831,86.58396176888743
POST04846,2026-08-29 15:00:00,Instagram,Image,Special Campaign,Brand,13,196549,222707,142603,9295.0,332,566,3283,13476.0,9.450011570584069,72.55340907356435
POST04847,2026-08-29 18:00:00,Linkedin,Video,Educational Series,Brand,17,157858,169651,106590,9891.0,564,1511,428,12394.0,11.627732432685994,67.52271028392606
POST04848,2026-08-29 21:00:00,Instagram,Image,Special Campaign,Event,4,381141,318749,216562,6264.0,67,1953,2346,10630.0,4.908525041327657,56.81939229838826
POST04849,2026-08-30 00:00:00,Facebook,Image,Festival Campaign,Community,19,303329,325990,198260,12585.0,602,1589,3501,18277.0,9.218702713608392,65.36137329434376
POST04850,2026-08-30 03:00:00,Instagram,Image,Community Campaign,Entertainment,5,116726,83750,65585,4627.0,63,859,1482,7031.0,10.720439124799878,56.187139112108696
POST04851,2026-08-30 06:00:00,Linkedin,Carousel,Brand Awareness,Entertainment,17,89245,37546,28727,1195.0,16,186,133,1530.0,5.325999930379085,32.18891814667488
POST04852,2026-08-30 09:00:00,Instagram,Text,Product Launch,Education,13,497906,650838,502016,11710.0,500,1619,8783,22612.0,4.5042389087200405,100.82545701397451
POST04853,2026-08-30 12:00:00,Facebook,Reel,Educational Series,Education,3,135718,141570,89002,9100.0,504,1551,1220,12375.0,13.90418192849599,65.57862626917579
POST04854,2026-08-30 15:00:00,Instagram,Image,Event Promotion,Community,22,83906,132075,84037,1783.0,43,218,1521,3565.0,4.242179040184681,100.15612709460586
POST04855,2026-08-30 18:00:00,Facebook,Video,Brand Awareness,Education,0,368539,309633,255628,11214.0,263,3872,2550,17899.0,7.001971615003051,69.36253693638936
POST04856,2026-08-30 21:00:00,Instagram,Image,Seasonal Campaign,Promotional,12,89745,54612,43227,2510.0,102,375,805,3792.0,8.772295093344438,48.1664716697309
POST04857,2026-08-31 00:00:00,Instagram,Reel,Product Launch,Entertainment,10,108915,216210,185143,13729.0,670,994,1289,16682.0,9.010332553755745,169.9885231602626
POST04858,2026-08-31 03:00:00,Linkedin,Image,Community Campaign,Event,2,493598,474737,328151,18036.0,963,1463,6582,27044.0,8.241327925253923,66.48142820675935
POST04859,2026-08-31 06:00:00,Linkedin,Reel,Festival Campaign,Community,16,431219,444918,329935,26800.0,602,1726,6429,35557.0,10.776971221604255,76.51216667169119
POST04860,2026-08-31 09:00:00,Linkedin,Reel,Special Campaign,Community,17,259464,154849,125206,9956.0,468,1845,2983,15252.0,12.181524847052058,48.25563469305954
POST04861,2026-08-31 12:00:00,Facebook,Video,Special Campaign,Brand,9,111087,138466,123366,6000.0,152,579,840,7571.0,6.137023166836892,111.0534986091982
POST04862,2026-08-31 15:00:00,Facebook,Image,Seasonal Campaign,Entertainment,15,366580,202548,181558,6322.0,235,1774,3428,11759.0,6.476718183720904,49.52752468765345
POST04863,2026-08-31 18:00:00,Instagram,Text,Product Launch,Entertainment,20,360060,437272,393418,13486.0,263,1081,3972,18802.0,4.779140761225974,109.26456701660834
POST04864,2026-08-31 21:00:00,Instagram,Video,Educational Series,Entertainment,12,29707,33111,28531,2343.0,40,425,262,3070.0,10.76022571939294,96.04133705860572
POST04865,2026-09-01 00:00:00,Instagram,Carousel,Event Promotion,Education,19,175451,297935,230565,18470.0,1048,3378,2728,25624.0,11.113568841758289,131.41275911793036
POST04866,2026-09-01 03:00:00,Facebook,Reel,Educational Series,Promotional,11,70277,76215,42104,2589.0,96,507,390,3582.0,8.507505225156754,59.91149309162315
POST04867,2026-09-01 06:00:00,Instagram,Image,Product Launch,Event,3,372748,441410,350850,7940.0,81,4597,2968,15586.0,4.442354282456891,94.12525352248704
POST04868,2026-09-01 09:00:00,Instagram,Reel,Brand Awareness,Education,7,223514,449647,284855,28253.0,1403,2619,5669,37944.0,13.320461287321619,127.44391850174932
POST04869,2026-09-01 12:00:00,Youtube,Text,Seasonal Campaign,Promotional,11,363575,162104,92400,1720.0,76,358,1699,3853.0,4.16991341991342,25.414288661211582
POST04870,2026-09-01 15:00:00,Facebook,Reel,Event Promotion,Entertainment,18,336900,520767,413496,15882.0,417,2314,2235,20848.0,5.0418867413469535,122.73552983081034
POST04871,2026-09-01 18:00:00,Instagram,Reel,Special Campaign,Promotional,14,236028,235152,191555,17944.0,595,2048,2935,23522.0,12.279501970713373,81.15774399647499
POST04872,2026-09-01 21:00:00,Instagram,Image,Seasonal Campaign,Education,15,100748,93402,72928,3484.0,113,242,749,4588.0,6.291136463361123,72.3865486163497
POST04873,2026-09-02 00:00:00,Instagram,Reel,Seasonal Campaign,Entertainment,11,99859,151539,102714,5496.0,130,1787,2502,9915.0,9.653017115485717,102.85903123403999
POST04874,2026-09-02 03:00:00,Instagram,Reel,Event Promotion,Education,19,380614,828545,603886,59549.0,3515,9579,7458,80101.0,13.264258485873162,158.6610056382582
POST04875,2026-09-02 06:00:00,Instagram,Image,Special Campaign,Event,17,343723,193940,170130,11886.0,442,1425,662,14415.0,8.472932463410334,49.49625134192359
POST04876,2026-09-02 09:00:00,Facebook,Reel,Special Campaign,Entertainment,21,401021,496972,400243,20732.0,1137,5920,4121,31910.0,7.972656611108751,99.805995197259
POST04877,2026-09-02 12:00:00,Facebook,Reel,Product Launch,Promotional,11,92884,124162,90221,8457.0,332,310,891,9990.0,11.072810099644206,97.13298307566427
POST04878,2026-09-02 15:00:00,Facebook,Image,Community Campaign,Education,15,217183,143651,108845,5947.0,264,455,340,7006.0,6.436676007166153,50.116721842869836
POST04879,2026-09-02 18:00:00,Instagram,Carousel,Community Campaign,Brand,19,191011,190249,166408,6372.0,73,1760,2284,10489.0,6.3031825393009955,87.11958997125821
POST04880,2026-09-02 21:00:00,Facebook,Image,Educational Series,Promotional,10,274557,220271,151507,10429.0,371,1119,3473,15392.0,10.159266568541387,55.1823482919758
POST04881,2026-09-03 00:00:00,Instagram,Image,Product Launch,Promotional,21,428964,318320,186422,3990.0,183,1654,3849,9676.0,5.190374526611666,43.458658535448194
POST04882,2026-09-03 03:00:00,Youtube,Image,Event Promotion,Entertainment,19,88879,85184,56565,1989.0,32,160,1021,3202.0,5.660744276496066,63.64270525095917
POST04883,2026-09-03 06:00:00,Facebook,Image,Product Launch,Community,13,136506,139873,97256,3831.0,168,917,1026,5942.0,6.109648762030106,71.24668512739368
POST04884,2026-09-03 09:00:00,Instagram,Text,Event Promotion,Promotional,1,62115,75212,48552,2237.0,31,453,393,3114.0,6.413741967375184,78.16469451823231
POST04885,2026-09-03 12:00:00,Instagram,Reel,Seasonal Campaign,Education,12,344167,475243,349370,10130.0,510,4133,3681,18454.0,5.2820791710793715,101.51176609029919
POST04886,2026-09-03 15:00:00,Linkedin,Carousel,Educational Series,Brand,13,107943,101308,66528,5126.0,301,464,379,6270.0,9.424603174603174,61.632528278813815
POST04887,2026-09-03 18:00:00,Instagram,Video,Brand Awareness,Event,5,473200,340717,199698,14269.0,589,1023,1036,16917.0,8.471291650392091,42.201606086221474
POST04888,2026-09-03 21:00:00,Facebook,Video,Seasonal Campaign,Brand,11,324639,368264,226785,9933.0,137,1483,3546,15099.0,6.657847741252729,69.85759566780332
POST04889,2026-09-04 00:00:00,Instagram,Reel,Special Campaign,Education,6,391373,900693,784823,60706.0,2388,8971,16408,88473.0,11.27298766728294,200.53069578126238
POST04890,2026-09-04 03:00:00,Facebook,Reel,Brand Awareness,Entertainment,3,453963,431423,332350,22559.0,1061,2299,1723,27642.0,8.317135549872123,73.21081233492598
POST04891,2026-09-04 06:00:00,Instagram,Carousel,Product Launch,Education,6,487906,673026,444202,18738.0,1061,5649,4608,30056.0,6.766291011746908,91.04253688210434
POST04892,2026-09-04 09:00:00,Instagram,Reel,Event Promotion,Community,12,473594,932583,632684,17861.0,219,3053,3606,24739.0,3.91016684474398,133.59206408864978
POST04893,2026-09-04 12:00:00,Facebook,Video,Brand Awareness,Community,10,172627,206746,149412,9514.0,463,1562,1468,13007.0,8.705458731561052,86.55192988350605
POST04894,2026-09-04 15:00:00,Instagram,Carousel,Seasonal Campaign,Community,7,439839,509030,399891,10468.0,174,3547,8503,22692.0,5.67454631387053,90.9175857529687
POST04895,2026-09-04 18:00:00,Instagram,Carousel,Event Promotion,Promotional,18,188381,154895,116754,8411.0,416,466,439,9732.0,8.33547458759443,61.97758797330941
POST04896,2026-09-04 21:00:00,Instagram,Reel,Educational Series,Entertainment,1,272140,409128,358577,11798.0,642,6961,6181,25582.0,7.13431145890562,131.76196075549348
POST04897,2026-09-05 00:00:00,Instagram,Carousel,Seasonal Campaign,Community,20,236852,237190,182401,8757.0,464,2432,787,12440.0,6.820138047488775,77.01053822640299
POST04898,2026-09-05 03:00:00,Instagram,Carousel,Special Campaign,Event,17,463882,699005,607279,29378.0,1252,4479,7520,42629.0,7.019673000383679,130.91238720191774
POST04899,2026-09-05 06:00:00,Instagram,Video,Product Launch,Event,20,244535,331676,183052,11723.0,410,2395,2458,16986.0,9.27933046347486,74.85717790909277
POST04900,2026-09-05 09:00:00,Linkedin,Reel,Event Promotion,Education,9,414283,581601,501163,14574.0,783,7372,5930,28659.0,5.7184987718566616,120.97117188009163
POST04901,2026-09-05 12:00:00,Instagram,Reel,Product Launch,Community,5,37265,40305,32345,1355.0,48,440,550,2393.0,7.398361415983922,86.79726284717563
POST04902,2026-09-05 15:00:00,Youtube,Image,Event Promotion,Promotional,23,92445,83990,51256,1474.0,28,351,1251,3104.0,6.055876385203683,55.44485910541403
POST04903,2026-09-05 18:00:00,Instagram,Reel,Seasonal Campaign,Event,21,172488,284554,182701,13285.0,759,3207,1622,18873.0,10.329992720346358,105.92099160521312
POST04904,2026-09-05 21:00:00,Instagram,Image,Community Campaign,Brand,3,361916,244689,181065,5836.0,167,1960,2972,10935.0,6.03926766630768,50.02956487140663
POST04905,2026-09-06 00:00:00,Linkedin,Text,Community Campaign,Entertainment,18,379045,247420,146900,2924.5,130,996,1587,5637.5,3.8376446562287265,38.755292907174606
POST04906,2026-09-06 03:00:00,Instagram,Image,Event Promotion,Brand,13,203863,174138,143642,2727.0,54,262,3589,6632.0,4.617034015120926,70.4600638664201
POST04907,2026-09-06 06:00:00,Linkedin,Video,Educational Series,Event,13,177197,124100,102619,8673.0,134,603,2454,11864.0,11.561211861351211,57.912380006433516
POST04908,2026-09-06 09:00:00,Instagram,Reel,Product Launch,Event,17,227537,227851,149318,15197.0,570,1672,754,18193.0,12.184063542238711,65.62361286296294
POST04909,2026-09-06 12:00:00,Facebook,Reel,Special Campaign,Education,16,335853,333959,191838,15510.0,585,3413,4684,24192.0,12.610640227692116,57.11963269644755
POST04910,2026-09-06 15:00:00,Youtube,Reel,Festival Campaign,Education,17,323204,660449,591826,34439.0,981,7826,11387,54633.0,9.2312605394153,183.11221395774803
POST04911,2026-09-06 18:00:00,Linkedin,Reel,Event Promotion,Community,17,51411,28391,18106,643.0,16,174,449,1282.0,7.080525792554954,35.218143976969905
POST04912,2026-09-06 21:00:00,Youtube,Text,Event Promotion,Entertainment,4,494071,551150,316164,11501.0,330,621,6310,18762.0,5.934261965309143,63.99161254151732
POST04913,2026-09-07 00:00:00,Youtube,Reel,Community Campaign,Community,8,72684,93270,62070,3827.0,190,787,362,5166.0,8.322861285645239,85.39706125144461
POST04914,2026-09-07 03:00:00,Instagram,Carousel,Brand Awareness,Education,0,186656,249674,221997,10534.0,293,1529,4331,16687.0,7.516768244615918,118.93376050060003
POST04915,2026-09-07 06:00:00,Instagram,Image,Seasonal Campaign,Promotional,3,354091,387317,320514,12316.0,690,2592,6085,21683.0,6.765071104538335,90.51740936651878
POST04916,2026-09-07 09:00:00,Linkedin,Text,Community Campaign,Entertainment,6,182674,156267,112217,4191.0,65,1006,748,6010.0,5.355694769954641,61.4301980577422
POST04917,2026-09-07 12:00:00,Instagram,Reel,Product Launch,Promotional,10,396169,784969,515619,16349.0,925,8344,10090,35708.0,6.925268463730003,130.15127382505952
POST04918,2026-09-07 15:00:00,Instagram,Reel,Community Campaign,Community,13,92740,214815,149974,4347.0,193,2580,2676,9796.0,6.531798845133157,161.7144705628639
POST04919,2026-09-07 18:00:00,Facebook,Reel,Festival Campaign,Education,9,38899,58911,32759,1015.0,27,437,814,2293.0,6.999603162489699,84.21553253296999
POST04920,2026-09-07 21:00:00,Instagram,Image,Educational Series,Entertainment,18,241125,207261,166105,4783.0,49,2058,2759,9649.0,5.808976249962374,68.88750648004147
POST04921,2026-09-08 00:00:00,Linkedin,Reel,Seasonal Campaign,Community,7,220660,335711,196349,9363.0,469,2802,2380,15014.0,7.646588472566705,88.98259766156077
POST04922,2026-09-08 03:00:00,Facebook,Video,Festival Campaign,Event,2,462626,741242,542339,19633.0,1147,7933,13008,41721.0,7.692789933971188,117.23054908284445
POST04923,2026-09-08 06:00:00,Youtube,Carousel,Educational Series,Community,7,77852,56028,41911,1545.0,91,480,704,2820.0,6.72854381904512,53.834198222267894
POST04924,2026-09-08 09:00:00,Linkedin,Carousel,Festival Campaign,Brand,17,451770,531677,292736,9574.0,298,4098,3123,17093.0,5.839049519020551,64.79757398676318
POST04925,2026-09-08 12:00:00,Instagram,Image,Special Campaign,Event,4,163085,205053,183103,4786.0,64,807,634,6291.0,3.435771123356799,112.27458074010485
POST04926,2026-09-08 15:00:00,Instagram,Reel,Seasonal Campaign,Promotional,19,458580,1017272,667074,32588.0,837,10301,13105,56831.0,8.519444619337586,145.4651314928693
POST04927,2026-09-08 18:00:00,Youtube,Image,Community Campaign,Event,10,150320,210685,121571,4797.0,122,385,684,5988.0,4.9255167762048515,80.87480042575838
POST04928,2026-09-08 21:00:00,Instagram,Text,Festival Campaign,Community,8,385168,482321,409507,19857.0,300,981,9550,30688.0,7.493888993350541,106.31906077348066
POST04929,2026-09-09 00:00:00,Facebook,Video,Community Campaign,Event,18,460429,688846,415500,38558.0,1397,4183,10034,54172.0,13.037785800240673,90.24192655110778
POST04930,2026-09-09 03:00:00,Linkedin,Video,Seasonal Campaign,Brand,11,449710,266651,148987,13433.0,540,1055,1221,16249.0,10.906320685697409,33.12957239109649
POST04931,2026-09-09 06:00:00,Youtube,Video,Community Campaign,Community,4,20678,17564,12701,740.0,34,142,69,985.0,7.755294858672546,61.422768159396455
POST04932,2026-09-09 09:00:00,Instagram,Reel,Product Launch,Brand,15,181424,174844,104114,6453.0,80,1463,1675,9671.0,9.288856445819006,57.38711526589646
POST04933,2026-09-09 12:00:00,Linkedin,Reel,Community Campaign,Event,12,327941,201575,180177,6451.0,153,1158,1387,9149.0,5.077784622898594,54.94189503599733
POST04934,2026-09-09 15:00:00,Youtube,Reel,Brand Awareness,Brand,5,160170,195439,108203,11014.0,305,1561,1614,14494.0,13.395192369897321,67.55509770868451
POST04935,2026-09-09 18:00:00,Youtube,Reel,Festival Campaign,Event,15,159531,270095,153392,13082.0,714,2979,1857,18632.0,12.146656931261083,96.15184509593747
POST04936,2026-09-09 21:00:00,Instagram,Reel,Seasonal Campaign,Entertainment,17,321038,428046,360264,33184.0,1827,5563,7358,47932.0,13.304687673483889,112.21849126894637
POST04937,2026-09-10 00:00:00,Linkedin,Image,Event Promotion,Event,16,380346,334178,211839,6491.0,149,812,5295,12747.0,6.017305595286987,55.696392232335825
POST04938,2026-09-10 03:00:00,Youtube,Carousel,Event Promotion,Education,11,360907,550356,478291,22129.0,760,5141,6241,34271.0,7.16530313135727,132.52472243541968
POST04939,2026-09-10 06:00:00,Facebook,Video,Event Promotion,Brand,0,90442,113912,75056,2356.0,73,191,1356,3976.0,5.297377957791516,82.9879923044603
POST04940,2026-09-10 09:00:00,Facebook,Carousel,Seasonal Campaign,Brand,6,27898,25443,14615,1173.0,42,124,153,1492.0,10.208689702360589,52.38726790450928
POST04941,2026-09-10 12:00:00,Instagram,Text,Brand Awareness,Promotional,13,332496,238055,131812,3672.0,89,883,2896,7540.0,5.720268260856371,39.64318367739762
POST04942,2026-09-10 15:00:00,Youtube,Reel,Community Campaign,Promotional,17,329351,294076,190825,13832.0,458,3632,727,18649.0,9.7728285077951,57.93970566356258
POST04943,2026-09-10 18:00:00,Facebook,Reel,Festival Campaign,Education,22,447100,519786,372065,14091.0,243,5602,5155,25091.0,6.743714135970865,83.2174010288526
POST04944,2026-09-10 21:00:00,Instagram,Carousel,Educational Series,Brand,0,354024,544026,299407,21430.0,974,3513,2062,27979.0,9.344804897681083,84.57251485774975
POST04945,2026-09-11 00:00:00,Facebook,Reel,Educational Series,Brand,19,402762,493965,372147,15084.0,429,4316,2564,22393.0,6.017245873270509,92.39873672292818
POST04946,2026-09-11 03:00:00,Linkedin,Reel,Seasonal Campaign,Promotional,9,389538,494846,329954,29409.0,1091,3719,4858,39077.0,11.843166017081169,84.70393132377329
POST04947,2026-09-11 06:00:00,Facebook,Reel,Product Launch,Promotional,14,178438,174370,119714,6864.0,276,2318,1169,10627.0,8.87699015988105,67.08996962530402
POST04948,2026-09-11 09:00:00,Facebook,Reel,Brand Awareness,Event,10,262588,174135,111706,7938.0,411,330,1463,10142.0,9.079190016650852,42.54040550215547
POST04949,2026-09-11 12:00:00,Facebook,Image,Festival Campaign,Community,3,394526,406199,298623,9724.0,136,1596,2903,14359.0,4.808403907267692,75.69158940095203
POST04950,2026-09-11 15:00:00,Facebook,Image,Community Campaign,Brand,14,161908,94388,59515,3908.0,133,200,774,5015.0,8.426447114172896,36.75852953529164
POST04951,2026-09-11 18:00:00,Instagram,Image,Event Promotion,Brand,20,37442,45139,26956,1591.0,87,147,250,2075.0,7.697729633476777,71.99401741359969
POST04952,2026-09-11 21:00:00,Instagram,Carousel,Brand Awareness,Event,15,338580,556425,479486,20770.0,550,4041,9914,35275.0,7.3568362788486,141.6167523185067
POST04953,2026-09-12 00:00:00,Youtube,Image,Brand Awareness,Brand,14,266447,168586,115767,5743.0,185,671,1768,8367.0,7.227448236544093,43.44841563237717
POST04954,2026-09-12 03:00:00,Facebook,Reel,Festival Campaign,Education,16,148934,191415,110432,3982.0,56,2083,723,6844.0,6.197478991596639,74.14828044637221
POST04955,2026-09-12 06:00:00,Youtube,Reel,Seasonal Campaign,Promotional,22,454136,772396,487082,18760.0,891,6868,1551,28070.0,5.762890026730612,107.25465499321788
POST04956,2026-09-12 09:00:00,Facebook,Reel,Community Campaign,Promotional,10,141751,206735,136130,9206.0,131,2028,460,11825.0,8.686549621685154,96.03459587586684
POST04957,2026-09-12 12:00:00,Instagram,Carousel,Special Campaign,Community,17,32686,26673,21855,1340.0,55,267,268,1930.0,8.83093113703958,66.86348895551613
POST04958,2026-09-12 15:00:00,Facebook,Video,Special Campaign,Promotional,15,63604,91025,50772,3256.0,93,834,503,4686.0,9.229496572914204,79.82516822841332
POST04959,2026-09-12 18:00:00,Instagram,Carousel,Seasonal Campaign,Entertainment,14,423572,317097,227481,12794.0,344,2862,1994,17994.0,7.910111174120036,53.70539129120905
POST04960,2026-09-12 21:00:00,Facebook,Reel,Seasonal Campaign,Education,10,278409,332117,230054,19301.0,758,661,3842,24562.0,10.676623749206708,82.6316677980956
POST04961,2026-09-13 00:00:00,Youtube,Image,Product Launch,Education,12,61163,57124,50779,3388.0,130,246,1060,4824.0,9.499990153409874,83.02241551264653
POST04962,2026-09-13 03:00:00,Instagram,Image,Seasonal Campaign,Event,17,441009,343769,210739,8204.0,248,2818,926,12196.0,5.787253427225146,47.78564609792544
POST04963,2026-09-13 06:00:00,Instagram,Image,Community Campaign,Entertainment,7,22491,19479,14994,704.0,16,141,81,942.0,6.282513005202081,66.66666666666666
POST04964,2026-09-13 09:00:00,Facebook,Image,Product Launch,Brand,8,368886,198531,123241,8161.0,288,320,1369,10138.0,8.226158502446426,33.4089664557614
POST04965,2026-09-13 12:00:00,Youtube,Image,Special Campaign,Community,21,79382,72751,53977,2324.0,54,391,686,3455.0,6.400874446523519,67.99652314126628
POST04966,2026-09-13 15:00:00,Instagram,Image,Product Launch,Education,10,361608,209136,155654,6543.0,99,2066,1820,10528.0,6.763719531782029,43.0449547576381
POST04967,2026-09-13 18:00:00,Linkedin,Carousel,Event Promotion,Entertainment,16,321916,375575,216470,14999.0,749,3388,3690,22826.0,10.54464821915277,67.24425005280881
POST04968,2026-09-13 21:00:00,Facebook,Reel,Event Promotion,Entertainment,0,97096,75373,53496,5051.0,227,530,263,6071.0,11.348512038283236,55.095987476312104
POST04969,2026-09-14 00:00:00,Linkedin,Carousel,Special Campaign,Education,10,27011,31447,22371,1509.0,21,319,310,2159.0,9.650887309463144,82.82181333530784
POST04970,2026-09-14 03:00:00,Youtube,Reel,Festival Campaign,Event,6,457734,892542,590593,19967.0,362,7444,12318,40091.0,6.788261967209229,129.02537281477888
POST04971,2026-09-14 06:00:00,Youtube,Reel,Special Campaign,Entertainment,7,441849,601311,389051,24219.0,363,4361,9113,38056.0,9.781750978663466,88.05066889367183
POST04972,2026-09-14 09:00:00,Linkedin,Text,Community Campaign,Promotional,18,155934,93347,58668,1439.0,71,323,899,2732.0,4.656712347446649,37.62360998884143
POST04973,2026-09-14 12:00:00,Youtube,Text,Seasonal Campaign,Entertainment,3,320262,211878,116973,3425.0,166,1192,707,5490.0,4.693390782488267,36.52415834535474
POST04974,2026-09-14 15:00:00,Facebook,Reel,Product Launch,Brand,3,275178,481931,265368,16602.0,504,3475,5043,25624.0,9.656024840975551,96.43503477748948
POST04975,2026-09-14 18:00:00,Instagram,Image,Festival Campaign,Education,18,345993,437485,330924,9915.0,506,1888,6790,19099.0,5.7714157933543655,95.6447095750492
POST04976,2026-09-14 21:00:00,Youtube,Reel,Product Launch,Brand,23,491434,1020259,665221,44066.0,2586,7259,4868,58779.0,8.836010889614128,135.36324308045437
POST04977,2026-09-15 00:00:00,Instagram,Image,Brand Awareness,Event,8,196375,194014,118108,6228.0,364,826,2114,9532.0,8.07057946963796,60.144112030553785
POST04978,2026-09-15 03:00:00,Instagram,Video,Educational Series,Community,16,424919,846244,668242,58132.0,3432,6306,15684,83554.0,12.503554101657782,157.26338431559896
POST04979,2026-09-15 06:00:00,Instagram,Text,Educational Series,Promotional,17,143793,122714,90209,2211.0,115,409,1697,4432.0,4.9130352847276875,62.7353209127009
POST04980,2026-09-15 09:00:00,Instagram,Carousel,Product Launch,Education,0,390059,671761,584590,23714.0,494,6278,7098,37584.0,6.429121264475958,149.87219882120397
POST04981,2026-09-15 12:00:00,Linkedin,Image,Festival Campaign,Entertainment,13,35096,15942,13404,534.0,6,32,170,742.0,5.535660996717398,38.192386596763164
POST04982,2026-09-15 15:00:00,Instagram,Carousel,Special Campaign,Promotional,3,342191,490166,394267,13857.0,700,5597,1872,22026.0,5.586569507465753,115.2184014190905
POST04983,2026-09-15 18:00:00,Facebook,Reel,Event Promotion,Entertainment,9,230714,318173,189091,9813.0,249,1819,2755,14636.0,7.740188586447795,81.9590488656952
POST04984,2026-09-15 21:00:00,Facebook,Text,Community Campaign,Event,22,348035,271611,212707,11645.0,313,1979,4394,18331.0,8.617958036171823,61.1165543695318
POST04985,2026-09-16 00:00:00,Youtube,Video,Product Launch,Community,13,138160,172710,136937,4653.0,63,1887,3358,9961.0,7.274147965852911,99.11479444122756
POST04986,2026-09-16 03:00:00,Instagram,Image,Product Launch,Education,6,28432,36353,29706,1246.0,56,217,350,1869.0,6.291658250858411,104.48086662915026
POST04987,2026-09-16 06:00:00,Facebook,Reel,Community Campaign,Event,11,428916,371086,238273,11974.0,377,1419,2997,16767.0,7.036886260717748,55.552369228473644
POST04988,2026-09-16 09:00:00,Facebook,Reel,Special Campaign,Event,21,144790,185641,143705,4601.0,93,1739,604,7037.0,4.896837270797815,99.2506388562746
POST04989,2026-09-16 12:00:00,Facebook,Reel,Seasonal Campaign,Community,15,339006,418148,320467,10734.0,457,5967,6426,23584.0,7.359260079821012,94.53136522657417
POST04990,2026-09-16 15:00:00,Facebook,Video,Event Promotion,Event,4,438412,387471,265362,21364.0,1260,1405,4979,29008.0,10.93148227704042,60.52799649644627
POST04991,2026-09-16 18:00:00,Linkedin,Image,Product Launch,Event,10,117186,107902,84403,5403.0,188,404,1001,6996.0,8.288804900299752,72.02481525096854
POST04992,2026-09-16 21:00:00,Youtube,Reel,Brand Awareness,Entertainment,3,328762,273085,158483,13285.0,535,3071,2948,19839.0,12.518061874144228,48.20599704345393
POST04993,2026-09-17 00:00:00,Instagram,Image,Event Promotion,Brand,12,102774,74527,57775,2722.0,49,707,965,4443.0,7.690177412375595,56.21557981590675
POST04994,2026-09-17 03:00:00,Facebook,Video,Brand Awareness,Entertainment,7,392383,411547,313642,24975.0,450,3441,6247,35113.0,11.195248085396727,79.9326168564897
POST04995,2026-09-17 06:00:00,Instagram,Reel,Educational Series,Community,6,280624,609265,380009,14386.0,473,5449,3766,24074.0,6.335113115741995,135.41571640344375
POST04996,2026-09-17 09:00:00,Linkedin,Video,Community Campaign,Promotional,10,79658,82219,68765,5513.0,287,640,1190,7630.0,11.095760924889115,86.32529061738934
POST04997,2026-09-17 12:00:00,Instagram,Video,Event Promotion,Community,10,113312,218984,187460,10214.0,566,1631,3142,15553.0,8.296703296703296,165.4370234397063
POST04998,2026-09-17 15:00:00,Instagram,Text,Seasonal Campaign,Community,16,403195,369251,230290,11229.0,472,1340,1149,14190.0,6.161795996352425,57.116283684073466
POST04999,2026-09-17 18:00:00,Facebook,Image,Event Promotion,Community,21,148081,154184,88900,2693.0,75,591,816,4175.0,4.696287964004499,60.034710732639574
POST05000,2026-09-17 21:00:00,Youtube,Reel,Festival Campaign,Community,13,419920,495879,377488,34328.0,1630,5291,8276,49525.0,13.119622345610987,89.89521813678796
