post_id,post_date,platform,content_type,campaign,category,posting_hour,followers,impressions,reach,likes,comments,shares,saves,total_engagement,engagement_rate,reach_rate
POST00001,2025-01-01 00:00:00,Instagram,Image,Seasonal Campaign,Promotional,11,179009,303095,272683,15164,865,3260,4485,23774,8.718548644396606,152.32921249769564
POST00002,2025-01-01 03:00:00,Linkedin,Image,Special Campaign,Community,21,40563,44467,37499,2250,48,320,438,3056,8.149550654684125,92.44631807312082
POST00003,2025-01-01 06:00:00,Facebook,Video,Event Promotion,Event,11,488084,883356,497420,23886,945,4756,5156,34743,6.984640746250653,101.91278550413455
POST00004,2025-01-01 09:00:00,Youtube,Reel,Product Launch,Brand,7,319719,718956,444832,31144,787,6710,10142,48783,10.966612114236387,139.13217544155964
POST00005,2025-01-01 12:00:00,Instagram,Video,Educational Series,Entertainment,9,279605,682294,420612,14336,850,7064,4299,26549,6.311993000675206,150.43078628779887
POST00006,2025-01-01 15:00:00,Instagram,Reel,Special Campaign,Community,15,27386,27924,20120,2145,86,334,307,2872,14.274353876739562,73.46819542832104
POST00007,2025-01-01 18:00:00,Instagram,Video,Community Campaign,Community,19,120244,340434,282245,28808,855,754,6253,36670,12.992258498821945,234.7268886597252
POST00008,2025-01-01 21:00:00,Linkedin,Video,Festival Campaign,Promotional,7,79150,106997,73658,1986,86,1310,356,3738,5.074805180699992,93.0612760581175
POST00009,2025-01-02 00:00:00,Facebook,Reel,Festival Campaign,Brand,8,180644,279488,242764,16908,947,2751,5708,26314,10.83933367385609,134.3880782090742
POST00010,2025-01-02 03:00:00,Facebook,Image,Festival Campaign,Community,12,408197,261724,205490,15462,803,905,3700,20870,10.156211981118304,50.34088932549725
POST00011,2025-01-02 06:00:00,Instagram,Reel,Seasonal Campaign,Brand,19,186343,256000,220583,12848,524,2176,3528,19076,8.647991912341386,118.37471759067955
POST00012,2025-01-02 09:00:00,Linkedin,Carousel,Community Campaign,Community,16,200882,254047,175989,9442,380,1682,1369,12873,7.314661711811533,87.60814806702443
POST00013,2025-01-02 12:00:00,Facebook,Image,Brand Awareness,Promotional,18,477476,347632,250478,17806,813,1681,1052,21352,8.524501153793947,52.458762325226814
POST00014,2025-01-02 15:00:00,Instagram,Carousel,Community Campaign,Entertainment,16,96566,92313,55164,1582,57,455,286,2380,4.31440794721195,57.12569641488723
POST00015,2025-01-02 18:00:00,Instagram,Reel,Brand Awareness,Promotional,6,164210,208756,138885,9633,298,705,975,11611,8.360154084314361,84.57767492844528
POST00016,2025-01-02 21:00:00,Instagram,Reel,Festival Campaign,Community,0,149549,307143,248573,25626,453,3348,876,30303,12.190785000784478,166.21508669399327
POST00017,2025-01-03 00:00:00,Instagram,Reel,Event Promotion,Brand,19,198441,398901,341335,25055,1255,5485,5748,37543,10.998872075819941,172.00830473541254
POST00018,2025-01-03 03:00:00,Youtube,Reel,Event Promotion,Education,13,166718,382229,302439,16370,794,1575,6629,25368,8.387807128048962,181.4075264818436
POST00019,2025-01-03 06:00:00,Youtube,Image,Special Campaign,Promotional,16,48812,42672,28379,1779,79,166,445,2469,8.700095140773106,58.13939195279849
POST00020,2025-01-03 09:00:00,Instagram,Video,Brand Awareness,Brand,12,108958,123110,83959,5624,281,726,1848,8479,10.098976881573149,77.05629692174966
POST00021,2025-01-03 12:00:00,Facebook,Carousel,Festival Campaign,Promotional,1,358325,305188,169059,12178,576,1066,1916,15736,9.307993067508976,47.18035303146585
POST00022,2025-01-03 15:00:00,Instagram,Image,Community Campaign,Community,13,296772,437868,256223,8078,431,1136,6008,15653,6.109131498733525,86.33664901001443
POST00023,2025-01-03 18:00:00,Instagram,Text,Event Promotion,Brand,0,44486,29446,16753,698,24,179,380,1281,7.64639169104041,37.659038798723195
POST00024,2025-01-03 21:00:00,Instagram,Carousel,Brand Awareness,Entertainment,4,406078,389590,267803,11422,590,1061,4047,17120,6.392758856323491,65.9486601096341
POST00025,2025-01-04 00:00:00,Youtube,Text,Special Campaign,Brand,6,281290,167968,109097,2376,53,871,1453,4753,4.356673419067436,38.784528422624334
POST00026,2025-01-04 03:00:00,Facebook,Image,Community Campaign,Event,18,321410,279647,250714,9754,481,1258,4911,16404,6.542913439217594,78.00441803304192
POST00027,2025-01-04 06:00:00,Instagram,Reel,Festival Campaign,Education,13,370412,799827,564411,54396,1711,9120,11509,76736,13.595766205832275,152.37384318002657
POST00028,2025-01-04 09:00:00,Youtube,Reel,Product Launch,Community,23,66557,96567,83059,4611,186,1073,1530,7400,8.909329512755992,124.79378577760416
POST00029,2025-01-04 12:00:00,Youtube,Carousel,Festival Campaign,Brand,13,236033,196300,149245,4763,228,1732,1056,7779,5.212234915742571,63.23056521757551
POST00030,2025-01-04 15:00:00,Instagram,Reel,Seasonal Campaign,Community,14,228803,286934,191205,21192,949,1834,3413,27388,14.323893203629613,83.56752315310551
POST00031,2025-01-04 18:00:00,Facebook,Reel,Festival Campaign,Promotional,4,235330,217528,176514,16555,948,2203,2637,22343,12.65791948513999,75.0070114307568
POST00032,2025-01-04 21:00:00,Instagram,Image,Special Campaign,Promotional,4,36494,49519,40389,1144,67,385,472,2068,5.120205996682265,110.67298734038471
POST00033,2025-01-05 00:00:00,Instagram,Image,Community Campaign,Brand,20,434787,520085,359647,9508,175,1209,7047,17939,4.987946514220889,82.71797454845706
POST00034,2025-01-05 03:00:00,Linkedin,Carousel,Special Campaign,Event,23,316630,165336,146866,9471,423,2005,3278,15177,10.33390982255934,46.384107633515455
POST00035,2025-01-05 06:00:00,Linkedin,Reel,Community Campaign,Brand,1,239508,180070,159091,13681,308,2045,847,16881,10.610908222338159,66.42408604305493
POST00036,2025-01-05 09:00:00,Facebook,Image,Educational Series,Entertainment,17,81635,79296,67604,5795,203,795,401,7194,10.641382166735697,82.81251914007473
POST00037,2025-01-05 12:00:00,Instagram,Carousel,Educational Series,Event,23,151197,195942,143366,11114,389,1929,1029,14461,10.086770921975923,94.82066443117257
POST00038,2025-01-05 15:00:00,Instagram,Text,Community Campaign,Community,8,68814,49226,37765,964,45,305,789,2103,5.568648219250629,54.879820966663765
POST00039,2025-01-05 18:00:00,Facebook,Carousel,Community Campaign,Brand,9,143141,173807,102442,3446,69,1429,905,5849,5.709572245758576,71.56719598158459
POST00040,2025-01-05 21:00:00,Youtube,Text,Product Launch,Community,17,432534,470586,384479,8914,341,1592,9206,20053,5.215629462207299,88.88989073691317
POST00041,2025-01-06 00:00:00,Instagram,Video,Product Launch,Education,3,82363,68161,47214,1504,69,234,337,2144,4.541025966874232,57.324283962458864
POST00042,2025-01-06 03:00:00,Youtube,Image,Festival Campaign,Event,7,63162,47138,38090,2539,28,77,124,2768,7.2669992123917035,60.305246825623
POST00043,2025-01-06 06:00:00,Instagram,Reel,Special Campaign,Brand,17,267364,440261,299019,25350,1145,5441,1159,33095,11.067858564171509,111.83966427791326
POST00044,2025-01-06 09:00:00,Linkedin,Carousel,Seasonal Campaign,Education,19,147083,176366,109211,6783,282,933,1092,9090,8.323337392753476,74.25127309070389
POST00045,2025-01-06 12:00:00,Instagram,Carousel,Special Campaign,Brand,16,27590,51226,34477,1847,41,91,742,2721,7.892218000406068,124.96194273287422
POST00046,2025-01-06 15:00:00,Facebook,Carousel,Event Promotion,Entertainment,15,316994,328092,251505,13350,696,1436,2668,18150,7.216556330888054,79.34061843441832
POST00047,2025-01-06 18:00:00,Instagram,Image,Special Campaign,Promotional,17,425350,615020,412351,10872,534,1298,6130,18834,4.567468006625424,96.94392852944634
POST00048,2025-01-06 21:00:00,Youtube,Image,Seasonal Campaign,Community,6,412235,264129,174897,4749,66,1548,583,6946,3.9714803570101256,42.42652855774012
POST00049,2025-01-07 00:00:00,Youtube,Reel,Product Launch,Brand,0,307374,549715,492206,41070,2031,8300,1817,53218,10.812139632592856,160.1326071821299
POST00050,2025-01-07 03:00:00,Instagram,Image,Festival Campaign,Event,0,297202,345062,297348,18919,928,1561,3094,24502,8.240176493536193,100.04912483765251
POST00051,2025-01-07 06:00:00,Linkedin,Reel,Seasonal Campaign,Brand,17,99837,113944,63723,3705,139,795,1013,5652,8.869638905889552,63.82703807205745
POST00052,2025-01-07 09:00:00,Facebook,Video,Special Campaign,Brand,3,123397,71918,44821,3509,202,546,823,5080,11.33397291448205,36.32260103568158
POST00053,2025-01-07 12:00:00,Linkedin,Reel,Brand Awareness,Brand,22,309183,156152,129243,8891,203,2268,2135,13497,10.443118776258675,41.80145738931312
POST00054,2025-01-07 15:00:00,Linkedin,Reel,Educational Series,Brand,19,272903,388733,344843,20184,648,3880,1327,26039,7.550972471530523,126.36101471951574
POST00055,2025-01-07 18:00:00,Youtube,Image,Seasonal Campaign,Event,20,216892,188886,159283,10711,180,1420,2332,14643,9.193071451441774,73.43885436069564
POST00056,2025-01-07 21:00:00,Linkedin,Carousel,Event Promotion,Event,19,320478,245070,175010,5019,184,1714,3822,10739,6.136220787383579,54.60905272748832
POST00057,2025-01-08 00:00:00,Instagram,Image,Festival Campaign,Brand,3,63525,40681,32952,1558,66,171,746,2541,7.711216314639476,51.87249114521841
POST00058,2025-01-08 03:00:00,Instagram,Reel,Seasonal Campaign,Promotional,5,146681,116328,66579,5115,103,1176,1533,7927,11.906156595923639,45.39033685344387
POST00059,2025-01-08 06:00:00,Instagram,Image,Community Campaign,Brand,2,104194,99728,84905,5758,256,793,406,7213,8.495377186267005,81.4874177015951
POST00060,2025-01-08 09:00:00,Instagram,Reel,Special Campaign,Community,5,179515,234239,150568,10728,501,2054,677,13960,9.271558365655384,83.87488510709412
POST00061,2025-01-08 12:00:00,Instagram,Text,Brand Awareness,Community,12,286116,230099,191219,6306,226,491,3947,10970,5.736877611534419,66.83268324735423
POST00062,2025-01-08 15:00:00,Instagram,Text,Educational Series,Event,22,84936,67634,47094,1064,60,302,972,2398,5.091943772030407,55.44645380050862
POST00063,2025-01-08 18:00:00,Facebook,Image,Brand Awareness,Community,6,373847,395630,355132,7702,148,2172,4336,14358,4.0430037281912075,94.99394137173763
POST00064,2025-01-08 21:00:00,Instagram,Reel,Festival Campaign,Community,23,492431,1225411,924012,27649,1482,5963,13998,49092,5.312918014051766,187.6429388076705
POST00065,2025-01-09 00:00:00,Instagram,Carousel,Special Campaign,Entertainment,3,129877,162887,117004,11116,137,900,1942,14095,12.046596697548802,90.08831432817203
POST00066,2025-01-09 03:00:00,Youtube,Reel,Product Launch,Brand,0,311663,427885,337257,25060,1413,1418,5464,33355,9.89008382331575,108.21207522227535
POST00067,2025-01-09 06:00:00,Instagram,Image,Educational Series,Brand,5,384561,224069,155806,4273,42,954,2606,7875,5.054362476412975,40.515288861845065
POST00068,2025-01-09 09:00:00,Facebook,Reel,Special Campaign,Brand,23,493130,589487,470429,47444,1707,4802,2415,56368,11.982254495364868,95.39654857745423
POST00069,2025-01-09 12:00:00,Instagram,Text,Brand Awareness,Brand,4,358008,301614,245236,12770,620,2108,1848,17346,7.073186644701431,68.50014524815087
POST00070,2025-01-09 15:00:00,Linkedin,Reel,Product Launch,Education,12,75881,96396,72174,4680,235,252,1527,6694,9.27480810264084,95.11471909964287
POST00071,2025-01-09 18:00:00,Facebook,Image,Event Promotion,Brand,18,306876,263168,224471,10828,438,1783,2544,15593,6.946554343322746,73.14713434742372
POST00072,2025-01-09 21:00:00,Instagram,Carousel,Festival Campaign,Event,3,168745,218269,149168,12703,182,444,3611,16940,11.35632307197254,88.39847106580936
POST00073,2025-01-10 00:00:00,Instagram,Image,Festival Campaign,Event,23,95909,170600,103289,4344,142,812,807,6105,5.910600354345574,107.69479402350144
POST00074,2025-01-10 03:00:00,Facebook,Reel,Educational Series,Education,5,268271,294884,237870,6294,318,1270,5200,13082,5.499642661958212,88.66780233420683
POST00075,2025-01-10 06:00:00,Facebook,Text,Brand Awareness,Brand,12,25720,23797,13261,589,11,28,171,799,6.025186637508483,51.559097978227065
POST00076,2025-01-10 09:00:00,Facebook,Image,Event Promotion,Promotional,4,341259,185861,114098,4098,76,1144,2521,7839,6.870409647846588,33.43442956815791
POST00077,2025-01-10 12:00:00,Facebook,Carousel,Community Campaign,Brand,12,397987,316270,224067,5625,279,2317,4236,12457,5.559497828774429,56.300080153371844
POST00078,2025-01-10 15:00:00,Instagram,Reel,Educational Series,Event,9,71940,161688,126455,10805,190,1766,661,13422,10.614052429718082,175.77842646649987
POST00079,2025-01-10 18:00:00,Instagram,Image,Special Campaign,Entertainment,2,418369,310307,181428,4333,103,1473,4414,10323,5.689860440505325,43.3655457263803
POST00080,2025-01-10 21:00:00,Instagram,Image,Community Campaign,Community,22,91762,111826,65146,2858,142,427,1606,5033,7.725723758941455,70.99452932586475
POST00081,2025-01-11 00:00:00,Linkedin,Reel,Educational Series,Entertainment,12,219584,263993,233622,8501,484,4170,2730,15885,6.799445257724016,106.39299766831827
POST00082,2025-01-11 03:00:00,Facebook,Reel,Brand Awareness,Promotional,11,189091,231606,201527,13373,324,1746,3674,19117,9.486073826335925,106.57672760734249
POST00083,2025-01-11 06:00:00,Instagram,Video,Event Promotion,Brand,3,104833,118880,85757,3321,89,755,2036,6201,7.230896603192742,81.8034397565652
POST00084,2025-01-11 09:00:00,Instagram,Reel,Brand Awareness,Education,9,429803,918474,824676,39426,580,14563,19130,73699,8.936721815597885,191.87302089561962
POST00085,2025-01-11 12:00:00,Instagram,Reel,Festival Campaign,Brand,2,300350,237256,187640,12983,260,1365,2206,16814,8.96077595395438,62.47378058931247
POST00086,2025-01-11 15:00:00,Instagram,Image,Community Campaign,Promotional,16,373615,513644,432028,17580,626,4688,8879,31773,7.354384438045682,115.63454358095902
POST00087,2025-01-11 18:00:00,Facebook,Video,Product Launch,Promotional,8,377313,616913,432243,19597,810,3560,10306,34273,7.929104693424763,114.55820499161173
POST00088,2025-01-11 21:00:00,Facebook,Reel,Seasonal Campaign,Community,0,292880,432527,383536,25969,961,6268,8954,42152,10.990363355721497,130.9532914504234
POST00089,2025-01-12 00:00:00,Linkedin,Image,Special Campaign,Promotional,17,389081,282443,208981,9767,489,1270,4692,16218,7.760514113723257,53.7114379782102
POST00090,2025-01-12 03:00:00,Youtube,Reel,Festival Campaign,Entertainment,8,158043,280711,168406,12542,317,2721,1882,17462,10.368989228412289,106.55707623874515
POST00091,2025-01-12 06:00:00,Instagram,Reel,Festival Campaign,Community,20,338721,1150818,633090,21412,542,10517,3601,36072,5.697768089845045,186.9060377124536
POST00092,2025-01-12 09:00:00,Facebook,Reel,Community Campaign,Brand,19,488259,689884,397364,31680,1700,5128,6308,44816,11.278324156189287,81.38385569953651
POST00093,2025-01-12 12:00:00,Facebook,Video,Special Campaign,Brand,8,277989,303703,187232,5821,154,2253,3816,12044,6.432661083575457,67.35230530704453
POST00094,2025-01-12 15:00:00,Youtube,Reel,Educational Series,Education,1,438940,353594,314953,13530,713,5965,2782,22990,7.299501830431843,71.75308698227548
POST00095,2025-01-12 18:00:00,Facebook,Reel,Festival Campaign,Promotional,18,151003,136095,85807,9053,348,599,1337,11337,13.212208794154323,56.824698847042775
POST00096,2025-01-12 21:00:00,Youtube,Image,Seasonal Campaign,Promotional,15,369846,348672,226373,10498,240,1497,4474,16709,7.381180617829865,61.20736739075182
POST00097,2025-01-13 00:00:00,Youtube,Video,Event Promotion,Event,2,360838,499285,283208,20724,694,2539,4122,28079,9.914621055902376,78.48619047882983
POST00098,2025-01-13 03:00:00,Youtube,Reel,Festival Campaign,Community,15,273686,520570,299491,14036,504,4549,7089,26178,8.740830275367205,109.42868835088386
POST00099,2025-01-13 06:00:00,Instagram,Image,Event Promotion,Event,20,373454,296629,202320,10460,622,1010,3770,15862,7.840055357848952,54.175346896806566
POST00100,2025-01-13 09:00:00,Instagram,Reel,Brand Awareness,Community,12,75155,177919,100567,9068,227,998,2366,12659,12.587628148398581,133.81278690705875
POST00101,2025-01-13 12:00:00,Instagram,Image,Special Campaign,Entertainment,2,148491,160426,132073,7629,144,1036,1540,10349,7.835818070309601,88.94343764941983
POST00102,2025-01-13 15:00:00,Facebook,Image,Educational Series,Community,9,162180,141704,106520,5121,139,369,855,6484,6.087119789710852,65.68010852139598
POST00103,2025-01-13 18:00:00,Instagram,Image,Event Promotion,Brand,21,97613,203412,135217,3227,65,907,2668,6867,5.078503442614464,138.5235573130628
POST00104,2025-01-13 21:00:00,Youtube,Reel,Festival Campaign,Education,17,482927,532662,438584,33523,771,3917,2203,40414,9.214654433358263,90.81786688257232
POST00105,2025-01-14 00:00:00,Linkedin,Reel,Educational Series,Community,5,76938,77681,55510,3503,102,1065,598,5268,9.490181949198343,72.14900309339988
POST00106,2025-01-14 03:00:00,Instagram,Reel,Seasonal Campaign,Community,5,121163,177713,128942,10401,598,1265,1664,13928,10.801755828201827,106.42027681718017
POST00107,2025-01-14 06:00:00,Youtube,Image,Educational Series,Community,17,350642,384909,293212,13661,386,834,2251,17132,5.8428713695210295,83.6214714723279
POST00108,2025-01-14 09:00:00,Facebook,Reel,Event Promotion,Education,5,492368,414389,238658,8567,128,2555,5501,16751,7.018830292720127,48.47146849510935
POST00109,2025-01-14 12:00:00,Instagram,Video,Special Campaign,Promotional,5,248861,246286,159909,13230,230,1698,2397,17555,10.978118805070384,64.25635193943607
POST00110,2025-01-14 15:00:00,Instagram,Text,Event Promotion,Education,21,37751,44570,31976,800,42,102,180,1124,3.5151363522641983,84.70239198961616
POST00111,2025-01-14 18:00:00,Instagram,Text,Product Launch,Promotional,12,393305,421447,295856,13331,144,2635,7299,23409,7.912295170623547,75.22304572787023
POST00112,2025-01-14 21:00:00,Instagram,Video,Product Launch,Brand,13,221818,299259,204880,14459,177,3241,2972,20849,10.17620070285045,92.36401013443454
POST00113,2025-01-15 00:00:00,Linkedin,Carousel,Educational Series,Education,20,314534,383205,239037,11992,205,662,1338,14197,5.939247898860846,75.99718949302779
POST00114,2025-01-15 03:00:00,Facebook,Carousel,Community Campaign,Promotional,6,383357,350776,286640,20855,682,2925,2723,27185,9.484021769466928,74.77103587517641
POST00115,2025-01-15 06:00:00,Facebook,Reel,Special Campaign,Brand,12,128712,245423,152536,8278,437,2366,2083,13164,8.630093879477633,118.50954067996769
POST00116,2025-01-15 09:00:00,Linkedin,Carousel,Community Campaign,Brand,14,429209,398230,241411,11342,186,3447,4981,19956,8.266400453997539,56.2455586905214
POST00117,2025-01-15 12:00:00,Facebook,Image,Product Launch,Promotional,11,80403,89321,80325,2864,159,1067,1727,5817,7.241830065359476,99.9029886944517
POST00118,2025-01-15 15:00:00,Instagram,Image,Festival Campaign,Promotional,20,309003,723064,496538,15798,306,2524,3823,22451,4.521506913871647,160.69034928463478
POST00119,2025-01-15 18:00:00,Linkedin,Video,Brand Awareness,Entertainment,0,434094,544396,354491,21817,521,3803,6964,33105,9.338742027301116,81.66226669799629
POST00120,2025-01-15 21:00:00,Youtube,Reel,Educational Series,Brand,2,493675,388154,285214,23530,418,3427,4166,31541,11.058713807877593,57.773636501747106
POST00121,2025-01-16 00:00:00,Facebook,Reel,Brand Awareness,Promotional,17,119124,180264,156358,12103,718,772,3780,17373,11.11104004911805,131.25650582586212
POST00122,2025-01-16 03:00:00,Linkedin,Text,Product Launch,Brand,21,145940,112272,75891,4249,237,170,254,4910,6.469805378766916,52.00150746882281
POST00123,2025-01-16 06:00:00,Instagram,Reel,Event Promotion,Education,7,309244,259184,163602,7345,390,470,824,9029,5.51888118727155,52.90385585492362
POST00124,2025-01-16 09:00:00,Instagram,Image,Seasonal Campaign,Event,1,213356,220866,130100,6780,186,1596,1000,9562,7.349730976172175,60.97789609853953
POST00125,2025-01-16 12:00:00,Instagram,Text,Educational Series,Event,3,473192,493006,327374,6125,306,707,4990,12128,3.7046314001722798,69.18417893793641
POST00126,2025-01-16 15:00:00,Youtube,Carousel,Product Launch,Community,17,453239,900215,810179,37270,1206,5774,2710,46960,5.796249964514015,178.75315231037047
POST00127,2025-01-16 18:00:00,Facebook,Image,Special Campaign,Promotional,12,399494,257468,209441,9866,543,2343,3811,16563,7.908193715652619,52.42656961055735
POST00128,2025-01-16 21:00:00,Linkedin,Reel,Festival Campaign,Promotional,14,460925,794695,510015,40338,2122,3555,7707,53722,10.533415683852436,110.65032272061615
POST00129,2025-01-17 00:00:00,Instagram,Reel,Seasonal Campaign,Brand,1,403936,664983,596921,17066,990,9944,13536,41536,6.958374726303816,147.77613285272915
POST00130,2025-01-17 03:00:00,Youtube,Video,Educational Series,Community,9,249179,301968,228176,11702,466,928,2614,15710,6.885036112474581,91.57111955662394
POST00131,2025-01-17 06:00:00,Youtube,Image,Educational Series,Promotional,1,489769,420273,258702,7819,393,3398,1800,13410,5.183570285502238,52.82122796665367
POST00132,2025-01-17 09:00:00,Instagram,Image,Special Campaign,Brand,20,336668,482893,268348,18647,387,1507,5171,25712,9.581588087110767,79.70701106134234
POST00133,2025-01-17 12:00:00,Instagram,Reel,Community Campaign,Promotional,11,122757,158290,128814,6363,239,786,3024,10412,8.082972347726178,104.93413817541972
POST00134,2025-01-17 15:00:00,Instagram,Reel,Event Promotion,Brand,4,105049,170520,104538,4128,227,492,1196,6043,5.78067305668752,99.5135603385087
POST00135,2025-01-17 18:00:00,Linkedin,Text,Educational Series,Promotional,11,64974,30550,17697,808,45,30,225,1108,6.260948183307906,27.237048665620094
POST00136,2025-01-17 21:00:00,Instagram,Image,Event Promotion,Entertainment,22,197550,213022,144483,3402,123,945,1376,5846,4.046150758220691,73.13743356112377
POST00137,2025-01-18 00:00:00,Youtube,Carousel,Product Launch,Brand,0,335912,240940,168039,7408,303,578,943,9232,5.493962711037319,50.02470885231847
POST00138,2025-01-18 03:00:00,Facebook,Reel,Festival Campaign,Entertainment,1,231468,341756,268719,8417,390,5110,2589,16506,6.142475969321112,116.09336927782674
POST00139,2025-01-18 06:00:00,Instagram,Carousel,Seasonal Campaign,Entertainment,15,486838,685955,391947,36310,396,2848,6028,45582,11.629633598420194,80.50871131670083
POST00140,2025-01-18 09:00:00,Linkedin,Text,Seasonal Campaign,Entertainment,21,330688,291097,247699,7539,346,963,6065,14913,6.0206137287595025,74.9041392490807
POST00141,2025-01-18 12:00:00,Linkedin,Image,Festival Campaign,Entertainment,1,431266,354983,213239,12315,345,1853,3761,18274,8.569726926125146,49.44489016059694
POST00142,2025-01-18 15:00:00,Instagram,Reel,Educational Series,Education,15,170856,142292,115506,4028,164,1299,2508,7999,6.925181375859263,67.60429835651075
POST00143,2025-01-18 18:00:00,Youtube,Image,Educational Series,Community,19,31774,54148,41308,1998,70,203,393,2664,6.449113973080276,130.00566500912697
POST00144,2025-01-18 21:00:00,Instagram,Video,Product Launch,Event,15,186040,307157,269845,16603,691,3315,3635,24244,8.984416980118217,145.04676413674477
POST00145,2025-01-19 00:00:00,Instagram,Image,Community Campaign,Education,5,471452,330077,242671,16019,171,2861,3159,22210,9.152309093381575,51.473108609147914
POST00146,2025-01-19 03:00:00,Instagram,Video,Community Campaign,Promotional,12,97678,104956,83826,3508,42,284,925,4759,5.677236179705581,85.81871045680705
POST00147,2025-01-19 06:00:00,Facebook,Carousel,Community Campaign,Promotional,11,332279,238175,211568,10928,287,1368,2889,15472,7.313015200786508,63.67179388405527
POST00148,2025-01-19 09:00:00,Youtube,Video,Event Promotion,Community,22,436223,874459,640877,56213,851,9925,10942,77931,12.16005567370962,146.91499531203078
POST00149,2025-01-19 12:00:00,Instagram,Carousel,Community Campaign,Event,9,45158,64752,37381,2787,40,309,688,3824,10.229795885610336,82.77824527215554
POST00150,2025-01-19 15:00:00,Instagram,Reel,Festival Campaign,Event,4,91587,165670,119310,5269,115,636,2355,8375,7.0195289581761795,130.26957974385013
POST00151,2025-01-19 18:00:00,Linkedin,Reel,Seasonal Campaign,Event,7,417331,269393,178129,12857,617,497,1040,15011,8.427038831408698,42.68290637407717
POST00152,2025-01-19 21:00:00,Instagram,Reel,Seasonal Campaign,Entertainment,5,497776,863072,697057,52594,1156,9240,15637,78627,11.27985229328448,140.03427244383016
POST00153,2025-01-20 00:00:00,Instagram,Text,Event Promotion,Education,4,79317,79531,47784,874,14,518,708,2114,4.424075004185502,60.24433601876017
POST00154,2025-01-20 03:00:00,Youtube,Video,Product Launch,Promotional,19,26371,42103,30453,837,26,434,628,1925,6.321216300528684,115.47912479617762
POST00155,2025-01-20 06:00:00,Linkedin,Carousel,Festival Campaign,Education,21,376370,447275,321786,17353,586,3662,1862,23463,7.2914918610505115,85.4972500464968
POST00156,2025-01-20 09:00:00,Instagram,Reel,Seasonal Campaign,Education,5,321499,555829,391689,11798,146,4502,3494,19940,5.090773547380702,121.83210523205359
POST00157,2025-01-20 12:00:00,Facebook,Reel,Festival Campaign,Education,21,380100,710893,440123,32965,416,4869,4470,42720,9.706377535370795,115.79137069192318
POST00158,2025-01-20 15:00:00,Facebook,Video,Seasonal Campaign,Event,16,194447,126260,109065,5163,176,681,2236,8256,7.569797826983908,56.089834247892746
POST00159,2025-01-20 18:00:00,Instagram,Image,Brand Awareness,Community,5,133538,102652,72628,5050,154,221,1105,6530,8.991022746048356,54.38751516422292
POST00160,2025-01-20 21:00:00,Facebook,Reel,Product Launch,Community,16,487832,389970,345145,25251,1206,5089,2221,33767,9.783424357878573,70.75079125600617
POST00161,2025-01-21 00:00:00,Instagram,Carousel,Product Launch,Event,4,218491,371020,310903,15036,713,2929,6068,24746,7.959395695763631,142.2955636616611
POST00162,2025-01-21 03:00:00,Facebook,Reel,Special Campaign,Promotional,22,221429,307561,198667,12316,677,1800,3093,17886,9.003005028515053,89.72040699276066
POST00163,2025-01-21 06:00:00,Facebook,Reel,Brand Awareness,Promotional,16,122126,196652,108706,11793,273,511,2538,15115,13.904476293856824,89.01134893470677
POST00164,2025-01-21 09:00:00,Youtube,Image,Event Promotion,Promotional,16,28338,15156,12586,916,14,36,44,1010,8.024789448593674,44.41386124638294
POST00165,2025-01-21 12:00:00,Instagram,Reel,Seasonal Campaign,Community,12,173079,313965,281585,21531,1030,4555,3198,30314,10.765488218477547,162.69160325631648
POST00166,2025-01-21 15:00:00,Facebook,Text,Special Campaign,Community,21,284621,168534,93826,4653,111,246,2095,7105,7.572527870739454,32.96524149658669
POST00167,2025-01-21 18:00:00,Instagram,Reel,Seasonal Campaign,Education,6,229743,281465,195374,6873,350,1820,1881,10924,5.591327402827398,85.04024061668908
POST00168,2025-01-21 21:00:00,Instagram,Reel,Seasonal Campaign,Event,21,324567,477759,398518,16966,953,7644,7455,33018,8.285196653601593,122.78450982385762
POST00169,2025-01-22 00:00:00,Instagram,Reel,Community Campaign,Entertainment,20,358117,700080,424622,29623,1590,4153,4528,39894,9.395179712779838,118.57074643203198
POST00170,2025-01-22 03:00:00,Youtube,Video,Community Campaign,Education,5,461316,601003,423598,11562,409,5152,1697,18820,4.442891609497685,91.8238257506785
POST00171,2025-01-22 06:00:00,Facebook,Image,Community Campaign,Brand,13,488254,296310,198365,4914,125,1383,2685,9107,4.591031684016838,40.62741933501825
POST00172,2025-01-22 09:00:00,Instagram,Image,Community Campaign,Community,15,311380,334179,225164,10703,461,687,1470,13321,5.916132241388499,72.31164493544865
POST00173,2025-01-22 12:00:00,Youtube,Reel,Community Campaign,Education,2,151440,230314,175234,5454,117,1580,4068,11219,6.402296358012714,115.71183306920231
POST00174,2025-01-22 15:00:00,Instagram,Reel,Brand Awareness,Event,8,307983,712892,519515,34433,2065,7375,6525,50398,9.700971098043368,168.6830117246731
POST00175,2025-01-22 18:00:00,Facebook,Image,Product Launch,Brand,14,137537,108378,97036,2058,81,1300,1161,4600,4.74050867719197,70.55265128656288
POST00176,2025-01-22 21:00:00,Instagram,Video,Event Promotion,Education,20,131902,341928,225268,5376,300,1872,944,8492,3.769732052488591,170.78437021424998
POST00177,2025-01-23 00:00:00,Facebook,Video,Festival Campaign,Event,17,383195,358742,287514,20770,1192,3411,3032,28405,9.879518910383494,75.03072848027766
POST00178,2025-01-23 03:00:00,Instagram,Reel,Community Campaign,Event,9,486314,824484,741518,23815,669,10096,9438,44018,5.936201144139455,152.47720608495746
POST00179,2025-01-23 06:00:00,Linkedin,Image,Brand Awareness,Community,9,27139,29950,26057,1754,85,254,608,2701,10.365736654257972,96.0131176535613
POST00180,2025-01-23 09:00:00,Instagram,Text,Special Campaign,Entertainment,22,178213,249529,211839,9468,142,948,4792,15350,7.246068948588315,118.86843271815188
POST00181,2025-01-23 12:00:00,Instagram,Image,Special Campaign,Education,2,390458,456811,288364,13812,539,2800,4119,21270,7.376094103286124,73.85275753089961
POST00182,2025-01-23 15:00:00,Instagram,Video,Seasonal Campaign,Event,0,346406,577902,503369,19861,1039,7549,11441,39890,7.9246040181258675,145.31185949435056
POST00183,2025-01-23 18:00:00,Linkedin,Reel,Event Promotion,Promotional,2,157776,104481,60293,4118,197,549,825,5689,9.435589537757286,38.21430382314167
POST00184,2025-01-23 21:00:00,Linkedin,Text,Special Campaign,Event,4,152959,89786,64334,1860,46,284,846,3036,4.71912208163646,42.05963689616172
POST00185,2025-01-24 00:00:00,Instagram,Video,Event Promotion,Entertainment,6,294119,445418,284620,18326,617,3694,6569,29206,10.261401166467571,96.77035485636766
POST00186,2025-01-24 03:00:00,Facebook,Text,Event Promotion,Event,2,151616,89131,57664,3619,125,619,1214,5577,9.671545504994452,38.03292528493035
POST00187,2025-01-24 06:00:00,Facebook,Carousel,Brand Awareness,Community,3,104984,52551,31564,762,32,300,719,1813,5.743885439107845,30.065533795626
POST00188,2025-01-24 09:00:00,Youtube,Image,Festival Campaign,Education,16,108366,86051,61247,1184,50,778,1187,3199,5.223112968798472,56.518649760995146
POST00189,2025-01-24 12:00:00,Youtube,Text,Community Campaign,Community,2,197395,188040,136447,3223,170,383,2207,5983,4.384852726699744,69.12383798981737
POST00190,2025-01-24 15:00:00,Instagram,Reel,Event Promotion,Education,22,140491,288072,158986,7491,196,1788,2079,11554,7.267306555294177,113.16454434803653
POST00191,2025-01-24 18:00:00,Instagram,Reel,Brand Awareness,Brand,3,70382,91417,55345,4603,208,826,568,6205,11.211491552985816,78.63516239947714
POST00192,2025-01-24 21:00:00,Linkedin,Carousel,Seasonal Campaign,Education,1,306070,197494,132031,5672,325,348,2141,8486,6.427278442184033,43.13751756134218
POST00193,2025-01-25 00:00:00,Linkedin,Video,Product Launch,Brand,13,116538,175851,134779,10637,567,1423,3150,15777,11.70582954317809,115.6524052240471
POST00194,2025-01-25 03:00:00,Facebook,Text,Seasonal Campaign,Community,4,133117,87159,59727,1554,49,122,1259,2984,4.9960654310445864,44.86804840854286
POST00195,2025-01-25 06:00:00,Instagram,Reel,Brand Awareness,Promotional,20,295477,861702,727715,76490,2956,9466,7107,96019,13.194588540843599,246.2848208151565
POST00196,2025-01-25 09:00:00,Instagram,Video,Brand Awareness,Entertainment,1,299086,267489,218004,19570,555,654,2050,22829,10.471826205023762,72.89007175193757
POST00197,2025-01-25 12:00:00,Facebook,Carousel,Brand Awareness,Promotional,14,231292,235229,159624,13824,613,796,2900,18133,11.359820578359143,69.01406014907563
POST00198,2025-01-25 15:00:00,Linkedin,Reel,Event Promotion,Brand,10,435663,728053,411355,15187,669,4912,7692,28460,6.918598291013844,94.4204580145663
POST00199,2025-01-25 18:00:00,Linkedin,Image,Brand Awareness,Event,21,94397,126921,100971,3485,117,308,1122,5032,4.983609155103941,106.96420437090161
POST00200,2025-01-25 21:00:00,Facebook,Reel,Product Launch,Event,9,175905,278515,208844,19100,529,927,3794,24350,11.659420428645305,118.72544839544072
POST00201,2025-01-26 00:00:00,Facebook,Reel,Event Promotion,Promotional,19,234062,240947,151578,7572,367,1271,1767,10977,7.241816094683926,64.75976450684007
POST00202,2025-01-26 03:00:00,Instagram,Text,Seasonal Campaign,Event,0,479802,505933,422539,14058,782,1133,3780,19753,4.674834748981751,88.06528526350453
POST00203,2025-01-26 06:00:00,Instagram,Carousel,Product Launch,Brand,18,499174,982834,650084,44689,2385,8118,5178,60370,9.28649220716092,130.23194317011703
POST00204,2025-01-26 09:00:00,Linkedin,Carousel,Special Campaign,Community,13,303674,424265,380468,22327,1094,5928,3769,33118,8.704542826203518,125.28830258764332
POST00205,2025-01-26 12:00:00,Facebook,Text,Educational Series,Entertainment,22,67060,44701,26010,771,39,106,597,1513,5.816993464052287,38.78616164628691
POST00206,2025-01-26 15:00:00,Instagram,Image,Seasonal Campaign,Education,21,101292,94803,83280,3576,137,822,724,5259,6.314841498559078,82.21774671247482
POST00207,2025-01-26 18:00:00,Instagram,Video,Brand Awareness,Brand,13,220630,179793,114915,7941,414,1026,608,9989,8.692511856589654,52.08493858496125
POST00208,2025-01-26 21:00:00,Facebook,Image,Community Campaign,Brand,0,61104,41281,30380,1840,60,378,139,2417,7.955892034233047,49.7185126996596
POST00209,2025-01-27 00:00:00,Instagram,Video,Community Campaign,Education,8,22634,19342,12877,1014,12,76,103,1205,9.357769666847867,56.89228594150393
POST00210,2025-01-27 03:00:00,Instagram,Reel,Event Promotion,Education,16,216282,218045,128646,3254,166,649,432,4501,3.4987485036456634,59.48067800371737
POST00211,2025-01-27 06:00:00,Youtube,Text,Community Campaign,Entertainment,13,243753,256220,156655,9824,215,1366,2899,14304,9.130892726054068,64.26792695884768
POST00212,2025-01-27 09:00:00,Facebook,Reel,Seasonal Campaign,Entertainment,12,289432,446525,276875,24130,308,2233,1340,28011,10.11683972911964,95.66150252909146
POST00213,2025-01-27 12:00:00,Facebook,Reel,Event Promotion,Entertainment,12,225600,291394,185299,12813,744,2279,2809,18645,10.062115823614807,82.13608156028369
POST00214,2025-01-27 15:00:00,Instagram,Video,Seasonal Campaign,Event,5,54253,43986,27034,2777,41,229,380,3427,12.67662942960716,49.8295025159899
POST00215,2025-01-27 18:00:00,Facebook,Image,Brand Awareness,Brand,6,408772,430587,289515,7214,421,955,5439,14029,4.84569020603423,70.82554578102219
POST00216,2025-01-27 21:00:00,Instagram,Carousel,Festival Campaign,Community,1,47005,34846,26897,2351,106,334,129,2920,10.856229319254936,57.221572173173065
POST00217,2025-01-28 00:00:00,Instagram,Image,Festival Campaign,Education,7,268583,242649,168365,9983,486,2252,2903,15624,9.279838446232887,62.68639489468805
POST00218,2025-01-28 03:00:00,Facebook,Carousel,Product Launch,Brand,23,331968,272693,242673,19995,1040,2628,5688,29351,12.094876644702953,73.10132301908617
POST00219,2025-01-28 06:00:00,Facebook,Reel,Brand Awareness,Brand,5,359846,431441,270214,28058,882,3850,4258,37048,13.710614549949298,75.09156694808334
POST00220,2025-01-28 09:00:00,Facebook,Reel,Community Campaign,Entertainment,2,244673,246192,179107,17777,590,3020,3338,24725,13.804597251922035,73.20260102258933
POST00221,2025-01-28 12:00:00,Facebook,Reel,Brand Awareness,Entertainment,17,466790,368082,258382,8250,440,1533,924,11147,4.3141550107979665,55.35294243664175
POST00222,2025-01-28 15:00:00,Youtube,Image,Educational Series,Brand,17,37798,16324,9119,612,16,83,219,930,10.198486676170633,24.125615111910683
POST00223,2025-01-28 18:00:00,Instagram,Reel,Festival Campaign,Entertainment,21,473928,1496065,1085234,93055,4765,7937,15241,120998,11.149484811570593,228.98710352627404
POST00224,2025-01-28 21:00:00,Instagram,Image,Community Campaign,Event,22,180373,245933,209322,14123,458,1061,3718,19360,9.248908380390022,116.049519606593
POST00225,2025-01-29 00:00:00,Instagram,Image,Seasonal Campaign,Education,5,75267,57408,34745,2153,34,114,347,2648,7.621240466254137,46.16232877622331
POST00226,2025-01-29 03:00:00,Instagram,Reel,Seasonal Campaign,Brand,10,417110,453339,399327,16038,552,4150,7061,27801,6.961963503594798,95.7366162403203
POST00227,2025-01-29 06:00:00,Linkedin,Image,Festival Campaign,Education,2,23846,12261,7598,465,24,52,81,622,8.18636483285075,31.862786211523947
POST00228,2025-01-29 09:00:00,Instagram,Video,Brand Awareness,Event,15,83571,129846,88229,4955,116,496,1124,6691,7.583674302100217,105.5737037967716
POST00229,2025-01-29 12:00:00,Linkedin,Reel,Community Campaign,Entertainment,4,296625,350976,285417,26576,1488,2911,4957,35932,12.589299165781998,96.22149178255373
POST00230,2025-01-29 15:00:00,Facebook,Image,Product Launch,Promotional,23,144908,76965,50564,1136,19,135,546,1836,3.631041847955067,34.893863692825796
POST00231,2025-01-29 18:00:00,Facebook,Carousel,Seasonal Campaign,Event,21,62154,88447,68461,5598,201,394,730,6923,10.112326726165263,110.14737587283199
POST00232,2025-01-29 21:00:00,Youtube,Image,Brand Awareness,Promotional,1,202248,122376,71861,1817,71,146,1613,3647,5.075075492965587,35.531130097701826
POST00233,2025-01-30 00:00:00,Youtube,Carousel,Product Launch,Education,14,149447,237439,207130,11114,346,1449,669,13578,6.555303432626852,138.59762992900494
POST00234,2025-01-30 03:00:00,Youtube,Image,Special Campaign,Brand,15,469844,538324,413991,18210,853,2714,6227,28004,6.764398259865553,88.11243731962098
POST00235,2025-01-30 06:00:00,Instagram,Image,Community Campaign,Entertainment,6,264372,456727,256506,15834,405,2663,4096,22998,8.965872143341675,97.0246470881939
POST00236,2025-01-30 09:00:00,Facebook,Reel,Festival Campaign,Event,15,28048,34012,26437,2908,167,484,639,4198,15.879260127851117,94.2562749572162
POST00237,2025-01-30 12:00:00,Instagram,Carousel,Special Campaign,Entertainment,23,47386,74934,58102,2792,121,660,701,4274,7.3560290523562015,122.61427425821974
POST00238,2025-01-30 15:00:00,Instagram,Carousel,Educational Series,Promotional,3,184408,133538,102419,3472,104,1051,2476,7103,6.935236626016657,55.539347533729554
POST00239,2025-01-30 18:00:00,Facebook,Reel,Special Campaign,Promotional,15,124794,121550,78994,6856,146,1290,636,8928,11.302124211965465,63.299517605013065
POST00240,2025-01-30 21:00:00,Instagram,Image,Event Promotion,Community,16,437069,275582,246006,13859,813,1853,1018,17543,7.131126883084152,56.28539200904205
POST00241,2025-01-31 00:00:00,Linkedin,Text,Festival Campaign,Brand,1,316857,128893,97404,3173,38,216,393,3820,3.9218101925998936,30.74068112744866
POST00242,2025-01-31 03:00:00,Linkedin,Image,Product Launch,Promotional,15,470906,216783,143721,3790,50,1366,1859,7065,4.915774312730916,30.52010379990911
POST00243,2025-01-31 06:00:00,Linkedin,Image,Brand Awareness,Brand,3,167863,132697,95152,3861,154,192,1689,5896,6.196401546998487,56.68431995138893
POST00244,2025-01-31 09:00:00,Instagram,Text,Special Campaign,Community,6,482980,532014,390332,14191,828,1519,6068,22606,5.791480073373436,80.8174251521802
POST00245,2025-01-31 12:00:00,Instagram,Carousel,Seasonal Campaign,Event,17,97481,88401,51597,3619,65,404,380,4468,8.659418183227707,52.93031462541419
POST00246,2025-01-31 15:00:00,Linkedin,Image,Community Campaign,Community,5,454789,171765,121558,3614,94,1077,2428,7213,5.933792921897366,26.728438902436075
POST00247,2025-01-31 18:00:00,Youtube,Video,Special Campaign,Brand,17,322043,372845,283118,22251,407,723,3101,26482,9.353697045048355,87.91310477172303
POST00248,2025-01-31 21:00:00,Linkedin,Video,Festival Campaign,Promotional,6,110217,92868,65264,1823,62,1012,1055,3952,6.0554057367001715,59.21409582913707
POST00249,2025-02-01 00:00:00,Linkedin,Image,Seasonal Campaign,Education,1,297119,128277,92831,4039,101,648,1898,6686,7.202335426743221,31.243710432520306
POST00250,2025-02-01 03:00:00,Linkedin,Image,Seasonal Campaign,Brand,18,264985,239398,179210,7843,429,340,2562,11174,6.235143128173651,67.63024322131442
POST00251,2025-02-01 06:00:00,Instagram,Image,Educational Series,Entertainment,8,93247,145984,103977,4691,218,209,2209,7327,7.046750723717746,111.50707261359616
POST00252,2025-02-01 09:00:00,Instagram,Text,Community Campaign,Education,3,130295,93698,64475,1946,60,324,1569,3899,6.047305157037611,49.48386354042749
POST00253,2025-02-01 12:00:00,Linkedin,Carousel,Special Campaign,Brand,13,401189,416287,369971,13324,269,3171,7939,24703,6.67700981968857,92.21863012196246
POST00254,2025-02-01 15:00:00,Instagram,Reel,Product Launch,Entertainment,4,294249,647721,468944,22909,1266,5225,5056,34456,7.347572418028592,159.36978545381632
POST00255,2025-02-01 18:00:00,Instagram,Video,Community Campaign,Community,6,69645,51589,33275,2606,85,260,589,3540,10.63861758076634,47.77801708665375
POST00256,2025-02-01 21:00:00,Youtube,Image,Special Campaign,Education,7,412435,272675,230488,5440,192,1224,2778,9634,4.179827149352678,55.8846848594324
POST00257,2025-02-02 00:00:00,Linkedin,Reel,Community Campaign,Brand,14,312290,366896,312482,22561,856,3749,1228,28394,9.086603388355169,100.06148131544397
POST00258,2025-02-02 03:00:00,Facebook,Image,Brand Awareness,Event,18,231846,298783,249265,7448,265,764,3528,12005,4.816159508956332,107.51317685015054
POST00259,2025-02-02 06:00:00,Youtube,Image,Event Promotion,Community,10,417084,497692,294098,8072,412,2091,2219,12794,4.350250596739862,70.51289428508406
POST00260,2025-02-02 09:00:00,Instagram,Video,Special Campaign,Entertainment,19,466753,719468,440963,23033,1356,7084,4298,35771,8.112018468669707,94.47459362875011
POST00261,2025-02-02 12:00:00,Facebook,Reel,Seasonal Campaign,Event,22,326438,583949,484222,31610,1435,2829,8044,43918,9.069806824142645,148.3350590311177
POST00262,2025-02-02 15:00:00,Linkedin,Video,Product Launch,Promotional,3,474480,356696,272520,22038,231,2570,5266,30105,11.046895640686923,57.43550834597876
POST00263,2025-02-02 18:00:00,Instagram,Image,Special Campaign,Community,17,357740,541830,417867,26962,1052,3210,1468,32692,7.823541940378159,116.80745793034046
POST00264,2025-02-02 21:00:00,Youtube,Reel,Special Campaign,Community,13,418649,1088196,624238,42875,899,10719,4944,59437,9.52152864772731,149.1077250871255
POST00265,2025-02-03 00:00:00,Linkedin,Text,Brand Awareness,Brand,5,42612,16230,9687,553,14,62,135,764,7.886858676576855,22.73303294846522
POST00266,2025-02-03 03:00:00,Facebook,Image,Seasonal Campaign,Brand,15,431038,456551,375027,26572,1101,3564,6668,37905,10.107272276396099,87.00555403467908
POST00267,2025-02-03 06:00:00,Facebook,Reel,Event Promotion,Entertainment,17,54120,91079,59819,5930,296,383,706,7315,12.228556144368847,110.53030303030302
POST00268,2025-02-03 09:00:00,Facebook,Image,Brand Awareness,Community,0,192076,176968,134013,5761,83,1775,2911,10530,7.857446665621993,69.770819883796
POST00269,2025-02-03 12:00:00,Instagram,Video,Event Promotion,Brand,7,41294,44228,39701,3555,61,489,690,4795,12.077781416085237,96.1422967017
POST00270,2025-02-03 15:00:00,Instagram,Reel,Event Promotion,Promotional,0,104300,201732,114543,7653,157,333,1989,10132,8.845586373676262,109.82070949185044
POST00271,2025-02-03 18:00:00,Facebook,Reel,Event Promotion,Brand,0,221168,120682,83769,6612,311,1261,593,8777,10.477622987023839,37.87573247486074
POST00272,2025-02-03 21:00:00,Facebook,Reel,Brand Awareness,Community,18,364263,714544,583751,54664,2477,7380,12640,77161,13.218135814756634,160.2553649423631
POST00273,2025-02-04 00:00:00,Linkedin,Reel,Community Campaign,Education,20,363240,423097,271674,23258,671,2111,2602,28642,10.542782894204082,74.79187314172448
POST00274,2025-02-04 03:00:00,Linkedin,Video,Special Campaign,Event,9,155496,128408,102592,8171,207,1761,993,11132,10.850748596381784,65.97725986520554
POST00275,2025-02-04 06:00:00,Youtube,Image,Event Promotion,Community,17,60615,37175,22209,473,22,99,467,1061,4.777342518798685,36.63944568176194
POST00276,2025-02-04 09:00:00,Youtube,Reel,Community Campaign,Promotional,11,46863,67693,51249,5562,150,138,719,6569,12.81781107924057,109.35919595416425
POST00277,2025-02-04 12:00:00,Facebook,Reel,Special Campaign,Community,16,263571,298556,267753,27012,383,4031,5235,36661,13.692096820577174,101.58666924661665
POST00278,2025-02-04 15:00:00,Facebook,Reel,Seasonal Campaign,Promotional,0,49469,35932,24786,1382,53,187,443,2065,8.331316065520857,50.1041056014878
POST00279,2025-02-04 18:00:00,Facebook,Text,Special Campaign,Community,7,123101,64724,39274,2031,66,404,556,3057,7.783775525793146,31.90388380273109
POST00280,2025-02-04 21:00:00,Facebook,Reel,Seasonal Campaign,Event,9,174256,224405,189080,15647,902,531,1023,18103,9.574254283900995,108.5070241483794
POST00281,2025-02-05 00:00:00,Linkedin,Text,Product Launch,Event,9,371590,275880,169532,4773,109,565,3136,8583,5.062761012670174,45.62340213676364
POST00282,2025-02-05 03:00:00,Instagram,Image,Educational Series,Promotional,17,132613,121166,75729,3724,110,207,395,4436,5.857729535580821,57.10526117348977
POST00283,2025-02-05 06:00:00,Instagram,Reel,Community Campaign,Community,8,137456,299550,260678,11779,645,4774,4598,21796,8.361273295022977,189.64468629961587
POST00284,2025-02-05 09:00:00,Instagram,Video,Special Campaign,Event,1,186247,275382,194788,14027,210,1506,3594,19337,9.92720290777666,104.58584567805119
POST00285,2025-02-05 12:00:00,Youtube,Image,Seasonal Campaign,Entertainment,2,467865,234307,189177,5939,137,1198,2570,9844,5.203592402881957,40.43409958000706
POST00286,2025-02-05 15:00:00,Instagram,Carousel,Educational Series,Community,1,83872,82872,66855,4268,114,656,1133,6171,9.23042405205295,79.71074971384967
POST00287,2025-02-05 18:00:00,Youtube,Text,Event Promotion,Event,5,482543,456090,270221,9610,261,2705,2599,15175,5.6157737555556375,55.99936171491453
POST00288,2025-02-05 21:00:00,Youtube,Reel,Educational Series,Education,22,52208,33740,25334,1850,74,291,624,2839,11.206284045156705,48.52513024823782
POST00289,2025-02-06 00:00:00,Instagram,Reel,Educational Series,Education,11,203517,272286,237061,15512,371,4406,3182,23471,9.900827213248911,116.48216119537926
POST00290,2025-02-06 03:00:00,Youtube,Carousel,Event Promotion,Entertainment,21,71998,125294,86567,5482,166,855,468,6971,8.052722168955837,120.23528431345316
POST00291,2025-02-06 06:00:00,Instagram,Reel,Community Campaign,Event,18,339138,1066190,899774,33487,551,15216,7160,56414,6.269796637822386,265.3120558592667
POST00292,2025-02-06 09:00:00,Instagram,Reel,Special Campaign,Education,14,263783,461365,343494,15513,791,2843,5475,24622,7.168101917355179,130.21839921450587
POST00293,2025-02-06 12:00:00,Facebook,Reel,Event Promotion,Community,18,203535,424324,340906,23865,358,2674,6526,33423,9.80416889113128,167.4925688456531
POST00294,2025-02-06 15:00:00,Instagram,Reel,Product Launch,Brand,11,79895,123686,75741,2316,38,417,905,3676,4.853381919964088,94.80067588710183
POST00295,2025-02-06 18:00:00,Instagram,Video,Festival Campaign,Event,17,488381,1024303,617005,64272,3019,10092,10914,88297,14.310580951531998,126.33681490475675
POST00296,2025-02-06 21:00:00,Youtube,Reel,Special Campaign,Entertainment,15,52894,75266,53104,4777,107,857,852,6593,12.415260620668876,100.39702045600636
POST00297,2025-02-07 00:00:00,Facebook,Image,Brand Awareness,Event,1,41990,26095,17413,592,31,202,193,1018,5.84620685694596,41.469397475589425
POST00298,2025-02-07 03:00:00,Instagram,Carousel,Event Promotion,Promotional,10,455796,669200,590369,14790,420,2152,11612,28974,4.9077780167996625,129.52483128417097
POST00299,2025-02-07 06:00:00,Facebook,Image,Event Promotion,Promotional,11,93230,128140,105549,2831,70,1193,1872,5966,5.652351040748846,113.21355786763918
POST00300,2025-02-07 09:00:00,Instagram,Reel,Educational Series,Education,4,56087,32776,20106,1454,41,148,107,1750,8.703869491694022,35.84787918769055
POST00301,2025-02-07 12:00:00,Instagram,Video,Product Launch,Promotional,23,290817,330936,266576,15417,828,759,2701,19705,7.391888242002281,91.66451754883656
POST00302,2025-02-07 15:00:00,Youtube,Reel,Seasonal Campaign,Entertainment,5,189271,317205,256057,27581,553,3048,5634,36816,14.378048637608032,135.28591279171135
POST00303,2025-02-07 18:00:00,Youtube,Video,Seasonal Campaign,Education,10,314331,472491,360310,14239,317,5741,4991,25288,7.018400821514807,114.6275741177294
POST00304,2025-02-07 21:00:00,Facebook,Video,Educational Series,Entertainment,20,483130,536439,476664,25924,581,5306,8742,40553,8.507669972978869,98.66164386397035
POST00305,2025-02-08 00:00:00,Facebook,Image,Community Campaign,Community,9,305697,228250,148827,5258,113,1427,1229,8027,5.393510586116766,48.684481692656455
POST00306,2025-02-08 03:00:00,Linkedin,Image,Special Campaign,Entertainment,3,267881,168619,102576,5986,206,532,1965,8689,8.470792388082984,38.291629492199895
POST00307,2025-02-08 06:00:00,Youtube,Image,Event Promotion,Promotional,8,203359,198885,115074,7020,346,1218,2701,11285,9.806733058727428,56.58662758963213
POST00308,2025-02-08 09:00:00,Instagram,Image,Special Campaign,Community,11,325924,578019,462212,19557,446,1228,9193,30424,6.582260953848018,141.81588345749316
POST00309,2025-02-08 12:00:00,Facebook,Video,Special Campaign,Promotional,9,124794,83881,48480,3334,189,341,153,4017,8.285891089108912,38.84802153949709
POST00310,2025-02-08 15:00:00,Instagram,Video,Event Promotion,Entertainment,13,259939,746009,528424,23058,349,6023,4262,33692,6.375940532602607,203.28769442061406
POST00311,2025-02-08 18:00:00,Youtube,Reel,Educational Series,Promotional,4,102158,99784,66302,5359,75,768,1635,7837,11.820156254713282,64.90142720100238
POST00312,2025-02-08 21:00:00,Instagram,Carousel,Special Campaign,Promotional,0,21420,17388,15265,1086,19,67,372,1544,10.114641336390436,71.26517273576097
POST00313,2025-02-09 00:00:00,Instagram,Text,Event Promotion,Promotional,4,198512,156066,109349,3728,182,1147,802,5859,5.35807369066018,55.08432739582494
POST00314,2025-02-09 03:00:00,Linkedin,Text,Community Campaign,Event,15,216948,156914,136341,4053,222,1220,1740,7235,5.3065475535605575,62.84501355163449
POST00315,2025-02-09 06:00:00,Facebook,Image,Special Campaign,Community,4,64310,25742,14543,956,46,151,151,1304,8.966513099085471,22.613901415020994
POST00316,2025-02-09 09:00:00,Facebook,Image,Festival Campaign,Community,4,256896,235655,177043,7801,417,1151,2159,11528,6.5114124817134815,68.91621512207274
POST00317,2025-02-09 12:00:00,Youtube,Reel,Brand Awareness,Community,17,63953,112071,95837,4941,156,313,509,5919,6.176111522689567,149.85536253185933
POST00318,2025-02-09 15:00:00,Instagram,Text,Brand Awareness,Entertainment,5,287131,154937,85221,5723,169,158,380,6430,7.54508865185811,29.680180823387236
POST00319,2025-02-09 18:00:00,Instagram,Reel,Brand Awareness,Brand,20,242670,303403,226322,21279,1086,3065,933,26363,11.648447786781665,93.26327935055836
POST00320,2025-02-09 21:00:00,Instagram,Image,Festival Campaign,Entertainment,17,196589,185584,164883,5794,305,1840,1940,9879,5.991521260530194,83.87193586619802
POST00321,2025-02-10 00:00:00,Youtube,Reel,Event Promotion,Community,9,52456,119013,68378,5315,206,1153,1441,8115,11.867852233174412,130.35305780082356
POST00322,2025-02-10 03:00:00,Facebook,Reel,Educational Series,Education,14,138763,122164,98129,6369,245,1144,2040,9798,9.984815905593656,70.71697786874023
POST00323,2025-02-10 06:00:00,Facebook,Image,Seasonal Campaign,Promotional,23,189252,202751,134236,4454,63,1710,2307,8534,6.3574599958282425,70.92976560353391
POST00324,2025-02-10 09:00:00,Instagram,Text,Product Launch,Promotional,21,475453,673214,579217,27865,1507,4068,3975,37415,6.459582505347737,121.82423919924787
POST00325,2025-02-10 12:00:00,Linkedin,Reel,Event Promotion,Brand,10,241916,361211,312514,17363,978,4907,1102,24350,7.791650934038155,129.18285685940575
POST00326,2025-02-10 15:00:00,Facebook,Image,Festival Campaign,Education,18,105398,117929,100067,2062,30,1150,1830,5072,5.068604035296351,94.94202926051727
POST00327,2025-02-10 18:00:00,Youtube,Reel,Special Campaign,Event,12,470721,748547,553517,23403,713,5736,2285,32137,5.805964405790609,117.58918765043411
POST00328,2025-02-10 21:00:00,Facebook,Reel,Community Campaign,Entertainment,19,224278,559709,355577,37690,728,5682,6265,50365,14.164301965537703,158.542968993838
POST00329,2025-02-11 00:00:00,Youtube,Image,Festival Campaign,Event,2,137183,156591,89265,2711,150,382,1580,4823,5.403013499131799,65.07001596407717
POST00330,2025-02-11 03:00:00,Instagram,Image,Special Campaign,Education,15,371926,378515,302415,14283,543,2449,1174,18449,6.100557181356745,81.31052951393556
POST00331,2025-02-11 06:00:00,Instagram,Reel,Seasonal Campaign,Brand,6,492518,849448,537905,55367,2091,3154,10983,71595,13.309971091549624,109.21529771500738
POST00332,2025-02-11 09:00:00,Facebook,Reel,Brand Awareness,Education,11,404884,517225,441465,38467,436,1713,9899,50515,11.44258321724259,109.03493346242381
POST00333,2025-02-11 12:00:00,Instagram,Reel,Event Promotion,Brand,14,280360,445864,330258,30824,1097,5514,3175,40610,12.296447020208442,117.7978313596804
POST00334,2025-02-11 15:00:00,Instagram,Reel,Seasonal Campaign,Event,7,49681,76548,56188,3167,107,775,661,4710,8.382572791343348,113.09756244842093
POST00335,2025-02-11 18:00:00,Instagram,Text,Brand Awareness,Event,22,290467,211768,185267,5679,66,1362,1832,8939,4.824928346656447,63.782460658181485
POST00336,2025-02-11 21:00:00,Instagram,Text,Product Launch,Education,16,349537,483987,429388,23168,732,956,2714,27570,6.420766299943175,122.8447918246137
POST00337,2025-02-12 00:00:00,Linkedin,Reel,Special Campaign,Education,0,198295,177744,127064,4609,224,2015,472,7320,5.760876408738904,64.07826722811973
POST00338,2025-02-12 03:00:00,Facebook,Image,Special Campaign,Promotional,20,116123,78586,55436,2520,63,472,585,3640,6.566130312432354,47.73903533322426
POST00339,2025-02-12 06:00:00,Youtube,Text,Community Campaign,Brand,7,111354,88472,51288,2857,131,544,986,4518,8.809078146934954,46.05851608384072
POST00340,2025-02-12 09:00:00,Instagram,Reel,Brand Awareness,Promotional,13,474048,461203,357171,15905,576,985,2083,19549,5.473288704850058,75.34490178209802
POST00341,2025-02-12 12:00:00,Youtube,Video,Product Launch,Entertainment,9,176319,272242,150970,13544,437,1433,1636,17050,11.293634496919918,85.62321701007832
POST00342,2025-02-12 15:00:00,Youtube,Text,Special Campaign,Entertainment,18,380952,479487,365354,19154,1088,1447,4018,25707,7.03618955861986,95.9055209055209
POST00343,2025-02-12 18:00:00,Instagram,Reel,Festival Campaign,Education,7,235148,373047,324729,24171,251,3941,6955,35318,10.876145955550628,138.0955823566435
POST00344,2025-02-12 21:00:00,Youtube,Reel,Brand Awareness,Event,18,242445,675557,553020,20924,1146,9334,7635,39039,7.059238363892807,228.1012188331374
POST00345,2025-02-13 00:00:00,Instagram,Text,Brand Awareness,Entertainment,3,290628,348927,306874,10484,477,1766,7507,20234,6.593585641012272,105.5899638025242
POST00346,2025-02-13 03:00:00,Facebook,Image,Educational Series,Entertainment,9,181754,103385,76382,6449,74,626,1739,8888,11.636249378125736,42.024934801985104
POST00347,2025-02-13 06:00:00,Facebook,Reel,Community Campaign,Promotional,22,90459,109020,73849,6352,233,284,417,7286,9.866078078240735,81.63809018450348
POST00348,2025-02-13 09:00:00,Instagram,Reel,Community Campaign,Promotional,2,147162,250023,139113,9157,116,1614,3472,14359,10.321824703658178,94.53051738899988
POST00349,2025-02-13 12:00:00,Instagram,Image,Seasonal Campaign,Entertainment,3,455235,352543,293833,25079,513,2897,3356,31845,10.837788812012265,64.54534471207178
POST00350,2025-02-13 15:00:00,Facebook,Carousel,Festival Campaign,Education,15,363600,422497,326329,11732,398,3501,1515,17146,5.254206644214888,89.7494499449945
POST00351,2025-02-13 18:00:00,Youtube,Carousel,Educational Series,Promotional,23,456479,652532,412621,35200,1954,2922,5714,45790,11.09735083769367,90.39211004230205
POST00352,2025-02-13 21:00:00,Linkedin,Text,Seasonal Campaign,Entertainment,3,173010,117294,83223,1891,82,809,1001,3783,4.5456183987599585,48.10299982659962
POST00353,2025-02-14 00:00:00,Facebook,Reel,Product Launch,Event,19,74890,114878,93447,7757,251,1689,431,10128,10.838229156634242,124.77900921351315
POST00354,2025-02-14 03:00:00,Instagram,Image,Seasonal Campaign,Promotional,19,33319,69686,47590,1602,39,463,164,2268,4.765707081319605,142.8314175095291
POST00355,2025-02-14 06:00:00,Instagram,Image,Product Launch,Entertainment,12,389841,905905,813455,57985,1645,9540,16911,86081,10.582146523163544,208.66327554054087
POST00356,2025-02-14 09:00:00,Facebook,Image,Festival Campaign,Brand,20,146193,198682,144874,5211,174,1764,1909,9058,6.25232961055814,99.0977680189886
POST00357,2025-02-14 12:00:00,Instagram,Reel,Special Campaign,Promotional,16,341576,487088,280435,23021,1318,2196,3838,30373,10.830673774671492,82.10032320771951
POST00358,2025-02-14 15:00:00,Youtube,Text,Community Campaign,Brand,22,473988,477397,383794,21806,858,2986,5182,30832,8.03347629196913,80.97124821725444
POST00359,2025-02-14 18:00:00,Linkedin,Video,Special Campaign,Promotional,15,420116,348368,198666,5086,265,2102,4037,11490,5.783576454954547,47.28836797455941
POST00360,2025-02-14 21:00:00,Youtube,Image,Product Launch,Promotional,16,87696,74129,53910,3998,52,293,1135,5478,10.161380077907625,61.473727422003286
POST00361,2025-02-15 00:00:00,Instagram,Carousel,Festival Campaign,Community,5,429452,511610,334504,13502,632,2301,4391,20826,6.225934517972879,77.89089351079981
POST00362,2025-02-15 03:00:00,Facebook,Reel,Special Campaign,Community,2,477471,758746,504801,26659,1286,7672,5339,40956,8.113296130554417,105.723907839429
POST00363,2025-02-15 06:00:00,Youtube,Image,Seasonal Campaign,Brand,19,338629,566694,346439,19589,306,2520,3382,25797,7.4463325433914775,102.30635887652859
POST00364,2025-02-15 09:00:00,Youtube,Carousel,Product Launch,Education,23,142359,207465,114196,5011,84,249,809,6153,5.388104662159796,80.21691638744302
POST00365,2025-02-15 12:00:00,Linkedin,Image,Event Promotion,Entertainment,3,213365,144787,122023,5926,328,638,2847,9739,7.981282217286904,57.18979214022919
POST00366,2025-02-15 15:00:00,Instagram,Text,Brand Awareness,Education,7,157293,98275,82950,2476,113,182,1959,4730,5.702230259192285,52.73597680761382
POST00367,2025-02-15 18:00:00,Linkedin,Carousel,Seasonal Campaign,Education,19,45294,63513,43657,3389,117,347,964,4817,11.033740293652794,96.385834768402
POST00368,2025-02-15 21:00:00,Linkedin,Image,Community Campaign,Community,8,161110,126407,87301,6475,68,690,1153,8386,9.605846439330591,54.18720129104339
POST00369,2025-02-16 00:00:00,Instagram,Video,Special Campaign,Entertainment,21,498403,1520101,882788,79198,1118,13643,21608,115567,13.091138529295824,177.12333192215937
POST00370,2025-02-16 03:00:00,Instagram,Reel,Seasonal Campaign,Community,0,204721,275958,156412,13659,232,1655,2611,18157,11.608444364882489,76.40251854963584
POST00371,2025-02-16 06:00:00,Instagram,Image,Event Promotion,Community,12,436576,758588,647617,30585,1657,5681,11619,49542,7.649891834216829,148.3400370153192
POST00372,2025-02-16 09:00:00,Instagram,Reel,Festival Campaign,Community,1,28255,56157,37612,3276,160,485,614,4535,12.057322131234713,133.1162626083879
POST00373,2025-02-16 12:00:00,Instagram,Image,Festival Campaign,Event,22,219307,240368,187734,14404,178,2111,2194,18887,10.060511148753024,85.60328671679427
POST00374,2025-02-16 15:00:00,Facebook,Video,Seasonal Campaign,Education,9,129429,75864,45819,1128,51,655,889,2723,5.942949431458565,35.40087615603922
POST00375,2025-02-16 18:00:00,Instagram,Image,Event Promotion,Education,22,107464,82403,63126,2648,97,158,609,3512,5.563476222158857,58.74153204794163
POST00376,2025-02-16 21:00:00,Instagram,Video,Special Campaign,Education,18,461385,1200269,957161,35973,826,14118,6031,56948,5.949678267292546,207.45386174236268
POST00377,2025-02-17 00:00:00,Facebook,Image,Seasonal Campaign,Event,16,413588,425364,255919,12582,286,2947,2785,18600,7.267924616773276,61.877762410901674
POST00378,2025-02-17 03:00:00,Instagram,Reel,Brand Awareness,Promotional,23,466395,850660,661662,28409,781,7783,14096,51069,7.718291212129456,141.86730132184093
POST00379,2025-02-17 06:00:00,Facebook,Video,Brand Awareness,Brand,12,470865,453261,396348,35412,1881,3413,5006,45712,11.533299020053086,84.17444490459049
POST00380,2025-02-17 09:00:00,Instagram,Reel,Educational Series,Brand,13,132848,255427,222576,12520,221,4210,5181,22132,9.943569836819782,167.5418523425268
POST00381,2025-02-17 12:00:00,Instagram,Reel,Product Launch,Event,10,432114,1050571,771378,38867,1418,13460,18221,71966,9.329537528941712,178.51261472666934
POST00382,2025-02-17 15:00:00,Facebook,Image,Educational Series,Education,9,201155,102746,77363,2444,97,414,774,3729,4.82013365562349,38.45939698242648
POST00383,2025-02-17 18:00:00,Facebook,Reel,Special Campaign,Brand,6,43855,75961,61276,2515,73,1135,861,4584,7.480906064364515,139.7240907536199
POST00384,2025-02-17 21:00:00,Linkedin,Reel,Brand Awareness,Event,9,54758,55103,31835,930,32,191,794,1947,6.115910161771635,58.13762372621352
POST00385,2025-02-18 00:00:00,Facebook,Carousel,Event Promotion,Community,23,269416,225744,127919,8588,136,705,915,10344,8.086367154214777,47.48010511625145
POST00386,2025-02-18 03:00:00,Facebook,Image,Product Launch,Entertainment,0,422823,321490,183861,7981,345,2477,4052,14855,8.07947308020733,43.48415294343023
POST00387,2025-02-18 06:00:00,Instagram,Image,Special Campaign,Brand,13,281272,217423,156127,7584,438,344,3424,11790,7.55154457589014,55.507480303762904
POST00388,2025-02-18 09:00:00,Instagram,Text,Event Promotion,Entertainment,2,125094,125386,85343,3731,158,555,2130,6574,7.703033640720387,68.2230962316338
POST00389,2025-02-18 12:00:00,Facebook,Image,Special Campaign,Education,12,356233,244910,183426,8917,257,852,1820,11846,6.45819022385049,51.4904570884786
POST00390,2025-02-18 15:00:00,Facebook,Video,Educational Series,Brand,1,287527,288360,211625,8997,246,2185,1898,13326,6.296987595983461,73.60178348468143
POST00391,2025-02-18 18:00:00,Linkedin,Reel,Festival Campaign,Event,16,264951,280507,206749,6246,222,1219,967,8654,4.185751805329168,78.03291929451106
POST00392,2025-02-18 21:00:00,Youtube,Image,Event Promotion,Promotional,20,80112,105369,86260,5122,146,624,1647,7539,8.739856248550893,107.67425604154184
POST00393,2025-02-19 00:00:00,Instagram,Video,Educational Series,Brand,2,413931,486877,379779,27890,639,1994,8371,38894,10.241219235397429,91.74934952926938
POST00394,2025-02-19 03:00:00,Facebook,Image,Educational Series,Brand,14,160909,168743,145508,4122,46,1521,1174,6863,4.716579157159743,90.42875165466195
POST00395,2025-02-19 06:00:00,Instagram,Carousel,Educational Series,Brand,7,471102,371053,231111,14951,574,2647,5574,23746,10.274716478229076,49.05752894277672
POST00396,2025-02-19 09:00:00,Linkedin,Image,Festival Campaign,Brand,5,463915,422425,327730,17156,301,1550,6336,25343,7.732889878863698,70.64440684177058
POST00397,2025-02-19 12:00:00,Linkedin,Reel,Festival Campaign,Event,8,99486,132203,87435,8558,169,1375,950,11052,12.640247040658775,87.88673783245883
POST00398,2025-02-19 15:00:00,Youtube,Image,Seasonal Campaign,Event,10,93528,57288,49098,2974,160,272,1135,4541,9.24884924029492,52.495509366179114
POST00399,2025-02-19 18:00:00,Facebook,Image,Festival Campaign,Promotional,21,440033,472884,401684,16841,906,3859,1532,23138,5.760249350235509,91.28497180893251
POST00400,2025-02-19 21:00:00,Facebook,Video,Product Launch,Event,1,200875,201204,169012,6050,108,1719,3995,11872,7.024353300357371,84.13789670192907
POST00401,2025-02-20 00:00:00,Instagram,Reel,Festival Campaign,Event,8,119354,277516,160541,7573,449,1022,726,9770,6.085672818781495,134.50826951756957
POST00402,2025-02-20 03:00:00,Linkedin,Text,Festival Campaign,Education,17,229965,109231,69387,2630,128,771,1651,5180,7.465375358496548,30.172852390581173
POST00403,2025-02-20 06:00:00,Youtube,Text,Festival Campaign,Education,18,352422,316838,254945,13270,739,743,3583,18335,7.191747239600699,72.34083002763732
POST00404,2025-02-20 09:00:00,Facebook,Reel,Special Campaign,Entertainment,21,473561,509791,458472,22816,1139,4155,2034,30144,6.574883526147725,96.81371565648354
POST00405,2025-02-20 12:00:00,Instagram,Reel,Event Promotion,Promotional,17,33369,42398,30435,1516,30,200,636,2382,7.826515524889108,91.2074080733615
POST00406,2025-02-20 15:00:00,Linkedin,Video,Festival Campaign,Education,4,80428,76990,58075,2827,86,666,1192,4771,8.215238915195867,72.20744019495699
POST00407,2025-02-20 18:00:00,Instagram,Text,Product Launch,Promotional,17,156116,180802,154189,6514,267,1412,2728,10921,7.082865833490068,98.76566143124343
POST00408,2025-02-20 21:00:00,Instagram,Image,Special Campaign,Promotional,11,85123,64741,37171,1451,51,266,898,2666,7.172257943020097,43.6673989403569
POST00409,2025-02-21 00:00:00,Linkedin,Reel,Educational Series,Brand,3,489040,222751,187831,11013,389,2201,2386,15989,8.512439373692308,38.40810567642728
POST00410,2025-02-21 03:00:00,Instagram,Image,Event Promotion,Community,14,373058,453317,365999,11574,127,3252,6492,21445,5.859305626518106,98.1078009317586
POST00411,2025-02-21 06:00:00,Instagram,Carousel,Brand Awareness,Community,10,158333,276018,216722,6531,154,3163,3010,12858,5.932946355238508,136.87734079440168
POST00412,2025-02-21 09:00:00,Linkedin,Reel,Special Campaign,Community,18,260222,523603,297853,21619,666,5251,3417,30953,10.392039025962472,114.46111397191629
POST00413,2025-02-21 12:00:00,Linkedin,Carousel,Festival Campaign,Promotional,4,300208,117527,76733,4987,281,221,817,6306,8.21810694225431,25.55994510472739
POST00414,2025-02-21 15:00:00,Youtube,Reel,Special Campaign,Brand,5,488551,486501,380469,13700,804,6118,9242,29864,7.849259729439193,77.87702819152965
POST00415,2025-02-21 18:00:00,Facebook,Reel,Seasonal Campaign,Entertainment,12,220130,333186,239980,23728,797,3317,1594,29436,12.266022168514043,109.01739880979422
POST00416,2025-02-21 21:00:00,Youtube,Image,Seasonal Campaign,Entertainment,22,295834,482056,323237,16114,630,4097,4845,25686,7.946491274204376,109.26296504120555
POST00417,2025-02-22 00:00:00,Instagram,Image,Special Campaign,Community,9,415273,559559,470650,21490,287,4573,7041,33391,7.094656326357166,113.33508318624135
POST00418,2025-02-22 03:00:00,Instagram,Reel,Educational Series,Entertainment,23,383169,472045,274350,25613,344,3524,5245,34726,12.657554219063242,71.60025993752103
POST00419,2025-02-22 06:00:00,Facebook,Image,Educational Series,Brand,13,450805,333452,294727,8841,268,1118,4260,14487,4.9153962819829875,65.37793502733999
POST00420,2025-02-22 09:00:00,Facebook,Reel,Event Promotion,Community,3,383011,373896,237023,17297,840,3361,3439,24937,10.520919910725963,61.88412343248627
POST00421,2025-02-22 12:00:00,Facebook,Reel,Seasonal Campaign,Brand,19,34559,61309,38556,1594,68,464,421,2547,6.605975723622783,111.56572817500508
POST00422,2025-02-22 15:00:00,Facebook,Reel,Brand Awareness,Entertainment,22,426908,291884,220857,12526,710,970,4226,18432,8.345671633681523,51.73409727622813
POST00423,2025-02-22 18:00:00,Instagram,Text,Community Campaign,Community,11,330573,309087,263824,12931,484,2156,4308,19879,7.534947540784766,79.80809079991408
POST00424,2025-02-22 21:00:00,Youtube,Image,Seasonal Campaign,Brand,14,478954,634119,351018,14349,521,1485,7955,24310,6.92557076845062,73.28845776421117
POST00425,2025-02-23 00:00:00,Instagram,Image,Special Campaign,Event,9,299116,321107,232944,9792,442,2039,3155,15428,6.6230510337248445,77.87747897136896
POST00426,2025-02-23 03:00:00,Youtube,Image,Seasonal Campaign,Event,10,61530,81375,71856,1886,111,518,1511,4026,5.602872411489646,116.78205753291078
POST00427,2025-02-23 06:00:00,Youtube,Text,Product Launch,Brand,8,226145,172737,106832,2268,70,378,425,3141,2.940130298038041,47.240487297972535
POST00428,2025-02-23 09:00:00,Linkedin,Reel,Community Campaign,Brand,10,143297,202873,113738,6824,135,1667,884,9510,8.361321633930613,79.37221295630754
POST00429,2025-02-23 12:00:00,Instagram,Carousel,Educational Series,Education,1,218250,104347,70944,1977,79,490,1140,3686,5.195647271087054,32.505841924398624
POST00430,2025-02-23 15:00:00,Instagram,Carousel,Community Campaign,Education,12,283509,545680,328189,21194,1033,3727,1057,27011,8.230318505495308,115.75964078741767
POST00431,2025-02-23 18:00:00,Instagram,Carousel,Seasonal Campaign,Promotional,21,256932,295870,168188,12445,537,2012,2617,17611,10.471020524650985,65.46012174427474
POST00432,2025-02-23 21:00:00,Facebook,Reel,Educational Series,Community,7,478760,340627,216345,23763,1244,3655,3491,32153,14.861910374633108,45.18861224830813
POST00433,2025-02-24 00:00:00,Facebook,Carousel,Community Campaign,Promotional,20,331827,556181,320546,11168,427,4743,2132,18470,5.762043513255508,96.60033692255303
POST00434,2025-02-24 03:00:00,Instagram,Reel,Educational Series,Promotional,20,114356,292394,172093,5253,187,2942,4017,12399,7.204825297949364,150.4888243730106
POST00435,2025-02-24 06:00:00,Instagram,Image,Educational Series,Entertainment,7,411550,270413,240963,15924,494,1753,4517,22688,9.415553425214659,58.55011541732475
POST00436,2025-02-24 09:00:00,Facebook,Carousel,Event Promotion,Event,0,78896,95313,78799,6955,209,806,442,8412,10.675262376426096,99.8770533360373
POST00437,2025-02-24 12:00:00,Instagram,Reel,Brand Awareness,Entertainment,5,381483,414179,369888,21685,430,2041,8282,32438,8.769681633359287,96.96054607937968
POST00438,2025-02-24 15:00:00,Facebook,Video,Educational Series,Community,12,431217,577263,460594,22539,472,6504,9666,39181,8.506624055024599,106.81257928142907
POST00439,2025-02-24 18:00:00,Facebook,Reel,Product Launch,Brand,8,419938,301714,208202,14595,378,1471,2705,19149,9.19731798926043,49.579223599674236
POST00440,2025-02-24 21:00:00,Instagram,Video,Seasonal Campaign,Education,5,302244,294942,225301,13577,156,1879,4534,20146,8.941815615554303,74.5427535368775
POST00441,2025-02-25 00:00:00,Instagram,Image,Seasonal Campaign,Community,14,402907,521139,387202,11421,482,856,7024,19783,5.109219477172122,96.1020781470662
POST00442,2025-02-25 03:00:00,Linkedin,Reel,Product Launch,Brand,22,430676,532024,455400,31386,530,5975,6604,44495,9.770531400966185,105.7407424606897
POST00443,2025-02-25 06:00:00,Instagram,Reel,Festival Campaign,Community,15,240595,430143,339928,22916,903,3171,7755,34745,10.221282153867877,141.2863941478418
POST00444,2025-02-25 09:00:00,Instagram,Text,Educational Series,Brand,3,81645,50338,29995,461,24,49,167,701,2.3370561760293382,36.73831832935269
POST00445,2025-02-25 12:00:00,Facebook,Reel,Special Campaign,Education,16,89551,146448,120857,5633,256,384,1142,7415,6.135350041784919,134.9588502640953
POST00446,2025-02-25 15:00:00,Linkedin,Reel,Educational Series,Brand,8,219570,133744,94655,5857,249,1079,600,7785,8.224605145000265,43.10925900623947
POST00447,2025-02-25 18:00:00,Linkedin,Reel,Educational Series,Promotional,11,286984,201772,150817,13790,321,1056,3748,18915,12.541689597326561,52.552407102835
POST00448,2025-02-25 21:00:00,Facebook,Carousel,Special Campaign,Community,21,463280,771096,612115,21325,694,8747,3226,33992,5.553204871633598,132.12635986876188
POST00449,2025-02-26 00:00:00,Instagram,Image,Community Campaign,Education,18,106069,78782,58839,3645,161,479,894,5179,8.801985077924506,55.472381185831864
POST00450,2025-02-26 03:00:00,Instagram,Reel,Educational Series,Brand,19,368134,643487,550098,48103,843,9363,7287,65596,11.924420739577311,149.42874062162147
POST00451,2025-02-26 06:00:00,Facebook,Reel,Educational Series,Promotional,11,68105,80562,45820,2867,58,369,432,3726,8.131820165866435,67.27846707290213
POST00452,2025-02-26 09:00:00,Youtube,Reel,Product Launch,Promotional,21,25699,45009,36187,3778,100,98,843,4819,13.316937021582337,140.81092649519437
POST00453,2025-02-26 12:00:00,Youtube,Reel,Brand Awareness,Event,5,419138,707322,586622,22114,738,8550,11619,43021,7.333683359983089,139.959154264228
POST00454,2025-02-26 15:00:00,Linkedin,Image,Brand Awareness,Promotional,11,438135,266976,187113,5913,124,1762,3232,11031,5.895368039633804,42.70669998972919
POST00455,2025-02-26 18:00:00,Instagram,Carousel,Festival Campaign,Entertainment,8,209608,258624,221137,19887,1185,2675,3400,27147,12.276100335990812,105.50026716537538
POST00456,2025-02-26 21:00:00,Youtube,Reel,Product Launch,Education,19,439724,631648,483255,23481,1361,8242,7676,40760,8.434470414170573,109.89961885182524
POST00457,2025-02-27 00:00:00,Instagram,Image,Educational Series,Education,4,369344,174362,119448,4507,129,565,1027,6228,5.213984327908379,32.34058222145209
POST00458,2025-02-27 03:00:00,Youtube,Image,Brand Awareness,Education,20,379950,370497,230368,7537,422,2296,1494,11749,5.100100708431727,60.631135675746805
POST00459,2025-02-27 06:00:00,Instagram,Text,Event Promotion,Brand,2,438494,384474,246388,5551,108,2140,5011,12810,5.19911684010585,56.189594384415756
POST00460,2025-02-27 09:00:00,Instagram,Text,Event Promotion,Community,1,428078,426404,358138,17863,886,3329,8832,30910,8.63075127464832,83.66185601689412
POST00461,2025-02-27 12:00:00,Instagram,Video,Event Promotion,Brand,7,164670,308329,226543,7166,378,1643,2088,11275,4.976980087665477,137.57393575028846
POST00462,2025-02-27 15:00:00,Facebook,Reel,Educational Series,Entertainment,9,480650,460604,279729,18447,644,3185,5511,27787,9.933542821802531,58.1980651201498
POST00463,2025-02-27 18:00:00,Facebook,Reel,Educational Series,Community,14,239547,166346,136710,7951,387,1597,2362,12297,8.994952819837613,57.07022004032611
POST00464,2025-02-27 21:00:00,Youtube,Reel,Special Campaign,Promotional,8,146473,326920,239521,20047,1032,3839,1309,26227,10.949770583790148,163.52570098243362
POST00465,2025-02-28 00:00:00,Linkedin,Reel,Festival Campaign,Brand,9,175846,111415,98285,8837,281,1656,1740,12514,12.73235997354632,55.8926560740648
POST00466,2025-02-28 03:00:00,Instagram,Image,Seasonal Campaign,Community,10,203456,385596,320305,8386,106,2435,7981,18908,5.90312358533273,157.43207376533502
POST00467,2025-02-28 06:00:00,Instagram,Video,Festival Campaign,Promotional,8,284966,592583,441109,44273,1605,4299,7315,57492,13.033513258627686,154.79355431876084
POST00468,2025-02-28 09:00:00,Linkedin,Video,Festival Campaign,Community,13,450468,819101,584495,47126,545,6544,9163,63378,10.84320652871282,129.75283482955504
POST00469,2025-02-28 12:00:00,Instagram,Video,Community Campaign,Promotional,4,110585,116818,71940,5588,269,999,1731,8587,11.936335835418404,65.05403083600851
POST00470,2025-02-28 15:00:00,Linkedin,Image,Event Promotion,Community,8,107420,57654,37426,1884,107,219,773,2983,7.970394912627585,34.840811766896294
POST00471,2025-02-28 18:00:00,Instagram,Carousel,Educational Series,Brand,3,295196,293225,263009,11728,142,2846,6508,21224,8.069685828241619,89.09639697014865
POST00472,2025-02-28 21:00:00,Linkedin,Reel,Event Promotion,Brand,1,103574,110304,73522,3611,197,1422,833,6063,8.246511248333832,70.98499623457624
POST00473,2025-03-01 00:00:00,Instagram,Reel,Festival Campaign,Entertainment,18,495727,807906,641618,30956,1244,6852,6667,45719,7.125579394593045,129.42970626978158
POST00474,2025-03-01 03:00:00,Linkedin,Carousel,Educational Series,Event,0,150171,128288,85906,3848,74,755,1945,6622,7.7084254883244485,57.20545245087267
POST00475,2025-03-01 06:00:00,Youtube,Reel,Product Launch,Education,20,251224,348240,205785,18341,726,2328,4854,26249,12.755545836674198,81.91295417635259
POST00476,2025-03-01 09:00:00,Linkedin,Image,Special Campaign,Brand,0,139879,83894,47147,2654,122,230,902,3908,8.288968545188453,33.70555980526026
POST00477,2025-03-01 12:00:00,Instagram,Reel,Brand Awareness,Brand,11,426485,929564,824637,74426,2402,14039,4619,95486,11.579155434451764,193.3566245002755
POST00478,2025-03-01 15:00:00,Youtube,Carousel,Brand Awareness,Promotional,10,481793,417318,268640,10831,410,2628,2208,16077,5.984589041095891,55.758385862808304
POST00479,2025-03-01 18:00:00,Linkedin,Video,Festival Campaign,Event,0,298695,201830,145796,4042,177,728,527,5474,3.754561167658921,48.81099449270995
POST00480,2025-03-01 21:00:00,Youtube,Reel,Seasonal Campaign,Brand,13,89915,84400,47181,1925,27,390,676,3018,6.3966427163476824,52.472891063782455
POST00481,2025-03-02 00:00:00,Facebook,Video,Event Promotion,Community,10,289805,247643,179084,15580,375,503,3974,20432,11.40917111523084,61.79465502665585
POST00482,2025-03-02 03:00:00,Facebook,Reel,Product Launch,Event,6,215619,193763,114909,10375,263,1779,841,13258,11.537825583722771,53.292613359676096
POST00483,2025-03-02 06:00:00,Youtube,Image,Educational Series,Education,1,354647,167169,124600,7443,173,705,2758,11079,8.891653290529696,35.133527141072676
POST00484,2025-03-02 09:00:00,Facebook,Carousel,Seasonal Campaign,Community,14,115406,108008,91855,7774,303,1077,505,9659,10.51548636437864,79.59291544633727
POST00485,2025-03-02 12:00:00,Youtube,Carousel,Event Promotion,Promotional,7,211686,334208,253440,11158,135,2099,2146,15538,6.130839646464646,119.72449760494317
POST00486,2025-03-02 15:00:00,Linkedin,Text,Festival Campaign,Entertainment,21,273043,384089,231444,12065,723,2373,2293,17454,7.541349095245502,84.76467076614306
POST00487,2025-03-02 18:00:00,Instagram,Reel,Event Promotion,Community,19,261575,527206,417215,34550,1203,2584,7508,45845,10.988339345421426,159.5010991111536
POST00488,2025-03-02 21:00:00,Instagram,Carousel,Festival Campaign,Education,14,232282,216937,120498,5645,273,1310,1253,8481,7.038291091968331,51.875737250411134
POST00489,2025-03-03 00:00:00,Linkedin,Carousel,Community Campaign,Community,7,368074,228399,125815,8236,400,1450,1144,11230,8.925803759488138,34.18198514429164
POST00490,2025-03-03 03:00:00,Linkedin,Text,Brand Awareness,Event,9,164603,138326,108813,2800,80,1054,446,4380,4.025254335419481,66.10632856023281
POST00491,2025-03-03 06:00:00,Youtube,Reel,Seasonal Campaign,Event,18,434586,1043140,803891,87100,5105,14597,6174,112976,14.053646576463724,184.97857731266078
POST00492,2025-03-03 09:00:00,Facebook,Video,Brand Awareness,Education,2,281697,318040,237732,14537,371,1448,999,17355,7.300237241936299,84.3928050351974
POST00493,2025-03-03 12:00:00,Instagram,Image,Event Promotion,Event,19,466216,376142,296185,22220,644,2658,7180,32702,11.041072302783734,63.529565694871046
POST00494,2025-03-03 15:00:00,Instagram,Reel,Product Launch,Community,13,431781,1179208,727365,70139,1957,12786,9587,94469,12.987839667842143,168.45692608058252
POST00495,2025-03-03 18:00:00,Youtube,Image,Educational Series,Entertainment,8,406678,415471,364284,28347,1420,2092,5782,37641,10.332872154692492,89.57553641947683
POST00496,2025-03-03 21:00:00,Instagram,Reel,Festival Campaign,Community,8,414048,1012749,559329,44871,661,2755,5241,53528,9.570038385279505,135.08796081613724
POST00497,2025-03-04 00:00:00,Youtube,Image,Educational Series,Entertainment,20,460194,670719,482038,33309,1460,2285,5702,42756,8.869840137084628,104.7466937856643
POST00498,2025-03-04 03:00:00,Instagram,Video,Brand Awareness,Event,5,496157,557997,465025,21096,798,1517,10395,33806,7.2697166818988235,93.72537321855783
POST00499,2025-03-04 06:00:00,Linkedin,Image,Special Campaign,Community,7,161257,147359,86210,5982,302,466,1927,8677,10.064957661524184,53.461245093236265
POST00500,2025-03-04 09:00:00,Linkedin,Carousel,Product Launch,Event,10,154564,235395,202957,15455,694,1241,3947,21337,10.51306434367871,131.30936052379596
POST00501,2025-03-04 12:00:00,Facebook,Image,Product Launch,Entertainment,7,209310,171933,104751,6101,283,751,2349,9484,9.053851514544013,50.04586498495055
POST00502,2025-03-04 15:00:00,Youtube,Reel,Educational Series,Event,11,78859,73739,57467,4008,50,451,1315,5824,10.134511980788973,72.87310262620626
POST00503,2025-03-04 18:00:00,Instagram,Reel,Brand Awareness,Brand,9,326774,489890,375793,15995,427,6189,7419,30030,7.991101484061704,115.0008874635069
POST00504,2025-03-04 21:00:00,Facebook,Image,Special Campaign,Promotional,22,216896,132860,106428,4946,223,621,1823,7613,7.153192768820235,49.068678076128656
POST00505,2025-03-05 00:00:00,Facebook,Reel,Educational Series,Community,3,191656,160393,105799,8024,190,1788,1973,11975,11.318632501252376,55.20255040280503
POST00506,2025-03-05 03:00:00,Instagram,Reel,Event Promotion,Brand,15,21076,48532,32800,1269,69,386,792,2516,7.670731707317073,155.62725374833934
POST00507,2025-03-05 06:00:00,Linkedin,Image,Product Launch,Event,19,133868,163989,98630,5234,93,1015,1407,7749,7.8566359119943225,73.67705500941226
POST00508,2025-03-05 09:00:00,Facebook,Reel,Product Launch,Event,5,185211,256062,214919,13966,789,3007,1201,18963,8.823324136069868,116.04008401228869
POST00509,2025-03-05 12:00:00,Linkedin,Reel,Event Promotion,Promotional,8,217682,277203,189667,17681,615,785,2827,21908,11.550770561035922,87.13030935033673
POST00510,2025-03-05 15:00:00,Facebook,Image,Brand Awareness,Event,22,188774,199924,138186,6941,218,450,2313,9922,7.180177441998466,73.20181804697681
POST00511,2025-03-05 18:00:00,Facebook,Reel,Product Launch,Promotional,4,282041,450335,265232,7409,87,4651,4536,16683,6.289965011763286,94.04022819377325
POST00512,2025-03-05 21:00:00,Youtube,Text,Seasonal Campaign,Community,20,178607,238998,212897,5847,105,494,4347,10793,5.069587640971926,119.19857564373177
POST00513,2025-03-06 00:00:00,Linkedin,Video,Special Campaign,Entertainment,23,118343,134136,90899,9186,237,473,814,10710,11.782307836169815,76.80978173613985
POST00514,2025-03-06 03:00:00,Linkedin,Carousel,Community Campaign,Promotional,5,476953,270930,190061,10946,324,1966,3430,16666,8.768763712702764,39.84899979662566
POST00515,2025-03-06 06:00:00,Instagram,Reel,Community Campaign,Promotional,16,345849,460541,357421,11768,477,1293,3346,16884,4.7238410725726805,103.345968905505
POST00516,2025-03-06 09:00:00,Instagram,Video,Community Campaign,Brand,16,483026,548505,474935,22737,584,4812,11275,39408,8.297556507732637,98.32493488963327
POST00517,2025-03-06 12:00:00,Instagram,Video,Festival Campaign,Event,23,179270,242311,181546,11467,308,2086,4266,18127,9.984797241470481,101.26959335081163
POST00518,2025-03-06 15:00:00,Facebook,Video,Seasonal Campaign,Community,21,397014,716951,498274,26537,920,7821,6873,42151,8.459401855204165,125.50539779453622
POST00519,2025-03-06 18:00:00,Linkedin,Reel,Festival Campaign,Entertainment,12,377539,636517,464774,46111,729,7559,7597,61996,13.338956137821823,123.10622213863998
POST00520,2025-03-06 21:00:00,Instagram,Carousel,Brand Awareness,Education,16,210185,158953,95782,3520,118,1448,634,5720,5.971894510450816,45.57033089896996
POST00521,2025-03-07 00:00:00,Youtube,Video,Event Promotion,Promotional,13,385944,933922,604801,37252,2181,8518,9757,57708,9.541650890127498,156.70693157556536
POST00522,2025-03-07 03:00:00,Instagram,Image,Educational Series,Education,1,327904,222381,167712,4635,259,1706,2962,9562,5.701440564777714,51.14667707621743
POST00523,2025-03-07 06:00:00,Linkedin,Carousel,Seasonal Campaign,Event,18,208912,266705,230106,9932,287,2167,4413,16799,7.300548442891537,110.14494141073754
POST00524,2025-03-07 09:00:00,Facebook,Image,Special Campaign,Promotional,2,143476,123268,88391,3605,181,482,2115,6383,7.221323437906574,61.60681925897015
POST00525,2025-03-07 12:00:00,Facebook,Image,Brand Awareness,Education,1,317420,204015,163626,5680,75,2003,1073,8831,5.397064036277853,51.54873668955957
POST00526,2025-03-07 15:00:00,Youtube,Reel,Educational Series,Brand,1,490770,405552,233329,6330,355,3304,1042,11031,4.727659227957091,47.543452126250585
POST00527,2025-03-07 18:00:00,Youtube,Carousel,Brand Awareness,Education,21,81913,139963,90615,4120,245,1160,940,6465,7.134580367488827,110.62346636065092
POST00528,2025-03-07 21:00:00,Instagram,Reel,Festival Campaign,Brand,6,471244,464247,335129,20825,976,5340,7604,34745,10.367649472292758,71.11581261512083
POST00529,2025-03-08 00:00:00,Instagram,Image,Community Campaign,Entertainment,3,355752,388131,336781,17978,233,3738,3992,25941,7.702631680528296,94.6673525377229
POST00530,2025-03-08 03:00:00,Linkedin,Reel,Event Promotion,Event,16,33348,29206,16926,1597,90,88,209,1984,11.72161172161172,50.75566750629723
POST00531,2025-03-08 06:00:00,Facebook,Image,Festival Campaign,Community,5,328822,276821,216594,6244,243,1203,2258,9948,4.592925011773179,65.86968025253785
POST00532,2025-03-08 09:00:00,Linkedin,Reel,Event Promotion,Education,6,165024,115893,84128,4334,237,942,431,5944,7.06542411563332,50.97925150281172
POST00533,2025-03-08 12:00:00,Linkedin,Carousel,Seasonal Campaign,Promotional,19,134369,195401,146001,6000,88,1792,1431,9311,6.377353579770001,108.65675862736197
POST00534,2025-03-08 15:00:00,Youtube,Video,Educational Series,Event,5,20318,15292,9367,972,15,66,108,1161,12.394576705455322,46.101978541194995
POST00535,2025-03-08 18:00:00,Facebook,Reel,Brand Awareness,Education,8,359498,500017,408826,39874,1206,3917,4887,49884,12.201767989315748,113.72135589071428
POST00536,2025-03-08 21:00:00,Linkedin,Reel,Product Launch,Promotional,19,308155,659764,438648,25717,594,8421,8190,42922,9.785066841750105,142.34654638087974
POST00537,2025-03-09 00:00:00,Facebook,Reel,Product Launch,Promotional,3,300931,286938,249810,24011,1320,2741,2832,30904,12.371001961490732,83.01238489886386
POST00538,2025-03-09 03:00:00,Instagram,Video,Event Promotion,Community,4,394430,448286,398346,34560,411,6644,7948,49563,12.44219849075929,100.99282508936946
POST00539,2025-03-09 06:00:00,Youtube,Image,Community Campaign,Community,18,391304,633385,349974,9803,379,4366,6592,21140,6.040448719047701,89.43787950033733
POST00540,2025-03-09 09:00:00,Instagram,Image,Community Campaign,Promotional,9,476644,345111,229080,14649,187,1610,2400,18846,8.22682032477737,48.061026678191695
POST00541,2025-03-09 12:00:00,Linkedin,Reel,Event Promotion,Community,17,425732,275006,212344,11145,470,2605,4280,18500,8.71227819010662,49.87738765232588
POST00542,2025-03-09 15:00:00,Facebook,Carousel,Festival Campaign,Promotional,14,381176,298914,192072,11212,185,1417,3695,16509,8.59521429463951,50.38932146829811
POST00543,2025-03-09 18:00:00,Instagram,Video,Product Launch,Education,0,185127,242167,159951,3715,179,2224,2540,8658,5.41290770298404,86.40068709588553
POST00544,2025-03-09 21:00:00,Facebook,Video,Festival Campaign,Entertainment,4,384449,278899,200968,13471,652,3479,2192,19794,9.849329246447196,52.27429385952364
POST00545,2025-03-10 00:00:00,Facebook,Carousel,Educational Series,Community,4,271366,153447,87708,4810,171,1178,1962,8121,9.259132576275825,32.320924507860234
POST00546,2025-03-10 03:00:00,Instagram,Reel,Product Launch,Brand,7,290896,562102,385505,10093,176,5127,1516,16912,4.386972931609188,132.52330729882843
POST00547,2025-03-10 06:00:00,Instagram,Reel,Educational Series,Brand,21,217983,199886,152949,10858,117,741,2366,14082,9.206990565482611,70.16556336962057
POST00548,2025-03-10 09:00:00,Facebook,Reel,Brand Awareness,Brand,21,406489,388218,226225,18146,463,1023,1869,21501,9.504254613769477,55.65341251546783
POST00549,2025-03-10 12:00:00,Youtube,Reel,Festival Campaign,Entertainment,21,362650,1228001,753705,27002,1167,3867,4952,36988,4.907490331097711,207.83262098442026
POST00550,2025-03-10 15:00:00,Facebook,Reel,Event Promotion,Promotional,19,210922,397984,275758,18302,784,2326,2153,23565,8.545536303570522,130.73932543783957
POST00551,2025-03-10 18:00:00,Youtube,Reel,Product Launch,Promotional,14,392526,615306,551805,26914,988,9906,3449,41257,7.476735440961935,140.5779489766283
POST00552,2025-03-10 21:00:00,Linkedin,Image,Festival Campaign,Event,16,118328,52891,43467,1180,15,118,568,1881,4.327420801987715,36.73433168818877
POST00553,2025-03-11 00:00:00,Youtube,Text,Event Promotion,Brand,18,168610,199415,119808,3482,59,977,1606,6124,5.111511752136752,71.05628373168851
POST00554,2025-03-11 03:00:00,Youtube,Carousel,Brand Awareness,Brand,12,294801,265822,182461,8782,154,849,1581,11366,6.229276393311448,61.89293794797168
POST00555,2025-03-11 06:00:00,Linkedin,Video,Product Launch,Promotional,21,431059,913616,803371,46458,1967,12665,3529,64619,8.043481778655192,186.37147119071867
POST00556,2025-03-11 09:00:00,Youtube,Carousel,Educational Series,Brand,20,101119,158035,138944,5825,134,1292,2683,9934,7.149643021649011,137.40642213629485
POST00557,2025-03-11 12:00:00,Instagram,Reel,Brand Awareness,Promotional,9,303635,755156,656170,63737,3084,2303,10194,79318,12.088025968880016,216.10486274638956
POST00558,2025-03-11 15:00:00,Instagram,Carousel,Community Campaign,Promotional,16,123010,207448,153666,3512,85,677,3351,7625,4.962060572930902,124.92155109340703
POST00559,2025-03-11 18:00:00,Facebook,Reel,Event Promotion,Community,4,197503,202395,129257,6640,205,1985,2251,11081,8.572843250268845,65.44558816828099
POST00560,2025-03-11 21:00:00,Facebook,Carousel,Special Campaign,Promotional,17,148801,174064,155103,6854,353,1728,873,9808,6.323539841266772,104.23518659148796
POST00561,2025-03-12 00:00:00,Facebook,Reel,Product Launch,Education,16,214547,337928,258955,9785,451,3825,4348,18409,7.108957154718001,120.69849496846845
POST00562,2025-03-12 03:00:00,Instagram,Text,Product Launch,Education,3,324324,269077,217351,8832,427,1701,3950,14910,6.859871820235472,67.01662534995869
POST00563,2025-03-12 06:00:00,Instagram,Reel,Seasonal Campaign,Education,21,300684,324267,193653,17350,304,1754,4651,24059,12.42376828657444,64.40415851857765
POST00564,2025-03-12 09:00:00,Instagram,Reel,Seasonal Campaign,Education,6,222587,311160,239707,20377,413,839,3682,25311,10.559140951244645,107.69137460858002
POST00565,2025-03-12 12:00:00,Instagram,Text,Brand Awareness,Entertainment,4,473851,242026,177508,8299,269,1802,3979,14349,8.083579331635757,37.460720775095965
POST00566,2025-03-12 15:00:00,Youtube,Reel,Product Launch,Event,7,27943,57669,39962,2487,25,302,358,3172,7.937540663630449,143.012561285474
POST00567,2025-03-12 18:00:00,Instagram,Carousel,Event Promotion,Event,7,140730,227979,170552,15477,175,391,825,16868,9.890238754162953,121.19093299225467
POST00568,2025-03-12 21:00:00,Youtube,Carousel,Brand Awareness,Promotional,10,291055,542770,439646,30912,1566,4214,7803,44495,10.12064251693408,151.05255020528764
POST00569,2025-03-13 00:00:00,Linkedin,Video,Educational Series,Brand,8,453470,420152,289725,19556,351,964,963,21834,7.536111830183795,63.890665314133244
POST00570,2025-03-13 03:00:00,Instagram,Text,Brand Awareness,Education,18,250481,334126,261176,7488,236,1275,3646,12645,4.841562777590591,104.2697849337874
POST00571,2025-03-13 06:00:00,Youtube,Text,Brand Awareness,Event,18,345144,288769,219104,13758,214,2015,5316,21303,9.722780049656784,63.48190900030133
POST00572,2025-03-13 09:00:00,Facebook,Reel,Special Campaign,Event,8,89305,97320,86023,3319,122,1376,1760,6577,7.645629657184706,96.32495380997705
POST00573,2025-03-13 12:00:00,Instagram,Video,Educational Series,Education,22,22479,37256,25242,1396,55,448,538,2437,9.654544013945014,112.2914720405712
POST00574,2025-03-13 15:00:00,Facebook,Carousel,Community Campaign,Entertainment,19,30112,54004,45274,1773,32,652,1041,3498,7.726288819189822,150.3520191285866
POST00575,2025-03-13 18:00:00,Linkedin,Carousel,Seasonal Campaign,Entertainment,16,391719,443388,388634,21948,706,1182,4220,28056,7.219131625128012,99.21244565619742
POST00576,2025-03-13 21:00:00,Linkedin,Reel,Event Promotion,Event,15,483483,412884,238920,23908,892,1520,4481,30801,12.891762933199397,49.41642208722954
POST00577,2025-03-14 00:00:00,Instagram,Carousel,Community Campaign,Entertainment,6,213684,365949,216144,10255,341,1455,5062,17113,7.917406913909246,101.15123266131296
POST00578,2025-03-14 03:00:00,Linkedin,Text,Community Campaign,Community,21,490113,554936,415533,12409,198,4317,1433,18357,4.417699677281949,84.78310103996425
POST00579,2025-03-14 06:00:00,Youtube,Text,Community Campaign,Education,2,252548,113911,66914,1664,74,473,208,2419,3.6150880234330636,26.4955572802002
POST00580,2025-03-14 09:00:00,Instagram,Image,Seasonal Campaign,Event,20,66809,124064,107470,3563,184,617,1715,6079,5.656462268540058,160.86156056818692
POST00581,2025-03-14 12:00:00,Youtube,Reel,Festival Campaign,Education,18,280462,469895,319197,29295,601,4880,6573,41349,12.95406911719095,113.81114019011488
POST00582,2025-03-14 15:00:00,Linkedin,Image,Seasonal Campaign,Entertainment,7,52205,27126,18760,1110,46,72,325,1553,8.27825159914712,35.935255243750596
POST00583,2025-03-14 18:00:00,Youtube,Video,Community Campaign,Education,4,223676,279079,232385,12000,439,1318,2279,16036,6.900617509735999,103.89357821134139
POST00584,2025-03-14 21:00:00,Instagram,Carousel,Festival Campaign,Entertainment,5,419773,365206,237353,20581,312,2670,1431,24994,10.53030717960169,56.543179289758996
POST00585,2025-03-15 00:00:00,Facebook,Image,Educational Series,Entertainment,1,187170,97593,77460,3468,177,806,259,4710,6.0805577072037185,41.384837313672065
POST00586,2025-03-15 03:00:00,Instagram,Reel,Seasonal Campaign,Education,23,452006,835344,651746,47150,1723,10331,16012,75216,11.540692232863723,144.18967889806774
POST00587,2025-03-15 06:00:00,Instagram,Image,Event Promotion,Entertainment,18,130947,278253,232335,14506,178,3038,1997,19719,8.487313577377494,177.42674517171068
POST00588,2025-03-15 09:00:00,Instagram,Image,Community Campaign,Community,12,316970,316194,271456,13743,534,3580,1700,19557,7.204482494400565,85.6409123891851
POST00589,2025-03-15 12:00:00,Instagram,Text,Product Launch,Promotional,5,435290,533464,439913,17666,517,1414,4766,24363,5.538140495961701,101.062050586965
POST00590,2025-03-15 15:00:00,Instagram,Carousel,Educational Series,Education,5,146201,89188,54009,3743,100,413,1176,5432,10.057582995426689,36.941607786540445
POST00591,2025-03-15 18:00:00,Instagram,Reel,Festival Campaign,Promotional,1,369835,780407,511379,47929,2801,1911,9387,62028,12.129555574241415,138.27220246866847
POST00592,2025-03-15 21:00:00,Facebook,Image,Seasonal Campaign,Education,23,136558,126437,87375,5369,233,1077,1901,8580,9.819742489270386,63.983801754565825
POST00593,2025-03-16 00:00:00,Instagram,Reel,Event Promotion,Entertainment,4,384069,529395,372391,20652,1065,3412,2360,27489,7.381757346445,96.95940052438495
POST00594,2025-03-16 03:00:00,Instagram,Text,Brand Awareness,Entertainment,10,258713,181408,117967,5407,249,1068,1115,7839,6.645078708452363,45.59763135211605
POST00595,2025-03-16 06:00:00,Linkedin,Image,Event Promotion,Event,10,253367,186546,126894,5325,301,874,2308,8808,6.941226535533596,50.08308106422699
POST00596,2025-03-16 09:00:00,Youtube,Image,Event Promotion,Community,23,116320,85416,52391,1247,35,497,171,1950,3.722013322898971,45.040405777166434
POST00597,2025-03-16 12:00:00,Facebook,Image,Community Campaign,Event,13,314545,356535,209845,6587,293,2717,3660,13257,6.317520074340585,66.7138247309606
POST00598,2025-03-16 15:00:00,Instagram,Carousel,Community Campaign,Promotional,12,424781,546065,414785,20384,671,3844,7519,32418,7.815615318779609,97.6467874033914
POST00599,2025-03-16 18:00:00,Instagram,Carousel,Seasonal Campaign,Entertainment,7,110236,128798,76221,7270,266,748,484,8768,11.503391453798823,69.14347400123371
POST00600,2025-03-16 21:00:00,Instagram,Carousel,Seasonal Campaign,Event,14,257879,524092,300600,15563,704,1446,1913,19626,6.528942115768463,116.56629659646578
POST00601,2025-03-17 00:00:00,Instagram,Reel,Special Campaign,Entertainment,11,84702,133638,107389,4439,141,1219,1097,6896,6.421514307796889,126.78449151141649
POST00602,2025-03-17 03:00:00,Instagram,Reel,Festival Campaign,Education,2,463142,643437,552373,20905,1087,7016,4391,33399,6.046457737796743,119.2664452802812
POST00603,2025-03-17 06:00:00,Instagram,Reel,Special Campaign,Event,20,231945,371563,220516,17061,534,2071,3646,23312,10.571568502965771,95.07253874841018
POST00604,2025-03-17 09:00:00,Instagram,Carousel,Seasonal Campaign,Promotional,22,162184,253359,220311,16428,753,961,3138,21280,9.659072856098879,135.84015685887633
POST00605,2025-03-17 12:00:00,Instagram,Reel,Festival Campaign,Event,4,99297,165352,137733,14316,487,2106,2638,19547,14.191951093782897,138.70811807003233
POST00606,2025-03-17 15:00:00,Youtube,Image,Community Campaign,Entertainment,5,390471,474221,290497,24048,304,1412,5637,31401,10.809405949114794,74.39656210064256
POST00607,2025-03-17 18:00:00,Instagram,Video,Community Campaign,Brand,1,422101,272117,188872,10373,126,2949,2772,16220,8.587826676267525,44.74568882802931
POST00608,2025-03-17 21:00:00,Instagram,Video,Product Launch,Brand,7,414592,457856,393103,11527,680,3876,7930,24013,6.1085771413598975,94.81683196974376
POST00609,2025-03-18 00:00:00,Youtube,Image,Product Launch,Community,4,157011,98880,81259,5050,122,756,801,6729,8.28092888172387,51.75369878543542
POST00610,2025-03-18 03:00:00,Facebook,Image,Educational Series,Entertainment,21,193021,147698,94804,7522,193,272,2335,10322,10.887726256276107,49.1158993062931
POST00611,2025-03-18 06:00:00,Instagram,Reel,Community Campaign,Education,16,153918,129985,101432,8281,468,827,505,10081,9.93867812919,65.90002468847048
POST00612,2025-03-18 09:00:00,Facebook,Carousel,Brand Awareness,Event,1,92353,76470,45773,2998,174,613,799,4584,10.014637450025123,49.5630894502615
POST00613,2025-03-18 12:00:00,Facebook,Video,Product Launch,Brand,10,27430,40036,31621,1053,55,512,494,2114,6.6854305682932225,115.27889172438937
POST00614,2025-03-18 15:00:00,Instagram,Reel,Festival Campaign,Education,3,177400,304645,248549,9784,318,1752,3930,15784,6.350458058571952,140.1065388951522
POST00615,2025-03-18 18:00:00,Linkedin,Image,Event Promotion,Entertainment,10,162223,145738,95222,7931,327,190,1450,9898,10.394656696981789,58.698211720902705
POST00616,2025-03-18 21:00:00,Linkedin,Video,Seasonal Campaign,Education,8,473013,432888,309432,19404,394,2898,4735,27431,8.864952558235736,65.41722954760229
POST00617,2025-03-19 00:00:00,Instagram,Video,Seasonal Campaign,Entertainment,5,178691,372989,335169,20021,991,1981,6405,29398,8.77109756570566,187.56904376829274
POST00618,2025-03-19 03:00:00,Instagram,Reel,Educational Series,Community,23,316628,470628,294940,25264,984,1169,1013,28430,9.639248660744558,93.15032151294264
POST00619,2025-03-19 06:00:00,Facebook,Image,Product Launch,Event,1,144506,124404,69939,2085,112,241,1132,3570,5.104448161969716,48.398682407650895
POST00620,2025-03-19 09:00:00,Facebook,Reel,Event Promotion,Education,14,178736,353056,296413,13347,597,5001,1975,20920,7.057720140479669,165.83844329066332
POST00621,2025-03-19 12:00:00,Instagram,Reel,Event Promotion,Event,4,157852,333894,221526,20658,1056,3229,814,25757,11.627077634228037,140.33778476040848
POST00622,2025-03-19 15:00:00,Instagram,Text,Product Launch,Education,11,219939,214769,145548,7878,274,1329,540,10021,6.88501387858301,66.17653076534857
POST00623,2025-03-19 18:00:00,Instagram,Video,Brand Awareness,Entertainment,12,48604,102946,89735,7037,77,1037,516,8667,9.658438736279045,184.6247222450827
POST00624,2025-03-19 21:00:00,Youtube,Video,Brand Awareness,Entertainment,16,127385,178113,118085,9990,532,758,2321,13601,11.517974340517425,92.699297405503
POST00625,2025-03-20 00:00:00,Facebook,Reel,Educational Series,Education,3,37762,36505,29015,2021,75,364,355,2815,9.70187833879028,76.8365023039034
POST00626,2025-03-20 03:00:00,Instagram,Video,Special Campaign,Community,9,401416,1035884,783557,63643,2102,7140,12675,85560,10.919435344205972,195.19824820136716
POST00627,2025-03-20 06:00:00,Youtube,Image,Brand Awareness,Entertainment,0,174837,126127,99944,8339,128,1095,457,10019,10.024613783718884,57.16410142017993
POST00628,2025-03-20 09:00:00,Facebook,Reel,Educational Series,Promotional,10,214798,340541,198928,19944,593,2378,3062,25977,13.058493525295583,92.6116630508664
POST00629,2025-03-20 12:00:00,Instagram,Image,Special Campaign,Promotional,15,188115,248324,158628,8902,472,1464,1943,12781,8.05721562397559,84.32501395423012
POST00630,2025-03-20 15:00:00,Instagram,Reel,Special Campaign,Event,10,238530,368394,206192,21542,1219,2856,2823,28440,13.79296965934663,86.44279545549826
POST00631,2025-03-20 18:00:00,Facebook,Video,Festival Campaign,Promotional,8,472267,719086,623647,41406,2244,2265,2335,48250,7.736748513181335,132.0539017123788
POST00632,2025-03-20 21:00:00,Linkedin,Image,Special Campaign,Promotional,1,371374,218652,120460,8069,266,1068,1119,10522,8.734849742653163,32.4363041031413
POST00633,2025-03-21 00:00:00,Youtube,Reel,Product Launch,Community,6,161628,167251,128572,12182,234,2108,2846,17370,13.50993995582242,79.54809810181405
POST00634,2025-03-21 03:00:00,Youtube,Reel,Special Campaign,Community,18,361235,1119772,644547,43951,1340,5597,13120,64008,9.930695511731495,178.4287236840284
POST00635,2025-03-21 06:00:00,Instagram,Reel,Event Promotion,Brand,17,134919,192875,124276,4221,75,2172,1799,8267,6.652129131932151,92.11156323423684
POST00636,2025-03-21 09:00:00,Instagram,Reel,Educational Series,Brand,19,150731,255931,153596,10670,418,1931,2426,15445,10.05560040626058,101.90073707465616
POST00637,2025-03-21 12:00:00,Youtube,Image,Seasonal Campaign,Community,6,30004,40784,34101,1574,47,437,242,2300,6.744670244274362,113.6548460205306
POST00638,2025-03-21 15:00:00,Instagram,Video,Brand Awareness,Brand,22,210028,397644,318384,11983,193,5578,2019,19773,6.2104251469923115,151.59121640924067
POST00639,2025-03-21 18:00:00,Instagram,Reel,Seasonal Campaign,Community,8,385870,867541,652249,64546,1950,9492,14164,90152,13.821715326508741,169.03335320185556
POST00640,2025-03-21 21:00:00,Instagram,Reel,Educational Series,Brand,11,171882,268943,226784,7910,177,4114,1764,13965,6.1578418230563,131.9416809206316
POST00641,2025-03-22 00:00:00,Instagram,Image,Community Campaign,Entertainment,2,475216,507168,324416,11758,272,2801,7454,22285,6.8692666206352335,68.26706171509377
POST00642,2025-03-22 03:00:00,Instagram,Video,Educational Series,Community,22,227796,236529,205032,20692,915,3438,1480,26525,12.937004955324047,90.0068482326292
POST00643,2025-03-22 06:00:00,Instagram,Reel,Brand Awareness,Event,21,20247,40141,25055,2420,106,360,196,3082,12.300937936539613,123.7467279103077
POST00644,2025-03-22 09:00:00,Instagram,Reel,Community Campaign,Event,15,433978,1018208,772301,37955,1627,6543,15339,61464,7.958555019351262,177.95856011134205
POST00645,2025-03-22 12:00:00,Instagram,Image,Community Campaign,Community,6,394046,532904,455880,20678,510,3273,7465,31926,7.003158725980521,115.69207655958948
POST00646,2025-03-22 15:00:00,Linkedin,Reel,Special Campaign,Promotional,22,65995,37183,32771,3555,153,144,394,4246,12.956577461780233,49.65679218122585
POST00647,2025-03-22 18:00:00,Youtube,Reel,Brand Awareness,Event,4,341567,248429,140106,11164,248,539,1025,12976,9.261559105248883,41.0185995719727
POST00648,2025-03-22 21:00:00,Facebook,Carousel,Community Campaign,Promotional,22,230419,307626,227431,19634,1049,1152,3135,24970,10.97915411707287,98.70323193833842
POST00649,2025-03-23 00:00:00,Facebook,Carousel,Product Launch,Event,6,220349,333641,289454,13515,798,2283,5786,22382,7.732489445645941,131.36161271437584
POST00650,2025-03-23 03:00:00,Youtube,Image,Event Promotion,Education,18,81969,100352,77036,4431,208,254,1897,6790,8.814060958512904,93.98187119520794
POST00651,2025-03-23 06:00:00,Instagram,Carousel,Seasonal Campaign,Education,16,311196,404425,326725,19739,292,5063,4907,30001,9.182339888285256,104.99010270054885
POST00652,2025-03-23 09:00:00,Youtube,Carousel,Product Launch,Community,15,331358,352500,244610,10211,604,2062,3932,16809,6.8717550386329265,73.82046004623398
POST00653,2025-03-23 12:00:00,Youtube,Reel,Product Launch,Event,20,269983,790621,662989,24542,1374,2440,10447,38803,5.852736621572907,245.56694310382508
POST00654,2025-03-23 15:00:00,Facebook,Image,Brand Awareness,Entertainment,23,185391,178935,139813,7502,406,682,1422,10012,7.160993612897228,75.41520354278255
POST00655,2025-03-23 18:00:00,Youtube,Reel,Special Campaign,Promotional,20,485058,1169560,933961,46282,1506,8768,6491,63047,6.750496005721867,192.54625220076775
POST00656,2025-03-23 21:00:00,Instagram,Reel,Brand Awareness,Event,18,219613,395656,274881,10268,603,2688,2452,16011,5.824702325733681,125.16608761776398
POST00657,2025-03-24 00:00:00,Instagram,Carousel,Seasonal Campaign,Community,17,88858,109355,93351,3378,175,1054,1024,5631,6.032072500562394,105.05638209277723
POST00658,2025-03-24 03:00:00,Instagram,Video,Event Promotion,Promotional,18,494760,698808,522599,45403,1877,4204,4217,55701,10.658458971410202,105.62676853423882
POST00659,2025-03-24 06:00:00,Facebook,Text,Educational Series,Brand,3,60765,42317,36289,814,42,92,401,1349,3.7173799222905015,59.720233687155435
POST00660,2025-03-24 09:00:00,Youtube,Carousel,Product Launch,Community,0,438086,711447,488968,27641,915,7485,8990,45031,9.209396115901244,111.61461448208799
POST00661,2025-03-24 12:00:00,Instagram,Reel,Community Campaign,Event,3,163538,291218,193637,8202,366,1219,2603,12390,6.398570521129743,118.40489672125133
POST00662,2025-03-24 15:00:00,Linkedin,Reel,Event Promotion,Entertainment,3,327428,483953,314202,10812,564,2566,2580,16522,5.258400646717717,95.9606386747621
POST00663,2025-03-24 18:00:00,Facebook,Video,Product Launch,Brand,8,332178,451509,400629,27049,336,5422,5270,38077,9.504304481203308,120.60672290157686
POST00664,2025-03-24 21:00:00,Instagram,Image,Educational Series,Community,7,315305,231006,149567,4507,109,321,1134,6071,4.0590504589916225,47.435657537939456
POST00665,2025-03-25 00:00:00,Instagram,Carousel,Special Campaign,Event,1,481491,706436,617664,17129,387,4215,13369,35100,5.682701274479329,128.28152551138027
POST00666,2025-03-25 03:00:00,Instagram,Video,Community Campaign,Education,22,211883,226054,198474,10229,414,2261,3093,15997,8.059997783084938,93.67150738851159
POST00667,2025-03-25 06:00:00,Instagram,Carousel,Product Launch,Event,5,253543,297445,178269,10329,479,1686,2785,15279,8.570755431398617,70.31115037685916
POST00668,2025-03-25 09:00:00,Instagram,Video,Festival Campaign,Education,22,73565,80655,51172,3291,163,634,889,4977,9.726022043304933,69.56025283762659
POST00669,2025-03-25 12:00:00,Instagram,Reel,Seasonal Campaign,Education,10,343458,522969,374432,11365,356,6704,8527,26952,7.1981027262627135,109.0182787997368
POST00670,2025-03-25 15:00:00,Instagram,Carousel,Event Promotion,Community,3,401522,531603,397134,21564,588,3253,8958,34363,8.652746931766105,98.90715826281001
POST00671,2025-03-25 18:00:00,Instagram,Video,Seasonal Campaign,Event,13,204698,230929,166526,9883,518,1582,3939,15922,9.561269711636623,81.35204056707931
POST00672,2025-03-25 21:00:00,Linkedin,Reel,Brand Awareness,Event,20,491946,408722,364501,15652,378,5559,3606,25195,6.912189541318131,74.09370134120412
POST00673,2025-03-26 00:00:00,Instagram,Carousel,Product Launch,Education,21,220839,450608,358814,16283,287,4480,3303,24353,6.787081886436984,162.47764208314655
POST00674,2025-03-26 03:00:00,Youtube,Reel,Community Campaign,Promotional,8,334073,606549,377809,36178,1081,3103,4818,45180,11.958423436180714,113.0917494080635
POST00675,2025-03-26 06:00:00,Youtube,Text,Community Campaign,Brand,1,244876,167280,127195,5890,64,351,1313,7618,5.989229136365423,51.942615854554965
POST00676,2025-03-26 09:00:00,Linkedin,Reel,Event Promotion,Entertainment,0,480153,336979,281161,12913,146,5024,4804,22887,8.14017591344461,58.5565434351134
POST00677,2025-03-26 12:00:00,Instagram,Image,Event Promotion,Event,3,28086,25620,22102,727,11,63,461,1262,5.709890507646366,78.69401125115716
POST00678,2025-03-26 15:00:00,Instagram,Reel,Seasonal Campaign,Brand,11,475798,1038841,802587,60479,2933,13123,19748,96283,11.996581056010127,168.68229794997035
POST00679,2025-03-26 18:00:00,Linkedin,Carousel,Community Campaign,Brand,4,381353,299118,251579,14763,595,3497,5949,24804,9.859328481312033,65.97011168130315
POST00680,2025-03-26 21:00:00,Linkedin,Reel,Community Campaign,Promotional,8,479281,301632,219344,20825,707,662,2777,24971,11.38440075862572,45.76521915118688
POST00681,2025-03-27 00:00:00,Facebook,Reel,Community Campaign,Brand,21,453995,983269,550910,42153,1896,9703,1906,55658,10.102920622243197,121.34715140034582
POST00682,2025-03-27 03:00:00,Instagram,Image,Product Launch,Event,3,174534,134987,92111,5394,79,1193,882,7548,8.194461030712946,52.775390468332816
POST00683,2025-03-27 06:00:00,Instagram,Text,Community Campaign,Community,15,198841,131573,99001,6388,281,785,361,7815,7.893859657983253,49.78902741386334
POST00684,2025-03-27 09:00:00,Facebook,Reel,Brand Awareness,Community,1,138409,125903,93796,3775,75,583,828,5261,5.608981193227856,67.76726946947092
POST00685,2025-03-27 12:00:00,Linkedin,Reel,Community Campaign,Brand,15,206950,168252,120413,8717,254,1127,428,10526,8.74158105852358,58.18458564870742
POST00686,2025-03-27 15:00:00,Youtube,Video,Brand Awareness,Event,15,168028,325851,256054,11350,497,3048,2406,17301,6.756777867168644,152.38769728854714
POST00687,2025-03-27 18:00:00,Youtube,Image,Product Launch,Event,20,364707,329704,283554,6336,346,1849,3714,12245,4.318401433236703,77.74843915800903
POST00688,2025-03-27 21:00:00,Instagram,Text,Event Promotion,Education,23,395356,269873,228374,4556,164,859,4871,10450,4.5758273708916075,57.76414168496241
POST00689,2025-03-28 00:00:00,Facebook,Reel,Special Campaign,Promotional,23,499207,545682,491070,32810,1049,5476,5090,44425,9.046571771845155,98.37001484354185
POST00690,2025-03-28 03:00:00,Instagram,Carousel,Brand Awareness,Entertainment,21,273831,493588,366256,13567,730,2042,7181,23520,6.421737800882443,133.75257001581267
POST00691,2025-03-28 06:00:00,Instagram,Reel,Product Launch,Education,10,125317,118540,102699,7020,222,616,2219,10077,9.812169544007245,81.95137132232658
POST00692,2025-03-28 09:00:00,Youtube,Reel,Special Campaign,Entertainment,0,258860,217296,130413,7228,382,1946,2767,12323,9.449211351629055,50.37974194545314
POST00693,2025-03-28 12:00:00,Youtube,Carousel,Special Campaign,Event,14,457771,533119,454308,35624,451,6450,6396,48921,10.768245331361104,99.24350821699059
POST00694,2025-03-28 15:00:00,Instagram,Image,Community Campaign,Community,23,65602,76214,43341,1110,18,325,441,1894,4.369996077617037,66.0665833358739
POST00695,2025-03-28 18:00:00,Instagram,Video,Product Launch,Education,3,156677,244553,204588,14761,295,1757,5097,21910,10.709328015328367,130.57947241777669
POST00696,2025-03-28 21:00:00,Facebook,Reel,Special Campaign,Brand,17,358357,501450,396222,32669,1575,1293,8606,44143,11.14097652326221,110.56627887832524
POST00697,2025-03-29 00:00:00,Instagram,Image,Community Campaign,Brand,16,168010,182963,163713,11115,424,672,1104,13315,8.133135426019924,97.44241414201535
POST00698,2025-03-29 03:00:00,Youtube,Image,Seasonal Campaign,Entertainment,6,132355,137127,119135,5531,245,499,1396,7671,6.438913837243463,90.0117109289411
POST00699,2025-03-29 06:00:00,Instagram,Text,Product Launch,Event,17,472718,692789,423771,13843,175,1950,2010,17978,4.2423856280868675,89.64562381800566
POST00700,2025-03-29 09:00:00,Youtube,Reel,Special Campaign,Community,12,334689,600082,350307,38132,576,1736,8145,48589,13.870405101810698,104.66642166309619
POST00701,2025-03-29 12:00:00,Youtube,Reel,Event Promotion,Entertainment,19,194606,352314,265230,16837,426,1645,6437,25345,9.555857180560269,136.29076184701395
POST00702,2025-03-29 15:00:00,Instagram,Image,Brand Awareness,Community,19,390864,617840,504048,21855,461,3477,1924,27717,5.4988810589467665,128.95738671251382
POST00703,2025-03-29 18:00:00,Instagram,Image,Seasonal Campaign,Promotional,9,35009,52646,41942,1212,63,110,304,1689,4.026989652377092,119.8034791053729
POST00704,2025-03-29 21:00:00,Instagram,Reel,Event Promotion,Community,0,312390,390124,224732,18813,513,1968,904,22198,9.877543029030134,71.93956272607957
POST00705,2025-03-30 00:00:00,Instagram,Text,Festival Campaign,Brand,1,48185,19753,14964,495,9,111,331,946,6.321839080459771,31.055307668361525
POST00706,2025-03-30 03:00:00,Linkedin,Reel,Community Campaign,Education,16,407012,225776,200296,7794,406,984,2977,12161,6.071514159044614,49.211325464605466
POST00707,2025-03-30 06:00:00,Instagram,Video,Special Campaign,Education,21,242127,599023,431994,15808,360,7636,3213,27017,6.254022046602499,178.416285668265
POST00708,2025-03-30 09:00:00,Facebook,Reel,Brand Awareness,Education,2,368632,171027,140450,12421,607,2640,1597,17265,12.292630829476682,38.100327698083724
POST00709,2025-03-30 12:00:00,Instagram,Carousel,Event Promotion,Community,16,66642,98040,76985,4989,147,730,243,6109,7.935312073780606,115.5202424897212
POST00710,2025-03-30 15:00:00,Facebook,Text,Brand Awareness,Brand,11,29185,13872,10047,324,14,23,245,606,6.031651239175873,34.42521843412712
POST00711,2025-03-30 18:00:00,Facebook,Reel,Festival Campaign,Community,23,84366,80426,45124,3819,122,660,869,5470,12.122152291463523,53.4860014697864
POST00712,2025-03-30 21:00:00,Youtube,Text,Educational Series,Event,11,433059,297385,244153,7867,429,411,5129,13836,5.6669383542287015,56.37869204888941
POST00713,2025-03-31 00:00:00,Youtube,Image,Community Campaign,Brand,19,299649,201203,116823,4675,91,1093,885,6744,5.772835828561157,38.98661433877637
POST00714,2025-03-31 03:00:00,Youtube,Text,Community Campaign,Brand,9,310166,187418,139678,2838,129,1101,480,4548,3.2560603674164863,45.033304746490586
POST00715,2025-03-31 06:00:00,Instagram,Carousel,Product Launch,Community,6,474825,802856,598273,31724,552,5437,2377,40090,6.7009542466399115,125.99863107460642
POST00716,2025-03-31 09:00:00,Linkedin,Reel,Special Campaign,Community,9,205333,265713,228905,14704,237,2837,3075,20853,9.109892750267578,111.4798887660532
POST00717,2025-03-31 12:00:00,Facebook,Reel,Community Campaign,Education,17,167511,228261,173384,10207,177,1061,3700,15145,8.734946707885387,103.5060384094179
POST00718,2025-03-31 15:00:00,Linkedin,Reel,Community Campaign,Brand,21,362340,266482,169116,16246,429,777,4023,21475,12.69838454078857,46.673290279847656
POST00719,2025-03-31 18:00:00,Instagram,Reel,Event Promotion,Education,5,94385,160278,143130,11559,614,1747,3153,17073,11.928316914692937,151.6448588229062
POST00720,2025-03-31 21:00:00,Facebook,Reel,Seasonal Campaign,Event,6,246236,460938,316430,23991,979,1425,2340,28735,9.080997376987012,128.50679835604868
POST00721,2025-04-01 00:00:00,Linkedin,Reel,Community Campaign,Promotional,16,241443,128498,70683,6794,138,1242,1633,9807,13.874623318195322,29.275232663610044
POST00722,2025-04-01 03:00:00,Instagram,Image,Community Campaign,Education,11,90272,147009,107244,4928,232,544,2361,8065,7.520234232218119,118.80095710740872
POST00723,2025-04-01 06:00:00,Instagram,Video,Special Campaign,Community,16,186449,215081,157780,11440,252,1445,3465,16602,10.522246165546964,84.62367725222447
POST00724,2025-04-01 09:00:00,Facebook,Reel,Festival Campaign,Entertainment,17,23909,41431,25339,2936,133,140,518,3727,14.708552034413355,105.98101133464385
POST00725,2025-04-01 12:00:00,Youtube,Reel,Seasonal Campaign,Promotional,13,165939,230308,176235,13334,693,2036,3968,20031,11.366073708400714,106.20468967512157
POST00726,2025-04-01 15:00:00,Facebook,Carousel,Festival Campaign,Event,10,215757,271452,217747,14709,371,1979,3873,20932,9.612991223759684,100.92233392195851
POST00727,2025-04-01 18:00:00,Instagram,Reel,Special Campaign,Community,1,414010,592024,358223,33954,1024,5537,1864,42379,11.830340318740003,86.52520470520035
POST00728,2025-04-01 21:00:00,Facebook,Reel,Brand Awareness,Promotional,20,365625,464138,366261,13590,260,1153,5511,20514,5.600923931294896,100.17394871794872
POST00729,2025-04-02 00:00:00,Instagram,Reel,Brand Awareness,Community,0,78527,120813,90821,8566,303,1364,1846,12079,13.299787494081766,115.655761712532
POST00730,2025-04-02 03:00:00,Instagram,Text,Community Campaign,Education,10,166441,169239,133972,2700,141,940,1520,5301,3.956796942644732,80.49218642041323
POST00731,2025-04-02 06:00:00,Instagram,Video,Community Campaign,Community,1,260209,321320,219687,9722,458,3027,2966,16173,7.361837523385543,84.42713357339677
POST00732,2025-04-02 09:00:00,Facebook,Image,Product Launch,Event,15,305951,436562,292278,20740,1027,1842,4500,28109,9.617213748554459,95.53098371961524
POST00733,2025-04-02 12:00:00,Facebook,Carousel,Brand Awareness,Entertainment,21,30856,60464,50855,4454,204,631,399,5688,11.18474093009537,164.81397459165154
POST00734,2025-04-02 15:00:00,Youtube,Image,Event Promotion,Education,2,157867,178277,110689,2157,82,1350,432,4021,3.632700629692201,70.11535026319623
POST00735,2025-04-02 18:00:00,Instagram,Carousel,Community Campaign,Education,19,245993,512485,357063,9019,482,4054,4196,17751,4.971391603162467,145.15169130828926
POST00736,2025-04-02 21:00:00,Linkedin,Carousel,Event Promotion,Event,0,182135,104846,78929,6427,124,832,896,8279,10.489173814440827,43.33543799928624
POST00737,2025-04-03 00:00:00,Instagram,Carousel,Community Campaign,Event,20,212023,314719,197940,12167,722,3078,3896,19863,10.034859048196424,93.35779608816026
POST00738,2025-04-03 03:00:00,Facebook,Reel,Special Campaign,Promotional,19,451476,544951,408320,28405,518,6640,9151,44714,10.950724921630094,90.441130868529
POST00739,2025-04-03 06:00:00,Youtube,Reel,Event Promotion,Entertainment,7,423365,1068901,654149,37090,438,4675,16063,58266,8.907145008247356,154.51182785539663
POST00740,2025-04-03 09:00:00,Instagram,Image,Educational Series,Community,18,374349,324875,194248,8557,148,2421,2152,13278,6.8355916148428815,51.88954692012
POST00741,2025-04-03 12:00:00,Youtube,Video,Event Promotion,Promotional,0,177400,175769,133300,11240,379,336,1138,13093,9.822205551387848,75.14092446448703
POST00742,2025-04-03 15:00:00,Instagram,Image,Seasonal Campaign,Community,4,385447,254566,154935,10566,291,1022,1929,13808,8.912124439280989,40.19618780273293
POST00743,2025-04-03 18:00:00,Facebook,Video,Brand Awareness,Community,0,271958,172115,153253,5513,55,678,2618,8864,5.783899825778288,56.35171607380551
POST00744,2025-04-03 21:00:00,Youtube,Text,Community Campaign,Community,10,254573,183268,108022,5347,275,1081,2461,9164,8.483457073559089,42.432622469782736
POST00745,2025-04-04 00:00:00,Instagram,Reel,Brand Awareness,Promotional,20,89098,199591,134517,6381,324,1635,1617,9957,7.402038404067887,150.97645289456554
POST00746,2025-04-04 03:00:00,Linkedin,Carousel,Seasonal Campaign,Education,8,136382,60937,50438,3426,131,216,295,4068,8.065347555414569,36.98288630464431
POST00747,2025-04-04 06:00:00,Instagram,Carousel,Seasonal Campaign,Event,4,446839,538032,456672,30713,764,1626,10436,43539,9.5339762455329,102.20056888498989
POST00748,2025-04-04 09:00:00,Youtube,Text,Event Promotion,Education,1,455471,388535,289765,6885,282,768,2467,10402,3.5898055320690903,63.61875948194287
POST00749,2025-04-04 12:00:00,Linkedin,Text,Festival Campaign,Entertainment,12,401587,454826,281263,18409,772,1374,4956,25511,9.070158534894388,70.03787473200079
POST00750,2025-04-04 15:00:00,Facebook,Carousel,Festival Campaign,Promotional,17,449605,300667,196141,15885,411,770,4814,21880,11.155240362800232,43.62518210429155
POST00751,2025-04-04 18:00:00,Instagram,Reel,Seasonal Campaign,Entertainment,11,417422,1229747,987391,78482,3512,12381,9401,103776,10.510122129936368,236.54503116749956
POST00752,2025-04-04 21:00:00,Linkedin,Video,Festival Campaign,Event,13,214637,357540,297053,16293,190,2704,5559,24746,8.330499944454358,138.39785311945286
POST00753,2025-04-05 00:00:00,Facebook,Reel,Community Campaign,Event,4,385044,197192,131958,5726,67,1676,998,8467,6.416435532517922,34.270888521831274
POST00754,2025-04-05 03:00:00,Instagram,Video,Product Launch,Brand,23,411755,792365,456607,14970,405,5765,8988,30128,6.598234367848062,110.89288533229711
POST00755,2025-04-05 06:00:00,Instagram,Text,Educational Series,Entertainment,9,303041,396280,322724,15689,190,1451,1811,19141,5.931074230611916,106.49516072082656
POST00756,2025-04-05 09:00:00,Facebook,Image,Event Promotion,Education,19,492903,499066,382326,7529,410,2594,6420,16953,4.434173977181777,77.56617427769764
POST00757,2025-04-05 12:00:00,Facebook,Carousel,Product Launch,Entertainment,1,155442,86616,74390,4219,74,968,1060,6321,8.497109826589595,47.85707852446572
POST00758,2025-04-05 15:00:00,Youtube,Image,Festival Campaign,Promotional,3,175117,169549,106163,5963,136,359,662,7120,6.706668048190047,60.62403992759127
POST00759,2025-04-05 18:00:00,Linkedin,Image,Event Promotion,Event,11,107236,121798,72244,4063,202,768,1578,6611,9.15093294944909,67.36916707075981
POST00760,2025-04-05 21:00:00,Facebook,Reel,Product Launch,Event,10,383895,470751,348026,33499,1669,6353,5483,47004,13.505887491164453,90.65655973638626
POST00761,2025-04-06 00:00:00,Instagram,Video,Brand Awareness,Entertainment,3,404062,611151,445665,43620,1343,2510,2249,49722,11.156810608865403,110.29619216852859
POST00762,2025-04-06 03:00:00,Instagram,Text,Festival Campaign,Entertainment,10,465800,508835,390047,25885,1392,2557,2187,32021,8.209523467684663,83.73701159295835
POST00763,2025-04-06 06:00:00,Instagram,Text,Special Campaign,Community,8,68671,72250,49144,806,11,529,1215,2561,5.211216018232134,71.56441583783547
POST00764,2025-04-06 09:00:00,Facebook,Reel,Product Launch,Entertainment,9,428542,657822,534511,20897,1073,7938,8895,38803,7.259532544699734,124.72779797546099
POST00765,2025-04-06 12:00:00,Instagram,Video,Special Campaign,Community,5,385677,404963,226102,8914,286,1148,4037,14385,6.362172824654359,58.62470409176591
POST00766,2025-04-06 15:00:00,Youtube,Carousel,Community Campaign,Promotional,14,218849,408094,292117,16329,458,4451,5020,26258,8.988864051048038,133.4787913127316
POST00767,2025-04-06 18:00:00,Facebook,Reel,Brand Awareness,Promotional,9,181711,288293,204685,20379,251,1540,1386,23556,11.508415369958717,112.6431531387753
POST00768,2025-04-06 21:00:00,Linkedin,Reel,Festival Campaign,Education,21,80874,93223,55397,2956,92,653,1087,4788,8.643067314114482,68.49791032964859
POST00769,2025-04-07 00:00:00,Instagram,Reel,Educational Series,Entertainment,20,452982,903507,510633,44577,2045,1459,11243,59324,11.617737200690124,112.72699577466653
POST00770,2025-04-07 03:00:00,Facebook,Text,Seasonal Campaign,Education,5,172350,106681,93440,3716,44,872,635,5267,5.636772260273973,54.21525964606905
POST00771,2025-04-07 06:00:00,Instagram,Carousel,Festival Campaign,Brand,0,390603,556536,325879,8752,196,4444,7200,20592,6.318909779396647,83.42972276198596
POST00772,2025-04-07 09:00:00,Facebook,Carousel,Special Campaign,Promotional,20,485196,766326,607526,40879,1687,3686,12937,59189,9.742628299035761,125.21249144675555
POST00773,2025-04-07 12:00:00,Instagram,Reel,Community Campaign,Event,21,219623,494296,332670,23875,961,2378,6969,34183,10.275347942405388,151.4732063581683
POST00774,2025-04-07 15:00:00,Instagram,Carousel,Educational Series,Community,23,493655,835339,744553,20057,400,8751,6855,36063,4.843577287311984,150.8245637135246
POST00775,2025-04-07 18:00:00,Facebook,Reel,Educational Series,Brand,19,190655,324008,231315,22526,703,4293,4859,32381,13.998659836154163,121.32647976711861
POST00776,2025-04-07 21:00:00,Instagram,Image,Educational Series,Event,20,375823,313325,178958,11346,478,1928,2417,16169,9.035080856960851,47.61762851129388
POST00777,2025-04-08 00:00:00,Instagram,Carousel,Event Promotion,Brand,3,408894,449757,385874,18480,514,1594,6857,27445,7.11242529945008,94.37017906841382
POST00778,2025-04-08 03:00:00,Facebook,Reel,Event Promotion,Education,22,90400,90477,50385,3804,98,254,850,5006,9.935496675597896,55.73561946902655
POST00779,2025-04-08 06:00:00,Facebook,Video,Special Campaign,Education,21,29676,52989,33579,2433,96,147,597,3273,9.747163405699991,113.15204205418522
POST00780,2025-04-08 09:00:00,Facebook,Reel,Seasonal Campaign,Community,13,286378,229892,196770,7430,161,2206,4251,14048,7.139299689993393,68.70988693265544
POST00781,2025-04-08 12:00:00,Facebook,Carousel,Educational Series,Promotional,19,434556,447669,372305,27884,413,4412,8987,41696,11.199419830515303,85.67480370769245
POST00782,2025-04-08 15:00:00,Youtube,Image,Seasonal Campaign,Community,21,132451,150181,120979,4982,268,1265,505,7020,5.802659965779185,91.33868373964712
POST00783,2025-04-08 18:00:00,Instagram,Image,Brand Awareness,Event,19,366403,334919,235651,8094,104,2792,5768,16758,7.111363838897352,64.31470266346072
POST00784,2025-04-08 21:00:00,Instagram,Reel,Educational Series,Brand,7,159598,187072,144895,6455,275,1365,2023,10118,6.9829876807343245,90.78747853983133
POST00785,2025-04-09 00:00:00,Instagram,Reel,Product Launch,Community,10,485594,1185943,859036,35609,1211,12786,18297,67903,7.904558132604454,176.90416273677187
POST00786,2025-04-09 03:00:00,Linkedin,Text,Educational Series,Entertainment,14,316770,201636,159746,6478,376,1366,2261,10481,6.561040652035106,50.429649272342715
POST00787,2025-04-09 06:00:00,Youtube,Reel,Special Campaign,Entertainment,18,21207,52822,45590,4358,183,882,482,5905,12.952401842509323,214.97618710803036
POST00788,2025-04-09 09:00:00,Youtube,Video,Event Promotion,Promotional,7,411474,617001,371475,17014,436,5610,8481,31541,8.490746349014065,90.27909418335058
POST00789,2025-04-09 12:00:00,Youtube,Text,Event Promotion,Community,12,102844,118343,92920,1647,43,839,2090,4619,4.970942746448558,90.35043366652405
POST00790,2025-04-09 15:00:00,Linkedin,Reel,Product Launch,Event,17,475636,605011,374628,40611,1336,5798,6629,54374,14.514131351634155,78.76359232690545
POST00791,2025-04-09 18:00:00,Instagram,Reel,Product Launch,Entertainment,21,72097,119911,82619,6757,100,476,389,7722,9.346518355341992,114.59422722165971
POST00792,2025-04-09 21:00:00,Youtube,Carousel,Festival Campaign,Promotional,23,140069,126314,94484,7856,172,1453,710,10191,10.785953177257525,67.45532558953087
POST00793,2025-04-10 00:00:00,Youtube,Text,Brand Awareness,Community,16,477630,497940,357700,22114,1325,2694,8817,34950,9.77075761811574,74.89060569897201
POST00794,2025-04-10 03:00:00,Facebook,Text,Brand Awareness,Promotional,5,418645,223061,176375,10087,137,1444,3402,15070,8.54429482636428,42.12996691707772
POST00795,2025-04-10 06:00:00,Instagram,Image,Special Campaign,Event,14,335735,581873,423136,22232,920,5336,4920,33408,7.895333887922559,126.03273415044605
POST00796,2025-04-10 09:00:00,Linkedin,Video,Special Campaign,Entertainment,12,420807,627370,399780,23795,969,6124,1854,32742,8.190004502476363,95.00317247574304
POST00797,2025-04-10 12:00:00,Linkedin,Reel,Special Campaign,Entertainment,17,131248,88941,60942,7471,118,541,1499,9629,15.800269108332513,46.43270754601975
POST00798,2025-04-10 15:00:00,Youtube,Text,Special Campaign,Entertainment,10,451876,668938,457868,27073,503,1393,8416,37385,8.165016991796763,101.32602749426833
POST00799,2025-04-10 18:00:00,Facebook,Text,Special Campaign,Education,12,97313,42595,37438,777,20,416,541,1754,4.6850793311608525,38.471735533793016
POST00800,2025-04-10 21:00:00,Linkedin,Reel,Special Campaign,Entertainment,0,386393,584576,391921,19755,436,3347,3004,26542,6.77228318972446,101.43066773984
POST00801,2025-04-11 00:00:00,Facebook,Reel,Brand Awareness,Brand,17,60459,45542,36018,2829,147,402,690,4068,11.294352823588207,59.57425693445144
POST00802,2025-04-11 03:00:00,Instagram,Reel,Community Campaign,Education,4,491300,580497,349122,25689,462,6486,5482,38119,10.918532776507925,71.06085894565439
POST00803,2025-04-11 06:00:00,Youtube,Reel,Event Promotion,Community,5,384475,276085,229199,23672,712,4192,1514,30090,13.12832953023355,59.6134989271084
POST00804,2025-04-11 09:00:00,Facebook,Video,Brand Awareness,Education,0,261832,281049,234082,15231,267,1953,1390,18841,8.04888885091549,89.40160102661248
POST00805,2025-04-11 12:00:00,Youtube,Image,Special Campaign,Education,6,213171,299082,264316,16039,370,1561,4518,22488,8.507998002391078,123.99247552434431
POST00806,2025-04-11 15:00:00,Facebook,Reel,Festival Campaign,Education,3,122599,75959,67309,2802,123,1008,1490,5423,8.056872037914692,54.90175286910986
POST00807,2025-04-11 18:00:00,Linkedin,Reel,Festival Campaign,Promotional,8,476064,428178,378195,20341,864,4469,5712,31386,8.298893427993494,79.44204980842912
POST00808,2025-04-11 21:00:00,Linkedin,Text,Brand Awareness,Brand,14,248663,83124,53067,801,39,468,389,1697,3.197844234646767,21.340931300595585
POST00809,2025-04-12 00:00:00,Youtube,Carousel,Product Launch,Event,5,98405,144810,120356,3894,207,1505,1375,6981,5.800292465685134,122.30679335399624
POST00810,2025-04-12 03:00:00,Instagram,Image,Festival Campaign,Entertainment,16,109399,119076,88627,2643,70,463,302,3478,3.9243120042424993,81.01262351575426
POST00811,2025-04-12 06:00:00,Linkedin,Reel,Seasonal Campaign,Education,19,417877,582603,427943,15771,339,6716,4946,27772,6.489649322456495,102.40884279345357
POST00812,2025-04-12 09:00:00,Facebook,Text,Product Launch,Event,17,326946,141370,106577,4411,137,414,1409,6371,5.977837619749102,32.59773785273409
POST00813,2025-04-12 12:00:00,Instagram,Video,Seasonal Campaign,Promotional,21,300926,716731,562051,47069,1932,7770,8840,65611,11.67349582155356,186.77382479413544
POST00814,2025-04-12 15:00:00,Linkedin,Reel,Event Promotion,Event,3,462395,449239,309834,31896,776,849,6555,40076,12.934668241703623,67.00634738697434
POST00815,2025-04-12 18:00:00,Linkedin,Reel,Community Campaign,Education,8,392590,449010,358411,18175,189,1655,8114,28133,7.849368462463485,91.2939708092412
POST00816,2025-04-12 21:00:00,Youtube,Reel,Festival Campaign,Community,13,152970,378381,254096,26156,533,756,3694,31139,12.254817077010264,166.1083872654769
POST00817,2025-04-13 00:00:00,Youtube,Reel,Product Launch,Brand,2,491671,372861,290875,7950,312,4376,2219,14857,5.107692307692307,59.160495534615634
POST00818,2025-04-13 03:00:00,Instagram,Image,Special Campaign,Event,0,191140,205637,157468,6662,103,945,2766,10476,6.652780247415348,82.38359317777545
POST00819,2025-04-13 06:00:00,Instagram,Text,Seasonal Campaign,Education,10,87963,96206,58413,1314,34,598,1057,3003,5.14097889168507,66.40632993417687
POST00820,2025-04-13 09:00:00,Instagram,Image,Brand Awareness,Education,0,358447,280435,238981,9256,426,3127,2020,14829,6.205095802595186,66.67122336077578
POST00821,2025-04-13 12:00:00,Facebook,Video,Seasonal Campaign,Entertainment,11,103956,102271,72631,2215,98,1191,1118,4622,6.3636739133427875,69.86705914040556
POST00822,2025-04-13 15:00:00,Instagram,Image,Seasonal Campaign,Community,8,209726,308060,220813,16848,235,1680,2687,21450,9.71410197769153,105.28642133068861
POST00823,2025-04-13 18:00:00,Instagram,Carousel,Event Promotion,Entertainment,4,56123,104833,82644,5532,192,222,1362,7308,8.842747204878757,147.2551360404825
POST00824,2025-04-13 21:00:00,Instagram,Carousel,Educational Series,Community,14,338342,694062,538880,48211,1874,4266,6217,60568,11.239608076009501,159.27079700421467
POST00825,2025-04-14 00:00:00,Youtube,Reel,Educational Series,Brand,17,263429,411467,246476,14255,221,3302,1255,19033,7.722050017040198,93.56448986254361
POST00826,2025-04-14 03:00:00,Linkedin,Image,Brand Awareness,Entertainment,8,335016,239174,193501,13511,652,386,3460,18009,9.306928646363586,57.758733911216176
POST00827,2025-04-14 06:00:00,Instagram,Carousel,Event Promotion,Brand,12,24902,31209,19674,1078,50,78,483,1689,8.584934431229033,79.00570235322463
POST00828,2025-04-14 09:00:00,Instagram,Reel,Event Promotion,Promotional,12,177922,196844,111423,4920,187,1319,1912,8338,7.4831946725541405,62.62463326626274
POST00829,2025-04-14 12:00:00,Facebook,Image,Special Campaign,Promotional,23,68554,53851,45509,2902,34,277,1035,4248,9.334417367993145,66.3841643084284
POST00830,2025-04-14 15:00:00,Youtube,Image,Event Promotion,Community,12,194106,161751,118841,8451,175,686,478,9790,8.237897695239859,61.2247946998032
POST00831,2025-04-14 18:00:00,Instagram,Text,Event Promotion,Community,9,215915,179366,117151,4546,232,400,2155,7333,6.2594429411614065,54.25792557256328
POST00832,2025-04-14 21:00:00,Youtube,Image,Educational Series,Entertainment,9,159352,257832,179216,8021,138,1864,3863,13886,7.748192125703063,112.46548521512123
POST00833,2025-04-15 00:00:00,Instagram,Video,Product Launch,Promotional,21,362634,1159481,926347,60552,793,4936,6775,73056,7.886461552744274,255.44957174451378
POST00834,2025-04-15 03:00:00,Instagram,Image,Event Promotion,Event,6,261372,445293,281412,15075,313,3478,3133,21999,7.81736386508038,107.66723290941647
POST00835,2025-04-15 06:00:00,Youtube,Video,Product Launch,Event,21,197886,286879,216233,7527,444,2886,4993,15850,7.330056004402659,109.27149975238268
POST00836,2025-04-15 09:00:00,Youtube,Image,Seasonal Campaign,Event,4,77465,95724,60946,3629,168,358,1434,5589,9.170413152626915,78.67553088491577
POST00837,2025-04-15 12:00:00,Linkedin,Video,Seasonal Campaign,Promotional,19,460189,385657,293037,10517,322,2908,6759,20506,6.997751137228405,63.67753249208478
POST00838,2025-04-15 15:00:00,Instagram,Image,Event Promotion,Event,6,188801,223753,145380,3240,114,519,1012,4885,3.360159581785665,77.00171079602333
POST00839,2025-04-15 18:00:00,Youtube,Carousel,Festival Campaign,Brand,19,52800,96248,74773,3654,189,948,839,5630,7.529455819614032,141.6155303030303
POST00840,2025-04-15 21:00:00,Facebook,Carousel,Community Campaign,Education,9,254074,237425,131365,5535,274,1441,1643,8893,6.76968751189434,51.7034407298661
POST00841,2025-04-16 00:00:00,Instagram,Image,Festival Campaign,Community,9,225495,452310,250879,7614,345,2611,5778,16348,6.516288728829436,111.25701235060646
POST00842,2025-04-16 03:00:00,Facebook,Reel,Seasonal Campaign,Entertainment,20,117143,177599,139604,12226,680,2382,575,15863,11.362854932523424,119.17400100731585
POST00843,2025-04-16 06:00:00,Instagram,Reel,Community Campaign,Brand,23,138529,209809,167011,12266,520,2936,3066,18788,11.249558412320146,120.56031589053555
POST00844,2025-04-16 09:00:00,Linkedin,Reel,Festival Campaign,Event,12,248749,203383,166908,16814,298,2015,3225,22352,13.391808661058787,67.0989632119124
POST00845,2025-04-16 12:00:00,Instagram,Video,Event Promotion,Education,14,258092,567185,479805,33691,1485,5529,10339,51044,10.638488552641178,185.90463865598315
POST00846,2025-04-16 15:00:00,Youtube,Reel,Product Launch,Entertainment,5,98871,139466,121570,4907,159,1790,1686,8542,7.026404540593896,122.95819805605284
POST00847,2025-04-16 18:00:00,Instagram,Reel,Community Campaign,Brand,19,353857,835019,545962,22399,816,5982,6686,35883,6.572435444225055,154.28887940608777
POST00848,2025-04-16 21:00:00,Linkedin,Carousel,Educational Series,Entertainment,11,323350,377052,277312,22596,232,1784,939,25551,9.21380971613201,85.76217720736045
POST00849,2025-04-17 00:00:00,Youtube,Reel,Brand Awareness,Community,18,286070,623615,561029,31592,1466,8794,4295,46147,8.225421502275283,196.11598559793057
POST00850,2025-04-17 03:00:00,Instagram,Image,Community Campaign,Promotional,10,133682,151330,136194,9557,446,772,1857,12632,9.275004772603786,101.87908618961417
POST00851,2025-04-17 06:00:00,Instagram,Reel,Community Campaign,Event,5,473661,497675,415797,15757,916,4962,2309,23944,5.758579306729004,87.78366806640192
POST00852,2025-04-17 09:00:00,Facebook,Text,Educational Series,Brand,0,63056,34119,20143,470,25,178,458,1131,5.614853795363153,31.94462065465618
POST00853,2025-04-17 12:00:00,Instagram,Video,Event Promotion,Brand,1,488906,849038,492632,29675,1068,2758,10212,43713,8.873357800548888,100.76210968979721
POST00854,2025-04-17 15:00:00,Instagram,Video,Festival Campaign,Education,22,88495,111426,75058,5175,114,818,1365,7472,9.954968157957845,84.81609130459347
POST00855,2025-04-17 18:00:00,Instagram,Image,Festival Campaign,Education,14,104147,80791,61482,2729,92,111,605,3537,5.7529032887674445,59.03386559382411
POST00856,2025-04-17 21:00:00,Instagram,Video,Seasonal Campaign,Education,3,185233,107385,80505,5530,327,1185,788,7830,9.726103968697597,43.4614782463168
POST00857,2025-04-18 00:00:00,Instagram,Reel,Product Launch,Entertainment,4,472467,795193,460198,32685,1717,2726,1987,39115,8.499602345077554,97.40320487991754
POST00858,2025-04-18 03:00:00,Youtube,Reel,Event Promotion,Event,14,169479,404066,254117,15322,337,2742,3042,21443,8.438239078849506,149.94011057417143
POST00859,2025-04-18 06:00:00,Youtube,Reel,Educational Series,Entertainment,10,491777,672075,508904,34851,1784,5592,12620,54847,10.777474730008016,103.48267609099247
POST00860,2025-04-18 09:00:00,Instagram,Image,Event Promotion,Event,9,222672,360031,206175,7162,158,639,4352,12311,5.971141020977325,92.59134511748222
POST00861,2025-04-18 12:00:00,Facebook,Image,Event Promotion,Brand,16,76714,88087,63613,3659,103,606,804,5172,8.130413594705486,82.92228276455405
POST00862,2025-04-18 15:00:00,Youtube,Image,Festival Campaign,Entertainment,1,149613,147012,86843,2512,39,1119,1916,5586,6.432297364208975,58.04508966466818
POST00863,2025-04-18 18:00:00,Youtube,Reel,Educational Series,Entertainment,19,157711,229587,188724,16476,772,777,2611,20636,10.93448633984019,119.66444953110435
POST00864,2025-04-18 21:00:00,Youtube,Image,Special Campaign,Entertainment,23,284622,483221,427908,28768,343,5219,9834,44164,10.320910102171494,150.34255960537132
POST00865,2025-04-19 00:00:00,Youtube,Carousel,Brand Awareness,Promotional,9,273134,331716,277156,11802,148,904,5061,17915,6.463868723751245,101.4725372893891
POST00866,2025-04-19 03:00:00,Youtube,Image,Community Campaign,Community,19,84546,103401,81832,6039,234,250,1494,8017,9.796900967836542,96.78991318335581
POST00867,2025-04-19 06:00:00,Instagram,Carousel,Festival Campaign,Event,2,486681,496477,368206,31674,1291,2378,3223,38566,10.47402812556015,75.65653888275892
POST00868,2025-04-19 09:00:00,Instagram,Reel,Educational Series,Event,18,248934,449485,380529,24454,805,1134,4369,30762,8.084009365909036,152.86340957844249
POST00869,2025-04-19 12:00:00,Linkedin,Video,Product Launch,Entertainment,4,213948,260341,233891,19639,859,3032,1484,25014,10.694725320769075,109.32142389739563
POST00870,2025-04-19 15:00:00,Linkedin,Image,Community Campaign,Promotional,2,401291,223073,195722,8066,472,1808,4222,14568,7.443210267624488,48.773084868586636
POST00871,2025-04-19 18:00:00,Instagram,Reel,Community Campaign,Entertainment,7,370517,540244,393852,21893,1044,2692,3827,29456,7.478951484313905,106.29795663896664
POST00872,2025-04-19 21:00:00,Instagram,Reel,Special Campaign,Event,4,455157,815927,573210,33514,938,9724,13450,57626,10.053209120566633,125.93676467680383
POST00873,2025-04-20 00:00:00,Facebook,Carousel,Special Campaign,Community,11,49974,41360,33935,1495,24,270,726,2515,7.411227346397525,67.90531076159603
POST00874,2025-04-20 03:00:00,Youtube,Video,Festival Campaign,Community,13,64183,79767,56902,3938,117,376,995,5426,9.535692945766405,88.65587460854121
POST00875,2025-04-20 06:00:00,Instagram,Image,Seasonal Campaign,Brand,6,421634,529559,335278,7728,221,684,8369,17002,5.071015694438645,79.51872951422324
POST00876,2025-04-20 09:00:00,Instagram,Reel,Product Launch,Promotional,10,496402,1373538,1002436,73575,3217,15269,16580,108641,10.837699364348447,201.94036285107634
POST00877,2025-04-20 12:00:00,Facebook,Video,Festival Campaign,Community,7,120361,107698,95901,4817,173,319,986,6295,6.56406085442279,79.67780261048014
POST00878,2025-04-20 15:00:00,Facebook,Carousel,Event Promotion,Promotional,4,339292,191957,157161,10159,489,2318,3244,16210,10.31426371682542,46.32027869799465
POST00879,2025-04-20 18:00:00,Instagram,Image,Seasonal Campaign,Entertainment,7,394151,581075,399420,22099,322,2710,6271,31402,7.861899754644234,101.33679731879405
POST00880,2025-04-20 21:00:00,Instagram,Image,Educational Series,Brand,11,493135,584089,412666,18187,910,783,4461,24341,5.898474795597409,83.68215600190616
POST00881,2025-04-21 00:00:00,Instagram,Reel,Special Campaign,Event,14,394383,775430,466965,31341,1765,8863,8924,50893,10.898675489597721,118.4039372893862
POST00882,2025-04-21 03:00:00,Facebook,Carousel,Product Launch,Community,18,128747,112744,78127,6838,96,504,639,8077,10.338295339639306,60.682579011549784
POST00883,2025-04-21 06:00:00,Instagram,Image,Community Campaign,Community,15,444924,290220,246769,18002,455,1655,3192,23304,9.443649729098874,55.46318022853342
POST00884,2025-04-21 09:00:00,Instagram,Text,Festival Campaign,Education,13,121245,164459,106664,1881,25,291,607,2804,2.6288157203930096,87.97393706956987
POST00885,2025-04-21 12:00:00,Facebook,Image,Special Campaign,Event,6,183996,157281,127576,8362,289,406,2261,11318,8.871574590832132,69.33628991934607
POST00886,2025-04-21 15:00:00,Instagram,Image,Community Campaign,Community,7,305526,457315,260643,17270,639,618,3703,22230,8.52890735603872,85.30959721922193
POST00887,2025-04-21 18:00:00,Facebook,Image,Product Launch,Community,6,46649,47366,36795,855,18,321,335,1529,4.155455904334828,78.8762888807906
POST00888,2025-04-21 21:00:00,Instagram,Text,Special Campaign,Event,17,247748,276587,247709,11689,537,1534,5788,19548,7.891517869758466,99.9842581978462
POST00889,2025-04-22 00:00:00,Instagram,Video,Special Campaign,Brand,23,392703,817513,656204,61320,1044,6663,11421,80448,12.2596021968778,167.09930914711626
POST00890,2025-04-22 03:00:00,Instagram,Image,Community Campaign,Promotional,5,118099,70093,38872,915,54,395,450,1814,4.666598065445565,32.914757957307
POST00891,2025-04-22 06:00:00,Facebook,Carousel,Festival Campaign,Event,18,50373,75368,50762,3325,110,139,638,4212,8.297545407982348,100.7722390963413
POST00892,2025-04-22 09:00:00,Linkedin,Image,Seasonal Campaign,Promotional,3,233752,79891,52137,1366,42,502,1278,3188,6.114659454897674,22.304408090625962
POST00893,2025-04-22 12:00:00,Facebook,Image,Festival Campaign,Brand,22,225573,162429,121358,5000,285,604,2979,8868,7.307305657641029,53.79987853156184
POST00894,2025-04-22 15:00:00,Instagram,Reel,Brand Awareness,Brand,2,42791,32447,29022,1219,58,393,193,1863,6.419268141409964,67.8226729919843
POST00895,2025-04-22 18:00:00,Facebook,Image,Special Campaign,Entertainment,16,209968,141502,114663,6457,316,717,460,7950,6.933361241202481,54.609750057151565
POST00896,2025-04-22 21:00:00,Instagram,Reel,Community Campaign,Education,21,43115,115514,103437,4201,59,466,1746,6472,6.256948674072141,239.9095442421431
POST00897,2025-04-23 00:00:00,Instagram,Text,Brand Awareness,Brand,18,168413,202017,150943,7719,445,326,1534,10024,6.640917432408259,89.6266915261886
POST00898,2025-04-23 03:00:00,Linkedin,Reel,Seasonal Campaign,Brand,14,395253,667488,426783,40224,929,6951,8735,56839,13.31800938650321,107.97716905374533
POST00899,2025-04-23 06:00:00,Instagram,Text,Brand Awareness,Promotional,5,429853,287450,248966,15151,840,1332,6088,23411,9.403292015777255,57.9188699392583
POST00900,2025-04-23 09:00:00,Instagram,Image,Community Campaign,Brand,11,437485,560885,328642,13887,366,2809,1328,18390,5.595754650957577,75.1207469970399
POST00901,2025-04-23 12:00:00,Instagram,Carousel,Product Launch,Event,18,103489,109902,98561,5495,328,906,1412,8141,8.259859376426782,95.23814125172724
POST00902,2025-04-23 15:00:00,Instagram,Image,Event Promotion,Entertainment,5,306021,317218,257414,8131,470,2514,3898,15013,5.8322391167535566,84.11644952470581
POST00903,2025-04-23 18:00:00,Instagram,Reel,Seasonal Campaign,Entertainment,10,322417,714413,620606,51883,1080,4948,7115,65026,10.47782328884993,192.48550789815673
POST00904,2025-04-23 21:00:00,Youtube,Image,Festival Campaign,Event,19,76035,59050,45849,2352,132,339,721,3544,7.7297214770224,60.29986190570133
POST00905,2025-04-24 00:00:00,Youtube,Reel,Educational Series,Community,19,163477,371140,215134,23734,305,1541,758,26338,12.242602285087434,131.59894052374338
POST00906,2025-04-24 03:00:00,Linkedin,Carousel,Seasonal Campaign,Brand,9,244420,181666,108661,3309,81,1036,845,5271,4.850866456226245,44.45667294002128
POST00907,2025-04-24 06:00:00,Facebook,Image,Brand Awareness,Education,15,131141,86506,49169,2751,77,627,586,4041,8.218593015924668,37.49323247496969
POST00908,2025-04-24 09:00:00,Instagram,Video,Product Launch,Brand,17,270766,436098,271066,16414,752,1710,3377,22253,8.209439767436713,100.11079677655246
POST00909,2025-04-24 12:00:00,Instagram,Reel,Community Campaign,Entertainment,13,213381,675928,387948,23575,380,5683,3777,33415,8.613267757534516,181.81000182771663
POST00910,2025-04-24 15:00:00,Instagram,Reel,Product Launch,Education,3,61767,49363,29483,1572,38,536,284,2430,8.242037784485975,47.73260802693996
POST00911,2025-04-24 18:00:00,Youtube,Image,Product Launch,Community,11,140456,195877,159733,5008,225,1552,3147,9932,6.217876080709684,113.72458278749218
POST00912,2025-04-24 21:00:00,Instagram,Text,Community Campaign,Promotional,19,423189,519306,333665,11373,556,1807,8131,21867,6.553579188707237,78.84538586778011
POST00913,2025-04-25 00:00:00,Facebook,Carousel,Educational Series,Promotional,22,78565,37919,20926,888,33,175,174,1270,6.069005065468795,26.63527015846751
POST00914,2025-04-25 03:00:00,Youtube,Image,Community Campaign,Brand,20,109461,154828,107041,5996,247,452,1534,8229,7.687708448164722,97.7891669178977
POST00915,2025-04-25 06:00:00,Youtube,Image,Educational Series,Brand,7,410721,273552,189651,7434,200,1647,4537,13818,7.286014837780977,46.175140789002754
POST00916,2025-04-25 09:00:00,Youtube,Reel,Community Campaign,Education,6,130159,100886,73169,5785,172,528,1523,8008,10.944525687107928,56.2150907735923
POST00917,2025-04-25 12:00:00,Instagram,Text,Brand Awareness,Education,8,305235,159397,122108,1888,67,1120,2244,5319,4.355979952173486,40.00458662997362
POST00918,2025-04-25 15:00:00,Linkedin,Carousel,Educational Series,Community,23,301728,309772,199011,14081,170,2330,3256,19837,9.967790725135796,65.95708717785556
POST00919,2025-04-25 18:00:00,Facebook,Reel,Brand Awareness,Brand,16,387005,246190,156465,10000,240,3006,1073,14319,9.151567443198159,40.4297102104624
POST00920,2025-04-25 21:00:00,Instagram,Image,Seasonal Campaign,Entertainment,9,404379,563699,507273,33014,1179,6395,12592,53180,10.48350690850883,125.44494150289705
POST00921,2025-04-26 00:00:00,Linkedin,Reel,Educational Series,Promotional,2,487823,263891,230457,8013,301,1707,3225,13246,5.747709984942961,47.241929962301896
POST00922,2025-04-26 03:00:00,Youtube,Text,Educational Series,Community,20,221696,149143,89872,3460,95,799,849,5203,5.789344846003205,40.53839491916859
POST00923,2025-04-26 06:00:00,Linkedin,Reel,Community Campaign,Education,7,396832,261469,221413,8048,315,1940,1860,12163,5.493354048768591,55.795147568744454
POST00924,2025-04-26 09:00:00,Facebook,Carousel,Educational Series,Entertainment,13,36550,42217,24162,1272,13,248,547,2080,8.608558894131281,66.10670314637484
POST00925,2025-04-26 12:00:00,Youtube,Reel,Brand Awareness,Brand,6,415279,394320,315822,27854,818,5511,7538,41721,13.210289340197958,76.05055878096412
POST00926,2025-04-26 15:00:00,Instagram,Carousel,Special Campaign,Event,15,112816,94052,79918,4877,219,1139,1383,7618,9.532270577341775,70.83924266061553
POST00927,2025-04-26 18:00:00,Instagram,Video,Seasonal Campaign,Education,17,487055,842832,666590,44513,1768,7103,7802,61186,9.178955579891687,136.8613400950611
POST00928,2025-04-26 21:00:00,Youtube,Carousel,Special Campaign,Community,10,293775,439575,350366,22441,1152,2912,3136,29641,8.460010389135931,119.26338183984342
POST00929,2025-04-27 00:00:00,Facebook,Carousel,Community Campaign,Event,5,283269,152314,127624,3678,157,1876,2013,7724,6.052153200025074,45.053994612894456
POST00930,2025-04-27 03:00:00,Instagram,Video,Festival Campaign,Entertainment,19,448625,1039244,723811,64063,1012,6466,3863,75404,10.417636648241047,161.3398718305935
POST00931,2025-04-27 06:00:00,Instagram,Reel,Seasonal Campaign,Promotional,20,70581,85158,54674,2778,160,708,537,4183,7.650802941068881,77.46277326759326
POST00932,2025-04-27 09:00:00,Facebook,Reel,Special Campaign,Entertainment,13,304629,558954,337685,25409,335,1371,2314,29429,8.714926632808682,110.85123215452239
POST00933,2025-04-27 12:00:00,Linkedin,Reel,Seasonal Campaign,Promotional,20,390683,464609,278668,29495,1097,3337,1088,35017,12.565848967229822,71.32841715662059
POST00934,2025-04-27 15:00:00,Youtube,Text,Special Campaign,Entertainment,12,229402,165794,100087,3691,72,1042,895,5700,5.695045310579796,43.62952371818903
POST00935,2025-04-27 18:00:00,Instagram,Image,Brand Awareness,Education,3,103554,54475,46365,1884,73,230,746,2933,6.32589237571444,44.773741236456345
POST00936,2025-04-27 21:00:00,Instagram,Carousel,Special Campaign,Education,19,94398,128432,83750,2393,137,1020,279,3829,4.571940298507463,88.72010000211868
POST00937,2025-04-28 00:00:00,Instagram,Carousel,Seasonal Campaign,Community,19,152762,351959,206535,18537,948,2470,2766,24721,11.969399859587963,135.20050797973317
POST00938,2025-04-28 03:00:00,Linkedin,Reel,Festival Campaign,Event,10,297884,271963,207851,12406,543,1373,1009,15331,7.375956815218594,69.77581877509365
POST00939,2025-04-28 06:00:00,Instagram,Reel,Product Launch,Entertainment,17,264470,325984,280176,20794,395,4618,2613,28420,10.143624007766547,105.93866979241501
POST00940,2025-04-28 09:00:00,Youtube,Reel,Community Campaign,Entertainment,0,199715,274186,202803,17729,833,3534,4383,26479,13.056512970715422,101.54620333975916
POST00941,2025-04-28 12:00:00,Instagram,Image,Product Launch,Event,11,108560,168761,143479,4912,223,1697,3151,9983,6.95781264157124,132.16562269712603
POST00942,2025-04-28 15:00:00,Youtube,Reel,Community Campaign,Brand,17,105877,84448,51547,1777,53,416,1211,3457,6.706500863289813,48.685739112366235
POST00943,2025-04-28 18:00:00,Facebook,Reel,Seasonal Campaign,Community,6,291300,280672,220030,20729,812,1670,4437,27648,12.565559241921557,75.53381393752146
POST00944,2025-04-28 21:00:00,Facebook,Video,Community Campaign,Entertainment,11,397112,424554,321076,31351,1521,3071,1163,37106,11.556765376421781,80.85275690485304
POST00945,2025-04-29 00:00:00,Instagram,Text,Special Campaign,Community,0,450430,252369,193961,9653,208,1090,1609,12560,6.475528585643506,43.06129698288302
POST00946,2025-04-29 03:00:00,Instagram,Reel,Brand Awareness,Entertainment,21,116589,213619,192049,10916,544,771,1821,14052,7.316882670568449,164.72308708368715
POST00947,2025-04-29 06:00:00,Instagram,Reel,Festival Campaign,Entertainment,3,345533,299651,210635,8357,477,935,1465,11234,5.333396633987704,60.95944526282584
POST00948,2025-04-29 09:00:00,Linkedin,Reel,Community Campaign,Brand,17,488910,553320,336479,24494,474,6266,7446,38680,11.495516807883998,68.82227812889899
POST00949,2025-04-29 12:00:00,Linkedin,Carousel,Festival Campaign,Education,14,416024,613743,373296,23453,513,4197,3668,31831,8.527013415627277,89.72943868622964
POST00950,2025-04-29 15:00:00,Youtube,Video,Community Campaign,Community,2,476203,606277,455939,30714,562,4348,5380,41004,8.993308315366749,95.74467191512863
POST00951,2025-04-29 18:00:00,Facebook,Reel,Festival Campaign,Event,6,353082,404981,300943,18778,656,1789,5182,26405,8.774086787198906,85.23317529639007
POST00952,2025-04-29 21:00:00,Facebook,Reel,Product Launch,Community,5,349644,464394,292723,14451,843,2549,6737,24580,8.397016975092493,83.72029836061823
POST00953,2025-04-30 00:00:00,Instagram,Video,Brand Awareness,Brand,14,475383,792187,592388,40777,1054,4331,5484,51646,8.718272483574955,124.61278590105242
POST00954,2025-04-30 03:00:00,Linkedin,Carousel,Community Campaign,Promotional,14,342878,461859,308183,9009,518,1115,1603,12245,3.973288598008326,89.88124055786606
POST00955,2025-04-30 06:00:00,Youtube,Reel,Event Promotion,Promotional,5,168278,233857,179431,13840,217,737,850,15644,8.7186718014167,106.62772317236953
POST00956,2025-04-30 09:00:00,Instagram,Carousel,Festival Campaign,Brand,7,422845,625365,555953,36638,604,6729,3990,47961,8.626808381284029,131.4791472052407
POST00957,2025-04-30 12:00:00,Youtube,Reel,Festival Campaign,Brand,7,314481,335896,282251,7675,303,3034,6569,17581,6.228853042150426,89.75136812716825
POST00958,2025-04-30 15:00:00,Instagram,Image,Special Campaign,Education,21,251437,317463,230461,15437,193,1301,3490,20421,8.860935255856738,91.65755238886878
POST00959,2025-04-30 18:00:00,Instagram,Video,Event Promotion,Community,0,107095,116028,78946,6132,88,626,1092,7938,10.054974286220961,73.71585975068864
POST00960,2025-04-30 21:00:00,Facebook,Video,Brand Awareness,Community,12,281522,181369,104554,8496,426,1272,2213,12407,11.866595252214166,37.13883817250517
POST00961,2025-05-01 00:00:00,Instagram,Image,Festival Campaign,Promotional,22,345973,330244,194427,7732,196,1202,2586,11716,6.025912038965782,56.197159893980164
POST00962,2025-05-01 03:00:00,Facebook,Text,Brand Awareness,Event,23,220473,145277,90011,2171,35,309,1175,3690,4.099498950128318,40.82631433327437
POST00963,2025-05-01 06:00:00,Instagram,Image,Festival Campaign,Community,20,351974,623116,438905,10311,322,2173,8330,21136,4.815620692404962,124.69813111195714
POST00964,2025-05-01 09:00:00,Instagram,Video,Seasonal Campaign,Entertainment,12,66939,193549,168232,14040,668,1606,4131,20445,12.152860335726853,251.3213522759527
POST00965,2025-05-01 12:00:00,Instagram,Image,Educational Series,Entertainment,10,295109,276603,170946,11825,490,1433,2100,15848,9.270763866952137,57.92639329874725
POST00966,2025-05-01 15:00:00,Instagram,Video,Seasonal Campaign,Education,3,294372,212813,178180,11228,184,1215,3297,15924,8.937029969693567,60.528854646501706
POST00967,2025-05-01 18:00:00,Facebook,Text,Festival Campaign,Education,6,68419,62184,52342,2523,35,581,1065,4204,8.031790913606663,76.5021412180827
POST00968,2025-05-01 21:00:00,Instagram,Reel,Educational Series,Promotional,11,379057,875988,512765,14742,209,3823,9373,28147,5.489259212309733,135.27385063460113
POST00969,2025-05-02 00:00:00,Youtube,Text,Community Campaign,Event,12,275416,280017,250551,13087,402,876,3608,17973,7.173389848773304,90.97183896360414
POST00970,2025-05-02 03:00:00,Youtube,Video,Brand Awareness,Event,21,69229,74209,65021,2210,40,531,809,3590,5.521293120684087,93.92162244146239
POST00971,2025-05-02 06:00:00,Facebook,Video,Festival Campaign,Brand,11,251535,317076,209182,18088,339,743,5071,24241,11.588473195590442,83.16218418907906
POST00972,2025-05-02 09:00:00,Linkedin,Reel,Special Campaign,Education,15,163894,99474,76389,5880,124,276,1079,7359,9.63358598751129,46.60878372606685
POST00973,2025-05-02 12:00:00,Facebook,Video,Product Launch,Community,5,50070,72701,64671,3408,120,875,196,4599,7.111379134387902,129.16117435590172
POST00974,2025-05-02 15:00:00,Instagram,Video,Special Campaign,Entertainment,13,219795,555039,482639,38541,1220,5831,2046,47638,9.870317152157202,219.58597784299005
POST00975,2025-05-02 18:00:00,Instagram,Reel,Product Launch,Community,18,144045,259004,186233,8060,98,2901,1666,12725,6.832838433575144,129.28806970044084
POST00976,2025-05-02 21:00:00,Instagram,Text,Event Promotion,Entertainment,15,289279,428898,342264,9015,532,705,6016,16268,4.753056120421663,118.31622758651683
POST00977,2025-05-03 00:00:00,Youtube,Reel,Product Launch,Promotional,3,230116,353849,216326,22154,367,2753,2248,27522,12.722465168310789,94.0073701959012
POST00978,2025-05-03 03:00:00,Instagram,Reel,Educational Series,Entertainment,4,381237,738974,519344,35344,1462,9267,3872,49945,9.616939831787793,136.22602213321372
POST00979,2025-05-03 06:00:00,Youtube,Image,Product Launch,Community,8,381770,652659,378560,19802,1158,3602,8103,32665,8.628751056635672,99.1591796107604
POST00980,2025-05-03 09:00:00,Youtube,Image,Product Launch,Community,23,262763,152706,127739,8517,421,883,1875,11696,9.15617000289653,48.61376982299639
POST00981,2025-05-03 12:00:00,Instagram,Carousel,Product Launch,Event,2,321585,248794,191833,9223,495,652,3912,14282,7.445017280655571,59.65234696891957
POST00982,2025-05-03 15:00:00,Facebook,Reel,Festival Campaign,Event,21,280195,520992,319890,17134,184,2259,7643,27220,8.50917502891619,114.16691946679991
POST00983,2025-05-03 18:00:00,Instagram,Text,Event Promotion,Education,9,398334,561772,313485,11733,589,2179,3593,18094,5.771887012137742,78.69903146605613
POST00984,2025-05-03 21:00:00,Instagram,Reel,Brand Awareness,Community,16,190956,432655,289286,29395,1415,4830,1263,36903,12.75657999350124,151.49353777833636
POST00985,2025-05-04 00:00:00,Facebook,Reel,Event Promotion,Promotional,18,242675,420052,259884,25106,815,2268,3918,32107,12.35435809822844,107.09137735654681
POST00986,2025-05-04 03:00:00,Youtube,Reel,Special Campaign,Entertainment,9,169115,225572,176742,12100,332,3216,1304,16952,9.591381788143169,104.50994885137332
POST00987,2025-05-04 06:00:00,Facebook,Image,Educational Series,Education,11,116108,57966,41874,845,43,445,595,1928,4.6042890576491375,36.064698384262925
POST00988,2025-05-04 09:00:00,Youtube,Text,Festival Campaign,Brand,22,95043,102567,85886,4925,99,928,915,6867,7.995482383624805,90.36541354965647
POST00989,2025-05-04 12:00:00,Instagram,Carousel,Community Campaign,Brand,6,23062,29983,25211,942,46,70,553,1611,6.390067827535599,109.31835920561963
POST00990,2025-05-04 15:00:00,Facebook,Video,Festival Campaign,Entertainment,17,110236,155077,90374,7409,296,321,827,8853,9.795959014760882,81.98229253601365
POST00991,2025-05-04 18:00:00,Facebook,Reel,Seasonal Campaign,Entertainment,18,72214,126899,106444,8145,219,975,1192,10531,9.893465108413814,147.40078101199214
POST00992,2025-05-04 21:00:00,Facebook,Image,Product Launch,Entertainment,14,497206,767345,482424,27962,589,5182,3806,37539,7.781329287100144,97.02698680225097
POST00993,2025-05-05 00:00:00,Instagram,Image,Special Campaign,Event,6,73409,119382,88130,2216,95,280,1589,4180,4.742993305344378,120.05339944693429
POST00994,2025-05-05 03:00:00,Youtube,Image,Product Launch,Entertainment,11,161940,190932,108891,8711,333,453,2529,12026,11.04407159453031,67.24157095220453
POST00995,2025-05-05 06:00:00,Instagram,Reel,Educational Series,Brand,21,88089,112936,100816,3900,86,1241,2472,7699,7.636684653229646,114.44788793152381
POST00996,2025-05-05 09:00:00,Instagram,Carousel,Community Campaign,Entertainment,6,114047,190688,121308,4744,166,1359,784,7053,5.814126026313186,106.36667338904135
POST00997,2025-05-05 12:00:00,Linkedin,Image,Special Campaign,Community,9,37428,47498,37368,2315,101,464,492,3372,9.023763648041104,99.83969220904136
POST00998,2025-05-05 15:00:00,Instagram,Video,Seasonal Campaign,Promotional,23,390427,486669,376011,29964,1683,3036,7823,42506,11.304456518559297,96.30763241271735
POST00999,2025-05-05 18:00:00,Linkedin,Image,Festival Campaign,Brand,21,222565,170819,119988,3246,68,474,2240,6028,5.023835716905023,53.91144160132995
POST01000,2025-05-05 21:00:00,Youtube,Reel,Community Campaign,Promotional,19,483330,663963,536767,37598,2159,1963,8140,49860,9.288946600666584,111.05600728280885
POST01001,2025-05-06 00:00:00,Instagram,Carousel,Brand Awareness,Brand,9,189461,185515,144182,4898,225,730,888,6741,4.675340888599131,76.1011501047709
POST01002,2025-05-06 03:00:00,Youtube,Reel,Event Promotion,Education,22,54734,46738,36214,1573,58,565,242,2438,6.732203015408405,66.16362772682429
POST01003,2025-05-06 06:00:00,Linkedin,Video,Festival Campaign,Community,4,227156,222790,149654,11055,430,2372,1103,14960,9.996391676801155,65.88159678811037
POST01004,2025-05-06 09:00:00,Facebook,Carousel,Community Campaign,Brand,17,347251,242136,182095,14503,835,766,3251,19355,10.629067245119305,52.43901385453174
POST01005,2025-05-06 12:00:00,Facebook,Reel,Brand Awareness,Community,8,369033,467917,301258,20766,827,1587,7217,30397,10.090022505626408,81.63443377692509
POST01006,2025-05-06 15:00:00,Facebook,Text,Brand Awareness,Brand,15,132168,46812,37965,1781,89,71,630,2571,6.772026866851047,28.724804793898674
POST01007,2025-05-06 18:00:00,Facebook,Image,Seasonal Campaign,Promotional,6,104170,52999,44515,3329,35,337,402,4103,9.217117825452096,42.733032542958625
POST01008,2025-05-06 21:00:00,Facebook,Reel,Seasonal Campaign,Promotional,9,424895,601640,538632,57603,640,10050,4012,72305,13.42382183011778,126.76826039374434
POST01009,2025-05-07 00:00:00,Instagram,Carousel,Event Promotion,Brand,4,460959,484691,282052,6244,331,3282,6085,15942,5.652149249074639,61.18808831154181
POST01010,2025-05-07 03:00:00,Youtube,Reel,Brand Awareness,Brand,6,437933,434837,274808,8160,441,2609,2324,13534,4.924893016214957,62.751151431840036
POST01011,2025-05-07 06:00:00,Instagram,Video,Special Campaign,Event,4,263543,465370,278768,9268,536,2240,4447,16491,5.915671813120587,105.77704587107229
POST01012,2025-05-07 09:00:00,Linkedin,Video,Educational Series,Community,14,176651,129104,78074,6828,250,700,1842,9620,12.321643568921791,44.19674952307091
POST01013,2025-05-07 12:00:00,Linkedin,Text,Brand Awareness,Community,18,215174,144005,122694,6257,264,314,2281,9116,7.429866171124912,57.02082965414037
POST01014,2025-05-07 15:00:00,Instagram,Image,Community Campaign,Community,9,54782,72940,43194,1696,73,241,1059,3069,7.10515349354077,78.84706655470775
POST01015,2025-05-07 18:00:00,Facebook,Image,Seasonal Campaign,Community,7,90160,104814,84019,1763,43,190,809,2805,3.338530570466204,93.18877551020408
POST01016,2025-05-07 21:00:00,Linkedin,Video,Educational Series,Education,23,138296,99053,73330,3835,214,572,1666,6287,8.573571525978453,53.023948631919936
POST01017,2025-05-08 00:00:00,Instagram,Reel,Special Campaign,Education,8,436319,585705,394085,24487,1108,2953,2705,31253,7.930522602991741,90.32038485603422
POST01018,2025-05-08 03:00:00,Youtube,Image,Seasonal Campaign,Entertainment,10,73077,104254,87947,3676,103,973,1528,6280,7.140664263704275,120.34839963326354
POST01019,2025-05-08 06:00:00,Linkedin,Image,Special Campaign,Brand,21,310678,245528,216289,8991,231,574,3827,13623,6.298517261626804,69.61838302036192
POST01020,2025-05-08 09:00:00,Instagram,Reel,Seasonal Campaign,Brand,1,320780,490122,293501,10647,460,3668,6796,21571,7.349549064568775,91.4960409003055
POST01021,2025-05-08 12:00:00,Facebook,Image,Seasonal Campaign,Brand,2,264002,129682,93666,6113,103,811,1221,8248,8.80575662460231,35.479276672146426
POST01022,2025-05-08 15:00:00,Instagram,Video,Brand Awareness,Brand,12,381252,784553,659292,48914,1559,5615,5068,61156,9.276011236295906,172.92814201630418
POST01023,2025-05-08 18:00:00,Linkedin,Video,Product Launch,Community,10,332630,329222,272189,17266,349,4601,1467,23683,8.700939420770126,81.82935994949344
POST01024,2025-05-08 21:00:00,Linkedin,Reel,Brand Awareness,Community,9,114096,197031,129308,10828,139,1304,2172,14443,11.169455872799826,113.33263216940122
POST01025,2025-05-09 00:00:00,Linkedin,Reel,Seasonal Campaign,Education,14,53435,50275,31942,2637,117,101,616,3471,10.866570659320017,59.77729952278469
POST01026,2025-05-09 03:00:00,Youtube,Reel,Educational Series,Promotional,5,53152,78403,46566,1608,40,608,551,2807,6.028003264184169,87.6091210114389
POST01027,2025-05-09 06:00:00,Linkedin,Video,Brand Awareness,Event,0,129620,92121,82222,2960,61,1155,794,4970,6.044610931380896,63.43311217404721
POST01028,2025-05-09 09:00:00,Facebook,Reel,Seasonal Campaign,Community,13,341096,375062,280260,12828,202,5166,1816,20012,7.140512381360166,82.1645519150034
POST01029,2025-05-09 12:00:00,Instagram,Carousel,Seasonal Campaign,Community,17,301782,289859,205771,7527,360,813,2966,11666,5.66940919760316,68.18531257662816
POST01030,2025-05-09 15:00:00,Facebook,Reel,Brand Awareness,Community,23,252816,388196,313180,27091,588,3003,1957,32639,10.421802158503098,123.8766533763686
POST01031,2025-05-09 18:00:00,Instagram,Carousel,Brand Awareness,Promotional,10,399580,440368,315216,15489,646,4917,7263,28315,8.982729303081062,78.88683117273136
POST01032,2025-05-09 21:00:00,Youtube,Image,Educational Series,Promotional,7,36396,27125,23860,1371,59,226,350,2006,8.407376362112322,65.55665457742609
POST01033,2025-05-10 00:00:00,Instagram,Video,Special Campaign,Education,21,191566,245489,188814,12234,419,1992,4027,18672,9.889097206774922,98.56341939592622
POST01034,2025-05-10 03:00:00,Instagram,Reel,Brand Awareness,Community,2,177855,328414,235081,12800,418,2034,1760,17012,7.236654599903863,132.17564870259483
POST01035,2025-05-10 06:00:00,Instagram,Carousel,Event Promotion,Event,13,156475,191880,160434,10189,500,2409,2925,16023,9.987284490818654,102.53011663204985
POST01036,2025-05-10 09:00:00,Facebook,Reel,Community Campaign,Brand,1,477268,328682,262254,24226,637,2628,3124,30615,11.673797158479946,54.94900139963291
POST01037,2025-05-10 12:00:00,Instagram,Carousel,Event Promotion,Community,15,43838,85272,61946,5292,298,570,1290,7450,12.026603816227038,141.30662895205072
POST01038,2025-05-10 15:00:00,Facebook,Video,Educational Series,Education,5,321063,328797,199772,13870,748,1972,700,17290,8.654866547864566,62.22205610736834
POST01039,2025-05-10 18:00:00,Instagram,Reel,Product Launch,Education,0,360039,359641,258932,11048,287,3957,3910,19202,7.415846631548051,71.91776446440524
POST01040,2025-05-10 21:00:00,Instagram,Video,Event Promotion,Event,13,330139,847838,553828,16732,945,1344,2652,21673,3.9133088251226016,167.75600580361606
POST01041,2025-05-11 00:00:00,Youtube,Image,Special Campaign,Entertainment,9,276097,283720,236180,12465,412,2202,2952,18031,7.634431365907359,85.54239995363947
POST01042,2025-05-11 03:00:00,Facebook,Reel,Seasonal Campaign,Education,5,435830,229334,204888,15446,392,1673,3651,21162,10.32856975518332,47.0109905238281
POST01043,2025-05-11 06:00:00,Instagram,Image,Community Campaign,Promotional,8,95593,135257,107334,4051,106,1220,1259,6636,6.182570294594444,112.2822800832697
POST01044,2025-05-11 09:00:00,Facebook,Reel,Festival Campaign,Promotional,6,151172,244412,195970,6250,168,3584,2489,12491,6.3739347859366235,129.63379461805096
POST01045,2025-05-11 12:00:00,Linkedin,Carousel,Community Campaign,Brand,1,376335,197828,131267,3293,57,702,3014,7066,5.382921831077118,34.88035925438771
POST01046,2025-05-11 15:00:00,Facebook,Video,Event Promotion,Education,10,212792,145977,129670,7806,452,1974,1811,12043,9.287421917174365,60.937441257190116
POST01047,2025-05-11 18:00:00,Instagram,Reel,Festival Campaign,Brand,13,90514,123889,75067,4428,171,287,1389,6275,8.359199115456859,82.93413173652695
POST01048,2025-05-11 21:00:00,Instagram,Image,Educational Series,Education,4,293132,272370,174898,8166,167,1839,3134,13306,7.607862868643438,59.66527025367411
POST01049,2025-05-12 00:00:00,Linkedin,Video,Special Campaign,Event,8,231139,360378,270988,21792,226,788,4702,27508,10.151002996442648,117.24027533215944
POST01050,2025-05-12 03:00:00,Instagram,Text,Community Campaign,Community,6,255910,178413,148352,3802,117,1434,666,6019,4.057242234685074,57.970380211793206
POST01051,2025-05-12 06:00:00,Linkedin,Image,Product Launch,Education,13,401536,469230,404737,20705,1170,5115,1661,28651,7.078917914596393,100.7971887950271
POST01052,2025-05-12 09:00:00,Youtube,Text,Festival Campaign,Entertainment,15,135137,100794,77810,3831,200,221,1323,5575,7.164888831769696,57.57860541524526
POST01053,2025-05-12 12:00:00,Linkedin,Image,Festival Campaign,Promotional,21,490383,603491,378129,8688,476,4345,9099,22608,5.978911958617298,77.10891282935991
POST01054,2025-05-12 15:00:00,Facebook,Image,Community Campaign,Event,15,359373,176595,157505,5359,74,1109,3537,10079,6.399161931367258,43.82772217167122
POST01055,2025-05-12 18:00:00,Linkedin,Video,Event Promotion,Community,6,121471,135315,84637,5358,304,1274,986,7922,9.359972588820492,69.67671296029505
POST01056,2025-05-12 21:00:00,Instagram,Image,Festival Campaign,Community,9,320292,340377,282679,6931,121,1429,6737,15218,5.383491522185943,88.25665330386023
POST01057,2025-05-13 00:00:00,Facebook,Image,Educational Series,Promotional,20,427039,590362,429927,14276,310,974,1352,16912,3.9336910684837196,100.67628483581126
POST01058,2025-05-13 03:00:00,Youtube,Image,Community Campaign,Community,5,306840,204037,140882,3741,206,1753,2044,7744,5.496798739370537,45.91383131273628
POST01059,2025-05-13 06:00:00,Youtube,Video,Educational Series,Brand,16,31629,32071,21230,2021,105,362,63,2551,12.016015073009893,67.1219450504284
POST01060,2025-05-13 09:00:00,Facebook,Video,Community Campaign,Event,0,154928,194321,137266,3627,184,1461,1808,7080,5.15786866376233,88.59986574408758
POST01061,2025-05-13 12:00:00,Linkedin,Image,Educational Series,Entertainment,1,51051,29486,21121,760,9,103,370,1242,5.880403389991004,41.37235313705902
POST01062,2025-05-13 15:00:00,Linkedin,Reel,Event Promotion,Promotional,13,479827,459644,324422,17476,438,5511,6276,29701,9.15505113709921,67.61228526114621
POST01063,2025-05-13 18:00:00,Facebook,Image,Community Campaign,Education,3,265131,168302,97973,3580,75,860,1321,5836,5.956743184346708,36.95267622420615
POST01064,2025-05-13 21:00:00,Youtube,Image,Special Campaign,Education,8,237405,301585,224050,8141,212,438,5035,13826,6.170943985717474,94.37459194203997
POST01065,2025-05-14 00:00:00,Youtube,Reel,Seasonal Campaign,Education,22,315613,388905,222110,19119,225,1825,4716,25885,11.654135338345863,70.37416076017148
POST01066,2025-05-14 03:00:00,Facebook,Video,Product Launch,Event,5,224793,152113,110910,3188,44,1957,396,5585,5.0356144621765395,49.3387249602968
POST01067,2025-05-14 06:00:00,Instagram,Image,Event Promotion,Entertainment,16,92372,104660,80704,4515,59,970,710,6254,7.74930610626487,87.36846663491102
POST01068,2025-05-14 09:00:00,Instagram,Reel,Educational Series,Community,20,459288,1283051,856573,28295,1074,13366,5594,48329,5.642134412361818,186.5001916009127
POST01069,2025-05-14 12:00:00,Instagram,Reel,Special Campaign,Entertainment,10,63406,78324,63747,6380,271,793,235,7679,12.046057069352283,100.53780399331293
POST01070,2025-05-14 15:00:00,Instagram,Reel,Community Campaign,Entertainment,3,369898,495378,313805,15576,853,4732,3230,24391,7.7726613661350195,84.8355492595256
POST01071,2025-05-14 18:00:00,Instagram,Text,Event Promotion,Promotional,20,55017,78785,57186,1099,12,631,1165,2907,5.083412023921939,103.94241779813511
POST01072,2025-05-14 21:00:00,Instagram,Reel,Educational Series,Event,8,292849,248566,186342,10347,438,3222,3120,17127,9.191164632772,63.630744854856935
POST01073,2025-05-15 00:00:00,Instagram,Reel,Brand Awareness,Education,15,170678,192353,165686,13094,553,1044,2334,17025,10.275460811414362,97.07519422538347
POST01074,2025-05-15 03:00:00,Instagram,Image,Brand Awareness,Promotional,2,369055,452169,402540,29530,648,4736,2093,37007,9.193372087245988,109.07317337524218
POST01075,2025-05-15 06:00:00,Linkedin,Reel,Festival Campaign,Community,3,258750,133012,80289,6868,300,888,1322,9378,11.680304898553974,31.0295652173913
POST01076,2025-05-15 09:00:00,Youtube,Reel,Product Launch,Entertainment,23,112469,260908,214807,20849,1178,2923,1365,26315,12.250531872797442,190.99218451306584
POST01077,2025-05-15 12:00:00,Instagram,Reel,Brand Awareness,Education,2,93654,139632,119982,9467,111,854,2578,13010,10.843293160640762,128.11198667435454
POST01078,2025-05-15 15:00:00,Facebook,Image,Seasonal Campaign,Event,12,448535,362222,235420,8093,167,508,5031,13799,5.861439130065415,52.48642803794576
POST01079,2025-05-15 18:00:00,Instagram,Image,Educational Series,Brand,18,374329,329392,223179,8387,383,2399,3689,14858,6.657436407547306,59.62108198937298
POST01080,2025-05-15 21:00:00,Linkedin,Image,Event Promotion,Entertainment,20,470470,759138,589093,46803,627,7123,6666,61219,10.392077312071269,125.21372244776501
POST01081,2025-05-16 00:00:00,Facebook,Image,Community Campaign,Entertainment,0,65318,63196,52732,2736,89,287,198,3310,6.277023439277858,80.73119201445238
POST01082,2025-05-16 03:00:00,Instagram,Text,Event Promotion,Entertainment,22,274423,179973,100869,5716,163,891,835,7605,7.539481902269279,36.75675872649158
POST01083,2025-05-16 06:00:00,Youtube,Image,Festival Campaign,Entertainment,22,153286,134232,119452,4651,166,1086,399,6302,5.275759300807019,77.92753415184688
POST01084,2025-05-16 09:00:00,Linkedin,Reel,Special Campaign,Education,5,280895,261410,194685,18346,669,3207,1146,23368,12.002979171482139,69.30881646166716
POST01085,2025-05-16 12:00:00,Linkedin,Reel,Event Promotion,Event,21,277177,384829,219179,8578,415,2659,5255,16907,7.713786448519247,79.07546441443554
POST01086,2025-05-16 15:00:00,Youtube,Image,Brand Awareness,Promotional,2,94070,73645,50380,2624,68,184,547,3423,6.794362842397778,53.55586265546933
POST01087,2025-05-16 18:00:00,Facebook,Video,Event Promotion,Education,2,332013,407930,278525,13392,186,1878,1877,17333,6.223139754061574,83.88978744808185
POST01088,2025-05-16 21:00:00,Instagram,Reel,Brand Awareness,Event,15,448444,637333,555067,45263,1012,6426,11382,64083,11.545092754568367,123.77621286046865
POST01089,2025-05-17 00:00:00,Linkedin,Carousel,Brand Awareness,Promotional,9,195768,245727,168402,4271,79,2580,1933,8863,5.263001627059061,86.02120877773692
POST01090,2025-05-17 03:00:00,Instagram,Reel,Product Launch,Entertainment,16,285399,669758,444019,51845,1032,2442,9293,64612,14.551629547384234,155.5783306879141
POST01091,2025-05-17 06:00:00,Linkedin,Image,Festival Campaign,Event,6,402622,205156,128975,6214,137,958,1140,8449,6.550881953867028,32.03376864652205
POST01092,2025-05-17 09:00:00,Facebook,Video,Seasonal Campaign,Entertainment,12,47841,90000,73187,7809,226,942,283,9260,12.652520256329677,152.97966179636714
POST01093,2025-05-17 12:00:00,Facebook,Reel,Seasonal Campaign,Event,10,281121,410602,363296,37961,384,6463,7558,52366,14.41414163657183,129.23118514803232
POST01094,2025-05-17 15:00:00,Youtube,Image,Educational Series,Community,9,25334,19217,10638,689,19,69,253,1030,9.6822711035909,41.99100023683587
POST01095,2025-05-17 18:00:00,Instagram,Reel,Seasonal Campaign,Brand,6,228889,274027,177070,5102,221,3391,4313,13027,7.356977466538657,77.36064205794075
POST01096,2025-05-17 21:00:00,Instagram,Carousel,Brand Awareness,Entertainment,23,387278,557221,421965,18497,357,4796,7387,31037,7.355349377318024,108.95661514467643
POST01097,2025-05-18 00:00:00,Instagram,Reel,Community Campaign,Entertainment,5,60522,98295,84518,10481,408,442,1150,12481,14.76726851084976,139.64839232014805
POST01098,2025-05-18 03:00:00,Instagram,Video,Festival Campaign,Entertainment,23,190780,500950,313495,11303,253,2950,3221,17727,5.654635640121852,164.3227801656358
POST01099,2025-05-18 06:00:00,Facebook,Reel,Educational Series,Community,0,478366,583450,373264,17761,1016,2497,7160,28434,7.617664709160272,78.02895690747252
POST01100,2025-05-18 09:00:00,Instagram,Video,Seasonal Campaign,Education,16,50697,47580,40706,3588,200,682,457,4927,12.103866751830198,80.29271949030515
POST01101,2025-05-18 12:00:00,Instagram,Image,Seasonal Campaign,Promotional,11,423938,681307,415711,30365,1244,1056,8676,41341,9.944649047054325,98.05938604229864
POST01102,2025-05-18 15:00:00,Linkedin,Carousel,Community Campaign,Entertainment,3,384080,154968,132493,12076,666,791,1608,15141,11.4277735427532,34.49619870860238
POST01103,2025-05-18 18:00:00,Linkedin,Reel,Event Promotion,Entertainment,2,478696,310410,224176,11249,166,2431,4015,17861,7.96740061380344,46.830556344736536
POST01104,2025-05-18 21:00:00,Linkedin,Text,Festival Campaign,Education,5,143935,49511,43539,867,11,403,468,1749,4.017088127885344,30.249070761107443
POST01105,2025-05-19 00:00:00,Linkedin,Reel,Community Campaign,Education,15,36029,36908,28314,1277,72,375,92,1816,6.41378823197005,78.58669405201366
POST01106,2025-05-19 03:00:00,Instagram,Reel,Seasonal Campaign,Brand,12,347694,439497,324444,29126,845,3107,4928,38006,11.714194129033054,93.31308564427341
POST01107,2025-05-19 06:00:00,Instagram,Image,Festival Campaign,Event,8,260957,277636,193423,6083,196,1609,4689,12577,6.502329092196894,74.12064056530386
POST01108,2025-05-19 09:00:00,Facebook,Reel,Festival Campaign,Entertainment,10,263533,325533,266299,16626,761,996,5516,23899,8.974498589930867,101.04958392307606
POST01109,2025-05-19 12:00:00,Facebook,Reel,Seasonal Campaign,Event,19,490258,684776,535691,59682,2131,5975,12797,80585,15.043187210537418,109.26716137217547
POST01110,2025-05-19 15:00:00,Instagram,Text,Event Promotion,Education,20,421424,686057,534496,23571,531,4809,11715,40626,7.600805244566844,126.83093511522836
POST01111,2025-05-19 18:00:00,Facebook,Text,Event Promotion,Education,12,357651,407975,360923,5351,219,2572,3927,12069,3.343926543888863,100.91485833955448
POST01112,2025-05-19 21:00:00,Instagram,Image,Seasonal Campaign,Brand,22,257648,320699,201657,7915,313,2661,3457,14346,7.114060012794002,78.26841271812705
POST01113,2025-05-20 00:00:00,Instagram,Text,Festival Campaign,Promotional,18,108719,152031,95657,5470,74,487,1448,7479,7.8185600635604295,87.98554070585638
POST01114,2025-05-20 03:00:00,Youtube,Image,Community Campaign,Community,2,108499,110398,83858,1967,33,696,311,3007,3.585823654272699,77.28919160545259
POST01115,2025-05-20 06:00:00,Youtube,Reel,Product Launch,Community,11,121383,294648,233555,10261,234,3874,5238,19607,8.395024726509815,192.4116227148777
POST01116,2025-05-20 09:00:00,Youtube,Carousel,Brand Awareness,Community,18,159199,295258,164243,4480,256,406,2836,7978,4.8574368466236,103.16836161031162
POST01117,2025-05-20 12:00:00,Instagram,Carousel,Event Promotion,Education,7,460998,317885,184944,14505,516,1951,2298,19270,10.419370187732504,40.11817838689105
POST01118,2025-05-20 15:00:00,Linkedin,Text,Seasonal Campaign,Entertainment,13,297790,202642,178799,7169,228,850,2991,11238,6.285270051845927,60.041975889049326
POST01119,2025-05-20 18:00:00,Instagram,Reel,Special Campaign,Brand,21,234816,415240,242314,17538,848,4393,3196,25975,10.719562220919963,103.19313845734533
POST01120,2025-05-20 21:00:00,Instagram,Carousel,Product Launch,Promotional,8,304857,378639,214587,17822,627,1716,2275,22440,10.457297040361253,70.38939568387802
POST01121,2025-05-21 00:00:00,Linkedin,Reel,Event Promotion,Community,23,314411,295184,176985,17104,1010,1126,2279,21519,12.158657513348588,56.29096946353658
POST01122,2025-05-21 03:00:00,Linkedin,Reel,Special Campaign,Brand,16,286008,385905,312625,17817,878,2483,6940,28118,8.994162335065974,109.3063830382367
POST01123,2025-05-21 06:00:00,Linkedin,Reel,Festival Campaign,Education,5,96197,102271,58661,3573,178,256,420,4427,7.5467516748776875,60.980072143621946
POST01124,2025-05-21 09:00:00,Facebook,Text,Seasonal Campaign,Community,3,445775,132823,110526,6314,158,795,490,7757,7.018258147404231,24.79412259547978
POST01125,2025-05-21 12:00:00,Facebook,Video,Product Launch,Promotional,3,137201,111514,62322,1866,104,394,855,3219,5.165110233946279,45.42386717297979
POST01126,2025-05-21 15:00:00,Youtube,Video,Seasonal Campaign,Event,18,226930,479842,423374,39506,1628,3426,3545,48105,11.362294330780824,186.56590137927995
POST01127,2025-05-21 18:00:00,Instagram,Image,Community Campaign,Promotional,11,92246,70171,48655,1696,87,123,478,2384,4.899804747713493,52.74483446436702
POST01128,2025-05-21 21:00:00,Youtube,Reel,Community Campaign,Entertainment,1,444578,343164,251256,16017,468,3213,5284,24982,9.942847135988792,56.51561705707435
POST01129,2025-05-22 00:00:00,Instagram,Reel,Educational Series,Community,16,314524,601861,463190,31407,720,2533,10009,44669,9.643774692890608,147.26698121605983
POST01130,2025-05-22 03:00:00,Instagram,Reel,Brand Awareness,Community,14,478210,828970,718403,71818,2305,11079,12052,97254,13.53752698694187,150.22751510842517
POST01131,2025-05-22 06:00:00,Facebook,Image,Brand Awareness,Event,9,61284,76246,49592,1857,83,148,602,2690,5.424261977738345,80.92161086090987
POST01132,2025-05-22 09:00:00,Youtube,Video,Event Promotion,Event,2,400322,634703,409654,22285,586,4625,9293,36789,8.980505499763215,102.33112344562628
POST01133,2025-05-22 12:00:00,Instagram,Image,Brand Awareness,Community,19,230994,450501,253239,8891,489,2576,6012,17968,7.0952736347876915,109.63012026286395
POST01134,2025-05-22 15:00:00,Instagram,Reel,Seasonal Campaign,Entertainment,3,492090,409103,264321,11396,206,1656,6072,19330,7.313077659361156,53.713954764372374
POST01135,2025-05-22 18:00:00,Facebook,Reel,Seasonal Campaign,Event,21,143556,164288,93779,8134,188,720,2085,11127,11.865129719873318,65.32572654573825
POST01136,2025-05-22 21:00:00,Instagram,Reel,Educational Series,Education,0,75277,63282,54138,5081,102,177,835,6195,11.442979053529868,71.91838144453153
POST01137,2025-05-23 00:00:00,Linkedin,Image,Special Campaign,Community,0,35316,14675,8156,205,11,73,103,392,4.8062775870524765,23.09434817080077
POST01138,2025-05-23 03:00:00,Youtube,Text,Community Campaign,Promotional,17,437679,353080,294550,5493,179,1646,6311,13629,4.627058224410117,67.29817971618469
POST01139,2025-05-23 06:00:00,Youtube,Carousel,Special Campaign,Promotional,3,226811,300134,206496,10061,388,2103,4424,16976,8.220982488764914,91.04320337197049
POST01140,2025-05-23 09:00:00,Youtube,Video,Special Campaign,Entertainment,22,418104,968772,611141,37426,1063,8725,11391,58605,9.589440080112444,146.16961330195358
POST01141,2025-05-23 12:00:00,Facebook,Image,Product Launch,Education,21,244800,376931,246619,11251,359,2701,2609,16920,6.860785259854269,100.74305555555556
POST01142,2025-05-23 15:00:00,Instagram,Image,Product Launch,Event,14,31325,46170,29285,700,20,91,460,1271,4.340105856240396,93.487629688747
POST01143,2025-05-23 18:00:00,Facebook,Reel,Community Campaign,Community,22,170160,230920,193947,15280,666,861,2467,19274,9.937766503219953,113.97919605077573
POST01144,2025-05-23 21:00:00,Youtube,Video,Festival Campaign,Promotional,20,357066,499029,321426,9417,486,881,1109,11893,3.7000740450368044,90.0186520139134
POST01145,2025-05-24 00:00:00,Instagram,Video,Community Campaign,Promotional,21,133949,230437,152989,5418,323,1550,2511,9802,6.406996581453568,114.21436516883293
POST01146,2025-05-24 03:00:00,Linkedin,Reel,Product Launch,Promotional,9,413000,764339,659662,55202,3003,5404,4784,68393,10.367885371599394,159.72445520581113
POST01147,2025-05-24 06:00:00,Facebook,Image,Special Campaign,Promotional,16,386708,175442,98153,4984,212,960,2322,8478,8.637535276558026,25.381683337298426
POST01148,2025-05-24 09:00:00,Facebook,Image,Event Promotion,Brand,21,96803,106892,85908,3932,135,482,1564,6113,7.115751734413559,88.74518351703976
POST01149,2025-05-24 12:00:00,Linkedin,Carousel,Educational Series,Entertainment,11,297563,402907,273181,8593,95,1241,2621,12550,4.594023742500394,91.8061049256796
POST01150,2025-05-24 15:00:00,Linkedin,Text,Special Campaign,Event,19,242088,133570,116283,7407,377,1248,667,9699,8.340858078996929,48.03335977000099
POST01151,2025-05-24 18:00:00,Facebook,Image,Community Campaign,Community,11,204821,287287,207627,13546,392,817,2727,17482,8.419906852191671,101.36997671137237
POST01152,2025-05-24 21:00:00,Facebook,Image,Festival Campaign,Community,15,327998,152167,132640,3229,181,257,3299,6966,5.251809408926418,40.43927097116446
POST01153,2025-05-25 00:00:00,Facebook,Reel,Special Campaign,Community,4,416120,612220,451346,40612,2178,7295,3538,53623,11.880685771004948,108.46534653465348
POST01154,2025-05-25 03:00:00,Facebook,Reel,Event Promotion,Event,15,129796,141176,92884,3924,191,273,891,5279,5.683433099349727,71.56152731979414
POST01155,2025-05-25 06:00:00,Facebook,Reel,Community Campaign,Entertainment,16,119427,100251,82236,9681,567,474,782,11504,13.989007247434213,68.8588007736944
POST01156,2025-05-25 09:00:00,Facebook,Reel,Event Promotion,Education,22,492182,356017,316214,25820,326,1788,4345,32279,10.207960431859437,64.24737190714004
POST01157,2025-05-25 12:00:00,Instagram,Carousel,Special Campaign,Entertainment,14,476772,1047397,724724,56803,1257,8332,17603,83995,11.589929407608967,152.00640977238595
POST01158,2025-05-25 15:00:00,Linkedin,Carousel,Community Campaign,Promotional,12,362679,497224,352892,26676,755,2419,1339,31189,8.838114777325641,97.30147044631754
POST01159,2025-05-25 18:00:00,Linkedin,Reel,Event Promotion,Promotional,7,108855,134281,102611,6922,191,932,1261,9306,9.06920310687938,94.26392907996876
POST01160,2025-05-25 21:00:00,Instagram,Video,Seasonal Campaign,Entertainment,20,171772,549603,487121,25458,917,8053,4107,38535,7.910765497689486,283.5857997811052
POST01161,2025-05-26 00:00:00,Facebook,Reel,Brand Awareness,Entertainment,1,309777,437909,287803,27520,1412,5314,4442,38688,13.442528396159872,92.9065101669911
POST01162,2025-05-26 03:00:00,Instagram,Reel,Event Promotion,Event,7,136958,118435,85749,5921,328,1549,1413,9211,10.741816231093074,62.60970516508711
POST01163,2025-05-26 06:00:00,Instagram,Reel,Seasonal Campaign,Event,9,235716,526188,299517,18535,964,4437,5630,29566,9.871226007204934,127.0668940589523
POST01164,2025-05-26 09:00:00,Facebook,Image,Special Campaign,Brand,6,257497,169166,119988,8135,141,948,1730,10954,9.12924625795913,46.597824440673094
POST01165,2025-05-26 12:00:00,Instagram,Reel,Brand Awareness,Community,9,306199,507183,339106,37992,1731,3344,6293,49360,14.555920567610128,110.74693255040022
POST01166,2025-05-26 15:00:00,Facebook,Image,Product Launch,Brand,3,431858,187014,138754,7977,236,1690,3208,13111,9.449096962970437,32.1295425811262
POST01167,2025-05-26 18:00:00,Facebook,Image,Brand Awareness,Community,10,204086,143819,108389,5045,56,509,882,6492,5.989537683713292,53.10947345726802
POST01168,2025-05-26 21:00:00,Youtube,Text,Event Promotion,Promotional,8,471490,457994,365738,22448,875,2025,1894,27242,7.448501386238236,77.57068018409721
POST01169,2025-05-27 00:00:00,Instagram,Reel,Educational Series,Brand,3,416862,332856,225381,16434,235,3866,1376,21911,9.72176004188463,54.06609381521943
POST01170,2025-05-27 03:00:00,Instagram,Reel,Educational Series,Brand,2,164245,209492,116583,8173,488,1989,2271,12921,11.083091016700548,70.9811561995799
POST01171,2025-05-27 06:00:00,Facebook,Reel,Product Launch,Education,10,27025,52833,44659,4012,140,868,697,5717,12.801450995320094,165.25069380203513
POST01172,2025-05-27 09:00:00,Linkedin,Carousel,Event Promotion,Entertainment,2,294693,123743,90388,5251,265,611,1905,8032,8.886135327698367,30.67191959089629
POST01173,2025-05-27 12:00:00,Facebook,Reel,Brand Awareness,Event,17,34853,51906,33191,2337,99,643,676,3755,11.313307824410233,95.23140045333257
POST01174,2025-05-27 15:00:00,Instagram,Video,Educational Series,Brand,18,201495,377517,271258,24341,1030,1872,6153,33396,12.311526295998643,134.62269535224198
POST01175,2025-05-27 18:00:00,Facebook,Image,Community Campaign,Event,13,343300,189608,165055,4258,75,1298,3628,9259,5.609645269758565,48.07893970288378
POST01176,2025-05-27 21:00:00,Youtube,Image,Festival Campaign,Community,23,246560,352019,238876,9757,199,1804,2386,14146,5.921900902560324,96.88351719662556
POST01177,2025-05-28 00:00:00,Facebook,Image,Event Promotion,Brand,10,424542,282283,228544,7942,171,2491,720,11324,4.954844581349762,53.83307187510306
POST01178,2025-05-28 03:00:00,Instagram,Reel,Seasonal Campaign,Community,23,416679,522568,360090,21170,469,6025,4461,32125,8.921380765919631,86.41904199635691
POST01179,2025-05-28 06:00:00,Facebook,Reel,Seasonal Campaign,Brand,1,309307,173976,134101,8961,308,2123,1656,13048,9.729979642209976,43.35530718671094
POST01180,2025-05-28 09:00:00,Youtube,Reel,Community Campaign,Promotional,1,380280,465113,263468,23356,286,4013,2370,30025,11.39607087008669,69.28263384874303
POST01181,2025-05-28 12:00:00,Linkedin,Image,Community Campaign,Education,1,143296,77048,54470,2022,83,515,544,3164,5.808702037818983,38.012226440375166
POST01182,2025-05-28 15:00:00,Instagram,Reel,Event Promotion,Community,9,34075,55104,48203,4261,227,693,938,6119,12.694230649544636,141.46148202494498
POST01183,2025-05-28 18:00:00,Facebook,Reel,Festival Campaign,Entertainment,22,376389,365771,206924,23101,1231,1402,1955,27689,13.381241421971351,54.976101852073256
POST01184,2025-05-28 21:00:00,Linkedin,Text,Educational Series,Entertainment,14,325459,321674,251415,14011,777,715,5694,21197,8.431080086709226,77.24936167074809
POST01185,2025-05-29 00:00:00,Instagram,Reel,Festival Campaign,Promotional,21,123245,383441,261006,7328,395,3060,6204,16987,6.508279503153185,211.77816544281717
POST01186,2025-05-29 03:00:00,Linkedin,Video,Product Launch,Promotional,11,36010,46684,38356,1690,37,103,190,2020,5.266451141933466,106.51485698417108
POST01187,2025-05-29 06:00:00,Facebook,Video,Brand Awareness,Entertainment,10,217505,216079,174339,11918,692,3008,1888,17506,10.041356208306805,80.15401944782879
POST01188,2025-05-29 09:00:00,Instagram,Reel,Brand Awareness,Community,16,388692,351336,238972,10496,448,4192,4795,19931,8.340307651105569,61.481069844504134
POST01189,2025-05-29 12:00:00,Instagram,Reel,Community Campaign,Entertainment,17,282749,684537,495742,55465,1788,7251,4835,69339,13.9869125472524,175.32935571832263
POST01190,2025-05-29 15:00:00,Facebook,Reel,Educational Series,Education,13,187517,127461,73119,7054,83,672,1559,9368,12.811991411261095,38.9932646106753
POST01191,2025-05-29 18:00:00,Instagram,Carousel,Festival Campaign,Brand,16,319459,213793,150344,6196,286,1296,3667,11445,7.6125419039003885,47.06206430246135
POST01192,2025-05-29 21:00:00,Youtube,Carousel,Community Campaign,Education,14,290796,350758,233362,15116,816,1259,3752,20943,8.974468850969739,80.24938444820424
POST01193,2025-05-30 00:00:00,Instagram,Video,Event Promotion,Entertainment,11,445445,1073794,896147,72229,2365,3218,10827,88639,9.891122773384277,201.18016814646026
POST01194,2025-05-30 03:00:00,Facebook,Text,Community Campaign,Brand,15,443746,271034,193795,8211,123,1330,1977,11641,6.006862922160015,43.67250634371915
POST01195,2025-05-30 06:00:00,Instagram,Carousel,Event Promotion,Entertainment,22,462317,381593,326633,18498,714,4836,6610,30658,9.386069380619839,70.65130635473062
POST01196,2025-05-30 09:00:00,Linkedin,Reel,Event Promotion,Education,5,402323,390250,317581,15889,939,5232,7891,29951,9.430979813024079,78.93682439234148
POST01197,2025-05-30 12:00:00,Linkedin,Reel,Product Launch,Education,1,237022,240757,193619,10533,165,2080,677,13455,6.949214694838833,81.68819772004287
POST01198,2025-05-30 15:00:00,Linkedin,Video,Product Launch,Community,1,375583,414082,295386,20220,597,3350,6941,31108,10.531304801175413,78.64732961822021
POST01199,2025-05-30 18:00:00,Facebook,Reel,Event Promotion,Community,15,100266,89205,54278,5704,278,324,681,6987,12.872618740557867,54.13400355055552
POST01200,2025-05-30 21:00:00,Instagram,Reel,Special Campaign,Education,1,451140,727683,540239,46553,562,1558,5130,53803,9.95911068989836,119.7497450902159
POST01201,2025-05-31 00:00:00,Facebook,Carousel,Educational Series,Brand,7,58541,46313,33344,2071,73,301,684,3129,9.383997120921306,56.95837105618284
POST01202,2025-05-31 03:00:00,Instagram,Image,Product Launch,Community,6,346802,452750,385503,9104,109,1900,8117,19230,4.988288028886935,111.15939354444322
POST01203,2025-05-31 06:00:00,Instagram,Text,Product Launch,Community,0,76327,69830,57436,1088,29,327,197,1641,2.857093112333728,75.24991156471498
POST01204,2025-05-31 09:00:00,Instagram,Carousel,Brand Awareness,Event,3,113434,92775,70304,5064,262,603,266,6195,8.81173190714611,61.97789022691609
POST01205,2025-05-31 12:00:00,Youtube,Reel,Community Campaign,Event,10,63654,81230,65757,4790,264,793,578,6425,9.770822878172666,103.3037986615138
POST01206,2025-05-31 15:00:00,Facebook,Text,Brand Awareness,Community,19,35930,15864,13446,309,10,73,235,627,4.663096831771531,37.422766490398
POST01207,2025-05-31 18:00:00,Facebook,Reel,Educational Series,Entertainment,6,412826,444327,336992,15265,531,2407,8075,26278,7.797811224005318,81.63051745771827
POST01208,2025-05-31 21:00:00,Youtube,Reel,Product Launch,Brand,17,154590,235191,177866,12884,280,2920,3606,19690,11.070131447269292,115.05660133255708
POST01209,2025-06-01 00:00:00,Instagram,Image,Seasonal Campaign,Promotional,3,182054,207825,157609,11352,116,1247,3339,16054,10.185966537443928,86.57266525316665
POST01210,2025-06-01 03:00:00,Linkedin,Reel,Special Campaign,Community,16,26775,17176,10676,865,16,167,127,1175,11.005994754589734,39.87301587301587
POST01211,2025-06-01 06:00:00,Youtube,Image,Product Launch,Event,10,437206,837989,650865,44757,982,2814,7147,55700,8.55784225607461,148.869182948084
POST01212,2025-06-01 09:00:00,Youtube,Reel,Festival Campaign,Brand,10,25378,32839,25106,2048,61,429,366,2904,11.566956106110094,98.92820553235086
POST01213,2025-06-01 12:00:00,Instagram,Image,Educational Series,Brand,19,328546,350593,201762,8901,284,417,643,10245,5.077764891307581,61.410578731745325
POST01214,2025-06-01 15:00:00,Facebook,Image,Seasonal Campaign,Event,10,452657,246022,160399,7943,182,1265,2941,12331,7.687703788676986,35.43499824370329
POST01215,2025-06-01 18:00:00,Facebook,Video,Community Campaign,Brand,14,485196,685226,436994,36733,608,2962,6666,46969,10.748202492482735,90.06545808291906
POST01216,2025-06-01 21:00:00,Instagram,Video,Community Campaign,Brand,13,99712,196843,140056,11811,267,1076,2700,15854,11.319757811161251,140.46052631578948
POST01217,2025-06-02 00:00:00,Instagram,Reel,Seasonal Campaign,Event,16,307204,732114,505852,23223,648,7382,11830,43083,8.516917991823696,164.66322053098267
POST01218,2025-06-02 03:00:00,Facebook,Image,Community Campaign,Education,1,147067,74577,56318,3411,125,477,1093,5106,9.066373095635498,38.29411084743688
POST01219,2025-06-02 06:00:00,Facebook,Image,Special Campaign,Community,17,488131,325996,268391,6181,245,1577,6194,14197,5.289670667049194,54.98339585070401
POST01220,2025-06-02 09:00:00,Instagram,Reel,Seasonal Campaign,Entertainment,15,253103,564663,430817,45352,1776,4476,6422,58026,13.468827831770799,170.21410255903723
POST01221,2025-06-02 12:00:00,Linkedin,Video,Educational Series,Promotional,11,410478,488591,306440,16707,986,4768,4195,26656,8.698603315494061,74.65442727746677
POST01222,2025-06-02 15:00:00,Instagram,Carousel,Seasonal Campaign,Entertainment,9,400828,968867,579394,34582,1357,1629,9899,47467,8.192525293668902,144.54928298422266
POST01223,2025-06-02 18:00:00,Youtube,Reel,Seasonal Campaign,Education,15,198065,184466,139899,9423,501,1467,3328,14719,10.521161695222983,70.63287304672708
POST01224,2025-06-02 21:00:00,Linkedin,Image,Festival Campaign,Education,2,113104,80423,71034,2943,132,648,1355,5078,7.148689360024776,62.80414485782996
POST01225,2025-06-03 00:00:00,Youtube,Reel,Festival Campaign,Brand,7,304909,255815,173918,16611,216,3149,1580,21556,12.394346761117308,57.03931336890678
POST01226,2025-06-03 03:00:00,Facebook,Carousel,Brand Awareness,Entertainment,21,210125,280323,178254,14841,500,1606,1370,18317,10.275786237615986,84.83236168947055
POST01227,2025-06-03 06:00:00,Instagram,Reel,Educational Series,Education,21,436412,456681,397630,28434,829,6051,2205,37519,9.43565626336041,91.11344326003868
POST01228,2025-06-03 09:00:00,Instagram,Text,Educational Series,Entertainment,23,398821,424669,339543,21379,252,1855,2126,25612,7.54307996336252,85.13669039493908
POST01229,2025-06-03 12:00:00,Linkedin,Video,Festival Campaign,Education,1,166540,144291,91762,4972,212,982,386,6552,7.140210544669907,55.099075297225895
POST01230,2025-06-03 15:00:00,Youtube,Image,Event Promotion,Promotional,21,114385,86139,63917,4168,197,470,1408,6243,9.76735453791636,55.878830266206236
POST01231,2025-06-03 18:00:00,Linkedin,Image,Event Promotion,Education,0,384793,177970,116224,6054,259,999,1342,8654,7.44596640969163,30.204291658112282
POST01232,2025-06-03 21:00:00,Instagram,Text,Brand Awareness,Entertainment,13,290318,303081,228504,4642,88,1706,4497,10933,4.784598956692224,78.70817517343052
POST01233,2025-06-04 00:00:00,Instagram,Image,Special Campaign,Brand,3,65820,44667,36655,978,36,102,129,1245,3.396535261219479,55.689759951382555
POST01234,2025-06-04 03:00:00,Instagram,Reel,Event Promotion,Entertainment,3,146518,121890,74325,2885,99,1341,1743,6068,8.164143962327614,50.727555658690406
POST01235,2025-06-04 06:00:00,Facebook,Image,Event Promotion,Event,8,170170,122908,71170,5283,248,505,1187,7223,10.148939159758324,41.82288299935359
POST01236,2025-06-04 09:00:00,Instagram,Video,Event Promotion,Entertainment,2,354726,653676,458005,40683,1863,3619,5039,51204,11.17979061363959,129.1151480297469
POST01237,2025-06-04 12:00:00,Linkedin,Carousel,Special Campaign,Promotional,4,155258,98935,77843,6446,188,557,1209,8400,10.790951016790205,50.137835087402905
POST01238,2025-06-04 15:00:00,Youtube,Carousel,Product Launch,Community,0,36722,33944,22715,912,45,148,535,1640,7.2198987453224746,61.85665268776211
POST01239,2025-06-04 18:00:00,Linkedin,Video,Brand Awareness,Promotional,21,390301,680662,603780,35958,607,2601,13548,52714,8.730663486700454,154.69599104281056
POST01240,2025-06-04 21:00:00,Instagram,Video,Festival Campaign,Promotional,18,91504,103412,72476,3690,55,561,1153,5459,7.532148573320824,79.20528064346914
POST01241,2025-06-05 00:00:00,Linkedin,Text,Event Promotion,Education,0,130760,77925,55834,1082,22,407,1272,2783,4.984418096500341,42.69960232486999
POST01242,2025-06-05 03:00:00,Facebook,Reel,Community Campaign,Promotional,9,60452,78959,55770,5553,216,743,1060,7572,13.577192038730502,92.25501224111692
POST01243,2025-06-05 06:00:00,Facebook,Image,Seasonal Campaign,Entertainment,21,310414,564829,497359,38694,1433,3200,6938,50265,10.10638190924463,160.2244099815086
POST01244,2025-06-05 09:00:00,Facebook,Carousel,Product Launch,Community,11,199383,224720,148681,6312,178,1456,3083,11029,7.417894687283513,74.57055014720413
POST01245,2025-06-05 12:00:00,Facebook,Video,Special Campaign,Brand,9,323273,486552,433826,17560,715,4507,4260,27042,6.233374670951027,134.19803076656572
POST01246,2025-06-05 15:00:00,Facebook,Carousel,Special Campaign,Promotional,1,255881,121551,81646,4467,106,316,1677,6566,8.042035127256693,31.90780089182081
POST01247,2025-06-05 18:00:00,Instagram,Reel,Special Campaign,Entertainment,15,26387,71140,40420,4738,80,636,430,5884,14.557149925779317,153.1814908856634
POST01248,2025-06-05 21:00:00,Instagram,Video,Event Promotion,Education,7,44394,50776,44891,3906,58,206,587,4757,10.59677886436034,101.1195206559445
POST01249,2025-06-06 00:00:00,Linkedin,Carousel,Seasonal Campaign,Education,13,409257,390075,266531,21235,1205,3531,6346,32317,12.12504361593961,65.12558123624031
POST01250,2025-06-06 03:00:00,Facebook,Reel,Seasonal Campaign,Brand,14,358971,312780,225567,19476,202,2430,3365,25473,11.29287528760856,62.837109404380854
POST01251,2025-06-06 06:00:00,Facebook,Image,Product Launch,Brand,15,393254,497297,432686,19043,750,4490,3458,27741,6.4113467965221895,110.02710716229205
POST01252,2025-06-06 09:00:00,Youtube,Reel,Brand Awareness,Entertainment,10,443309,919068,780293,52163,1749,14757,10271,78940,10.116712568227577,176.0156008562876
POST01253,2025-06-06 12:00:00,Instagram,Reel,Special Campaign,Brand,11,272236,271389,233170,14827,337,925,932,17021,7.299824162628125,85.64995077800144
POST01254,2025-06-06 15:00:00,Instagram,Reel,Community Campaign,Brand,1,207708,167188,129393,4644,219,2467,1881,9211,7.118623109441778,62.295626552660465
POST01255,2025-06-06 18:00:00,Facebook,Image,Community Campaign,Education,3,481362,262478,219909,8290,330,1002,1149,10771,4.89793505495455,45.6847445373752
POST01256,2025-06-06 21:00:00,Youtube,Image,Community Campaign,Entertainment,2,55241,37043,24932,564,21,330,226,1141,4.576447938392427,45.13314386053837
POST01257,2025-06-07 00:00:00,Instagram,Carousel,Special Campaign,Community,8,467623,516112,419479,37671,764,6465,8559,53459,12.744142138223843,89.70452693729779
POST01258,2025-06-07 03:00:00,Youtube,Carousel,Event Promotion,Brand,17,48337,82766,63665,2112,58,147,496,2813,4.418440273305584,131.71069780913172
POST01259,2025-06-07 06:00:00,Instagram,Video,Product Launch,Entertainment,18,383136,1104613,705726,79906,3364,4723,4022,92015,13.038346327044772,184.19725632673516
POST01260,2025-06-07 09:00:00,Youtube,Reel,Special Campaign,Promotional,6,24804,53390,34156,1288,76,193,394,1951,5.712027169457782,137.70359619416223
POST01261,2025-06-07 12:00:00,Instagram,Reel,Community Campaign,Education,3,447274,488488,296701,27920,1164,5579,4174,38837,13.089608730674989,66.3354006716241
POST01262,2025-06-07 15:00:00,Facebook,Video,Seasonal Campaign,Community,5,488979,559124,369468,20204,927,5034,4728,30893,8.361481914536578,75.55907308902836
POST01263,2025-06-07 18:00:00,Instagram,Reel,Special Campaign,Education,18,77450,148046,85110,2864,169,878,776,4687,5.506990952884502,109.89025177533892
POST01264,2025-06-07 21:00:00,Youtube,Text,Seasonal Campaign,Education,0,464975,244477,144422,6305,128,1012,1350,8795,6.089792413898159,31.06016452497446
POST01265,2025-06-08 00:00:00,Instagram,Video,Educational Series,Event,15,79529,109772,77776,2147,123,1243,1912,5425,6.9751594322155945,97.79577261124872
POST01266,2025-06-08 03:00:00,Instagram,Image,Special Campaign,Entertainment,10,142766,197928,154595,11733,276,802,3103,15914,10.29399398428151,108.28558620399815
POST01267,2025-06-08 06:00:00,Instagram,Text,Educational Series,Promotional,21,313478,499992,317383,12454,421,1496,5833,20204,6.365810393121245,101.24570145273353
POST01268,2025-06-08 09:00:00,Youtube,Reel,Product Launch,Brand,3,476750,611224,540088,52160,1621,3477,8201,65459,12.120061915835938,113.28536969061354
POST01269,2025-06-08 12:00:00,Facebook,Reel,Special Campaign,Promotional,17,83452,135491,107636,5379,306,1265,1931,8881,8.250956928908543,128.9795331448018
POST01270,2025-06-08 15:00:00,Instagram,Carousel,Event Promotion,Entertainment,22,267448,467121,397888,20024,604,2339,1690,24657,6.196970001608493,148.772097753582
POST01271,2025-06-08 18:00:00,Facebook,Image,Event Promotion,Education,4,419727,261029,176855,7106,114,1979,2046,11245,6.358316134686608,42.13572155234235
POST01272,2025-06-08 21:00:00,Linkedin,Text,Brand Awareness,Event,21,192037,148160,121359,4636,183,408,1366,6593,5.432641996061273,63.195634174664264
POST01273,2025-06-09 00:00:00,Facebook,Reel,Brand Awareness,Entertainment,5,389162,344996,291968,29265,510,5376,4769,39920,13.672731258220077,75.02479687122586
POST01274,2025-06-09 03:00:00,Instagram,Image,Community Campaign,Community,1,59440,33139,18987,795,11,238,209,1253,6.59925211987149,31.943135935397038
POST01275,2025-06-09 06:00:00,Youtube,Image,Festival Campaign,Community,11,345262,551593,422835,21738,718,3405,1282,27143,6.419288847895752,122.46786498369356
POST01276,2025-06-09 09:00:00,Instagram,Carousel,Seasonal Campaign,Entertainment,21,105263,292506,259390,17711,900,1616,4561,24788,9.556266625544547,246.42086963130444
POST01277,2025-06-09 12:00:00,Instagram,Reel,Brand Awareness,Brand,8,146775,147950,89733,3511,133,1313,601,5558,6.193930883844294,61.13643331630046
POST01278,2025-06-09 15:00:00,Linkedin,Image,Event Promotion,Promotional,19,69217,98475,64405,2313,67,866,788,4034,6.263488859560592,93.04795064796221
POST01279,2025-06-09 18:00:00,Instagram,Video,Seasonal Campaign,Promotional,11,444355,547310,408650,38017,1419,5344,1584,46364,11.345650312002936,91.96475790752889
POST01280,2025-06-09 21:00:00,Youtube,Reel,Festival Campaign,Brand,12,236402,432492,330491,31281,1604,1201,2399,36485,11.039634967366736,139.80042470029866
POST01281,2025-06-10 00:00:00,Facebook,Video,Brand Awareness,Event,21,88517,106455,76410,6567,227,888,1757,9439,12.353095144614578,86.32240134663398
POST01282,2025-06-10 03:00:00,Facebook,Image,Product Launch,Education,22,163857,83680,51500,2544,67,481,642,3734,7.250485436893205,31.429844315470195
POST01283,2025-06-10 06:00:00,Youtube,Video,Educational Series,Education,16,74740,44300,25952,593,30,81,629,1333,5.1364056720098645,34.723039871554725
POST01284,2025-06-10 09:00:00,Instagram,Carousel,Brand Awareness,Community,4,493418,435772,319726,28373,330,4400,2662,35765,11.186140632916935,64.79820355155263
POST01285,2025-06-10 12:00:00,Instagram,Reel,Special Campaign,Event,19,121119,152893,86054,4247,53,272,1939,6511,7.5661793757408145,71.04913349680892
POST01286,2025-06-10 15:00:00,Youtube,Image,Brand Awareness,Brand,12,221704,143224,126689,8427,155,1331,582,10495,8.284065704204785,57.143308194710066
POST01287,2025-06-10 18:00:00,Instagram,Video,Special Campaign,Entertainment,12,33950,45577,26847,2332,24,290,181,2827,10.530040600439527,79.0780559646539
POST01288,2025-06-10 21:00:00,Instagram,Image,Product Launch,Promotional,9,477858,336170,202942,4898,91,2062,3246,10297,5.073863468380129,42.4691016996681
POST01289,2025-06-11 00:00:00,Instagram,Text,Event Promotion,Entertainment,14,202241,169506,151240,5144,108,272,1412,6936,4.586088336418937,74.78206693993799
POST01290,2025-06-11 03:00:00,Instagram,Image,Community Campaign,Promotional,14,92209,127739,101612,3292,193,644,1067,5196,5.113569263472819,110.197486145604
POST01291,2025-06-11 06:00:00,Instagram,Reel,Product Launch,Entertainment,17,87278,232835,200074,16945,740,3070,1480,22235,11.113388046422823,229.23760856114944
POST01292,2025-06-11 09:00:00,Instagram,Image,Community Campaign,Brand,17,58488,41391,30932,851,15,172,503,1541,4.981895771369456,52.88606209820818
POST01293,2025-06-11 12:00:00,Youtube,Text,Brand Awareness,Brand,1,318421,114444,73917,4368,45,142,1543,6098,8.249793687514375,23.213607142744983
POST01294,2025-06-11 15:00:00,Facebook,Reel,Event Promotion,Event,22,196113,307222,228919,11575,214,1432,3231,16452,7.186821539496504,116.72811083405996
POST01295,2025-06-11 18:00:00,Facebook,Video,Festival Campaign,Entertainment,10,272146,212297,133033,5307,281,849,2892,9329,7.012545759322874,48.882952532831645
POST01296,2025-06-11 21:00:00,Instagram,Video,Brand Awareness,Entertainment,12,285678,657985,409446,22149,648,6552,5578,34927,8.53030680480454,143.32430218637765
POST01297,2025-06-12 00:00:00,Instagram,Image,Product Launch,Event,10,100221,92875,68867,2452,60,654,1247,4413,6.408003833476121,68.71513954161304
POST01298,2025-06-12 03:00:00,Instagram,Reel,Festival Campaign,Event,3,221744,239016,214892,22646,547,1352,4460,29005,13.497477802803267,96.90995021285808
POST01299,2025-06-12 06:00:00,Facebook,Carousel,Educational Series,Brand,14,91121,54781,46613,3256,36,483,1069,4844,10.391950743354858,51.15505756082571
POST01300,2025-06-12 09:00:00,Facebook,Reel,Festival Campaign,Brand,21,356234,429849,256138,25747,1063,3712,5547,36069,14.08186212120029,71.90161523043842
POST01301,2025-06-12 12:00:00,Instagram,Video,Product Launch,Community,22,129777,282969,198487,12105,214,3086,4241,19646,9.897877442855199,152.9446666204335
POST01302,2025-06-12 15:00:00,Linkedin,Image,Seasonal Campaign,Entertainment,10,469526,285446,235898,18351,835,726,1309,21221,8.995837183867604,50.24173315215771
POST01303,2025-06-12 18:00:00,Instagram,Image,Festival Campaign,Brand,17,21634,36131,26197,1202,65,147,634,2048,7.817689048364317,121.09179994453176
POST01304,2025-06-12 21:00:00,Youtube,Video,Product Launch,Brand,15,299052,352614,216175,7575,171,3046,5087,15879,7.345437724066151,72.28675949333227
POST01305,2025-06-13 00:00:00,Facebook,Image,Seasonal Campaign,Entertainment,9,434526,668086,430653,12141,461,5669,5661,23932,5.557142293215187,99.1086839452645
POST01306,2025-06-13 03:00:00,Linkedin,Image,Brand Awareness,Event,11,362797,204218,178676,8500,453,1357,2839,13149,7.359130493183192,49.24958034382864
POST01307,2025-06-13 06:00:00,Facebook,Image,Seasonal Campaign,Entertainment,12,349402,272496,183959,8411,148,1651,3203,13413,7.291298604580368,52.649670007613004
POST01308,2025-06-13 09:00:00,Facebook,Image,Event Promotion,Education,8,225219,182782,144424,9216,362,1695,2173,13446,9.31008696615521,64.12602844342618
POST01309,2025-06-13 12:00:00,Instagram,Image,Educational Series,Entertainment,20,469297,381762,245757,15681,396,2328,4911,23316,9.487420500738535,52.367051142453505
POST01310,2025-06-13 15:00:00,Facebook,Video,Seasonal Campaign,Education,12,212644,331074,238052,18155,1074,2849,5776,27854,11.700804866163695,111.94860894264593
POST01311,2025-06-13 18:00:00,Instagram,Image,Event Promotion,Entertainment,5,271917,273177,195789,12746,388,2548,2940,18622,9.511259570251648,72.00322157128831
POST01312,2025-06-13 21:00:00,Linkedin,Image,Event Promotion,Education,5,351544,237891,176168,10419,345,844,2928,14536,8.25121474955724,50.11264592767903
POST01313,2025-06-14 00:00:00,Youtube,Carousel,Event Promotion,Education,10,217675,182561,122404,3894,114,636,1448,6092,4.976961537204667,56.23245664407948
POST01314,2025-06-14 03:00:00,Facebook,Reel,Seasonal Campaign,Entertainment,18,242584,504237,396045,36940,1902,3777,4402,47021,11.872640735269982,163.26097351845135
POST01315,2025-06-14 06:00:00,Youtube,Reel,Product Launch,Community,10,255814,534253,414162,13145,680,4907,10273,29005,7.003298226297922,161.89966147278884
POST01316,2025-06-14 09:00:00,Facebook,Text,Special Campaign,Brand,9,136107,133079,114583,3033,146,1207,1364,5750,5.018196416571394,84.18597133137898
POST01317,2025-06-14 12:00:00,Youtube,Carousel,Product Launch,Promotional,22,486023,507607,391606,33374,1851,4587,5375,45187,11.538893683957856,80.57355310345396
POST01318,2025-06-14 15:00:00,Facebook,Image,Educational Series,Brand,14,411612,490248,440326,8818,295,871,8380,18364,4.170546367918315,106.97598709464253
POST01319,2025-06-14 18:00:00,Instagram,Carousel,Product Launch,Education,12,228436,517848,325831,14954,552,3042,3188,21736,6.670942912123155,142.635574077641
POST01320,2025-06-14 21:00:00,Instagram,Reel,Community Campaign,Entertainment,22,132436,320529,266538,8378,229,2154,6339,17100,6.415595524840735,201.2579661119333
POST01321,2025-06-15 00:00:00,Instagram,Carousel,Product Launch,Entertainment,7,313275,548415,444287,22925,873,6273,1340,31411,7.069979540252135,141.82012608730346
POST01322,2025-06-15 03:00:00,Instagram,Image,Product Launch,Entertainment,4,433602,465437,339219,8710,125,1561,3849,14245,4.199352041011854,78.23280335422808
POST01323,2025-06-15 06:00:00,Linkedin,Image,Product Launch,Entertainment,1,462997,200891,159268,7034,335,979,1055,9403,5.903885275133737,34.39935895912932
POST01324,2025-06-15 09:00:00,Instagram,Image,Brand Awareness,Community,15,343904,522473,330662,12037,420,1268,7402,21127,6.389303881304777,96.14950683911789
POST01325,2025-06-15 12:00:00,Linkedin,Reel,Educational Series,Promotional,12,349514,568506,315059,28676,1314,1611,5150,36751,11.664799291561263,90.14202578437488
POST01326,2025-06-15 15:00:00,Instagram,Reel,Community Campaign,Event,18,411985,462035,401244,41526,1937,7567,8343,59373,14.797230612794209,97.39286624513028
POST01327,2025-06-15 18:00:00,Instagram,Text,Product Launch,Education,8,74470,58924,48500,2671,97,215,515,3498,7.212371134020619,65.12689673694105
POST01328,2025-06-15 21:00:00,Facebook,Image,Special Campaign,Promotional,14,401832,570493,389391,12923,431,2113,8250,23717,6.0907930589048025,96.90393000059726
POST01329,2025-06-16 00:00:00,Facebook,Image,Educational Series,Brand,5,335427,112443,77290,1547,62,257,1300,3166,4.096260835813171,23.04227149275401
POST01330,2025-06-16 03:00:00,Youtube,Reel,Festival Campaign,Event,7,150263,170404,123226,9496,443,880,1408,12227,9.92241897002256,82.00688126817647
POST01331,2025-06-16 06:00:00,Youtube,Reel,Brand Awareness,Event,23,153425,321173,177086,12929,375,1165,1981,16450,9.289271879199937,115.42186736190321
POST01332,2025-06-16 09:00:00,Facebook,Carousel,Seasonal Campaign,Entertainment,13,296022,527526,389529,17058,589,3893,3725,25265,6.4860382667272525,131.58785495672618
POST01333,2025-06-16 12:00:00,Instagram,Image,Special Campaign,Promotional,4,399887,537877,460782,28708,1510,3118,10494,43830,9.51209031602797,115.22805192466872
POST01334,2025-06-16 15:00:00,Linkedin,Image,Product Launch,Brand,16,96668,48269,28988,2030,38,308,458,2834,9.776459224506691,29.98717259072289
POST01335,2025-06-16 18:00:00,Linkedin,Reel,Special Campaign,Entertainment,21,28203,33647,24463,1219,26,230,461,1936,7.913992560192945,86.73899939722725
POST01336,2025-06-16 21:00:00,Facebook,Carousel,Community Campaign,Entertainment,6,30322,35918,27770,1283,44,380,165,1872,6.74108750450126,91.58366862344172
POST01337,2025-06-17 00:00:00,Instagram,Reel,Brand Awareness,Community,8,358975,545266,466908,20312,224,2163,7474,30173,6.4623009243791065,130.06699630893516
POST01338,2025-06-17 03:00:00,Facebook,Reel,Community Campaign,Education,15,471991,395869,270378,19533,772,2928,1904,25137,9.296984222089074,57.2845668667411
POST01339,2025-06-17 06:00:00,Instagram,Image,Seasonal Campaign,Event,17,55925,89365,53371,2754,60,294,697,3805,7.129339903693017,95.43316942333482
POST01340,2025-06-17 09:00:00,Instagram,Reel,Seasonal Campaign,Brand,12,42247,107726,63673,2221,126,403,1362,4112,6.457996324972909,150.71602717352712
POST01341,2025-06-17 12:00:00,Instagram,Reel,Special Campaign,Event,17,127930,175187,110717,10733,130,1891,1170,13924,12.576207809098875,86.54498553896663
POST01342,2025-06-17 15:00:00,Youtube,Carousel,Brand Awareness,Promotional,9,430556,352677,272410,11440,158,2286,5201,19085,7.0059836276201315,63.269354044537764
POST01343,2025-06-17 18:00:00,Linkedin,Carousel,Festival Campaign,Education,0,236850,105813,83223,2406,129,1064,1495,5094,6.120904076997945,35.13742875237492
POST01344,2025-06-17 21:00:00,Facebook,Video,Special Campaign,Entertainment,20,401640,688689,464445,46780,2282,1849,8606,59517,12.814649743241935,115.63713773528532
POST01345,2025-06-18 00:00:00,Facebook,Image,Educational Series,Education,17,173594,72286,60155,3181,166,258,402,4007,6.661125425982878,34.65269536965563
POST01346,2025-06-18 03:00:00,Youtube,Reel,Brand Awareness,Entertainment,18,195666,392172,342836,11772,117,4817,5526,22232,6.484733225215555,175.2149070354584
POST01347,2025-06-18 06:00:00,Instagram,Reel,Event Promotion,Education,1,359775,423134,242913,10944,165,3271,4760,19140,7.8793642168183675,67.51803210339796
POST01348,2025-06-18 09:00:00,Instagram,Text,Seasonal Campaign,Entertainment,3,328479,397728,256089,11141,159,1092,2239,14631,5.7132481285802985,77.9620615016485
POST01349,2025-06-18 12:00:00,Linkedin,Image,Festival Campaign,Event,10,274192,204805,153109,11270,156,574,2421,14421,9.418780084776206,55.840068273326715
POST01350,2025-06-18 15:00:00,Instagram,Carousel,Special Campaign,Event,2,371105,458259,352598,29499,1411,4756,5745,41411,11.744536270767277,95.01300171110603
POST01351,2025-06-18 18:00:00,Linkedin,Reel,Seasonal Campaign,Event,8,54723,75666,64536,5207,257,870,484,6818,10.564646089004587,117.93213091387533
POST01352,2025-06-18 21:00:00,Youtube,Image,Event Promotion,Event,9,488956,661155,531547,37049,560,5286,8322,51217,9.635460269740964,108.71059972676478
POST01353,2025-06-19 00:00:00,Youtube,Reel,Festival Campaign,Education,1,24991,42578,37938,2577,61,648,219,3505,9.238757973535769,151.80665039414188
POST01354,2025-06-19 03:00:00,Facebook,Image,Seasonal Campaign,Entertainment,6,450049,468686,272081,21605,1054,2980,3534,29173,10.722174646520704,60.45586147286185
POST01355,2025-06-19 06:00:00,Youtube,Text,Event Promotion,Event,14,167139,252607,183644,9518,378,1702,2569,14167,7.714382174206618,109.87501420972963
POST01356,2025-06-19 09:00:00,Linkedin,Text,Event Promotion,Education,18,33763,18926,15374,709,35,132,235,1111,7.226486275530116,45.53505316470693
POST01357,2025-06-19 12:00:00,Linkedin,Image,Seasonal Campaign,Entertainment,9,465171,474242,410559,21778,1239,2961,4091,30069,7.323916903538834,88.25980123438477
POST01358,2025-06-19 15:00:00,Youtube,Image,Special Campaign,Education,23,64863,64154,50167,2635,30,427,778,3870,7.714234456913907,77.34301527835592
POST01359,2025-06-19 18:00:00,Instagram,Text,Seasonal Campaign,Community,19,299552,562042,399707,22301,969,4163,3872,31305,7.831986930426538,133.4349294947121
POST01360,2025-06-19 21:00:00,Youtube,Carousel,Community Campaign,Event,13,176248,178893,113895,4091,113,1034,683,5921,5.198647877430967,64.62200989514774
POST01361,2025-06-20 00:00:00,Linkedin,Reel,Brand Awareness,Promotional,3,186169,97733,58120,5315,196,540,440,6491,11.168272539573296,31.21894622627827
POST01362,2025-06-20 03:00:00,Instagram,Image,Brand Awareness,Education,10,202922,238390,171379,11120,270,593,2894,14877,8.680760186487259,84.4556036309518
POST01363,2025-06-20 06:00:00,Facebook,Reel,Festival Campaign,Event,2,204918,164615,97271,3525,193,603,1541,5862,6.026462152131673,47.46825559492089
POST01364,2025-06-20 09:00:00,Facebook,Image,Educational Series,Brand,22,134177,105854,71729,2030,21,837,1609,4497,6.269430774163867,53.458491395693756
POST01365,2025-06-20 12:00:00,Facebook,Image,Seasonal Campaign,Entertainment,16,186866,259964,152392,3988,185,1296,1332,6801,4.462832694629639,81.55148609163786
POST01366,2025-06-20 15:00:00,Instagram,Image,Special Campaign,Community,6,214396,364623,278428,9463,106,2617,911,13097,4.703909089603058,129.86622884755312
POST01367,2025-06-20 18:00:00,Facebook,Image,Community Campaign,Event,10,371911,262012,216481,16721,856,544,4790,22911,10.583376832146932,58.2077432504013
POST01368,2025-06-20 21:00:00,Linkedin,Reel,Brand Awareness,Brand,17,471702,296208,183658,5865,141,2801,2315,11122,6.0558211458253925,38.93517517415657
POST01369,2025-06-21 00:00:00,Instagram,Image,Brand Awareness,Education,13,283155,332814,204110,10836,377,600,3819,15632,7.65861545245211,72.08419416927124
POST01370,2025-06-21 03:00:00,Instagram,Video,Special Campaign,Education,13,174499,313805,200924,8312,312,757,4509,13890,6.913061655153192,115.14335325703873
POST01371,2025-06-21 06:00:00,Linkedin,Carousel,Community Campaign,Brand,5,58392,44893,26997,2058,87,107,148,2400,8.88987665296144,46.23407316070695
POST01372,2025-06-21 09:00:00,Instagram,Reel,Product Launch,Community,8,275055,621348,364841,23615,701,4669,5990,34975,9.58636776020239,132.64292596026252
POST01373,2025-06-21 12:00:00,Linkedin,Text,Community Campaign,Brand,21,78990,65744,48576,819,44,82,1148,2093,4.308712121212121,61.49639194834789
POST01374,2025-06-21 15:00:00,Youtube,Text,Special Campaign,Entertainment,2,464068,236086,170617,5302,244,1247,937,7730,4.530615354859129,36.76551712249067
POST01375,2025-06-21 18:00:00,Instagram,Reel,Brand Awareness,Education,16,428445,737273,432265,42336,2366,3914,6899,55515,12.842816327946977,100.89159635425784
POST01376,2025-06-21 21:00:00,Linkedin,Reel,Educational Series,Brand,11,360924,212851,140450,6944,253,1289,2434,10920,7.7750088999644005,38.91400959758841
POST01377,2025-06-22 00:00:00,Youtube,Carousel,Product Launch,Promotional,3,495354,281142,178786,15168,218,2792,2300,20478,11.453916973364805,36.092572180703094
POST01378,2025-06-22 03:00:00,Youtube,Video,Special Campaign,Promotional,19,241070,570153,485049,38413,2221,4315,3490,48439,9.986413743766095,201.20670344713153
POST01379,2025-06-22 06:00:00,Instagram,Text,Special Campaign,Brand,15,176374,167743,140009,5386,228,742,851,7207,5.147526230456614,79.38188168324129
POST01380,2025-06-22 09:00:00,Youtube,Video,Event Promotion,Entertainment,23,43536,81829,66734,6315,279,280,247,7121,10.670722570204095,153.28463800073501
POST01381,2025-06-22 12:00:00,Instagram,Carousel,Community Campaign,Education,9,369890,422697,362194,15996,559,2906,7865,27326,7.544575558954593,97.91938143772472
POST01382,2025-06-22 15:00:00,Instagram,Image,Event Promotion,Promotional,6,287729,165093,109353,2409,120,1162,2520,6211,5.679771016798807,38.00555383711757
POST01383,2025-06-22 18:00:00,Linkedin,Reel,Product Launch,Brand,9,462346,493887,378529,37696,470,3619,9239,51024,13.47954846260128,81.87136906126581
POST01384,2025-06-22 21:00:00,Instagram,Reel,Product Launch,Brand,6,263481,491915,319377,19494,886,1937,5765,28082,8.792743372252856,121.21443291926172
POST01385,2025-06-23 00:00:00,Facebook,Image,Product Launch,Event,22,475173,331826,204003,13017,292,874,3556,17739,8.695460360877046,42.932363581264084
POST01386,2025-06-23 03:00:00,Instagram,Carousel,Festival Campaign,Brand,17,77210,119599,87396,3267,76,1077,2034,6454,7.384777335347155,113.19259163320814
POST01387,2025-06-23 06:00:00,Facebook,Image,Community Campaign,Entertainment,8,233803,277981,176699,5428,78,2228,3432,11166,6.319220821849586,75.57601912721394
POST01388,2025-06-23 09:00:00,Instagram,Carousel,Special Campaign,Promotional,21,231445,392714,257895,9002,539,659,5861,16061,6.227728339052716,111.42820108449092
POST01389,2025-06-23 12:00:00,Linkedin,Reel,Seasonal Campaign,Event,17,263769,403502,243871,11868,408,1426,4628,18330,7.516268847054386,92.45627803115605
POST01390,2025-06-23 15:00:00,Youtube,Image,Educational Series,Promotional,16,418672,504132,302703,14975,179,3027,3150,21331,7.046841293280873,72.30075094584782
POST01391,2025-06-23 18:00:00,Instagram,Reel,Educational Series,Promotional,10,404509,893449,547150,39007,1077,10280,4809,55173,10.08370647902769,135.26275064337258
POST01392,2025-06-23 21:00:00,Instagram,Image,Special Campaign,Entertainment,0,270669,342112,279428,17097,625,2995,6340,27057,9.682995261749001,103.2360558468092
POST01393,2025-06-24 00:00:00,Instagram,Video,Event Promotion,Brand,16,204933,235121,196661,18405,444,3484,3087,25420,12.925796167008203,95.96355882166367
POST01394,2025-06-24 03:00:00,Youtube,Carousel,Special Campaign,Entertainment,3,450505,514661,393836,21139,1125,3922,7155,33341,8.465706537746676,87.42100531625621
POST01395,2025-06-24 06:00:00,Instagram,Text,Event Promotion,Brand,3,29775,26761,18022,345,4,66,331,746,4.1393851958717125,60.527287993282954
POST01396,2025-06-24 09:00:00,Facebook,Reel,Seasonal Campaign,Event,13,215953,230349,180061,6793,312,3038,2021,12164,6.755488417813963,83.37971688284026
POST01397,2025-06-24 12:00:00,Youtube,Image,Event Promotion,Entertainment,8,296243,431633,305983,18969,869,3529,7335,30702,10.033890771709538,103.28784140047192
POST01398,2025-06-24 15:00:00,Instagram,Reel,Community Campaign,Entertainment,12,384485,855451,522977,19601,196,7926,8019,35742,6.834334970753972,136.02013082434945
POST01399,2025-06-24 18:00:00,Facebook,Image,Brand Awareness,Community,15,323986,152032,121409,7229,414,1476,538,9657,7.954105544070044,37.47353280697314
POST01400,2025-06-24 21:00:00,Facebook,Video,Event Promotion,Education,0,263362,235692,140057,9471,428,1627,2692,14218,10.15158114196363,53.180413271466655
POST01401,2025-06-25 00:00:00,Instagram,Carousel,Product Launch,Entertainment,2,339307,261696,209529,12665,681,1040,1035,15421,7.35984040395363,61.75204166138629
POST01402,2025-06-25 03:00:00,Instagram,Video,Event Promotion,Community,18,233423,246447,190596,12472,427,1092,1985,15976,8.382127641713362,81.65262206380692
POST01403,2025-06-25 06:00:00,Instagram,Reel,Product Launch,Education,7,228834,508967,283564,9278,155,1858,5197,16488,5.814560381430647,123.9169004605959
POST01404,2025-06-25 09:00:00,Facebook,Video,Festival Campaign,Brand,17,142863,158081,101062,9316,215,592,686,10809,10.695414695929232,70.74049963951478
POST01405,2025-06-25 12:00:00,Facebook,Reel,Brand Awareness,Brand,5,377752,345826,298609,29979,928,1692,6195,38794,12.991570917152531,79.04895275207015
POST01406,2025-06-25 15:00:00,Youtube,Video,Brand Awareness,Brand,19,487891,602750,464373,39828,1041,1641,1570,44080,9.49236928072907,95.17966103084501
POST01407,2025-06-25 18:00:00,Facebook,Reel,Seasonal Campaign,Community,5,458083,488895,436307,23250,1153,3765,4201,32369,7.4188587393738805,95.24627632983542
POST01408,2025-06-25 21:00:00,Facebook,Reel,Community Campaign,Community,4,423075,281590,227413,16683,957,3086,4827,25553,11.236384903237722,53.752407965490754
POST01409,2025-06-26 00:00:00,Youtube,Image,Special Campaign,Education,11,129478,174985,141366,7605,354,1091,2651,11701,8.277096331508284,109.18148256846723
POST01410,2025-06-26 03:00:00,Linkedin,Text,Community Campaign,Brand,8,75700,56800,38791,1388,45,292,284,2009,5.1790363744167465,51.24306472919419
POST01411,2025-06-26 06:00:00,Instagram,Reel,Educational Series,Promotional,8,22539,42798,27401,2559,43,128,280,3010,10.985000547425276,121.57149829184968
POST01412,2025-06-26 09:00:00,Instagram,Image,Festival Campaign,Entertainment,16,128609,104653,66763,4616,121,292,1247,6276,9.400416398304449,51.91160805231361
POST01413,2025-06-26 12:00:00,Instagram,Video,Seasonal Campaign,Community,18,360879,769373,457847,36773,503,6156,4325,47757,10.430777093657925,126.86994809894729
POST01414,2025-06-26 15:00:00,Instagram,Image,Community Campaign,Community,16,184230,265764,195475,9416,389,1654,2416,13875,7.0980943854712875,106.10378331433535
POST01415,2025-06-26 18:00:00,Youtube,Reel,Product Launch,Community,21,216690,302739,229936,8895,255,3889,2058,15097,6.565740032008907,106.1128801513683
POST01416,2025-06-26 21:00:00,Linkedin,Image,Festival Campaign,Education,15,463370,196665,109787,3607,207,1395,1083,6292,5.731097488773716,23.69316097287265
POST01417,2025-06-27 00:00:00,Instagram,Image,Brand Awareness,Brand,11,77824,114008,99354,2402,133,523,1495,4553,4.582603619381202,127.6649876644737
POST01418,2025-06-27 03:00:00,Instagram,Text,Special Campaign,Promotional,2,258344,265925,147932,3739,40,1266,1814,6859,4.636589784495579,57.26163564859258
POST01419,2025-06-27 06:00:00,Youtube,Video,Special Campaign,Entertainment,13,273156,496515,373142,18980,590,1187,8459,29216,7.829727020812452,136.60399185813233
POST01420,2025-06-27 09:00:00,Linkedin,Image,Product Launch,Entertainment,16,294425,167508,96534,7722,405,689,2109,10925,11.317256096297678,32.787297274348305
POST01421,2025-06-27 12:00:00,Instagram,Text,Seasonal Campaign,Brand,21,428336,507665,305823,15146,615,1869,5466,23096,7.552080778751108,71.39792125807777
POST01422,2025-06-27 15:00:00,Youtube,Image,Seasonal Campaign,Promotional,15,29946,27073,23876,961,49,162,564,1736,7.270899648182275,79.73018099245309
POST01423,2025-06-27 18:00:00,Instagram,Reel,Festival Campaign,Education,20,144128,300230,256149,12673,240,3246,6286,22445,8.762478088924805,177.72327375666075
POST01424,2025-06-27 21:00:00,Instagram,Reel,Brand Awareness,Community,11,406160,662463,456469,39836,1535,7905,4663,53939,11.816574619525094,112.38649793184952
POST01425,2025-06-28 00:00:00,Linkedin,Image,Community Campaign,Community,23,96427,75712,52620,2140,83,120,1185,3528,6.704675028506271,54.56977817416284
POST01426,2025-06-28 03:00:00,Linkedin,Reel,Product Launch,Brand,1,498392,572449,346773,24619,659,4402,5353,35033,10.102574306534823,69.57836401868408
POST01427,2025-06-28 06:00:00,Instagram,Text,Product Launch,Entertainment,7,46111,68566,54485,2031,72,583,277,2963,5.438193998348169,118.16052568801369
POST01428,2025-06-28 09:00:00,Linkedin,Video,Brand Awareness,Community,11,203468,249654,154744,8094,273,2417,1218,12002,7.75603577521584,76.05323687262862
POST01429,2025-06-28 12:00:00,Facebook,Reel,Product Launch,Entertainment,20,315434,445735,295465,33660,1420,4267,1375,40722,13.78234308632156,93.66935713968691
POST01430,2025-06-28 15:00:00,Linkedin,Image,Special Campaign,Entertainment,15,247212,193150,171536,12514,256,2073,1869,16712,9.742561328234306,69.38821740044982
POST01431,2025-06-28 18:00:00,Youtube,Carousel,Community Campaign,Brand,7,185534,115675,102261,4084,190,1561,2101,7936,7.7605343190463625,55.117121390149514
POST01432,2025-06-28 21:00:00,Youtube,Text,Community Campaign,Event,15,497388,405939,348511,15562,718,2580,6530,25390,7.285279374252175,70.0682364673052
POST01433,2025-06-29 00:00:00,Youtube,Video,Community Campaign,Event,9,286981,662618,471190,41051,2416,1849,5436,50752,10.771026549799444,164.18856997501575
POST01434,2025-06-29 03:00:00,Facebook,Image,Brand Awareness,Event,19,31801,38819,34595,714,33,407,850,2004,5.792744616274028,108.78588723625042
POST01435,2025-06-29 06:00:00,Instagram,Video,Event Promotion,Promotional,14,411486,483845,305988,18496,813,3891,4933,28133,9.194151404630247,74.36170367886149
POST01436,2025-06-29 09:00:00,Instagram,Image,Event Promotion,Brand,3,174782,119691,106983,2533,28,562,1931,5054,4.724115046315769,61.20939227151537
POST01437,2025-06-29 12:00:00,Instagram,Image,Seasonal Campaign,Entertainment,14,117157,99986,86855,7407,259,743,1892,10301,11.859996545967418,74.13556168218715
POST01438,2025-06-29 15:00:00,Facebook,Reel,Seasonal Campaign,Community,3,265907,185725,109476,3084,83,1567,2269,7003,6.396835836165005,41.17078527455087
POST01439,2025-06-29 18:00:00,Instagram,Reel,Special Campaign,Promotional,10,60916,113706,86673,5787,140,1090,799,7816,9.01780254519862,142.28281568060936
POST01440,2025-06-29 21:00:00,Facebook,Image,Product Launch,Event,5,426281,288800,179002,10232,403,1813,1133,13581,7.587066066300935,41.99155017465006
POST01441,2025-06-30 00:00:00,Linkedin,Reel,Community Campaign,Education,3,82546,45211,28711,1737,26,360,575,2698,9.397095189996865,34.781818622343906
POST01442,2025-06-30 03:00:00,Instagram,Reel,Product Launch,Promotional,8,327618,374748,242281,13807,302,2898,5091,22098,9.120814261126544,73.95228589393746
POST01443,2025-06-30 06:00:00,Facebook,Carousel,Brand Awareness,Promotional,8,276537,285496,191030,9724,476,1741,2547,14488,7.584149086530911,69.07936370178312
POST01444,2025-06-30 09:00:00,Youtube,Reel,Product Launch,Brand,2,375910,511905,349196,28338,757,1092,2929,33116,9.483499238250152,92.89351174483254
POST01445,2025-06-30 12:00:00,Linkedin,Image,Educational Series,Community,22,56388,50334,32109,1402,32,254,234,1922,5.985860662119655,56.942966588635876
POST01446,2025-06-30 15:00:00,Instagram,Image,Event Promotion,Promotional,4,96167,61470,49402,1839,102,329,635,2905,5.880328731630299,51.3710524400262
POST01447,2025-06-30 18:00:00,Facebook,Text,Product Launch,Community,14,377508,480776,353279,7926,428,2847,6930,18131,5.13220429179204,93.58185786791273
POST01448,2025-06-30 21:00:00,Facebook,Image,Product Launch,Brand,8,94667,89266,80297,4504,59,466,1390,6419,7.9940720076715195,84.8204759842395
POST01449,2025-07-01 00:00:00,Linkedin,Reel,Festival Campaign,Education,1,361987,236354,193382,18135,271,2948,3973,25327,13.096875614069562,53.42236047150865
POST01450,2025-07-01 03:00:00,Facebook,Image,Special Campaign,Entertainment,2,285853,180541,105516,6941,178,955,2034,10108,9.579589825239774,36.91267889439677
POST01451,2025-07-01 06:00:00,Youtube,Video,Product Launch,Entertainment,20,68754,139632,122983,8926,346,1129,2285,12686,10.315246822731597,178.87395642435348
POST01452,2025-07-01 09:00:00,Facebook,Text,Educational Series,Event,11,263291,183662,165191,9522,226,1458,1176,12382,7.495565739053581,62.74084568025493
POST01453,2025-07-01 12:00:00,Linkedin,Image,Event Promotion,Event,15,368401,168259,147000,9334,478,1479,820,12111,8.238775510204082,39.90217181820896
POST01454,2025-07-01 15:00:00,Youtube,Reel,Festival Campaign,Education,4,248802,391222,339975,29749,1559,4253,4813,40374,11.875579086697552,136.64480189066003
POST01455,2025-07-01 18:00:00,Instagram,Text,Special Campaign,Entertainment,9,287238,222428,194986,5440,193,700,2371,8704,4.463910229452371,67.88307953683008
POST01456,2025-07-01 21:00:00,Linkedin,Reel,Brand Awareness,Event,14,160487,195004,154365,11894,578,2972,1174,16618,10.76539370971399,96.18536080804053
POST01457,2025-07-02 00:00:00,Facebook,Carousel,Seasonal Campaign,Community,13,462062,485676,292099,16850,527,2901,3501,23779,8.140733107610776,63.21640818764581
POST01458,2025-07-02 03:00:00,Facebook,Image,Brand Awareness,Promotional,13,264852,246266,193697,6347,273,1699,4297,12616,6.513265564257578,73.1340522253938
POST01459,2025-07-02 06:00:00,Instagram,Reel,Event Promotion,Brand,22,492282,1054874,810291,40451,1010,5552,12857,59870,7.388703564521881,164.5989493826709
POST01460,2025-07-02 09:00:00,Facebook,Reel,Seasonal Campaign,Event,12,27472,61408,39833,3617,47,676,230,4570,11.472899354806316,144.99490390215493
POST01461,2025-07-02 12:00:00,Instagram,Reel,Brand Awareness,Education,15,214802,149058,110280,8207,437,1792,1974,12410,11.253173739571999,51.34030409400285
POST01462,2025-07-02 15:00:00,Facebook,Carousel,Special Campaign,Entertainment,7,56131,57310,43075,3336,186,135,323,3980,9.239698200812537,76.74012577719976
POST01463,2025-07-02 18:00:00,Instagram,Text,Educational Series,Education,7,104943,101081,58191,2744,35,188,326,3293,5.658950696843154,55.450101483662564
POST01464,2025-07-02 21:00:00,Facebook,Reel,Product Launch,Brand,16,365881,382160,217229,8383,341,2880,3354,14958,6.8858209539242,59.3714896373411
POST01465,2025-07-03 00:00:00,Linkedin,Video,Event Promotion,Brand,16,441164,481769,268537,22145,1201,1101,5793,30240,11.261018034758711,60.8701072616986
POST01466,2025-07-03 03:00:00,Instagram,Reel,Seasonal Campaign,Education,2,197980,354648,279486,10295,401,1043,5445,17184,6.148429617225908,141.1688049297909
POST01467,2025-07-03 06:00:00,Linkedin,Image,Festival Campaign,Event,0,200907,157381,108833,4695,279,742,2326,8042,7.389302876884768,54.170835262086435
POST01468,2025-07-03 09:00:00,Youtube,Reel,Product Launch,Event,16,271267,281660,195844,20340,695,2421,1036,24492,12.505872020587816,72.19602826735283
POST01469,2025-07-03 12:00:00,Linkedin,Text,Brand Awareness,Entertainment,23,305259,265642,207039,12244,723,821,2270,16058,7.756026642323427,67.82404449991647
POST01470,2025-07-03 15:00:00,Facebook,Video,Brand Awareness,Community,15,310105,477449,385948,32603,1689,1206,6961,42459,11.00122296267891,124.45719998065172
POST01471,2025-07-03 18:00:00,Youtube,Carousel,Festival Campaign,Entertainment,16,67083,116680,64697,6265,146,264,906,7581,11.71769942964898,96.44321214018454
POST01472,2025-07-03 21:00:00,Facebook,Video,Educational Series,Promotional,1,472633,350969,284319,10972,167,4760,3390,19289,6.784281036441461,60.15640042062235
POST01473,2025-07-04 00:00:00,Linkedin,Carousel,Special Campaign,Community,13,465278,739512,622116,27291,651,7470,11903,47315,7.605494795182892,133.7084495720838
POST01474,2025-07-04 03:00:00,Youtube,Text,Special Campaign,Promotional,6,67182,86148,74069,3184,185,585,888,4842,6.537147794623932,110.25125777738086
POST01475,2025-07-04 06:00:00,Instagram,Carousel,Festival Campaign,Entertainment,18,147987,443140,274957,26642,1543,1773,1108,31066,11.298493946326154,185.79807685810238
POST01476,2025-07-04 09:00:00,Facebook,Text,Event Promotion,Community,0,284161,155830,129868,3877,168,901,1361,6307,4.856469646102196,45.702260338329324
POST01477,2025-07-04 12:00:00,Facebook,Image,Festival Campaign,Community,16,417439,487453,363534,19622,1157,3937,5854,30570,8.409117166482364,87.08673602610202
POST01478,2025-07-04 15:00:00,Facebook,Reel,Brand Awareness,Promotional,9,81852,119540,107475,10890,112,1205,2476,14683,13.661781809723191,131.30406098812492
POST01479,2025-07-04 18:00:00,Facebook,Image,Educational Series,Education,5,251560,93746,80356,3271,136,483,723,4613,5.7407038677883415,31.943075210685322
POST01480,2025-07-04 21:00:00,Youtube,Reel,Educational Series,Event,6,332653,463279,265993,27989,671,2194,6084,36938,13.886831608350594,79.96110060633754
POST01481,2025-07-05 00:00:00,Facebook,Image,Community Campaign,Community,5,174147,149686,118596,6664,239,1171,2229,10303,8.687476812034133,68.10108701269617
POST01482,2025-07-05 03:00:00,Instagram,Image,Festival Campaign,Community,4,26531,37257,20761,883,51,211,137,1282,6.175039737970232,78.25185631902303
POST01483,2025-07-05 06:00:00,Youtube,Carousel,Event Promotion,Promotional,1,417882,569700,333334,9120,321,4416,1417,15274,4.582190835618329,79.7674941729962
POST01484,2025-07-05 09:00:00,Instagram,Reel,Brand Awareness,Community,17,240389,238626,190467,6261,179,677,1905,9022,4.736778549565016,79.23282679323928
POST01485,2025-07-05 12:00:00,Instagram,Reel,Product Launch,Promotional,23,326167,570096,411867,31796,1526,2792,9797,45911,11.147045041239041,126.27488372520826
POST01486,2025-07-05 15:00:00,Instagram,Image,Special Campaign,Education,16,186308,188493,117522,6497,327,1397,991,9212,7.838532359898571,63.07941687957575
POST01487,2025-07-05 18:00:00,Instagram,Text,Special Campaign,Community,23,322203,441562,384664,16806,214,3564,4741,25325,6.583667824386998,119.38560472745444
POST01488,2025-07-05 21:00:00,Facebook,Image,Special Campaign,Brand,22,60023,24598,17997,756,25,205,301,1287,7.151191865310885,29.983506322576346
POST01489,2025-07-06 00:00:00,Instagram,Image,Educational Series,Entertainment,6,286380,393083,349825,8743,412,1949,4360,15464,4.420495962266847,122.1541308750611
POST01490,2025-07-06 03:00:00,Youtube,Carousel,Special Campaign,Education,20,218547,360528,287477,8535,144,4309,1662,14650,5.096059858701739,131.5401263801379
POST01491,2025-07-06 06:00:00,Instagram,Carousel,Festival Campaign,Brand,18,187696,463951,319707,18150,402,4504,5639,28695,8.975405605757771,170.33234592106385
POST01492,2025-07-06 09:00:00,Instagram,Reel,Community Campaign,Education,6,183890,246440,199964,10551,488,1449,2272,14760,7.381328639155048,108.74109521996846
POST01493,2025-07-06 12:00:00,Instagram,Image,Event Promotion,Event,22,494678,673533,522843,33957,345,4613,5714,44629,8.535831980154654,105.69360270721559
POST01494,2025-07-06 15:00:00,Instagram,Reel,Event Promotion,Education,6,181172,391473,231588,13377,230,878,3508,17993,7.769400832512911,127.82769964453668
POST01495,2025-07-06 18:00:00,Facebook,Text,Seasonal Campaign,Education,15,217968,168994,118776,5208,83,469,634,6394,5.383242405873241,54.492402554503414
POST01496,2025-07-06 21:00:00,Facebook,Reel,Special Campaign,Event,11,387253,326215,282059,32214,747,5067,5324,43352,15.369833970906797,72.83584633301743
POST01497,2025-07-07 00:00:00,Facebook,Image,Brand Awareness,Community,14,457912,288793,181496,7092,94,828,2077,10091,5.559902146603782,39.63556316497493
POST01498,2025-07-07 03:00:00,Youtube,Reel,Educational Series,Entertainment,14,282082,656282,395881,22499,1160,5783,4071,33513,8.465422690151838,140.34252451414838
POST01499,2025-07-07 06:00:00,Instagram,Reel,Brand Awareness,Brand,10,146682,196751,123620,11387,170,2012,2502,16071,13.000323572237502,84.27755280129804
POST01500,2025-07-07 09:00:00,Linkedin,Video,Special Campaign,Promotional,1,490746,501088,320547,31908,1530,3691,4286,41415,12.92010220030136,65.31831130564487
POST01501,2025-07-07 12:00:00,Youtube,Reel,Community Campaign,Entertainment,2,44941,72866,56303,4974,208,812,1296,7290,12.94780029483331,125.2820364477871
POST01502,2025-07-07 15:00:00,Youtube,Reel,Product Launch,Education,18,375211,1096379,776898,48876,1229,13735,5358,69198,8.90696075932748,207.05629632393507
POST01503,2025-07-07 18:00:00,Instagram,Image,Special Campaign,Promotional,19,271790,401753,333051,19065,455,3535,7154,30209,9.070382614074122,122.53982854409655
POST01504,2025-07-07 21:00:00,Instagram,Reel,Product Launch,Event,14,121349,334056,248318,22320,1314,4510,1565,29709,11.96409442730692,204.63127013819644
POST01505,2025-07-08 00:00:00,Instagram,Reel,Product Launch,Entertainment,15,472563,524282,314051,38382,913,2165,2648,44108,14.044852587637042,66.45695917792972
POST01506,2025-07-08 03:00:00,Instagram,Video,Event Promotion,Community,0,96629,119340,68501,6159,223,846,1473,8701,12.702004350301454,70.89072638648852
POST01507,2025-07-08 06:00:00,Youtube,Video,Educational Series,Brand,14,184097,171207,131563,8413,406,2057,1868,12744,9.686614017618936,71.4639565011923
POST01508,2025-07-08 09:00:00,Youtube,Text,Special Campaign,Entertainment,11,293795,449804,295672,8571,180,732,4528,14011,4.738696934440867,100.63888085229497
POST01509,2025-07-08 12:00:00,Facebook,Video,Brand Awareness,Entertainment,6,372524,582205,471725,24151,526,3707,5442,33826,7.1707032699136155,126.62942521824097
POST01510,2025-07-08 15:00:00,Facebook,Carousel,Brand Awareness,Community,6,234326,158493,102336,2810,127,408,2019,5364,5.24155722326454,43.672490462005925
POST01511,2025-07-08 18:00:00,Facebook,Reel,Community Campaign,Promotional,10,331967,360911,233288,16868,471,4167,2174,23680,10.150543534172353,70.27445499100814
POST01512,2025-07-08 21:00:00,Facebook,Video,Product Launch,Event,19,461338,949018,567921,45104,860,3746,11692,61402,10.811715009658034,123.10301774404016
POST01513,2025-07-09 00:00:00,Linkedin,Video,Educational Series,Community,10,164661,206852,176600,12404,646,1115,4405,18570,10.51528878822197,107.25065437474568
POST01514,2025-07-09 03:00:00,Instagram,Video,Educational Series,Event,16,321912,504693,427894,19684,544,2706,8664,31598,7.384539161568052,132.9226620939884
POST01515,2025-07-09 06:00:00,Instagram,Image,Community Campaign,Community,2,216058,297030,253867,6250,144,2227,1363,9984,3.9327679454202396,117.49946773551547
POST01516,2025-07-09 09:00:00,Instagram,Reel,Festival Campaign,Entertainment,15,367702,975090,755809,54532,1251,10990,16173,82946,10.974465771114131,205.549330708019
POST01517,2025-07-09 12:00:00,Facebook,Video,Educational Series,Event,4,132784,103072,75946,7209,384,721,1420,9734,12.81700155373555,57.195143993252195
POST01518,2025-07-09 15:00:00,Linkedin,Carousel,Educational Series,Promotional,1,386533,200878,151076,3991,186,2351,3372,9900,6.5529931954777725,39.08489055268244
POST01519,2025-07-09 18:00:00,Instagram,Text,Brand Awareness,Promotional,22,413450,385695,261354,4983,232,534,5101,10850,4.151457410255822,63.21296408271859
POST01520,2025-07-09 21:00:00,Linkedin,Reel,Community Campaign,Brand,6,354514,459085,399192,12859,343,6566,8438,28206,7.065772861179583,112.60260525677405
POST01521,2025-07-10 00:00:00,Instagram,Reel,Special Campaign,Event,9,428271,826891,688236,25370,767,3359,10167,39663,5.762994089236831,160.70105143705737
POST01522,2025-07-10 03:00:00,Linkedin,Reel,Educational Series,Brand,4,88743,81388,72293,3534,112,831,345,4822,6.670078707482052,81.46332668492164
POST01523,2025-07-10 06:00:00,Instagram,Video,Educational Series,Community,14,415616,344291,252176,17042,209,3637,3856,24744,9.812194657699385,60.67523868186018
POST01524,2025-07-10 09:00:00,Instagram,Reel,Brand Awareness,Education,11,226217,492357,353634,29886,1735,1218,1997,34836,9.85086275640917,156.32512145417897
POST01525,2025-07-10 12:00:00,Youtube,Reel,Special Campaign,Promotional,9,107009,236108,197319,21442,535,610,775,23362,11.839711330383796,184.39477053331962
POST01526,2025-07-10 15:00:00,Instagram,Text,Special Campaign,Entertainment,21,130866,169855,126966,5561,217,570,764,7112,5.601499614069908,97.01985236807116
POST01527,2025-07-10 18:00:00,Instagram,Reel,Educational Series,Promotional,16,109471,135529,85985,4722,245,1181,1762,7910,9.199278944001861,78.54591627006239
POST01528,2025-07-10 21:00:00,Instagram,Video,Brand Awareness,Education,19,205229,203113,119912,3851,201,2062,703,6817,5.6850023350457,58.4283897499866
POST01529,2025-07-11 00:00:00,Facebook,Image,Festival Campaign,Entertainment,19,240482,424555,271257,15339,216,2353,932,18840,6.9454428825799885,112.79721559201936
POST01530,2025-07-11 03:00:00,Youtube,Video,Event Promotion,Event,10,342742,715316,592772,62069,685,8238,5501,76493,12.904286977117676,172.94991568001586
POST01531,2025-07-11 06:00:00,Instagram,Image,Seasonal Campaign,Event,7,307159,400884,325031,16183,374,3112,3653,23322,7.175315585282635,105.81848488893375
POST01532,2025-07-11 09:00:00,Facebook,Text,Brand Awareness,Promotional,14,270942,124736,102974,3432,125,390,2434,6381,6.196709849088119,38.005920086217714
POST01533,2025-07-11 12:00:00,Facebook,Text,Brand Awareness,Entertainment,1,230792,106884,63921,1430,39,173,1304,2946,4.608814004787159,27.69636729176055
POST01534,2025-07-11 15:00:00,Instagram,Reel,Educational Series,Community,16,263414,363858,222124,8761,92,2898,2032,13783,6.205092650951721,84.32505485661355
POST01535,2025-07-11 18:00:00,Youtube,Reel,Brand Awareness,Entertainment,22,479402,567116,489740,43998,729,7731,8507,60965,12.448442030465143,102.15643656054836
POST01536,2025-07-11 21:00:00,Instagram,Reel,Community Campaign,Brand,5,84430,96873,63532,5765,341,173,381,6660,10.482906251967512,75.2481345493308
POST01537,2025-07-12 00:00:00,Instagram,Carousel,Product Launch,Education,20,248997,311574,258043,11056,316,933,5918,18223,7.062001294357917,103.63297549769676
POST01538,2025-07-12 03:00:00,Facebook,Video,Product Launch,Event,12,331329,433406,271887,9302,340,2392,4193,16227,5.9682882962407175,82.05952391731482
POST01539,2025-07-12 06:00:00,Instagram,Image,Festival Campaign,Promotional,7,82306,111313,81969,3490,121,931,501,5043,6.152325879295831,99.59055232911331
POST01540,2025-07-12 09:00:00,Youtube,Carousel,Special Campaign,Entertainment,10,301560,671341,439623,39040,1455,3227,6693,50415,11.467780348161947,145.78292877039397
POST01541,2025-07-12 12:00:00,Facebook,Reel,Brand Awareness,Event,14,98655,121360,72704,6523,389,437,593,7942,10.92374559859155,73.6952004459987
POST01542,2025-07-12 15:00:00,Instagram,Video,Special Campaign,Promotional,12,93180,203122,134977,3469,190,610,1225,5494,4.070323092082355,144.85619231594762
POST01543,2025-07-12 18:00:00,Youtube,Text,Community Campaign,Event,17,70262,38249,27144,1301,45,155,183,1684,6.2039493073975835,38.63254675357946
POST01544,2025-07-12 21:00:00,Instagram,Reel,Educational Series,Promotional,17,356333,519410,324320,14506,775,3807,7529,26617,8.207017760236804,91.01598785405787
POST01545,2025-07-13 00:00:00,Linkedin,Image,Educational Series,Event,16,362096,348597,229437,5799,265,2758,1530,10352,4.51191394587621,63.363583138173304
POST01546,2025-07-13 03:00:00,Youtube,Reel,Seasonal Campaign,Community,21,73662,77836,56882,4642,56,312,455,5465,9.607608733870117,77.22027639759985
POST01547,2025-07-13 06:00:00,Facebook,Image,Event Promotion,Brand,12,218482,161370,121489,3668,145,764,397,4974,4.094197828609998,55.60595380855173
POST01548,2025-07-13 09:00:00,Youtube,Image,Festival Campaign,Education,2,72191,37038,20747,890,34,279,218,1421,6.8491830144117225,28.739039492457508
POST01549,2025-07-13 12:00:00,Instagram,Reel,Community Campaign,Event,20,227037,507148,431350,32941,1697,6576,3119,44333,10.277732699663845,189.99105872611074
POST01550,2025-07-13 15:00:00,Facebook,Image,Special Campaign,Education,23,163285,149404,102404,2710,94,751,1029,4584,4.476387641107769,62.71488501699483
POST01551,2025-07-13 18:00:00,Linkedin,Reel,Community Campaign,Event,6,200059,120636,98669,5809,76,1309,1571,8765,8.883235869422007,49.319950614568704
POST01552,2025-07-13 21:00:00,Facebook,Image,Seasonal Campaign,Entertainment,11,365320,225263,128528,4710,109,819,2281,7919,6.161303373583967,35.18230592357385
POST01553,2025-07-14 00:00:00,Facebook,Image,Seasonal Campaign,Brand,3,210855,189476,154860,7592,139,714,1052,9497,6.132635929226398,73.44383581133954
POST01554,2025-07-14 03:00:00,Linkedin,Reel,Educational Series,Community,23,81353,74706,53572,4624,246,661,471,6002,11.203613828119167,65.85129005691248
POST01555,2025-07-14 06:00:00,Instagram,Video,Special Campaign,Brand,10,383688,613762,470046,25130,1364,3670,9411,39575,8.419388740676444,122.50734972164885
POST01556,2025-07-14 09:00:00,Instagram,Carousel,Event Promotion,Education,13,166874,342799,262286,18061,534,2341,4425,25361,9.669216046605614,157.17607296523127
POST01557,2025-07-14 12:00:00,Facebook,Image,Educational Series,Entertainment,17,232730,158638,88771,4724,149,580,713,6166,6.945962082211533,38.14334207021011
POST01558,2025-07-14 15:00:00,Youtube,Reel,Event Promotion,Promotional,6,211718,439664,355266,33476,1844,5160,4401,44881,12.633069305815924,167.801509555163
POST01559,2025-07-14 18:00:00,Facebook,Video,Product Launch,Brand,4,325815,466884,399135,24294,1354,3074,8723,37445,9.38153757500595,122.50356797569172
POST01560,2025-07-14 21:00:00,Linkedin,Text,Community Campaign,Community,15,240709,109325,71330,4374,124,313,278,5089,7.134445534838077,29.63329165091459
POST01561,2025-07-15 00:00:00,Instagram,Reel,Seasonal Campaign,Entertainment,10,480161,1013929,775548,29600,553,10087,14299,54539,7.032317793353861,161.51832406213748
POST01562,2025-07-15 03:00:00,Instagram,Reel,Product Launch,Entertainment,21,325532,907678,801202,74027,4211,5426,6604,90268,11.26657197560665,246.12081147168325
POST01563,2025-07-15 06:00:00,Facebook,Reel,Special Campaign,Education,2,185672,236831,159896,12195,363,1691,702,14951,9.350452794316306,86.11745443577922
POST01564,2025-07-15 09:00:00,Instagram,Image,Educational Series,Community,15,366088,293498,233218,9245,271,1781,3925,15222,6.526940459141232,63.70544787045738
POST01565,2025-07-15 12:00:00,Facebook,Reel,Festival Campaign,Entertainment,10,80690,174184,123774,13172,553,1526,932,16183,13.074636030184045,153.39447267319372
POST01566,2025-07-15 15:00:00,Youtube,Image,Brand Awareness,Entertainment,9,418952,754105,678070,23531,1278,7969,12370,45148,6.658309614051647,161.84909011056158
POST01567,2025-07-15 18:00:00,Facebook,Carousel,Festival Campaign,Promotional,22,483745,665873,415565,13906,734,5645,1368,21653,5.2104965528858305,85.9057974759429
POST01568,2025-07-15 21:00:00,Instagram,Image,Festival Campaign,Education,22,194943,291708,201290,8376,379,2279,2425,13459,6.686372894828358,103.25582349712481
POST01569,2025-07-16 00:00:00,Facebook,Image,Brand Awareness,Education,1,329309,229650,198032,7041,329,539,2919,10828,5.467803183323907,60.13561730775654
POST01570,2025-07-16 03:00:00,Youtube,Image,Community Campaign,Community,15,207858,294856,181563,12922,559,2206,4129,19816,10.914117964563266,87.34953670294144
POST01571,2025-07-16 06:00:00,Youtube,Image,Product Launch,Entertainment,16,313391,267331,168339,8673,343,1124,1648,11788,7.0025365482746125,53.715326860056614
POST01572,2025-07-16 09:00:00,Instagram,Reel,Product Launch,Promotional,9,139645,342759,276236,20262,1056,2457,1349,25124,9.095121562721731,197.81302588707078
POST01573,2025-07-16 12:00:00,Facebook,Reel,Community Campaign,Event,17,48821,73144,51118,4697,215,831,636,6379,12.478970225752182,104.70494254521621
POST01574,2025-07-16 15:00:00,Linkedin,Video,Brand Awareness,Brand,11,416429,386721,293260,21499,715,3357,2517,28088,9.577849007706472,70.42256903337663
POST01575,2025-07-16 18:00:00,Instagram,Reel,Event Promotion,Education,7,128659,109434,87244,4507,162,516,352,5537,6.346568245380771,67.81025812418875
POST01576,2025-07-16 21:00:00,Instagram,Carousel,Festival Campaign,Promotional,2,180567,231271,172567,13142,646,1787,2169,17744,10.282383074400087,95.56951159403435
POST01577,2025-07-17 00:00:00,Instagram,Text,Educational Series,Community,19,353888,216411,191208,8982,134,787,3539,13442,7.03004058407598,54.030653766163304
POST01578,2025-07-17 03:00:00,Facebook,Reel,Product Launch,Promotional,23,422860,495064,365711,23574,586,1392,5542,31094,8.502342013229025,86.48512510050608
POST01579,2025-07-17 06:00:00,Facebook,Image,Community Campaign,Entertainment,2,419669,287078,187216,5917,99,1798,4515,12329,6.585441415263653,44.61039533537145
POST01580,2025-07-17 09:00:00,Youtube,Image,Educational Series,Brand,5,137441,145316,123825,3926,91,1475,1031,6523,5.267918433272764,90.09320362919362
POST01581,2025-07-17 12:00:00,Instagram,Video,Seasonal Campaign,Education,1,227701,201798,154651,7766,258,592,2417,11033,7.134127810360101,67.91845446440728
POST01582,2025-07-17 15:00:00,Instagram,Text,Brand Awareness,Event,2,394189,386477,288144,17880,321,865,2390,21456,7.446276861569215,73.09793018070012
POST01583,2025-07-17 18:00:00,Youtube,Carousel,Educational Series,Entertainment,16,293407,192334,164368,5568,255,997,1246,8066,4.907281222622408,56.020476675743936
POST01584,2025-07-17 21:00:00,Youtube,Reel,Special Campaign,Education,8,76480,107845,85804,7438,437,1641,589,10105,11.776840240548227,112.19142259414225
POST01585,2025-07-18 00:00:00,Linkedin,Carousel,Educational Series,Community,3,409070,274115,151332,6167,202,1683,3244,11296,7.464382946105252,36.994157479160044
POST01586,2025-07-18 03:00:00,Instagram,Image,Special Campaign,Education,21,216913,337620,222658,11461,316,403,2858,15038,6.753855688993883,102.6485272897429
POST01587,2025-07-18 06:00:00,Facebook,Image,Festival Campaign,Promotional,22,445237,513426,455430,32468,1035,1101,1855,36459,8.005401488702985,102.28934252993349
POST01588,2025-07-18 09:00:00,Youtube,Reel,Brand Awareness,Brand,1,400199,541634,417753,39858,941,7732,3513,52044,12.458079295660355,104.38631780689107
POST01589,2025-07-18 12:00:00,Youtube,Reel,Educational Series,Event,23,169030,286665,223204,8756,416,3436,5118,17726,7.941613949570796,132.04993196473998
POST01590,2025-07-18 15:00:00,Facebook,Video,Product Launch,Brand,8,217480,236493,154209,12021,226,2622,3792,18661,12.101109533166028,70.90720985837778
POST01591,2025-07-18 18:00:00,Facebook,Image,Brand Awareness,Promotional,13,323272,364482,227275,8035,175,1525,1954,11689,5.143108568914311,70.30457323863496
POST01592,2025-07-18 21:00:00,Linkedin,Reel,Product Launch,Event,10,107498,150680,131134,11562,459,719,2976,15716,11.984687418976009,121.98738581182906
POST01593,2025-07-19 00:00:00,Instagram,Image,Community Campaign,Event,1,324707,172227,148080,9062,255,456,717,10490,7.0840086439762295,45.60419085514017
POST01594,2025-07-19 03:00:00,Instagram,Video,Community Campaign,Entertainment,20,37414,113244,98328,4670,77,1620,2371,8738,8.8865836791148,262.8107125674881
POST01595,2025-07-19 06:00:00,Facebook,Carousel,Seasonal Campaign,Event,1,404596,473583,319316,15161,154,4217,7915,27447,8.595560510591389,78.92218410463772
POST01596,2025-07-19 09:00:00,Youtube,Reel,Event Promotion,Education,4,357606,329802,247112,21070,793,3211,5678,30752,12.444559551944058,69.1017488520886
POST01597,2025-07-19 12:00:00,Instagram,Reel,Community Campaign,Brand,6,264867,552081,451280,30571,824,4244,10705,46344,10.2694557702535,170.37985101956832
POST01598,2025-07-19 15:00:00,Instagram,Reel,Educational Series,Community,21,206955,500038,416411,35961,939,3718,6300,46918,11.267233574521326,201.2084752724022
POST01599,2025-07-19 18:00:00,Instagram,Text,Brand Awareness,Community,3,387353,254368,144048,5145,138,1515,2206,9004,6.250694213040098,37.18778478545409
POST01600,2025-07-19 21:00:00,Linkedin,Image,Community Campaign,Brand,13,57210,38839,32421,1303,36,144,391,1874,5.780204188643164,56.670162558993184
POST01601,2025-07-20 00:00:00,Instagram,Image,Product Launch,Entertainment,1,166362,286243,165854,7482,378,1667,3289,12816,7.727278208544865,99.69464180521994
POST01602,2025-07-20 03:00:00,Instagram,Image,Educational Series,Event,22,412912,508588,445400,23748,735,3639,4555,32677,7.3365514144589135,107.86802030456852
POST01603,2025-07-20 06:00:00,Instagram,Image,Community Campaign,Promotional,11,285811,308044,271428,16721,335,987,4210,22253,8.19849094419146,94.9676534493074
POST01604,2025-07-20 09:00:00,Instagram,Video,Special Campaign,Education,9,147710,266201,213622,13813,636,1390,5111,20950,9.807042345825804,144.62257125448514
POST01605,2025-07-20 12:00:00,Instagram,Image,Special Campaign,Entertainment,0,37660,43929,39314,3188,87,518,845,4638,11.79732410846009,104.3919277748274
POST01606,2025-07-20 15:00:00,Youtube,Reel,Festival Campaign,Event,18,354233,787817,690601,39954,1366,6101,3022,50443,7.304217630730335,194.95670928456695
POST01607,2025-07-20 18:00:00,Instagram,Reel,Product Launch,Community,22,364606,759430,594624,60160,2696,11289,14299,88444,14.873937143472176,163.0867292364909
POST01608,2025-07-20 21:00:00,Facebook,Image,Seasonal Campaign,Promotional,15,470914,403945,329478,15287,787,4097,6491,26662,8.09219431949933,69.96564128482058
POST01609,2025-07-21 00:00:00,Instagram,Text,Seasonal Campaign,Event,14,418024,557425,425464,18064,1013,3595,6643,29315,6.890124663896358,101.77980211662488
POST01610,2025-07-21 03:00:00,Youtube,Reel,Seasonal Campaign,Entertainment,13,114148,321589,285323,11478,250,3152,5370,20250,7.09721964230013,249.95882538458844
POST01611,2025-07-21 06:00:00,Linkedin,Video,Product Launch,Promotional,8,191571,311422,236202,7046,209,837,3072,11164,4.726462942735455,123.29736755563212
POST01612,2025-07-21 09:00:00,Facebook,Video,Seasonal Campaign,Promotional,20,441231,784174,569289,55785,2849,7057,10360,76051,13.35894422692165,129.02289277045358
POST01613,2025-07-21 12:00:00,Youtube,Reel,Event Promotion,Promotional,22,53351,113233,97123,4924,76,411,1514,6925,7.130133953852331,182.0453224869262
POST01614,2025-07-21 15:00:00,Instagram,Reel,Festival Campaign,Promotional,14,462878,1279183,1106125,118287,5340,19501,27008,170136,15.381263419595435,238.96685519726583
POST01615,2025-07-21 18:00:00,Instagram,Reel,Event Promotion,Event,6,403503,544986,423251,48128,1160,3677,6083,59048,13.951059773042473,104.89413957269215
POST01616,2025-07-21 21:00:00,Facebook,Carousel,Special Campaign,Promotional,3,94674,113069,65787,5395,192,1034,1176,7797,11.851885630899723,69.48792699157109
POST01617,2025-07-22 00:00:00,Linkedin,Reel,Community Campaign,Event,20,257071,211513,127076,12546,273,800,1397,15016,11.816550725550066,49.4322580143229
POST01618,2025-07-22 03:00:00,Facebook,Image,Festival Campaign,Promotional,17,56241,41086,32066,1104,55,131,792,2082,6.492858479386266,57.01534467737061
POST01619,2025-07-22 06:00:00,Youtube,Image,Product Launch,Promotional,7,414414,530354,448962,26709,848,5726,3848,37131,8.270410413353469,108.3365909452866
POST01620,2025-07-22 09:00:00,Facebook,Carousel,Event Promotion,Entertainment,11,375127,494943,375753,16996,539,1580,8560,27675,7.365210657000743,100.16687681771774
POST01621,2025-07-22 12:00:00,Youtube,Reel,Educational Series,Event,14,384443,646765,510986,47705,590,6008,8985,63288,12.385466529415678,132.91593292113527
POST01622,2025-07-22 15:00:00,Instagram,Image,Festival Campaign,Community,14,425329,797858,706134,40570,1068,6048,16869,64555,9.142032532068985,166.02065695026673
POST01623,2025-07-22 18:00:00,Youtube,Image,Product Launch,Event,16,384983,314551,253815,17562,403,2093,1407,21465,8.456946988948644,65.92888517155303
POST01624,2025-07-22 21:00:00,Linkedin,Image,Brand Awareness,Brand,1,58639,46929,33917,2029,79,324,273,2705,7.975351593596132,57.840345162775634
POST01625,2025-07-23 00:00:00,Instagram,Video,Festival Campaign,Community,11,346180,597826,483296,16906,486,7009,10390,34791,7.19869396808581,139.6082962620602
POST01626,2025-07-23 03:00:00,Facebook,Reel,Festival Campaign,Entertainment,2,367367,644980,493325,53753,2614,3878,6750,66995,13.580296964475751,134.28669423219833
POST01627,2025-07-23 06:00:00,Instagram,Video,Community Campaign,Event,6,87983,116305,97177,8804,126,1503,1927,12360,12.719059036603312,110.449745973654
POST01628,2025-07-23 09:00:00,Youtube,Carousel,Educational Series,Entertainment,5,146164,159031,104702,10425,199,1224,2200,14048,13.417126702450766,71.63323390164473
POST01629,2025-07-23 12:00:00,Instagram,Image,Community Campaign,Community,13,357088,448850,396419,23627,798,1213,2120,27758,7.002187079832198,111.01437180750963
POST01630,2025-07-23 15:00:00,Youtube,Carousel,Seasonal Campaign,Entertainment,22,404571,640925,365118,24447,511,3926,4544,33428,9.155396337622358,90.24818882223393
POST01631,2025-07-23 18:00:00,Facebook,Image,Festival Campaign,Entertainment,4,299818,171830,118984,4619,80,922,2803,8424,7.079943521818059,39.685409148216586
POST01632,2025-07-23 21:00:00,Instagram,Reel,Special Campaign,Education,3,294557,330249,239624,10146,188,4318,3369,18021,7.52053216706173,81.35063841633368
POST01633,2025-07-24 00:00:00,Facebook,Carousel,Festival Campaign,Event,14,74986,55025,40688,1548,68,219,412,2247,5.522512780180889,54.26079534846505
POST01634,2025-07-24 03:00:00,Facebook,Image,Seasonal Campaign,Entertainment,6,199009,206464,160829,5427,167,1915,609,8118,5.047597137332198,80.81493801787859
POST01635,2025-07-24 06:00:00,Linkedin,Carousel,Educational Series,Education,2,224157,186418,160640,9747,227,1370,1047,12391,7.713520916334661,71.66405688869855
POST01636,2025-07-24 09:00:00,Instagram,Reel,Educational Series,Education,12,305215,253348,153956,7302,262,1219,2045,10828,7.03317831068617,50.441819700866596
POST01637,2025-07-24 12:00:00,Instagram,Text,Special Campaign,Promotional,9,94229,119120,84871,4930,218,429,1117,6694,7.887264200963815,90.06887476254656
POST01638,2025-07-24 15:00:00,Instagram,Image,Special Campaign,Promotional,22,457047,666159,414170,8829,88,1877,5532,16326,3.9418596228601785,90.618689106372
POST01639,2025-07-24 18:00:00,Linkedin,Reel,Event Promotion,Community,1,404260,267132,187467,20936,371,3495,1713,26515,14.14382264611905,46.37287884035027
POST01640,2025-07-24 21:00:00,Linkedin,Image,Product Launch,Event,11,364450,275804,160844,10485,453,1940,2641,15519,9.648479271841039,44.13335162573741
POST01641,2025-07-25 00:00:00,Youtube,Video,Product Launch,Promotional,23,192443,202099,146889,7619,138,615,3054,11426,7.77866279980121,76.32857521447909
POST01642,2025-07-25 03:00:00,Facebook,Video,Event Promotion,Community,21,148345,182127,156160,14769,867,462,2964,19062,12.20671106557377,105.26812497893425
POST01643,2025-07-25 06:00:00,Youtube,Image,Product Launch,Event,11,349686,287151,243335,11771,153,1803,5584,19311,7.935973041280539,69.58671493854487
POST01644,2025-07-25 09:00:00,Facebook,Video,Festival Campaign,Community,18,287357,402568,265994,10830,394,2454,4924,18602,6.99339082836455,92.56569354496324
POST01645,2025-07-25 12:00:00,Instagram,Reel,Event Promotion,Education,18,83815,142470,94441,9087,214,757,666,10724,11.355237661608836,112.67792161307642
POST01646,2025-07-25 15:00:00,Facebook,Image,Event Promotion,Education,20,202371,268715,168020,4723,90,470,3422,8705,5.18093084156648,83.02572997119152
POST01647,2025-07-25 18:00:00,Instagram,Video,Product Launch,Event,2,187708,348131,312983,18287,443,4436,2503,25669,8.201403910116523,166.73929720629914
POST01648,2025-07-25 21:00:00,Facebook,Video,Brand Awareness,Community,5,83948,95227,74798,3459,53,304,1487,5303,7.089761758335785,89.10039548291799
POST01649,2025-07-26 00:00:00,Instagram,Carousel,Special Campaign,Community,1,95066,86963,76869,5659,166,1034,1684,8543,11.113712940196958,80.85856142048682
POST01650,2025-07-26 03:00:00,Facebook,Video,Product Launch,Promotional,23,329272,333048,185795,8219,476,2634,1985,13314,7.1659624855351325,56.42599431473067
POST01651,2025-07-26 06:00:00,Instagram,Reel,Community Campaign,Promotional,12,485389,821330,725426,20871,438,13883,12064,47256,6.514241287188494,149.45250098374706
POST01652,2025-07-26 09:00:00,Instagram,Video,Brand Awareness,Event,8,69504,81025,48840,2854,92,317,316,3579,7.328009828009828,70.26933701657458
POST01653,2025-07-26 12:00:00,Instagram,Reel,Event Promotion,Brand,12,90500,181462,105451,9826,441,607,2604,13478,12.781291784810007,116.52044198895028
POST01654,2025-07-26 15:00:00,Instagram,Reel,Brand Awareness,Promotional,22,72340,153350,113855,8936,505,1541,1597,12579,11.048263141715339,157.38871993364668
POST01655,2025-07-26 18:00:00,Instagram,Reel,Festival Campaign,Entertainment,13,149222,272176,164698,17871,606,1851,1477,21805,13.23938359907224,110.37112490115399
POST01656,2025-07-26 21:00:00,Linkedin,Image,Educational Series,Promotional,18,54070,44681,29558,709,11,161,126,1007,3.4068610866770417,54.666173478823744
POST01657,2025-07-27 00:00:00,Youtube,Reel,Brand Awareness,Brand,10,93285,158711,139767,14336,527,1945,3183,19991,14.30309014288065,149.82794661521143
POST01658,2025-07-27 03:00:00,Instagram,Reel,Community Campaign,Community,13,479598,1232146,1093334,37855,1085,17184,5243,61367,5.612831943395157,227.9688405706446
POST01659,2025-07-27 06:00:00,Instagram,Reel,Educational Series,Education,15,492142,469776,376311,12731,317,2439,2126,17613,4.680437191578243,76.46390675861845
POST01660,2025-07-27 09:00:00,Youtube,Reel,Festival Campaign,Education,9,492487,618365,434628,14387,161,3525,4647,22720,5.227458884379285,88.25166958721753
POST01661,2025-07-27 12:00:00,Facebook,Image,Community Campaign,Community,19,143405,218949,130244,4797,200,1195,768,6960,5.343816221860508,90.82249572887974
POST01662,2025-07-27 15:00:00,Youtube,Image,Seasonal Campaign,Education,15,428092,227081,134739,3501,64,762,2161,6488,4.815235380995851,31.47430926062622
POST01663,2025-07-27 18:00:00,Linkedin,Reel,Educational Series,Promotional,1,230575,198315,150919,6642,151,1499,525,8817,5.84220674666543,65.45332321370488
POST01664,2025-07-27 21:00:00,Youtube,Carousel,Seasonal Campaign,Education,15,202748,294179,184566,8799,190,2247,1984,13220,7.162749368789484,91.03221733383313
POST01665,2025-07-28 00:00:00,Linkedin,Video,Festival Campaign,Brand,13,38262,64859,54677,1388,59,851,972,3270,5.980576842182271,142.9015733626052
POST01666,2025-07-28 03:00:00,Linkedin,Video,Educational Series,Brand,20,122409,68681,49893,2468,138,154,1084,3844,7.704487603471429,40.7592578977036
POST01667,2025-07-28 06:00:00,Instagram,Reel,Educational Series,Promotional,17,236622,288195,167292,7052,128,2410,2342,11932,7.132439088539799,70.70010396328321
POST01668,2025-07-28 09:00:00,Linkedin,Carousel,Product Launch,Community,5,175126,108278,75632,4437,61,1171,1261,6930,9.162788237782948,43.18719093681121
POST01669,2025-07-28 12:00:00,Instagram,Reel,Community Campaign,Entertainment,6,436267,824278,678360,52549,1010,7731,14881,76171,11.228698626098236,155.4919349847685
POST01670,2025-07-28 15:00:00,Facebook,Reel,Special Campaign,Promotional,12,441601,743401,661329,51744,1176,5881,15690,74491,11.263833886008326,149.75713370214288
POST01671,2025-07-28 18:00:00,Instagram,Reel,Community Campaign,Education,1,55587,97296,63267,2603,64,249,779,3695,5.840327500908846,113.81618004209616
POST01672,2025-07-28 21:00:00,Linkedin,Video,Brand Awareness,Promotional,14,148595,163830,113568,5570,105,830,2184,8689,7.650922795153564,76.42787442376931
POST01673,2025-07-29 00:00:00,Linkedin,Reel,Seasonal Campaign,Brand,16,75131,79856,55370,5587,169,285,964,7005,12.651255192342422,73.69794092984255
POST01674,2025-07-29 03:00:00,Facebook,Reel,Seasonal Campaign,Promotional,12,113019,148069,96015,10054,420,935,1467,12876,13.410404624277456,84.95474212300587
POST01675,2025-07-29 06:00:00,Facebook,Reel,Community Campaign,Promotional,6,440869,331492,286183,15027,186,2656,4793,22662,7.91870935729935,64.91338696982551
POST01676,2025-07-29 09:00:00,Instagram,Video,Community Campaign,Entertainment,0,195862,214108,128143,12175,592,558,609,13934,10.87378943836183,65.42514627645996
POST01677,2025-07-29 12:00:00,Instagram,Carousel,Educational Series,Brand,2,62018,41589,33098,1110,23,248,811,2192,6.62275666203396,53.36837692282885
POST01678,2025-07-29 15:00:00,Youtube,Reel,Seasonal Campaign,Event,19,247502,656541,499690,24797,596,5001,2779,33173,6.638716003922432,201.89331803379366
POST01679,2025-07-29 18:00:00,Instagram,Image,Event Promotion,Event,17,137177,168727,129330,3087,134,558,1168,4947,3.825098585015078,94.27965329464853
POST01680,2025-07-29 21:00:00,Facebook,Image,Special Campaign,Brand,6,212064,137857,89791,2392,61,688,1419,4560,5.078459979285229,42.341462954579754
POST01681,2025-07-30 00:00:00,Instagram,Carousel,Product Launch,Event,20,468056,923975,567253,13989,222,5308,13612,33131,5.8406037517650855,121.19340420804348
POST01682,2025-07-30 03:00:00,Linkedin,Reel,Special Campaign,Education,16,367328,262977,218133,14126,676,3601,4961,23364,10.710896563105996,59.383711560240435
POST01683,2025-07-30 06:00:00,Facebook,Video,Brand Awareness,Event,11,117292,98330,80565,5416,77,242,1464,7199,8.935642028176007,68.68754902295126
POST01684,2025-07-30 09:00:00,Facebook,Reel,Special Campaign,Education,15,64561,98369,86520,5747,225,689,1266,7927,9.162043458159964,134.01279410170227
POST01685,2025-07-30 12:00:00,Instagram,Carousel,Product Launch,Brand,23,136981,269317,192491,13683,152,517,4396,18748,9.739676140702683,140.5238682737022
POST01686,2025-07-30 15:00:00,Linkedin,Reel,Brand Awareness,Event,9,495810,338857,297046,16860,198,3848,3904,24810,8.352241740336513,59.911256328028884
POST01687,2025-07-30 18:00:00,Linkedin,Image,Festival Campaign,Event,22,161142,167079,139859,6364,63,1704,2548,10679,7.635547229709923,86.7923942857852
POST01688,2025-07-30 21:00:00,Youtube,Image,Educational Series,Community,15,190097,165666,137915,4404,228,1643,2758,9033,6.549686401044122,72.54980352136015
POST01689,2025-07-31 00:00:00,Facebook,Image,Community Campaign,Education,19,53779,46352,28369,1766,76,77,470,2389,8.421163946561387,52.75107383923092
POST01690,2025-07-31 03:00:00,Facebook,Reel,Community Campaign,Education,17,274745,343243,254431,9793,98,1253,1898,13042,5.12594770291356,92.60623487233617
POST01691,2025-07-31 06:00:00,Instagram,Video,Event Promotion,Promotional,14,429832,591614,380105,26267,292,4230,6327,37116,9.764670288472923,88.43106143795715
POST01692,2025-07-31 09:00:00,Youtube,Reel,Special Campaign,Entertainment,22,115909,104371,60455,5074,129,927,620,6750,11.16532958398809,52.15729580964378
POST01693,2025-07-31 12:00:00,Instagram,Carousel,Seasonal Campaign,Event,10,137715,151601,105447,8127,123,895,1657,10802,10.244008838563449,76.56900119812656
POST01694,2025-07-31 15:00:00,Instagram,Video,Seasonal Campaign,Community,17,269369,278896,166407,14073,515,2515,3854,20957,12.59382117338814,61.776596416068664
POST01695,2025-07-31 18:00:00,Instagram,Image,Product Launch,Entertainment,5,120477,75045,65184,4887,238,301,692,6118,9.38573883161512,54.104932891755276
POST01696,2025-07-31 21:00:00,Instagram,Carousel,Product Launch,Community,0,121688,122402,100902,6369,226,1534,793,8922,8.84224296842481,82.91861153112879
POST01697,2025-08-01 00:00:00,Instagram,Carousel,Product Launch,Entertainment,22,278558,443282,259265,13366,336,2874,4710,21286,8.210132489923437,93.07397382232784
POST01698,2025-08-01 03:00:00,Instagram,Image,Seasonal Campaign,Event,6,279555,398939,239239,15718,785,2491,930,19924,8.328073600040128,85.57850870132889
POST01699,2025-08-01 06:00:00,Linkedin,Video,Community Campaign,Community,11,399160,369547,273702,20727,811,4252,2981,28771,10.511797502393113,68.5694959414771
POST01700,2025-08-01 09:00:00,Youtube,Reel,Seasonal Campaign,Education,19,151869,185708,114175,7721,189,543,1251,9704,8.499233632581564,75.17992480361364
POST01701,2025-08-01 12:00:00,Linkedin,Image,Product Launch,Promotional,3,190961,94929,78288,3903,56,509,327,4795,6.124821173104435,40.99685276051131
POST01702,2025-08-01 15:00:00,Youtube,Carousel,Educational Series,Community,9,477606,810995,686903,41014,1673,1725,4114,48526,7.064461794460063,143.8221044124236
POST01703,2025-08-01 18:00:00,Instagram,Image,Brand Awareness,Brand,20,426810,389812,330232,6591,324,3082,8214,18211,5.514607912013372,77.37213279913779
POST01704,2025-08-01 21:00:00,Youtube,Reel,Community Campaign,Event,1,67754,115758,98397,8510,270,648,2149,11577,11.765602609835666,145.22685007527232
POST01705,2025-08-02 00:00:00,Youtube,Image,Educational Series,Event,8,269444,237606,147351,5207,262,1941,2191,9601,6.5157345386186725,54.687059277623554
POST01706,2025-08-02 03:00:00,Instagram,Video,Festival Campaign,Brand,9,73639,180167,114378,10723,141,1503,1757,14124,12.348528563185228,155.32258721601326
POST01707,2025-08-02 06:00:00,Facebook,Text,Special Campaign,Entertainment,19,224298,221737,141626,7368,262,703,2642,10975,7.749283323683505,63.141891590651724
POST01708,2025-08-02 09:00:00,Instagram,Image,Educational Series,Promotional,10,32669,24565,13886,893,20,134,66,1113,8.015267175572518,42.505127184792926
POST01709,2025-08-02 12:00:00,Facebook,Carousel,Special Campaign,Entertainment,13,411383,591954,521519,39768,745,3469,11421,55403,10.623390518849744,126.77213205212661
POST01710,2025-08-02 15:00:00,Facebook,Text,Educational Series,Brand,2,366653,191802,160075,8625,454,1754,3371,14204,8.873340621583631,43.65844545114864
POST01711,2025-08-02 18:00:00,Instagram,Reel,Festival Campaign,Brand,0,172157,263021,160860,12845,392,2426,3131,18794,11.683451448464503,93.43796650731599
POST01712,2025-08-02 21:00:00,Instagram,Reel,Educational Series,Promotional,6,48787,62277,42458,2984,103,597,128,3812,8.978284422252578,87.02728185787197
POST01713,2025-08-03 00:00:00,Facebook,Carousel,Brand Awareness,Brand,3,241692,93974,74001,6021,170,857,1539,8587,11.60389724463183,30.617893848369
POST01714,2025-08-03 03:00:00,Youtube,Video,Community Campaign,Brand,6,306195,430347,384347,16382,896,3985,5836,27099,7.050659950513468,125.52360423912864
POST01715,2025-08-03 06:00:00,Instagram,Video,Special Campaign,Community,15,206638,464206,274713,19190,210,1768,6455,27623,10.055221267286223,132.94408579254542
POST01716,2025-08-03 09:00:00,Linkedin,Image,Event Promotion,Promotional,9,70615,88160,59540,2007,63,547,481,3098,5.203224722875378,84.31636337888551
POST01717,2025-08-03 12:00:00,Instagram,Reel,Seasonal Campaign,Event,14,228162,500920,311262,23916,611,3969,6934,35430,11.382693679279834,136.42148999395167
POST01718,2025-08-03 15:00:00,Facebook,Image,Festival Campaign,Entertainment,15,203334,106346,68460,4443,47,811,1414,6715,9.8086473853345,33.66874206969813
POST01719,2025-08-03 18:00:00,Linkedin,Reel,Special Campaign,Event,5,450855,262567,220748,13007,524,3690,821,18042,8.173120481272763,48.96208315312018
POST01720,2025-08-03 21:00:00,Instagram,Reel,Community Campaign,Event,3,229962,414549,339576,13165,315,3710,5548,22738,6.6959973614154125,147.66613614423252
POST01721,2025-08-04 00:00:00,Instagram,Video,Product Launch,Community,3,418505,778927,616150,31896,448,2039,7588,41971,6.81181530471476,147.22643696013188
POST01722,2025-08-04 03:00:00,Instagram,Reel,Special Campaign,Entertainment,23,139123,379609,287212,9895,486,5037,5640,21058,7.331866356558918,206.44465688635236
POST01723,2025-08-04 06:00:00,Instagram,Video,Brand Awareness,Event,22,437960,664173,449595,38660,1608,7338,6077,53683,11.940301827200035,102.65663530916065
POST01724,2025-08-04 09:00:00,Instagram,Image,Event Promotion,Promotional,3,410958,524348,310773,20511,804,3359,7085,31759,10.219356250382111,75.62159636751201
POST01725,2025-08-04 12:00:00,Facebook,Image,Brand Awareness,Entertainment,21,37945,58636,35367,1201,18,173,165,1557,4.402409025362626,93.20595598893135
POST01726,2025-08-04 15:00:00,Instagram,Reel,Special Campaign,Education,21,240851,522626,456136,23302,655,7009,10275,41241,9.04138239472438,189.38513852963035
POST01727,2025-08-04 18:00:00,Youtube,Reel,Brand Awareness,Community,16,396279,707042,470950,40442,905,7340,3377,52064,11.055101390805817,118.84303735499483
POST01728,2025-08-04 21:00:00,Linkedin,Reel,Product Launch,Event,12,272565,252855,172620,6631,82,1480,4023,12216,7.076816127911019,63.33168235099884
POST01729,2025-08-05 00:00:00,Facebook,Text,Event Promotion,Brand,1,470180,298278,170060,10180,310,1200,1913,13603,7.998941550041162,36.16912671742737
POST01730,2025-08-05 03:00:00,Facebook,Video,Seasonal Campaign,Entertainment,19,255662,624131,397280,31964,1621,4036,4707,42328,10.654450261780104,155.39266688049065
POST01731,2025-08-05 06:00:00,Instagram,Image,Brand Awareness,Education,5,175299,89292,73113,3488,134,662,1255,5539,7.575944086550955,41.70759673472182
POST01732,2025-08-05 09:00:00,Facebook,Reel,Product Launch,Brand,21,244356,512160,440140,33792,1857,4515,2194,42358,9.623756077611668,180.12244430257493
POST01733,2025-08-05 12:00:00,Youtube,Text,Festival Campaign,Education,0,364638,202314,176497,4507,230,446,1722,6905,3.9122478002458965,48.40334797799461
POST01734,2025-08-05 15:00:00,Youtube,Reel,Product Launch,Event,7,423150,946818,715154,78093,4582,3168,13445,99288,13.883443286341123,169.00720784591752
POST01735,2025-08-05 18:00:00,Instagram,Reel,Educational Series,Brand,17,458746,732543,569661,49709,1094,2371,12938,66112,11.605498708881248,124.1778674909427
POST01736,2025-08-05 21:00:00,Linkedin,Image,Special Campaign,Event,20,73168,111075,62846,2258,56,204,1254,3772,6.001973077045476,85.8927399956265
POST01737,2025-08-06 00:00:00,Youtube,Text,Community Campaign,Brand,3,96086,75655,64879,2667,42,691,1614,5014,7.728232555988841,67.52180338446809
POST01738,2025-08-06 03:00:00,Instagram,Reel,Special Campaign,Entertainment,4,478311,684675,508446,24749,1376,5222,9397,40744,8.013437021827293,106.30029416007577
POST01739,2025-08-06 06:00:00,Instagram,Reel,Special Campaign,Promotional,4,141915,99758,76118,3107,85,321,1891,5404,7.0995034026117345,53.63633160694782
POST01740,2025-08-06 09:00:00,Youtube,Text,Product Launch,Promotional,14,351704,510500,383188,19763,852,3317,6361,30293,7.905518961971669,108.95184587039101
POST01741,2025-08-06 12:00:00,Facebook,Reel,Product Launch,Education,9,51772,64613,50744,3661,177,571,1153,5562,10.960901781491408,98.01437070231013
POST01742,2025-08-06 15:00:00,Facebook,Reel,Product Launch,Community,7,421938,674066,414234,24588,864,2118,8276,35846,8.653562961997325,98.17413932852695
POST01743,2025-08-06 18:00:00,Facebook,Image,Special Campaign,Brand,6,201214,99403,55493,1208,44,100,1252,2604,4.69248373668751,27.57909489399346
POST01744,2025-08-06 21:00:00,Instagram,Video,Seasonal Campaign,Event,11,87656,214839,129438,5055,239,1328,2138,8760,6.7677189078941264,147.66587569590217
POST01745,2025-08-07 00:00:00,Youtube,Image,Brand Awareness,Community,10,377769,389258,315567,17188,830,3842,3536,25396,8.047736296887823,83.53438212240813
POST01746,2025-08-07 03:00:00,Youtube,Text,Seasonal Campaign,Entertainment,12,106884,175221,151002,8397,449,1123,1446,11415,7.559502523145389,141.27652408218256
POST01747,2025-08-07 06:00:00,Instagram,Carousel,Event Promotion,Entertainment,14,137129,297310,267374,11346,283,3766,2523,17918,6.7014743393149665,194.9799094283485
POST01748,2025-08-07 09:00:00,Instagram,Reel,Product Launch,Entertainment,16,156949,197198,160210,16375,268,1309,1605,19557,12.207103177080082,102.07774499996813
POST01749,2025-08-07 12:00:00,Facebook,Text,Product Launch,Promotional,21,301048,331581,204675,3420,121,1204,1701,6446,3.149383168437767,67.98749701044352
POST01750,2025-08-07 15:00:00,Instagram,Image,Educational Series,Event,21,368472,703598,621723,29185,514,5992,2158,37849,6.087759339770284,168.73005275841854
POST01751,2025-08-07 18:00:00,Youtube,Reel,Educational Series,Entertainment,17,233943,446197,264854,12263,690,3403,2121,18477,6.976296374606387,113.21304762271151
POST01752,2025-08-07 21:00:00,Instagram,Image,Festival Campaign,Entertainment,7,100195,123374,77028,5381,250,926,1543,8100,10.515656644337124,76.87808772892859
POST01753,2025-08-08 00:00:00,Instagram,Reel,Festival Campaign,Education,5,180756,336187,261898,20163,998,3650,1959,26770,10.22153662876387,144.89034942131934
POST01754,2025-08-08 03:00:00,Instagram,Reel,Educational Series,Brand,10,348644,409028,245567,19898,934,4534,4133,29499,12.012607557204348,70.43488486823234
POST01755,2025-08-08 06:00:00,Linkedin,Reel,Event Promotion,Brand,8,54902,49466,34495,1584,71,649,457,2761,8.00405855921148,62.83013369276165
POST01756,2025-08-08 09:00:00,Facebook,Image,Festival Campaign,Brand,4,335750,293137,177214,9712,126,2131,1531,13500,7.617908291669958,52.78153387937453
POST01757,2025-08-08 12:00:00,Linkedin,Video,Community Campaign,Community,6,143574,103096,65741,3532,58,384,198,4172,6.346115818134803,45.78893114352181
POST01758,2025-08-08 15:00:00,Youtube,Image,Community Campaign,Education,21,251620,302760,193177,10159,605,2123,2100,14987,7.758169968474508,76.77330895795247
POST01759,2025-08-08 18:00:00,Instagram,Text,Event Promotion,Promotional,14,55571,76660,44096,1893,80,125,870,2968,6.730769230769231,79.35074049414263
POST01760,2025-08-08 21:00:00,Youtube,Reel,Educational Series,Community,20,351591,708134,416309,45511,2019,3696,8539,59765,14.355923124409994,118.40718334655892
POST01761,2025-08-09 00:00:00,Youtube,Reel,Festival Campaign,Education,21,96752,118872,98669,2449,133,1892,1941,6415,6.50153543666197,101.98135439060691
POST01762,2025-08-09 03:00:00,Facebook,Reel,Product Launch,Entertainment,3,480160,685398,390757,14120,612,3585,2976,21293,5.449166617616575,81.38058147284238
POST01763,2025-08-09 06:00:00,Instagram,Reel,Educational Series,Event,18,369301,774969,640195,35740,1705,12209,4269,53923,8.422902396925936,173.35317261529212
POST01764,2025-08-09 09:00:00,Youtube,Reel,Festival Campaign,Community,12,237585,482083,381734,37345,2237,6349,7704,53635,14.050359674537768,160.67260138476755
POST01765,2025-08-09 12:00:00,Instagram,Video,Event Promotion,Community,0,229803,390979,290186,16299,646,3700,5417,26062,8.981136236758493,126.27598421256468
POST01766,2025-08-09 15:00:00,Instagram,Text,Community Campaign,Entertainment,0,195010,113427,84755,3242,175,276,623,4316,5.092324936581913,43.4618737500641
POST01767,2025-08-09 18:00:00,Facebook,Text,Special Campaign,Entertainment,21,77203,105188,60763,3838,149,497,718,5202,8.561130951401347,78.70549071927256
POST01768,2025-08-09 21:00:00,Youtube,Reel,Event Promotion,Event,13,77805,183333,124482,13987,429,804,947,16167,12.987419867932712,159.99228841334104
POST01769,2025-08-10 00:00:00,Instagram,Video,Special Campaign,Brand,8,257039,456165,277578,22772,1263,4788,935,29758,10.720590248506726,107.99061620999149
POST01770,2025-08-10 03:00:00,Instagram,Reel,Festival Campaign,Community,23,259185,454655,337694,11949,683,2040,3221,17893,5.298583925091947,130.2907189845091
POST01771,2025-08-10 06:00:00,Youtube,Reel,Event Promotion,Education,11,92649,127706,113295,10603,425,1438,643,13109,11.57067831766627,122.28410452352428
POST01772,2025-08-10 09:00:00,Facebook,Video,Festival Campaign,Promotional,17,412438,433089,288933,20488,465,3558,5124,29635,10.256703111101881,70.05489309908398
POST01773,2025-08-10 12:00:00,Linkedin,Carousel,Festival Campaign,Entertainment,8,60910,78403,62907,5137,86,185,317,5725,9.100736007121624,103.27860778197339
POST01774,2025-08-10 15:00:00,Linkedin,Reel,Special Campaign,Entertainment,7,435977,547298,400613,44793,1660,6116,7773,60342,15.062416846183224,91.88856292877836
POST01775,2025-08-10 18:00:00,Facebook,Image,Event Promotion,Promotional,13,307136,260188,152862,3838,40,1171,3218,8267,5.408145909382318,49.770134403000625
POST01776,2025-08-10 21:00:00,Instagram,Reel,Brand Awareness,Education,8,230386,345844,251762,7813,147,3448,5713,17121,6.800470285428302,109.27834156589375
POST01777,2025-08-11 00:00:00,Facebook,Carousel,Product Launch,Entertainment,19,369665,807083,715815,51814,1934,7993,2599,64340,8.988355929953968,193.6388351615652
POST01778,2025-08-11 03:00:00,Youtube,Image,Educational Series,Promotional,1,75448,31377,23365,1747,93,56,575,2471,10.575647335758614,30.968349061605345
POST01779,2025-08-11 06:00:00,Instagram,Text,Community Campaign,Entertainment,0,89903,112562,85812,2449,61,901,1360,4771,5.559828462219736,95.44954005984228
POST01780,2025-08-11 09:00:00,Facebook,Reel,Product Launch,Brand,12,458663,414958,348474,27105,1204,3067,7458,38834,11.14401648329574,75.97604341313775
POST01781,2025-08-11 12:00:00,Instagram,Image,Educational Series,Brand,9,292930,313195,240289,8561,226,1789,2034,12610,5.247847383775371,82.02949510121871
POST01782,2025-08-11 15:00:00,Linkedin,Image,Educational Series,Entertainment,7,131316,102846,81756,2727,147,856,1855,5585,6.831302901316111,62.258978342319296
POST01783,2025-08-11 18:00:00,Youtube,Image,Community Campaign,Entertainment,6,62706,44927,28917,1236,71,340,117,1764,6.1002178649237475,46.11520428667113
POST01784,2025-08-11 21:00:00,Facebook,Reel,Product Launch,Brand,23,392141,701439,508020,40806,1214,8898,9010,59928,11.796385969056336,129.5503403112656
POST01785,2025-08-12 00:00:00,Facebook,Carousel,Community Campaign,Entertainment,11,358731,427401,323586,16884,429,3562,6058,26933,8.323289635521933,90.2029654532226
POST01786,2025-08-12 03:00:00,Linkedin,Video,Festival Campaign,Education,16,253354,153798,85214,4802,102,460,1869,7233,8.488041871054053,33.634361407358874
POST01787,2025-08-12 06:00:00,Facebook,Text,Community Campaign,Education,11,297755,250193,154353,6727,324,267,2268,9586,6.210439706387307,51.83892797769979
POST01788,2025-08-12 09:00:00,Facebook,Video,Special Campaign,Event,15,286634,399332,298764,24640,1312,5336,4827,36115,12.088136455530117,104.2318775860505
POST01789,2025-08-12 12:00:00,Instagram,Video,Special Campaign,Education,9,332148,766791,526301,45147,892,3696,11617,61352,11.657207567532648,158.45376157616485
POST01790,2025-08-12 15:00:00,Youtube,Image,Event Promotion,Community,11,473850,540452,441201,12849,704,2163,5567,21283,4.823878459024345,93.10984488762266
POST01791,2025-08-12 18:00:00,Instagram,Video,Brand Awareness,Community,10,116849,143712,118309,8649,122,1550,1558,11879,10.040656247622751,101.24947581921968
POST01792,2025-08-12 21:00:00,Facebook,Reel,Brand Awareness,Community,13,149213,114030,69911,3145,111,329,897,4482,6.41100828195849,46.853156226334164
POST01793,2025-08-13 00:00:00,Youtube,Image,Brand Awareness,Entertainment,21,157449,276785,239500,13192,618,3208,5364,22382,9.345302713987474,152.11274761986422
POST01794,2025-08-13 03:00:00,Facebook,Reel,Product Launch,Entertainment,19,292047,659695,364858,16653,342,3071,9065,29131,7.984202073135302,124.93126106414378
POST01795,2025-08-13 06:00:00,Instagram,Image,Special Campaign,Promotional,12,165639,334583,244875,13211,691,3011,4634,21547,8.799183256763655,147.8365602303805
POST01796,2025-08-13 09:00:00,Instagram,Reel,Product Launch,Community,1,239493,440194,304621,14584,628,2046,3398,20656,6.780885099845381,127.19411423298384
POST01797,2025-08-13 12:00:00,Facebook,Text,Festival Campaign,Community,19,276477,398620,314884,14312,322,712,5816,21162,6.7205701147089085,113.89157145078977
POST01798,2025-08-13 15:00:00,Instagram,Reel,Seasonal Campaign,Education,6,273874,588452,390550,13430,183,7436,9259,30308,7.760337984893099,142.60207248588767
POST01799,2025-08-13 18:00:00,Instagram,Reel,Brand Awareness,Brand,0,461772,501606,335205,34717,509,1021,3198,39445,11.767425903551558,72.59101894441413
POST01800,2025-08-13 21:00:00,Instagram,Image,Festival Campaign,Brand,2,308750,187024,103129,3623,62,719,1272,5676,5.503786519795596,33.40210526315789
POST01801,2025-08-14 00:00:00,Linkedin,Reel,Special Campaign,Event,19,143116,153117,110264,8045,107,1971,612,10735,9.735725168686063,77.04519410827581
POST01802,2025-08-14 03:00:00,Facebook,Reel,Seasonal Campaign,Promotional,11,496192,554929,439597,12879,229,3410,6680,23198,5.27710607670207,88.59413291629046
POST01803,2025-08-14 06:00:00,Instagram,Reel,Brand Awareness,Brand,4,153332,180993,114785,7551,323,892,681,9447,8.230169447227425,74.86043356898756
POST01804,2025-08-14 09:00:00,Instagram,Image,Product Launch,Event,11,181339,165732,129801,7657,246,1025,564,9492,7.312732567545704,71.57919697362398
POST01805,2025-08-14 12:00:00,Instagram,Image,Seasonal Campaign,Education,2,209441,139544,89651,4893,239,266,1864,7262,8.100300052425517,42.80489493461166
POST01806,2025-08-14 15:00:00,Facebook,Video,Event Promotion,Promotional,19,463276,560179,423786,30321,644,2323,1329,34617,8.16850957794736,91.47592363947193
POST01807,2025-08-14 18:00:00,Facebook,Carousel,Event Promotion,Promotional,4,36833,15198,13498,453,25,46,136,660,4.889613276040895,36.64648548855646
POST01808,2025-08-14 21:00:00,Instagram,Image,Event Promotion,Community,0,135256,111172,89663,2755,50,995,681,4481,4.997602132429208,66.29132903531082
POST01809,2025-08-15 00:00:00,Instagram,Reel,Community Campaign,Entertainment,15,23498,25612,18712,1700,48,159,125,2032,10.85934159897392,79.63230913269214
POST01810,2025-08-15 03:00:00,Instagram,Reel,Event Promotion,Community,8,407884,632510,472389,36232,584,4213,5774,46803,9.907724354292755,115.8145453119024
POST01811,2025-08-15 06:00:00,Facebook,Video,Educational Series,Education,9,216382,151311,93099,7288,401,638,772,9099,9.773466954532273,43.02529785287131
POST01812,2025-08-15 09:00:00,Facebook,Reel,Brand Awareness,Community,9,459945,791445,520649,23696,1020,7347,3997,36060,6.925971239741169,113.19809977279893
POST01813,2025-08-15 12:00:00,Instagram,Reel,Event Promotion,Promotional,12,30518,34474,29996,1777,91,79,207,2154,7.1809574609948,98.28953404548135
POST01814,2025-08-15 15:00:00,Instagram,Video,Seasonal Campaign,Community,15,229109,472973,339063,10274,242,1107,2567,14190,4.185062952902558,147.99200380604864
POST01815,2025-08-15 18:00:00,Instagram,Image,Special Campaign,Event,19,42254,72898,59286,1479,20,434,1125,3058,5.158047431096717,140.3086098357552
POST01816,2025-08-15 21:00:00,Linkedin,Reel,Educational Series,Community,3,250684,192319,167279,5730,220,2019,3594,11563,6.912403828334698,66.72902937562827
POST01817,2025-08-16 00:00:00,Instagram,Reel,Educational Series,Brand,13,101438,170432,142440,11619,303,1366,1114,14402,10.110923897781522,140.4207496204578
POST01818,2025-08-16 03:00:00,Facebook,Text,Educational Series,Education,16,250093,120130,74186,3306,100,465,363,4234,5.707276305502386,29.663365228135135
POST01819,2025-08-16 06:00:00,Facebook,Video,Festival Campaign,Education,4,438761,243682,212651,18208,968,1229,5134,25539,12.009818905154455,48.46624927922035
POST01820,2025-08-16 09:00:00,Instagram,Carousel,Seasonal Campaign,Promotional,12,416561,813726,706193,23286,1066,5685,2641,32678,4.627346915078456,169.5293126336839
POST01821,2025-08-16 12:00:00,Instagram,Image,Festival Campaign,Community,2,231978,333237,199246,11195,374,850,3935,16354,8.207943948686548,85.89004129701955
POST01822,2025-08-16 15:00:00,Instagram,Image,Educational Series,Promotional,4,280966,329184,212351,10109,417,444,3598,14568,6.860339720557003,75.57889566709139
POST01823,2025-08-16 18:00:00,Facebook,Text,Community Campaign,Promotional,15,469582,368201,302256,9044,256,3065,1695,14060,4.651685988036632,64.3670328079015
POST01824,2025-08-16 21:00:00,Facebook,Text,Event Promotion,Event,18,273442,243972,166957,9474,448,744,2899,13565,8.124846517366748,61.057555167092104
POST01825,2025-08-17 00:00:00,Facebook,Reel,Special Campaign,Entertainment,18,197793,365152,222672,23570,1369,957,4825,30721,13.796525831716606,112.57830155768912
POST01826,2025-08-17 03:00:00,Youtube,Video,Brand Awareness,Promotional,16,341973,493534,408938,25209,839,5143,10025,41216,10.078789449745438,119.58195530056466
POST01827,2025-08-17 06:00:00,Instagram,Reel,Seasonal Campaign,Entertainment,17,375911,904982,811535,93056,4635,10037,7413,115141,14.188051039080262,215.88487700546142
POST01828,2025-08-17 09:00:00,Linkedin,Reel,Community Campaign,Entertainment,17,127399,131402,101866,11518,242,1873,1605,15238,14.958867531855574,79.95824143046649
POST01829,2025-08-17 12:00:00,Facebook,Carousel,Product Launch,Education,22,29642,40717,28642,1116,46,71,167,1400,4.887926820752741,96.62640847446191
POST01830,2025-08-17 15:00:00,Instagram,Image,Festival Campaign,Brand,7,365519,336778,270194,17836,820,1177,3381,23214,8.591604550804236,73.92064434406966
POST01831,2025-08-17 18:00:00,Linkedin,Text,Event Promotion,Brand,17,109217,66876,60122,1271,62,92,1127,2552,4.244702438375303,55.048206780995635
POST01832,2025-08-17 21:00:00,Facebook,Reel,Event Promotion,Community,8,477749,873378,658680,23743,786,2709,2724,29962,4.548794558814599,137.87156017071726
POST01833,2025-08-18 00:00:00,Youtube,Image,Product Launch,Event,18,223643,504386,302338,7717,415,3873,2063,14068,4.6530704046464555,135.18777694808244
POST01834,2025-08-18 03:00:00,Facebook,Text,Product Launch,Event,9,411556,451629,363989,15347,522,2920,4082,22871,6.28343164216501,88.4421561099826
POST01835,2025-08-18 06:00:00,Facebook,Text,Seasonal Campaign,Brand,1,204454,92173,53807,1803,48,549,716,3116,5.791068076644303,26.317411251430638
POST01836,2025-08-18 09:00:00,Facebook,Reel,Event Promotion,Community,16,446515,401634,284329,15332,754,1519,4762,22367,7.866591167274531,63.677368061543284
POST01837,2025-08-18 12:00:00,Instagram,Image,Product Launch,Brand,23,186107,125934,72472,2384,55,698,259,3396,4.685947676343968,38.94103929459934
POST01838,2025-08-18 15:00:00,Instagram,Carousel,Event Promotion,Community,12,397164,776036,664490,36111,1248,10368,9470,57197,8.607653990278259,167.30871881640834
POST01839,2025-08-18 18:00:00,Linkedin,Reel,Community Campaign,Community,10,139937,170572,123163,11451,169,476,1413,13509,10.96839148120783,88.0131773583827
POST01840,2025-08-18 21:00:00,Instagram,Text,Seasonal Campaign,Community,15,174655,176939,130748,2805,146,358,2933,6242,4.774069201823354,74.86072543013368
POST01841,2025-08-19 00:00:00,Instagram,Text,Special Campaign,Community,19,304249,386487,333884,8311,484,3657,1837,14289,4.279630051155491,109.74037712531512
POST01842,2025-08-19 03:00:00,Youtube,Reel,Product Launch,Education,6,494882,713697,443426,35572,1704,2008,9548,48832,11.012434994790562,89.6023698578651
POST01843,2025-08-19 06:00:00,Youtube,Reel,Community Campaign,Education,2,33736,38663,22895,2027,60,240,350,2677,11.692509281502511,67.86518852264643
POST01844,2025-08-19 09:00:00,Facebook,Reel,Community Campaign,Brand,15,62281,97386,57330,2666,102,746,887,4401,7.676609105180534,92.05054511006567
POST01845,2025-08-19 12:00:00,Linkedin,Text,Product Launch,Community,18,99351,49074,41954,2523,28,436,1045,4032,9.610525813986747,42.22806011011465
POST01846,2025-08-19 15:00:00,Instagram,Reel,Seasonal Campaign,Promotional,19,109932,303760,254929,18150,970,3157,5760,28037,10.99796413903479,231.89699086708146
POST01847,2025-08-19 18:00:00,Instagram,Image,Event Promotion,Community,15,437528,449914,308279,7608,89,1551,1499,10747,3.4861278257682162,70.45926203580115
POST01848,2025-08-19 21:00:00,Instagram,Image,Special Campaign,Promotional,1,359924,426820,332515,25059,407,1901,4680,32047,9.637760702524698,92.38478123159334
POST01849,2025-08-20 00:00:00,Linkedin,Image,Educational Series,Education,13,193740,196945,170543,10203,610,2029,2879,15721,9.218203033838973,88.02673686383812
POST01850,2025-08-20 03:00:00,Facebook,Reel,Event Promotion,Community,19,75652,101739,63947,3358,49,703,813,4923,7.698562872378689,84.52783799502987
POST01851,2025-08-20 06:00:00,Instagram,Reel,Brand Awareness,Entertainment,9,413174,469677,340374,11411,607,4783,2159,18960,5.570343210703521,82.38030466583086
POST01852,2025-08-20 09:00:00,Facebook,Text,Product Launch,Brand,18,293862,209168,129493,5107,145,981,1295,7528,5.813441653216776,44.06592209948887
POST01853,2025-08-20 12:00:00,Linkedin,Text,Festival Campaign,Community,23,495536,239983,170484,7022,225,1322,1562,10131,5.942493137185894,34.40395854186174
POST01854,2025-08-20 15:00:00,Facebook,Video,Seasonal Campaign,Event,10,116219,190731,116489,9961,154,700,951,11766,10.10052451304415,100.23232001652053
POST01855,2025-08-20 18:00:00,Linkedin,Reel,Product Launch,Promotional,17,403871,267617,184455,15749,819,3299,2530,22397,12.142256919031743,45.671761527814574
POST01856,2025-08-20 21:00:00,Instagram,Reel,Brand Awareness,Community,10,261198,249720,150261,13774,584,735,3647,18740,12.471632692448473,57.52762272299176
POST01857,2025-08-21 00:00:00,Facebook,Carousel,Community Campaign,Entertainment,8,457213,584824,408881,28623,613,5174,3678,38088,9.315179722217467,89.4289969882746
POST01858,2025-08-21 03:00:00,Youtube,Reel,Festival Campaign,Promotional,18,444644,973590,831239,55379,853,3415,20777,80424,9.67519570183786,186.94483676829103
POST01859,2025-08-21 06:00:00,Facebook,Text,Festival Campaign,Entertainment,19,253367,259924,225090,11631,280,1208,2226,15345,6.817273090763694,88.83950948623934
POST01860,2025-08-21 09:00:00,Facebook,Carousel,Event Promotion,Brand,9,209894,241667,180375,9585,414,1437,2919,14355,7.958419958419959,85.93623448026146
POST01861,2025-08-21 12:00:00,Facebook,Reel,Educational Series,Brand,2,177562,182841,137804,7439,276,1803,1052,10570,7.670314359525123,77.60894786046563
POST01862,2025-08-21 15:00:00,Facebook,Text,Event Promotion,Brand,2,463425,155737,102873,5542,162,162,1926,7792,7.574387837430619,22.198413982845118
POST01863,2025-08-21 18:00:00,Instagram,Text,Seasonal Campaign,Education,23,257309,225233,184117,3551,88,397,2378,6414,3.483654415398904,71.55482318923939
POST01864,2025-08-21 21:00:00,Youtube,Reel,Festival Campaign,Entertainment,7,329495,775051,595418,72590,2117,6712,4580,85999,14.443466606652805,180.70623226452602
POST01865,2025-08-22 00:00:00,Linkedin,Image,Special Campaign,Community,5,61001,34362,29861,682,7,359,744,1792,6.001138608887847,48.951656530220816
POST01866,2025-08-22 03:00:00,Linkedin,Reel,Special Campaign,Event,19,459072,891487,689165,45719,1514,8144,7257,62634,9.08838957288893,150.12133173009897
POST01867,2025-08-22 06:00:00,Instagram,Image,Festival Campaign,Event,0,407194,561351,325988,17779,539,4009,3402,25729,7.892621814299913,80.05717176579222
POST01868,2025-08-22 09:00:00,Instagram,Reel,Special Campaign,Brand,19,298554,826848,702984,26946,580,12518,2589,42633,6.064576149670548,235.4629313290058
POST01869,2025-08-22 12:00:00,Instagram,Image,Special Campaign,Event,23,72685,100126,59247,3011,102,707,1385,5205,8.785254949617702,81.51200385223912
POST01870,2025-08-22 15:00:00,Facebook,Text,Educational Series,Promotional,5,448602,275773,165810,9479,318,968,639,11404,6.877751643447319,36.96149370711678
POST01871,2025-08-22 18:00:00,Facebook,Image,Seasonal Campaign,Entertainment,1,488114,494855,293405,19539,745,3234,894,24412,8.32023994137796,60.10993333524546
POST01872,2025-08-22 21:00:00,Instagram,Reel,Product Launch,Entertainment,18,403461,1341783,1000468,112504,4232,9255,16219,142210,14.214347685283288,247.97142722592764
POST01873,2025-08-23 00:00:00,Youtube,Carousel,Educational Series,Entertainment,6,109547,123543,100797,2595,48,295,856,3794,3.764000912725577,92.01256081864405
POST01874,2025-08-23 03:00:00,Facebook,Reel,Community Campaign,Promotional,10,485794,425420,261099,15771,891,3019,5165,24846,9.515930738915124,53.7468556631
POST01875,2025-08-23 06:00:00,Facebook,Video,Event Promotion,Community,10,176358,188717,157094,9293,242,2680,974,13189,8.395610271557157,89.07676430896245
POST01876,2025-08-23 09:00:00,Youtube,Image,Special Campaign,Education,3,162463,90774,54945,1430,65,386,504,2385,4.340704340704341,33.820008248031854
POST01877,2025-08-23 12:00:00,Youtube,Reel,Product Launch,Promotional,19,309143,575802,490307,50202,1879,3728,10332,66141,13.4897115480709,158.60200619130953
POST01878,2025-08-23 15:00:00,Youtube,Reel,Event Promotion,Entertainment,15,415234,697889,608794,32280,767,3295,3936,40278,6.6160310384136505,146.6146799154212
POST01879,2025-08-23 18:00:00,Instagram,Video,Special Campaign,Entertainment,4,32952,69786,40276,3902,217,695,263,5077,12.605521898897607,122.22626851177469
POST01880,2025-08-23 21:00:00,Youtube,Reel,Educational Series,Entertainment,23,232848,498595,438684,26256,1133,1240,8102,36731,8.372997419554851,188.39929911358482
POST01881,2025-08-24 00:00:00,Facebook,Video,Product Launch,Community,6,432498,691700,401958,23898,864,6733,7160,38655,9.616676369172898,92.938695670269
POST01882,2025-08-24 03:00:00,Linkedin,Reel,Educational Series,Event,15,370139,535869,318921,35285,1233,3453,4289,44260,13.87804503309597,86.1624957110707
POST01883,2025-08-24 06:00:00,Facebook,Reel,Community Campaign,Education,14,120351,227241,194950,11408,613,2814,4024,18859,9.67376250320595,161.98452858721572
POST01884,2025-08-24 09:00:00,Facebook,Image,Brand Awareness,Promotional,4,205426,181517,118722,8234,421,1318,2042,12015,10.12028099257088,57.79307390495848
POST01885,2025-08-24 12:00:00,Instagram,Text,Festival Campaign,Entertainment,0,37942,20480,17819,943,16,156,436,1551,8.704192154441888,46.96378683253386
POST01886,2025-08-24 15:00:00,Youtube,Text,Seasonal Campaign,Brand,19,474154,469472,395799,13585,235,3662,9276,26758,6.76050217408331,83.47477823660667
POST01887,2025-08-24 18:00:00,Instagram,Reel,Product Launch,Education,21,21722,47937,27553,1698,85,481,626,2890,10.488875984466302,126.84375287726728
POST01888,2025-08-24 21:00:00,Instagram,Image,Festival Campaign,Brand,21,450036,418592,335642,23236,1199,4404,1195,30034,8.948224596445021,74.58114461954155
POST01889,2025-08-25 00:00:00,Facebook,Reel,Brand Awareness,Education,8,480403,628889,501039,48038,1621,8755,4573,62987,12.571276886629585,104.29556018592723
POST01890,2025-08-25 03:00:00,Linkedin,Image,Product Launch,Entertainment,20,280769,226597,135686,11615,532,1662,2508,16317,12.025559011246555,48.3265602684057
POST01891,2025-08-25 06:00:00,Instagram,Image,Festival Campaign,Education,4,447762,350005,238091,7443,369,2577,3666,14055,5.903205077050371,53.17356095425695
POST01892,2025-08-25 09:00:00,Youtube,Text,Festival Campaign,Education,21,478246,294273,214473,5321,147,2301,4328,12097,5.640337012118075,44.84574884055486
POST01893,2025-08-25 12:00:00,Facebook,Text,Product Launch,Entertainment,5,411529,307382,189924,8788,175,847,993,10803,5.688064699564036,46.15081804684482
POST01894,2025-08-25 15:00:00,Instagram,Image,Festival Campaign,Community,2,86219,95154,55278,2447,62,200,1262,3971,7.183689713810196,64.11347846762314
POST01895,2025-08-25 18:00:00,Youtube,Image,Festival Campaign,Brand,5,389919,411241,328510,22868,577,1382,6161,30988,9.432893975830265,84.2508315829698
POST01896,2025-08-25 21:00:00,Facebook,Video,Product Launch,Community,7,276246,292123,221049,7651,351,2235,2568,12805,5.792833263213134,80.01889620121196
POST01897,2025-08-26 00:00:00,Facebook,Video,Seasonal Campaign,Brand,5,431610,411754,259340,23902,994,4297,4433,33626,12.965990591501503,60.08665230184658
POST01898,2025-08-26 03:00:00,Instagram,Reel,Festival Campaign,Event,15,471775,1034092,684883,22537,325,9960,16290,49112,7.170859840293891,145.17153304011444
POST01899,2025-08-26 06:00:00,Instagram,Reel,Festival Campaign,Brand,15,459921,937171,562337,54247,761,2100,2405,59513,10.583155652215664,122.2681721426071
POST01900,2025-08-26 09:00:00,Facebook,Image,Seasonal Campaign,Brand,20,497718,418845,329046,18664,593,4125,3075,26457,8.040517131343337,66.1109302858245
POST01901,2025-08-26 12:00:00,Youtube,Reel,Event Promotion,Education,2,439685,279754,223324,12723,414,1313,2406,16856,7.547778116100375,50.79181686889478
POST01902,2025-08-26 15:00:00,Instagram,Reel,Community Campaign,Event,16,356185,310526,215924,11420,304,1200,1605,14529,6.728756414293918,60.62130634361357
POST01903,2025-08-26 18:00:00,Facebook,Reel,Event Promotion,Entertainment,20,125747,295514,200780,8389,378,2616,3283,14666,7.3045124016336285,159.66981319633868
POST01904,2025-08-26 21:00:00,Instagram,Carousel,Special Campaign,Entertainment,5,343482,386271,314064,25758,926,3032,5211,34927,11.120981710734117,91.43535905811659
POST01905,2025-08-27 00:00:00,Facebook,Reel,Brand Awareness,Promotional,5,25492,14889,9537,960,11,125,206,1302,13.652091852783894,37.411737015534285
POST01906,2025-08-27 03:00:00,Instagram,Reel,Event Promotion,Event,21,430043,666759,532661,40225,2329,6017,3787,52358,9.829516334028584,123.86226493629707
POST01907,2025-08-27 06:00:00,Linkedin,Reel,Event Promotion,Education,18,136359,225164,135966,3738,148,2142,1335,7363,5.415324419340129,99.71179020086683
POST01908,2025-08-27 09:00:00,Instagram,Video,Brand Awareness,Promotional,19,178564,356029,253544,10252,270,2281,2056,14859,5.860521250749376,141.99054680674718
POST01909,2025-08-27 12:00:00,Instagram,Video,Festival Campaign,Promotional,14,219874,413480,319065,26755,1105,3032,1783,32675,10.240860012850046,145.11265542992803
POST01910,2025-08-27 15:00:00,Instagram,Image,Festival Campaign,Entertainment,18,222517,446919,337945,21478,498,2049,2443,26468,7.832043675746053,151.87378941833657
POST01911,2025-08-27 18:00:00,Instagram,Image,Event Promotion,Brand,1,163941,93120,53904,3248,103,540,788,4679,8.680246363906203,32.88012150712756
POST01912,2025-08-27 21:00:00,Linkedin,Text,Brand Awareness,Education,7,190854,80190,66456,1018,11,438,315,1782,2.6814734561213434,34.82033386777327
POST01913,2025-08-28 00:00:00,Linkedin,Reel,Festival Campaign,Event,6,435079,450274,358951,19771,213,4004,7197,31185,8.687815328554594,82.50248805389366
POST01914,2025-08-28 03:00:00,Instagram,Reel,Educational Series,Promotional,7,213059,243035,137186,4191,99,572,1699,6561,4.7825579869666,64.38873739199002
POST01915,2025-08-28 06:00:00,Youtube,Reel,Product Launch,Education,12,457271,1098461,833460,51432,2004,6245,10986,70667,8.478751229813069,182.26828292194344
POST01916,2025-08-28 09:00:00,Facebook,Reel,Product Launch,Entertainment,21,224427,490681,326529,28924,1198,4706,4954,39782,12.183297655032172,145.4945260596987
POST01917,2025-08-28 12:00:00,Linkedin,Image,Community Campaign,Promotional,14,311280,328058,224980,9461,485,1955,1748,13649,6.066761489910214,72.27576458493961
POST01918,2025-08-28 15:00:00,Youtube,Text,Product Launch,Promotional,11,401973,317068,260541,5852,278,2139,3508,11777,4.5202098709991905,64.81554731287922
POST01919,2025-08-28 18:00:00,Instagram,Carousel,Event Promotion,Community,14,296981,366837,324857,25384,405,4757,6527,37073,11.412098246305298,109.38645906640491
POST01920,2025-08-28 21:00:00,Youtube,Image,Product Launch,Entertainment,13,95592,106752,71448,4712,247,808,275,6042,8.456499832045683,74.74265628922923
POST01921,2025-08-29 00:00:00,Facebook,Text,Product Launch,Community,6,413931,387157,262920,6767,281,507,1660,9215,3.5048684010345355,63.517832682258636
POST01922,2025-08-29 03:00:00,Instagram,Reel,Educational Series,Entertainment,16,168347,228773,146580,16556,654,2460,2702,22372,15.262655205348615,87.07015866038599
POST01923,2025-08-29 06:00:00,Facebook,Reel,Festival Campaign,Entertainment,4,40191,44049,31299,1573,92,372,742,2779,8.878877919422345,77.87564380085094
POST01924,2025-08-29 09:00:00,Instagram,Image,Educational Series,Community,19,495636,796864,473431,24026,387,2210,7750,34373,7.26040331114777,95.51989766683616
POST01925,2025-08-29 12:00:00,Facebook,Carousel,Event Promotion,Education,9,342270,512392,424588,27900,1081,4054,10503,43538,10.254175812787926,124.05060332486049
POST01926,2025-08-29 15:00:00,Instagram,Reel,Product Launch,Education,18,465008,656820,589766,14644,292,4196,2660,21792,3.6950248064486595,126.82921584144789
POST01927,2025-08-29 18:00:00,Youtube,Image,Seasonal Campaign,Education,17,262070,134802,80898,2721,96,722,402,3941,4.871566664194417,30.868851833479603
POST01928,2025-08-29 21:00:00,Youtube,Carousel,Festival Campaign,Brand,23,275305,228678,185765,4928,267,1053,712,6960,3.7466691788011737,67.47607199288062
POST01929,2025-08-30 00:00:00,Facebook,Carousel,Community Campaign,Promotional,9,291038,385700,244064,6529,200,976,4515,12220,5.006883440409073,83.85983960857345
POST01930,2025-08-30 03:00:00,Instagram,Carousel,Community Campaign,Education,1,366397,239909,168338,12112,182,2019,2412,16725,9.93536812840832,45.94415347287232
POST01931,2025-08-30 06:00:00,Youtube,Reel,Special Campaign,Brand,5,104114,135610,118972,3393,184,1948,2779,8304,6.9797935648724065,114.27089536469639
POST01932,2025-08-30 09:00:00,Youtube,Reel,Special Campaign,Promotional,2,43321,59573,38944,3648,36,557,281,4522,11.611544782251437,89.89635511645622
POST01933,2025-08-30 12:00:00,Youtube,Image,Product Launch,Education,18,128505,138258,91313,5133,89,1135,313,6670,7.304545902554949,71.05793548889149
POST01934,2025-08-30 15:00:00,Facebook,Reel,Product Launch,Entertainment,4,44959,32309,19385,2082,110,221,424,2837,14.635027082795975,43.11706221223782
POST01935,2025-08-30 18:00:00,Facebook,Text,Community Campaign,Event,6,423731,267345,229728,5179,87,1327,4040,10633,4.6285172029530575,54.215528247874246
POST01936,2025-08-30 21:00:00,Facebook,Image,Community Campaign,Education,6,487829,243628,161454,8239,224,1482,1607,11552,7.154979127181736,33.09643338136929
POST01937,2025-08-31 00:00:00,Instagram,Reel,Seasonal Campaign,Event,9,85196,111314,98601,4292,124,1704,1306,7426,7.531363779272016,115.73430677496597
POST01938,2025-08-31 03:00:00,Facebook,Video,Event Promotion,Education,0,172515,149323,112122,3213,106,1645,1170,6134,5.470826421219742,64.9926093383184
POST01939,2025-08-31 06:00:00,Youtube,Image,Product Launch,Entertainment,10,204622,352475,238397,18204,701,914,2769,22588,9.474951446536659,116.50604529327246
POST01940,2025-08-31 09:00:00,Instagram,Reel,Community Campaign,Event,22,489195,456469,326040,28407,417,5811,6236,40871,12.535578456631088,66.6482690951461
POST01941,2025-08-31 12:00:00,Instagram,Video,Seasonal Campaign,Brand,6,188280,284171,216676,7007,241,3721,1515,12484,5.761597961933948,115.0817930741449
POST01942,2025-08-31 15:00:00,Instagram,Video,Brand Awareness,Entertainment,5,152855,147822,105246,8207,132,618,1068,10025,9.525302624327765,68.85348860030747
POST01943,2025-08-31 18:00:00,Facebook,Carousel,Community Campaign,Event,5,98649,94748,70146,4384,70,993,1036,6483,9.242152082798734,71.10665085302436
POST01944,2025-08-31 21:00:00,Facebook,Reel,Festival Campaign,Event,12,353065,739429,467972,23706,283,4147,11621,39757,8.49559375347243,132.54556526418648
POST01945,2025-09-01 00:00:00,Facebook,Image,Festival Campaign,Community,15,158054,187039,113550,8430,460,836,1082,10808,9.518273888154997,71.84253482986827
POST01946,2025-09-01 03:00:00,Youtube,Video,Brand Awareness,Community,12,383031,512985,406714,41137,2138,2786,8009,54070,13.294354263684063,106.18305045805691
POST01947,2025-09-01 06:00:00,Youtube,Reel,Special Campaign,Entertainment,1,259297,398902,276926,16418,513,1394,5868,24193,8.736268894939442,106.79876743656888
POST01948,2025-09-01 09:00:00,Instagram,Reel,Event Promotion,Entertainment,18,492159,1573319,1281633,65149,1452,11926,30510,109037,8.50766170970941,260.410355190091
POST01949,2025-09-01 12:00:00,Instagram,Video,Special Campaign,Entertainment,18,297460,387423,227819,9346,373,2356,5025,17100,7.505958677722227,76.58811268742016
POST01950,2025-09-01 15:00:00,Youtube,Reel,Product Launch,Promotional,18,395796,946164,830856,73615,1364,11389,15119,101487,12.214752014789566,209.92026195312738
POST01951,2025-09-01 18:00:00,Instagram,Video,Special Campaign,Brand,17,481182,933486,744532,34087,1021,4084,17751,56943,7.6481601865332856,154.72981117331904
POST01952,2025-09-01 21:00:00,Instagram,Image,Product Launch,Education,5,140357,113061,75811,2547,65,332,922,3866,5.099523815805094,54.012981183695864
POST01953,2025-09-02 00:00:00,Youtube,Image,Community Campaign,Community,1,125364,100848,76666,5522,179,970,1510,8181,10.670962356194401,61.15471746274848
POST01954,2025-09-02 03:00:00,Facebook,Reel,Festival Campaign,Event,18,285080,606938,413465,38810,1006,4954,3578,48348,11.693371869444814,145.03472709414902
POST01955,2025-09-02 06:00:00,Linkedin,Video,Event Promotion,Community,5,359544,174646,150324,4667,141,1688,2247,8743,5.81610388228094,41.809625525665844
POST01956,2025-09-02 09:00:00,Linkedin,Image,Event Promotion,Education,19,241723,193286,116005,5055,182,764,1251,7252,6.251454678677643,47.99088212540801
POST01957,2025-09-02 12:00:00,Facebook,Image,Event Promotion,Entertainment,22,94843,72620,47056,1417,34,603,667,2721,5.782471948316899,49.61462627711059
POST01958,2025-09-02 15:00:00,Youtube,Carousel,Community Campaign,Community,21,288853,234713,147346,4573,220,1287,2889,8969,6.087033241486027,51.01072171658249
POST01959,2025-09-02 18:00:00,Facebook,Carousel,Product Launch,Brand,14,246462,210076,150527,10353,128,1570,3403,15454,10.266596690294765,61.07513531497756
POST01960,2025-09-02 21:00:00,Facebook,Text,Event Promotion,Brand,5,302851,151090,114403,4282,229,1117,2213,7841,6.853841245421886,37.77534166966594
POST01961,2025-09-03 00:00:00,Instagram,Image,Community Campaign,Promotional,2,59384,36985,32972,870,20,276,361,1527,4.631202232197015,55.52337329920517
POST01962,2025-09-03 03:00:00,Youtube,Image,Community Campaign,Community,10,317331,404515,307734,17702,435,1786,3735,23658,7.687808301975083,96.97571305671366
POST01963,2025-09-03 06:00:00,Facebook,Text,Brand Awareness,Entertainment,7,349079,241411,171385,5230,93,1557,2775,9655,5.633515185109548,49.09633635939143
POST01964,2025-09-03 09:00:00,Instagram,Carousel,Educational Series,Event,21,62536,53305,30547,2012,67,393,480,2952,9.663796772187123,48.84706409108354
POST01965,2025-09-03 12:00:00,Youtube,Reel,Special Campaign,Promotional,17,398916,467940,391247,21222,824,1239,6878,30163,7.709452085255605,98.0775401337625
POST01966,2025-09-03 15:00:00,Youtube,Reel,Event Promotion,Entertainment,16,437404,386012,313598,29873,991,5052,7488,43404,13.840649493938098,71.69527484888113
POST01967,2025-09-03 18:00:00,Instagram,Video,Educational Series,Promotional,18,296389,438403,254066,13957,693,713,5779,21142,8.321459778167878,85.72045521257536
POST01968,2025-09-03 21:00:00,Instagram,Image,Product Launch,Community,18,393426,501621,386554,10806,174,4292,3225,18497,4.7851011760323265,98.25329286829036
POST01969,2025-09-04 00:00:00,Instagram,Carousel,Community Campaign,Education,23,239979,322540,227594,6045,227,2864,5634,14770,6.489626264312768,94.83913175736211
POST01970,2025-09-04 03:00:00,Instagram,Image,Seasonal Campaign,Community,20,394884,481963,266260,12880,682,673,1354,15589,5.854803575452565,67.42739639995543
POST01971,2025-09-04 06:00:00,Instagram,Reel,Special Campaign,Entertainment,16,52286,86344,64739,4793,96,1005,1159,7053,10.894514898283878,123.81708296675976
POST01972,2025-09-04 09:00:00,Facebook,Carousel,Special Campaign,Event,3,185375,198339,137335,4525,158,1935,1205,7823,5.696290093566826,74.08496291301417
POST01973,2025-09-04 12:00:00,Instagram,Reel,Event Promotion,Event,6,237745,396182,271638,11682,403,4025,5284,21394,7.875923103542213,114.25603062104355
POST01974,2025-09-04 15:00:00,Youtube,Image,Seasonal Campaign,Entertainment,4,192121,195310,129427,4351,198,1082,2247,7878,6.086828868783175,67.36744031105397
POST01975,2025-09-04 18:00:00,Instagram,Image,Festival Campaign,Promotional,15,363045,571550,484710,36555,1041,2663,8130,48389,9.983082667987043,133.51237449902905
POST01976,2025-09-04 21:00:00,Linkedin,Image,Product Launch,Brand,5,207272,94943,74638,1445,42,365,537,2389,3.200782443259466,36.009687753290365
POST01977,2025-09-05 00:00:00,Instagram,Carousel,Brand Awareness,Entertainment,13,361130,878187,694817,40906,932,4942,11895,58675,8.444669603651034,192.40079749674632
POST01978,2025-09-05 03:00:00,Youtube,Video,Brand Awareness,Community,19,89726,214910,174637,16996,422,2909,4026,24353,13.944925760291346,194.63366248356107
POST01979,2025-09-05 06:00:00,Linkedin,Video,Educational Series,Event,1,398486,235824,139999,10189,255,1216,1950,13610,9.721498010700076,35.13272737310721
POST01980,2025-09-05 09:00:00,Facebook,Reel,Community Campaign,Education,17,193933,283741,244194,6722,249,3170,799,10940,4.480044554739265,125.91668256562834
POST01981,2025-09-05 12:00:00,Instagram,Reel,Educational Series,Event,17,194711,358225,239147,19473,419,2947,3322,26161,10.93929675053419,122.82151496320188
POST01982,2025-09-05 15:00:00,Facebook,Image,Festival Campaign,Brand,12,306081,440563,386406,16413,867,4769,6087,28136,7.2814604328090144,126.2430533094181
POST01983,2025-09-05 18:00:00,Youtube,Text,Festival Campaign,Event,17,210586,235601,195291,5662,216,841,1632,8351,4.27618272219406,92.73693407918854
POST01984,2025-09-05 21:00:00,Youtube,Video,Special Campaign,Brand,16,486204,759796,630383,45387,1437,2284,13464,62572,9.92602909659683,129.65401354164098
POST01985,2025-09-06 00:00:00,Instagram,Video,Brand Awareness,Entertainment,12,405389,380896,235372,9630,480,4079,1633,15822,6.722124976632735,58.06077619274327
POST01986,2025-09-06 03:00:00,Instagram,Reel,Seasonal Campaign,Event,11,286104,532271,447374,13770,278,5052,5454,24554,5.488472731987107,156.36761457372143
POST01987,2025-09-06 06:00:00,Facebook,Image,Event Promotion,Promotional,2,321746,158089,139581,6126,330,896,2221,9573,6.858383304317924,43.3823575118261
POST01988,2025-09-06 09:00:00,Youtube,Image,Brand Awareness,Community,21,161636,170902,140581,7094,185,924,2679,10882,7.740733100490109,86.97381771387562
POST01989,2025-09-06 12:00:00,Youtube,Reel,Brand Awareness,Promotional,6,347677,694796,388098,27899,1401,4986,5094,39380,10.14692165380909,111.62602070312388
POST01990,2025-09-06 15:00:00,Facebook,Reel,Seasonal Campaign,Community,0,329654,197551,152444,14203,784,2251,2529,19767,12.966728765973079,46.24363726816602
POST01991,2025-09-06 18:00:00,Facebook,Text,Special Campaign,Event,4,287235,219006,153846,8334,137,1349,534,10354,6.73010673010673,53.561021463261795
POST01992,2025-09-06 21:00:00,Instagram,Reel,Special Campaign,Event,20,82335,127784,110017,11439,684,744,501,13368,12.150849414181444,133.6211817574543
POST01993,2025-09-07 00:00:00,Facebook,Reel,Seasonal Campaign,Community,0,443735,230445,200505,15039,329,2511,1501,19380,9.665594374205131,45.1857527578397
POST01994,2025-09-07 03:00:00,Instagram,Reel,Festival Campaign,Education,3,416926,533681,299897,16482,320,1092,4345,22239,7.4155460041280845,71.93051045029574
POST01995,2025-09-07 06:00:00,Facebook,Text,Seasonal Campaign,Event,0,83564,33230,24972,477,16,120,290,903,3.61604997597309,29.883681968311716
POST01996,2025-09-07 09:00:00,Facebook,Image,Educational Series,Education,12,149257,172689,144488,8501,314,1606,545,10966,7.58955761032058,96.80483997400457
POST01997,2025-09-07 12:00:00,Linkedin,Carousel,Festival Campaign,Education,13,135517,94514,82726,1740,32,1003,1159,3934,4.755457776273482,61.04473977434566
POST01998,2025-09-07 15:00:00,Instagram,Text,Seasonal Campaign,Community,14,79977,62748,44752,2468,48,232,674,3422,7.646585627457991,55.95608737512035
POST01999,2025-09-07 18:00:00,Instagram,Reel,Community Campaign,Education,16,124931,93110,76391,3792,136,1069,1379,6376,8.346532968543414,61.14655289719926
POST02000,2025-09-07 21:00:00,Instagram,Carousel,Festival Campaign,Education,11,478191,562618,385648,20755,401,4844,5958,31958,8.2868315147492,80.64727274248156
POST02001,2025-09-08 00:00:00,Instagram,Reel,Festival Campaign,Entertainment,6,470830,478116,295472,20422,796,5578,1908,28704,9.714626089781774,62.7555593313935
POST02002,2025-09-08 03:00:00,Instagram,Reel,Brand Awareness,Promotional,22,290132,427236,354683,11315,592,1231,5803,18941,5.340261585697651,122.24883845973558
POST02003,2025-09-08 06:00:00,Linkedin,Video,Event Promotion,Education,18,186826,226170,193413,5662,179,1620,2477,9938,5.1382275234860115,103.5257405286202
POST02004,2025-09-08 09:00:00,Instagram,Video,Brand Awareness,Promotional,22,375794,282916,172928,5676,288,805,2278,9047,5.23165710584752,46.01670063917997
POST02005,2025-09-08 12:00:00,Instagram,Image,Product Launch,Education,2,278516,190329,136927,4542,74,1699,3009,9324,6.809467818618679,49.16306424047451
POST02006,2025-09-08 15:00:00,Facebook,Image,Festival Campaign,Promotional,17,305218,357901,253998,6620,301,973,2021,9915,3.9035740438901096,83.21855198579377
POST02007,2025-09-08 18:00:00,Youtube,Image,Seasonal Campaign,Event,3,303342,257552,182672,12548,164,487,3656,16855,9.22692038188666,60.21981789531288
POST02008,2025-09-08 21:00:00,Facebook,Reel,Seasonal Campaign,Event,2,358189,348984,306183,29115,836,3242,4581,37774,12.33706639493375,85.48084949565732
POST02009,2025-09-09 00:00:00,Instagram,Reel,Seasonal Campaign,Promotional,11,176252,384987,240052,23158,387,1361,1800,26706,11.125089563927816,136.1981708008987
POST02010,2025-09-09 03:00:00,Youtube,Reel,Festival Campaign,Education,22,68068,116272,87537,7377,168,1073,265,8883,10.147708968778916,128.60228007286833
POST02011,2025-09-09 06:00:00,Instagram,Reel,Seasonal Campaign,Entertainment,11,130969,344176,267319,13642,471,1878,5102,21093,7.8905726865654895,204.10860585329354
POST02012,2025-09-09 09:00:00,Instagram,Video,Product Launch,Promotional,16,36560,79431,47451,1648,89,262,938,2937,6.1895428968831006,129.78938730853392
POST02013,2025-09-09 12:00:00,Linkedin,Reel,Festival Campaign,Brand,5,193746,127257,79151,6672,323,409,448,7852,9.920278960467966,40.852972448463454
POST02014,2025-09-09 15:00:00,Instagram,Reel,Seasonal Campaign,Entertainment,14,347296,429497,339465,25078,965,3129,7395,36567,10.771949980115771,97.74515111029208
POST02015,2025-09-09 18:00:00,Youtube,Image,Festival Campaign,Brand,1,143516,107871,83494,4028,153,749,806,5736,6.869954727285793,58.1774854371638
POST02016,2025-09-09 21:00:00,Youtube,Video,Community Campaign,Promotional,7,190010,337241,215509,7311,261,3684,1220,12476,5.789085374624726,113.4198200094732
POST02017,2025-09-10 00:00:00,Instagram,Reel,Festival Campaign,Education,13,317535,337839,206504,15086,296,837,1875,18094,8.762057877813504,65.03346087832837
POST02018,2025-09-10 03:00:00,Linkedin,Reel,Product Launch,Brand,4,310875,313079,267069,16627,827,1043,5146,23643,8.852768385698077,85.90880579010857
POST02019,2025-09-10 06:00:00,Instagram,Image,Brand Awareness,Promotional,2,366842,374736,207139,14843,517,1577,3682,20619,9.954185353796243,56.46545379209578
POST02020,2025-09-10 09:00:00,Facebook,Carousel,Festival Campaign,Entertainment,9,396024,522057,318862,30158,862,2015,3186,36221,11.359459578124707,80.51582732359654
POST02021,2025-09-10 12:00:00,Linkedin,Image,Event Promotion,Education,6,138440,70794,42303,1919,37,476,917,3349,7.916696215398435,30.55691996532794
POST02022,2025-09-10 15:00:00,Youtube,Video,Product Launch,Brand,10,438452,591094,511748,23428,287,8174,10881,42770,8.357629145595098,116.71699524691415
POST02023,2025-09-10 18:00:00,Linkedin,Text,Educational Series,Promotional,14,450349,166405,132054,6640,382,1285,2260,10567,8.002029472791433,29.322592034177937
POST02024,2025-09-10 21:00:00,Instagram,Video,Community Campaign,Education,1,227987,194666,140839,10124,593,2214,2528,15459,10.976363081248802,61.77501348761114
POST02025,2025-09-11 00:00:00,Youtube,Carousel,Product Launch,Education,4,24340,13084,9683,765,39,89,203,1096,11.318806155117215,39.7822514379622
POST02026,2025-09-11 03:00:00,Instagram,Image,Brand Awareness,Event,10,90291,135488,80480,5914,86,420,711,7131,8.86058648111332,89.13402221705374
POST02027,2025-09-11 06:00:00,Facebook,Reel,Seasonal Campaign,Education,7,68731,103808,67435,4382,183,243,1294,6102,9.048713576036182,98.11438797631345
POST02028,2025-09-11 09:00:00,Linkedin,Text,Seasonal Campaign,Promotional,12,208500,173667,106560,3068,79,1175,845,5167,4.848911411411412,51.10791366906475
POST02029,2025-09-11 12:00:00,Instagram,Image,Product Launch,Entertainment,10,334966,620648,510416,35122,1851,1114,11513,49600,9.717563712736279,152.3784503501848
POST02030,2025-09-11 15:00:00,Facebook,Reel,Educational Series,Community,16,324010,340301,214388,14868,674,1804,2829,20175,9.41050805082374,66.16709360822198
POST02031,2025-09-11 18:00:00,Instagram,Carousel,Seasonal Campaign,Event,14,396439,420449,240799,10848,429,1756,1387,14420,5.988396961781403,60.74049223209623
POST02032,2025-09-11 21:00:00,Youtube,Reel,Community Campaign,Promotional,0,236513,141990,97553,5927,78,830,438,7273,7.455434481768884,41.246358551115584
POST02033,2025-09-12 00:00:00,Youtube,Image,Event Promotion,Promotional,18,234867,271987,232243,11094,580,2715,1825,16214,6.981480604366978,98.88277195178547
POST02034,2025-09-12 03:00:00,Linkedin,Image,Educational Series,Promotional,15,378935,306534,259696,18470,1048,2538,5499,27555,10.610483026307682,68.53312573396492
POST02035,2025-09-12 06:00:00,Facebook,Image,Special Campaign,Brand,18,122262,194381,136021,7202,189,1811,694,9896,7.275347189036988,111.25370106819781
POST02036,2025-09-12 09:00:00,Instagram,Video,Special Campaign,Brand,12,251512,407897,291939,19304,208,958,3540,24010,8.224320834146859,116.07358694614969
POST02037,2025-09-12 12:00:00,Instagram,Reel,Product Launch,Entertainment,22,260164,455185,341687,22504,836,6351,3479,33170,9.707714955500208,131.3352346981135
POST02038,2025-09-12 15:00:00,Instagram,Image,Educational Series,Promotional,21,323957,396165,302849,10529,411,3195,1467,15602,5.151742287410558,93.48432044993625
POST02039,2025-09-12 18:00:00,Instagram,Image,Seasonal Campaign,Brand,22,479258,466768,409421,10660,245,1514,5427,17846,4.35883845723595,85.42809927012172
POST02040,2025-09-12 21:00:00,Instagram,Carousel,Seasonal Campaign,Brand,3,225207,258778,199644,12826,768,2001,4427,20022,10.028851355412636,88.6491094859396
POST02041,2025-09-13 00:00:00,Linkedin,Video,Product Launch,Brand,10,421931,617871,554407,21473,1221,7704,10085,40483,7.302036229701285,131.39755078436997
POST02042,2025-09-13 03:00:00,Youtube,Image,Seasonal Campaign,Entertainment,17,469118,696070,580855,26299,1169,7697,9229,44394,7.642871284571881,123.81852753465013
POST02043,2025-09-13 06:00:00,Youtube,Carousel,Seasonal Campaign,Entertainment,17,121354,187945,169127,9093,388,1204,3272,13957,8.25237839020381,139.3666463404585
POST02044,2025-09-13 09:00:00,Instagram,Reel,Event Promotion,Promotional,9,296927,516735,452439,20009,970,8716,9581,39276,8.680949255037696,152.37381578637172
POST02045,2025-09-13 12:00:00,Linkedin,Text,Event Promotion,Event,16,247870,234855,200813,11327,333,2183,1991,15834,7.884947687649705,81.01545164804132
POST02046,2025-09-13 15:00:00,Facebook,Image,Brand Awareness,Promotional,12,371156,412862,271973,15959,244,3377,2860,22440,8.250819015122826,73.27727424586966
POST02047,2025-09-13 18:00:00,Instagram,Carousel,Event Promotion,Brand,13,350077,485590,349651,23603,816,5017,8578,38014,10.871983778110172,99.8783124855389
POST02048,2025-09-13 21:00:00,Facebook,Reel,Festival Campaign,Community,6,322824,399643,275652,19760,572,3985,3914,28231,10.241536429991438,85.38770351646717
POST02049,2025-09-14 00:00:00,Youtube,Reel,Educational Series,Brand,9,244083,450135,327542,20141,748,5861,7727,34477,10.525978347814936,134.19287701314718
POST02050,2025-09-14 03:00:00,Instagram,Image,Educational Series,Education,2,405351,278702,214429,9163,359,2382,4425,16329,7.61510803109654,52.89958579107983
POST02051,2025-09-14 06:00:00,Youtube,Video,Product Launch,Community,1,79179,103242,92690,6105,112,1503,1906,9626,10.385154817132376,117.06386794478334
POST02052,2025-09-14 09:00:00,Youtube,Image,Event Promotion,Community,18,381757,426479,317183,14469,360,1879,2185,18893,5.956498299089169,83.08505148563091
POST02053,2025-09-14 12:00:00,Instagram,Text,Brand Awareness,Promotional,6,322114,366805,206186,11413,503,1693,4306,17915,8.688756753610818,64.01025723812066
POST02054,2025-09-14 15:00:00,Linkedin,Image,Seasonal Campaign,Brand,4,486452,290020,183159,10830,433,1833,1961,15057,8.220726254238121,37.65201910979912
POST02055,2025-09-14 18:00:00,Facebook,Image,Brand Awareness,Brand,2,24718,15804,10039,387,8,68,228,691,6.883155692798088,40.614127356582244
POST02056,2025-09-14 21:00:00,Facebook,Reel,Brand Awareness,Event,1,440327,586821,524905,25938,1536,3804,4499,35777,6.815900020003619,119.20799769262389
POST02057,2025-09-15 00:00:00,Youtube,Video,Community Campaign,Education,22,451934,760765,469834,18123,959,5726,7754,32562,6.9305329116241055,103.9607553315307
POST02058,2025-09-15 03:00:00,Youtube,Reel,Seasonal Campaign,Promotional,21,357913,922272,789376,29673,745,8045,3888,42351,5.365123844657046,220.54968665569567
POST02059,2025-09-15 06:00:00,Facebook,Video,Festival Campaign,Entertainment,5,99707,63011,39225,2417,133,504,900,3954,10.080305927342256,39.340266982258015
POST02060,2025-09-15 09:00:00,Youtube,Text,Event Promotion,Promotional,13,161798,157100,97507,5764,172,249,1298,7483,7.674320817992554,60.264650984560994
POST02061,2025-09-15 12:00:00,Instagram,Text,Seasonal Campaign,Community,6,374448,298347,196647,7834,203,1154,2927,12118,6.162311146368874,52.516504294321244
POST02062,2025-09-15 15:00:00,Youtube,Image,Brand Awareness,Promotional,21,281643,250671,142392,9995,561,397,1263,12216,8.579133659194337,50.55762081784386
POST02063,2025-09-15 18:00:00,Facebook,Carousel,Seasonal Campaign,Event,1,37139,44059,24450,1873,30,274,132,2309,9.443762781186093,65.83375965965696
POST02064,2025-09-15 21:00:00,Youtube,Video,Festival Campaign,Promotional,10,282129,643845,496595,16717,398,7897,10319,35331,7.114650771755655,176.01699931591577
POST02065,2025-09-16 00:00:00,Instagram,Reel,Educational Series,Event,20,216753,409305,302103,32873,1385,2798,3197,40253,13.32426357897803,139.37661762466956
POST02066,2025-09-16 03:00:00,Facebook,Carousel,Product Launch,Community,2,139804,81486,63107,2164,106,680,1359,4309,6.828085632338726,45.1396240450917
POST02067,2025-09-16 06:00:00,Instagram,Reel,Event Promotion,Event,8,64782,56497,40225,2992,51,293,392,3728,9.267868241143567,62.09286530209008
POST02068,2025-09-16 09:00:00,Instagram,Image,Event Promotion,Brand,7,39958,40094,34405,1384,21,281,111,1797,5.223078040982415,86.10290805345613
POST02069,2025-09-16 12:00:00,Instagram,Reel,Community Campaign,Entertainment,10,242811,265433,157471,13027,305,2003,2774,18109,11.499895218802191,64.85332213120493
POST02070,2025-09-16 15:00:00,Instagram,Reel,Educational Series,Community,17,172379,275516,203656,12968,309,1790,2742,17809,8.744647837529952,118.14432152408357
POST02071,2025-09-16 18:00:00,Facebook,Image,Event Promotion,Event,0,123026,100237,79821,5259,54,465,1712,7490,9.383495571340875,64.88140718222164
POST02072,2025-09-16 21:00:00,Youtube,Image,Community Campaign,Education,14,351278,524108,467048,21501,749,3045,4559,29854,6.392062486082802,132.95680344342657
POST02073,2025-09-17 00:00:00,Instagram,Carousel,Community Campaign,Community,3,295727,218683,143352,7276,288,2162,738,10464,7.299514481834923,48.47443757249085
POST02074,2025-09-17 03:00:00,Linkedin,Reel,Community Campaign,Education,3,264245,179154,142703,12339,713,1805,3197,18054,12.651450915537865,54.00404927245549
POST02075,2025-09-17 06:00:00,Linkedin,Image,Special Campaign,Entertainment,9,299157,405378,225796,14123,617,2524,1150,18414,8.155148895463162,75.47742489729472
POST02076,2025-09-17 09:00:00,Linkedin,Reel,Event Promotion,Event,10,330128,416897,363210,37516,885,5970,2717,47088,12.964400759890973,110.02096156642271
POST02077,2025-09-17 12:00:00,Instagram,Image,Event Promotion,Community,17,260734,168520,126431,8799,253,1425,1273,11750,9.2936067894741,48.49041551926484
POST02078,2025-09-17 15:00:00,Youtube,Carousel,Event Promotion,Community,22,141246,106537,82582,4134,166,407,1927,6634,8.033227579860018,58.46678844002662
POST02079,2025-09-17 18:00:00,Linkedin,Image,Festival Campaign,Entertainment,14,195946,276175,242150,7358,402,2398,4387,14545,6.006607474705761,123.57996590897493
POST02080,2025-09-17 21:00:00,Facebook,Carousel,Community Campaign,Brand,2,453413,419653,262395,10768,540,2675,3433,17416,6.637321595304789,57.871080008733756
POST02081,2025-09-18 00:00:00,Instagram,Reel,Festival Campaign,Education,6,149110,314685,206088,9010,324,3327,2403,15064,7.309498854858119,138.21205821205822
POST02082,2025-09-18 03:00:00,Instagram,Video,Product Launch,Community,6,29096,30243,25464,1502,42,228,168,1940,7.618598806157713,87.51718449271377
POST02083,2025-09-18 06:00:00,Youtube,Image,Event Promotion,Promotional,16,222163,288167,167195,10193,577,1943,3867,16580,9.916564490564909,75.25780620535373
POST02084,2025-09-18 09:00:00,Linkedin,Image,Special Campaign,Education,21,93533,99320,68632,4604,142,459,1535,6740,9.820491898822707,73.37731068179146
POST02085,2025-09-18 12:00:00,Youtube,Carousel,Seasonal Campaign,Event,19,227417,274212,230536,6001,255,3342,1718,11316,4.908560918902037,101.3714893785425
POST02086,2025-09-18 15:00:00,Youtube,Reel,Educational Series,Entertainment,23,396939,858373,757083,76218,3139,13347,5399,98103,12.958024417402056,190.73031372578657
POST02087,2025-09-18 18:00:00,Instagram,Carousel,Special Campaign,Education,15,307762,397463,257251,12632,627,3148,2709,19116,7.430874904276369,83.58764239899664
POST02088,2025-09-18 21:00:00,Facebook,Carousel,Brand Awareness,Promotional,15,242572,304761,224463,16123,837,3173,2806,22939,10.21950165506119,92.53458766881586
POST02089,2025-09-19 00:00:00,Facebook,Reel,Product Launch,Promotional,7,29868,53858,40658,3496,149,330,477,4452,10.949874563431552,136.12561939199145
POST02090,2025-09-19 03:00:00,Instagram,Reel,Seasonal Campaign,Entertainment,2,304026,384071,284139,23273,382,4808,3839,32302,11.368379560707963,93.45878313039016
POST02091,2025-09-19 06:00:00,Facebook,Reel,Brand Awareness,Entertainment,19,433855,757241,630437,38001,819,6652,13504,58976,9.354780890081008,145.3105300157887
POST02092,2025-09-19 09:00:00,Linkedin,Text,Brand Awareness,Education,14,188035,107809,85872,4461,157,524,1947,7089,8.255310229178312,45.668093705958995
POST02093,2025-09-19 12:00:00,Instagram,Carousel,Event Promotion,Event,0,388904,537667,305285,24234,407,2993,6776,34410,11.27143488871055,78.49880690350318
POST02094,2025-09-19 15:00:00,Youtube,Reel,Educational Series,Brand,9,384269,585029,325435,28221,450,1538,1810,32019,9.838831102985235,84.68937124774571
POST02095,2025-09-19 18:00:00,Instagram,Image,Brand Awareness,Promotional,1,407821,445653,346083,24975,461,1437,7700,34573,9.98980013464978,84.86149560714136
POST02096,2025-09-19 21:00:00,Facebook,Image,Community Campaign,Entertainment,6,473680,222659,138469,7059,348,869,1533,9809,7.083896034491474,29.23260428981591
POST02097,2025-09-20 00:00:00,Youtube,Video,Seasonal Campaign,Brand,13,266436,487253,428960,38254,1169,6776,7224,53423,12.454074972025364,160.99926436367457
POST02098,2025-09-20 03:00:00,Facebook,Reel,Special Campaign,Brand,15,180542,174398,126597,9660,101,747,908,11416,9.017591254137145,70.12052597179603
POST02099,2025-09-20 06:00:00,Facebook,Reel,Special Campaign,Brand,14,392126,401906,262661,11836,269,3511,1356,16972,6.46156071894952,66.98382662715557
POST02100,2025-09-20 09:00:00,Instagram,Video,Brand Awareness,Event,6,90714,168278,150571,13925,826,2387,1988,19126,12.702313194439832,165.9843023127632
POST02101,2025-09-20 12:00:00,Linkedin,Reel,Product Launch,Entertainment,12,214742,204650,126253,6712,305,819,2993,10829,8.577221927399744,58.79287703383596
POST02102,2025-09-20 15:00:00,Youtube,Reel,Educational Series,Promotional,9,227506,243491,162283,12546,295,2137,2937,17915,11.039357172347072,71.33130554798555
POST02103,2025-09-20 18:00:00,Instagram,Text,Educational Series,Entertainment,8,353246,229549,189997,11502,571,424,1580,14077,7.409064353647689,53.78603013197601
POST02104,2025-09-20 21:00:00,Facebook,Carousel,Special Campaign,Education,8,171425,142690,93274,3243,92,1282,1770,6387,6.8475673821214915,54.41096689514365
POST02105,2025-09-21 00:00:00,Facebook,Reel,Brand Awareness,Promotional,5,451404,342019,229743,17293,196,719,3068,21276,9.260782700669878,50.89520695430257
POST02106,2025-09-21 03:00:00,Instagram,Reel,Educational Series,Entertainment,23,315519,616344,414955,14977,327,5811,3380,24495,5.90304972828379,131.51505931496993
POST02107,2025-09-21 06:00:00,Linkedin,Reel,Product Launch,Promotional,11,353354,572010,371413,16219,537,3411,6781,26948,7.255534943580328,105.11073880584343
POST02108,2025-09-21 09:00:00,Linkedin,Reel,Special Campaign,Education,22,173344,142504,105756,9989,271,813,320,11393,10.772911229622906,61.009322503230564
POST02109,2025-09-21 12:00:00,Instagram,Video,Seasonal Campaign,Community,19,434932,821378,671817,33418,900,3022,2368,39708,5.910538137617833,154.46483588239082
POST02110,2025-09-21 15:00:00,Linkedin,Image,Product Launch,Promotional,19,371420,286236,210944,12777,742,2416,4119,20054,9.506788531553397,56.79392601367724
POST02111,2025-09-21 18:00:00,Instagram,Carousel,Product Launch,Community,21,370850,850845,625932,30049,399,7885,13285,51618,8.246582695883898,168.78306592962113
POST02112,2025-09-21 21:00:00,Instagram,Text,Community Campaign,Brand,13,186234,170344,109155,5079,113,193,2619,8004,7.332692043424488,58.61174651245208
POST02113,2025-09-22 00:00:00,Instagram,Image,Event Promotion,Event,19,489803,486065,344177,18991,934,4202,7268,31395,9.121760024638485,70.26845486859003
POST02114,2025-09-22 03:00:00,Linkedin,Reel,Brand Awareness,Education,6,93606,52209,39748,2013,57,458,377,2905,7.308543826104458,42.463089972864985
POST02115,2025-09-22 06:00:00,Facebook,Image,Seasonal Campaign,Promotional,7,442688,300939,224163,7647,251,2245,2850,12993,5.796228637197039,50.6367916004048
POST02116,2025-09-22 09:00:00,Instagram,Text,Special Campaign,Education,7,209576,225292,124543,3283,190,925,771,5169,4.150373766490288,59.42617475283429
POST02117,2025-09-22 12:00:00,Youtube,Video,Educational Series,Brand,7,139837,82935,60411,3240,134,958,316,4648,7.693963019979805,43.201012607535915
POST02118,2025-09-22 15:00:00,Facebook,Reel,Product Launch,Community,1,206513,177966,130333,11549,658,840,1808,14855,11.397727359916523,63.11128113000151
POST02119,2025-09-22 18:00:00,Instagram,Carousel,Special Campaign,Event,13,390487,433698,242368,11426,412,634,3256,15728,6.489305518880379,62.06813543088502
POST02120,2025-09-22 21:00:00,Linkedin,Image,Brand Awareness,Education,9,81401,83526,60545,2938,40,648,245,3871,6.393591543480056,74.37869313644796
POST02121,2025-09-23 00:00:00,Facebook,Text,Seasonal Campaign,Community,17,340979,291211,250492,6415,197,1877,2814,11303,4.512319754722706,73.46258860516338
POST02122,2025-09-23 03:00:00,Youtube,Reel,Seasonal Campaign,Brand,17,339080,345578,277659,20442,972,2595,5562,29571,10.650113988741586,81.88598560811607
POST02123,2025-09-23 06:00:00,Linkedin,Image,Brand Awareness,Brand,17,499734,229095,160611,3306,167,1803,3436,8712,5.424286007807685,32.139298106592705
POST02124,2025-09-23 09:00:00,Youtube,Video,Event Promotion,Brand,15,182590,324036,274005,12233,532,2603,3914,19282,7.03709786317768,150.06572101429433
POST02125,2025-09-23 12:00:00,Linkedin,Image,Community Campaign,Community,19,236007,159602,141291,5816,156,1245,857,8074,5.714447487808848,59.86729207184533
POST02126,2025-09-23 15:00:00,Facebook,Image,Educational Series,Promotional,4,205534,186458,166227,6645,87,1255,2710,10697,6.435175994272892,80.87567020541614
POST02127,2025-09-23 18:00:00,Facebook,Reel,Community Campaign,Entertainment,19,409590,566841,352558,18742,629,6352,3101,28824,8.175676058974693,86.07583192949046
POST02128,2025-09-23 21:00:00,Instagram,Reel,Seasonal Campaign,Education,4,178385,125126,79102,6951,97,765,796,8609,10.883416348512048,44.34341452476385
POST02129,2025-09-24 00:00:00,Linkedin,Reel,Educational Series,Entertainment,19,410488,695521,598884,47762,2059,8921,10491,69233,11.560335557470228,145.89561692424627
POST02130,2025-09-24 03:00:00,Youtube,Text,Seasonal Campaign,Brand,22,298254,265392,159067,3392,127,401,3163,7083,4.452840626905644,53.332729820890926
POST02131,2025-09-24 06:00:00,Instagram,Reel,Product Launch,Entertainment,9,448032,1554794,1150865,58612,2095,6603,12984,80294,6.976839160110004,256.87116098850083
POST02132,2025-09-24 09:00:00,Instagram,Image,Product Launch,Community,16,343693,563743,445042,19898,209,1112,8150,29369,6.5991524395450325,129.4882351400814
POST02133,2025-09-24 12:00:00,Youtube,Carousel,Brand Awareness,Brand,12,412978,478488,370710,8348,135,1274,3440,13197,3.5599255482722345,89.76507223145059
POST02134,2025-09-24 15:00:00,Youtube,Reel,Educational Series,Brand,16,310674,446929,374920,23279,1159,6571,3464,34473,9.194761549130481,120.67955477445811
POST02135,2025-09-24 18:00:00,Facebook,Image,Educational Series,Event,17,283037,284153,211781,11186,207,2304,4302,17999,8.498873836652013,74.82449291082085
POST02136,2025-09-24 21:00:00,Linkedin,Carousel,Seasonal Campaign,Event,12,410889,448915,268692,24559,954,3435,5791,34739,12.928929778333556,65.39284332264918
POST02137,2025-09-25 00:00:00,Instagram,Video,Community Campaign,Community,16,143967,163525,130775,11680,531,1139,2006,15356,11.742305486522653,90.83678898636494
POST02138,2025-09-25 03:00:00,Facebook,Carousel,Product Launch,Community,14,376404,353538,224561,10604,494,2262,4725,18085,8.053491033616702,59.65956791107428
POST02139,2025-09-25 06:00:00,Instagram,Carousel,Festival Campaign,Entertainment,11,309029,440154,389457,27994,1298,4191,8862,42345,10.872830633420378,126.02603639140663
POST02140,2025-09-25 09:00:00,Linkedin,Reel,Brand Awareness,Education,9,64560,88565,66006,3592,148,350,1451,5541,8.394691391691664,102.23977695167285
POST02141,2025-09-25 12:00:00,Facebook,Text,Special Campaign,Entertainment,12,33613,28994,23216,928,43,180,567,1718,7.4000689179875945,69.06851515782584
POST02142,2025-09-25 15:00:00,Youtube,Reel,Educational Series,Community,10,493068,586159,384088,22586,393,1552,8029,32560,8.477223969506987,77.89757193733926
POST02143,2025-09-25 18:00:00,Facebook,Video,Event Promotion,Education,2,157159,173718,144191,8053,216,1947,3572,13788,9.56231664944414,91.74848401936892
POST02144,2025-09-25 21:00:00,Instagram,Reel,Event Promotion,Entertainment,21,448917,590054,462390,30643,1532,7561,6243,45979,9.943770410259738,103.00122294321667
POST02145,2025-09-26 00:00:00,Youtube,Text,Festival Campaign,Promotional,9,38665,43399,33795,653,32,136,737,1558,4.610149430389111,87.40462950989267
POST02146,2025-09-26 03:00:00,Facebook,Carousel,Product Launch,Promotional,10,126568,213222,131801,10629,340,1483,2694,15146,11.49156683181463,104.13453637570318
POST02147,2025-09-26 06:00:00,Instagram,Video,Product Launch,Education,5,250756,257555,193540,17076,879,1102,3064,22121,11.429678619406841,77.18259981814991
POST02148,2025-09-26 09:00:00,Instagram,Reel,Product Launch,Event,0,311766,370419,277342,13231,642,1504,3117,18494,6.668301230971148,88.95838545575849
POST02149,2025-09-26 12:00:00,Youtube,Image,Community Campaign,Education,5,377978,277625,167352,9213,185,2180,3921,15499,9.261317462593814,44.27559275936695
POST02150,2025-09-26 15:00:00,Facebook,Carousel,Seasonal Campaign,Entertainment,4,233475,261094,160484,7746,228,1722,619,10315,6.427432018145112,68.73712388906735
POST02151,2025-09-26 18:00:00,Instagram,Video,Event Promotion,Brand,6,61989,89838,76600,4184,187,915,525,5811,7.5861618798955615,123.57031086160448
POST02152,2025-09-26 21:00:00,Instagram,Reel,Product Launch,Promotional,21,64741,77518,57792,3795,211,733,1186,5925,10.252284053156146,89.26646174757882
POST02153,2025-09-27 00:00:00,Facebook,Text,Event Promotion,Brand,11,491916,217567,183020,9806,140,1140,1653,12739,6.960441481805267,37.20553915709186
POST02154,2025-09-27 03:00:00,Facebook,Video,Festival Campaign,Promotional,11,40163,65887,46000,4094,202,726,403,5425,11.793478260869565,114.53327689664616
POST02155,2025-09-27 06:00:00,Instagram,Reel,Brand Awareness,Entertainment,6,91637,138943,78062,4638,258,553,738,6187,7.9257513258691805,85.18611477896482
POST02156,2025-09-27 09:00:00,Instagram,Video,Seasonal Campaign,Promotional,1,79175,124580,97639,4925,212,1501,1818,8456,8.660473786089575,123.32049257972845
POST02157,2025-09-27 12:00:00,Instagram,Image,Community Campaign,Education,0,254330,236210,187670,9923,430,1301,4184,15838,8.439281717909095,73.78995792867535
POST02158,2025-09-27 15:00:00,Instagram,Image,Educational Series,Brand,22,275972,275604,171288,3734,59,996,1022,5811,3.3925318761384333,62.067166234255644
POST02159,2025-09-27 18:00:00,Youtube,Reel,Festival Campaign,Community,17,315690,707156,533257,58925,923,5613,5542,71003,13.314968204824314,168.91792581329784
POST02160,2025-09-27 21:00:00,Facebook,Image,Seasonal Campaign,Brand,11,154547,72595,41542,1572,71,297,693,2633,6.338163786047855,26.879848848570337
POST02161,2025-09-28 00:00:00,Facebook,Carousel,Event Promotion,Entertainment,6,90259,66373,37635,3341,152,111,485,4089,10.864886408927859,41.69667290796485
POST02162,2025-09-28 03:00:00,Facebook,Image,Festival Campaign,Community,18,297034,403185,353250,7219,337,1105,2591,11252,3.1852795470629864,118.92577954038931
POST02163,2025-09-28 06:00:00,Instagram,Carousel,Educational Series,Brand,21,174342,141696,80622,3760,71,1133,1931,6895,8.552256207982932,46.24359018480917
POST02164,2025-09-28 09:00:00,Facebook,Carousel,Seasonal Campaign,Entertainment,2,288857,303790,230242,20322,1204,2156,3863,27545,11.963499274676211,79.70795237782016
POST02165,2025-09-28 12:00:00,Youtube,Carousel,Community Campaign,Event,9,113389,231227,139238,11741,525,1318,695,14279,10.255102773668108,122.79674395223523
POST02166,2025-09-28 15:00:00,Linkedin,Reel,Special Campaign,Education,10,487353,765877,443806,35249,1219,7822,3501,47791,10.768443869618707,91.0645876807981
POST02167,2025-09-28 18:00:00,Facebook,Video,Brand Awareness,Promotional,4,347461,322382,208606,19296,571,2685,2929,25481,12.214893147848096,60.03724158970359
POST02168,2025-09-28 21:00:00,Instagram,Image,Educational Series,Promotional,1,216189,243492,178975,13248,445,2302,2744,18739,10.470177399078082,82.78635823284256
POST02169,2025-09-29 00:00:00,Facebook,Reel,Seasonal Campaign,Promotional,7,365123,268689,188242,19222,313,1633,3471,24639,13.089002454287565,51.55577709429425
POST02170,2025-09-29 03:00:00,Instagram,Reel,Community Campaign,Event,13,403205,749066,505656,38321,724,5502,1724,46271,9.150687423861282,125.40915911261021
POST02171,2025-09-29 06:00:00,Facebook,Image,Event Promotion,Education,7,273154,193247,161912,4512,107,1515,3861,9995,6.173106378773655,59.274987735855966
POST02172,2025-09-29 09:00:00,Instagram,Video,Educational Series,Brand,22,412886,425203,307857,13951,660,1386,2334,18331,5.954387913869102,74.5622278304423
POST02173,2025-09-29 12:00:00,Instagram,Image,Special Campaign,Brand,5,213666,96957,84671,3397,94,865,707,5063,5.979615216544035,39.62773674800857
POST02174,2025-09-29 15:00:00,Linkedin,Carousel,Festival Campaign,Education,0,234592,224600,200317,4865,135,2775,3158,10933,5.457849308845479,85.38952734961124
POST02175,2025-09-29 18:00:00,Instagram,Reel,Product Launch,Community,23,278939,648503,391302,22115,1273,7418,3503,34309,8.767908163004535,140.2822839402163
POST02176,2025-09-29 21:00:00,Facebook,Image,Festival Campaign,Education,0,491487,376057,264685,13905,741,1887,1659,18192,6.8730755426261405,53.85391678721919
POST02177,2025-09-30 00:00:00,Instagram,Text,Event Promotion,Promotional,7,497369,292666,167562,7792,229,1373,715,10109,6.0329907735644115,33.689675070219494
POST02178,2025-09-30 03:00:00,Facebook,Video,Seasonal Campaign,Brand,10,207577,219007,171169,10211,350,1472,2641,14674,8.572814002535505,82.46048454308522
POST02179,2025-09-30 06:00:00,Facebook,Reel,Special Campaign,Education,17,193329,308514,240986,19611,1083,1928,1966,24588,10.203082336733255,124.65072493004155
POST02180,2025-09-30 09:00:00,Youtube,Image,Brand Awareness,Brand,23,230582,229471,128596,7030,409,910,847,9196,7.151077794021587,55.770181540623284
POST02181,2025-09-30 12:00:00,Instagram,Reel,Educational Series,Education,9,135039,216075,174433,11517,611,3258,3851,19237,11.028303130714946,129.17231318359882
POST02182,2025-09-30 15:00:00,Instagram,Image,Seasonal Campaign,Entertainment,11,328636,669517,396112,27392,1108,2643,7821,38964,9.83661186735065,120.53213890139851
POST02183,2025-09-30 18:00:00,Instagram,Video,Brand Awareness,Promotional,19,129718,249442,159814,12656,595,2187,1772,17210,10.768768693606317,123.20109776592301
POST02184,2025-09-30 21:00:00,Instagram,Video,Event Promotion,Education,22,489375,727472,582780,47412,2589,1751,2833,54585,9.366313188510244,119.08659003831417
POST02185,2025-10-01 00:00:00,Facebook,Reel,Educational Series,Event,15,428611,398870,304898,32496,1911,3202,1058,38667,12.681946093447644,71.136298415113
POST02186,2025-10-01 03:00:00,Linkedin,Text,Community Campaign,Education,4,92005,35989,32224,870,26,251,619,1766,5.48038728897716,35.02418346828976
POST02187,2025-10-01 06:00:00,Linkedin,Image,Community Campaign,Entertainment,15,45040,43598,25190,707,26,247,474,1454,5.772131798332672,55.92806394316163
POST02188,2025-10-01 09:00:00,Facebook,Image,Seasonal Campaign,Event,23,129009,91665,80623,1841,18,696,1028,3583,4.444141250015504,62.49408955964313
POST02189,2025-10-01 12:00:00,Facebook,Image,Festival Campaign,Event,11,88702,99147,77990,5235,304,458,1302,7299,9.358892165662265,87.92360938873982
POST02190,2025-10-01 15:00:00,Facebook,Carousel,Seasonal Campaign,Education,5,41637,23592,18783,862,45,60,93,1060,5.643400947665443,45.11131925931263
POST02191,2025-10-01 18:00:00,Instagram,Image,Festival Campaign,Entertainment,4,87745,65334,57073,2581,34,722,1010,4347,7.6165612461233865,65.04416206051627
POST02192,2025-10-01 21:00:00,Linkedin,Image,Special Campaign,Event,0,421963,267923,152041,7261,384,2044,2690,12379,8.141882781618117,36.031832174858934
POST02193,2025-10-02 00:00:00,Facebook,Image,Event Promotion,Promotional,18,171322,137990,110561,8224,83,967,1752,11026,9.972775210065032,64.5340353252939
POST02194,2025-10-02 03:00:00,Youtube,Reel,Community Campaign,Community,9,372611,870366,745288,71218,1909,11638,3400,88165,11.829655113191142,200.01771284261602
POST02195,2025-10-02 06:00:00,Instagram,Video,Special Campaign,Promotional,13,131855,193791,148101,9750,474,2044,2773,15041,10.155907117440126,112.32111031056841
POST02196,2025-10-02 09:00:00,Youtube,Image,Educational Series,Brand,20,249939,309555,234730,12640,653,1367,4678,19338,8.238401567758702,93.9149152393184
POST02197,2025-10-02 12:00:00,Youtube,Reel,Community Campaign,Brand,2,490953,422087,308972,24766,1234,5778,6104,37882,12.260657923695351,62.93311172352547
POST02198,2025-10-02 15:00:00,Linkedin,Video,Festival Campaign,Entertainment,5,74040,55763,33575,1674,48,538,792,3052,9.090096798212956,45.347109670448404
POST02199,2025-10-02 18:00:00,Youtube,Text,Seasonal Campaign,Event,4,127518,79733,53616,1267,38,484,959,2748,5.125335720680394,42.045828824166
POST02200,2025-10-02 21:00:00,Instagram,Text,Event Promotion,Promotional,16,444521,588821,505506,19923,555,2153,6301,28932,5.723374203273552,113.71926185714511
POST02201,2025-10-03 00:00:00,Linkedin,Image,Community Campaign,Promotional,17,216390,137819,101262,2982,85,1022,1256,5345,5.278386759100155,46.796062664633304
POST02202,2025-10-03 03:00:00,Instagram,Reel,Special Campaign,Community,11,215309,552911,338323,14130,296,6357,2670,23453,6.9321329025812615,157.13370086712587
POST02203,2025-10-03 06:00:00,Youtube,Image,Event Promotion,Entertainment,4,103110,70467,43162,1866,100,418,804,3188,7.386126685510402,41.86014935505771
POST02204,2025-10-03 09:00:00,Instagram,Reel,Special Campaign,Event,8,378539,358924,280148,27029,511,4036,4282,35858,12.799663035252795,74.00769801790568
POST02205,2025-10-03 12:00:00,Facebook,Text,Community Campaign,Entertainment,11,203434,228408,142754,9866,230,968,2033,13097,9.174524006332572,70.17214428266662
POST02206,2025-10-03 15:00:00,Linkedin,Reel,Seasonal Campaign,Education,19,423312,564725,422601,29302,878,6027,6231,42438,10.042096445583423,99.83203877990702
POST02207,2025-10-03 18:00:00,Instagram,Reel,Brand Awareness,Promotional,8,272138,402680,290146,21001,659,4963,5087,31710,10.928980582189658,106.61723096370224
POST02208,2025-10-03 21:00:00,Linkedin,Image,Seasonal Campaign,Entertainment,2,95764,51752,33257,2649,72,86,342,3149,9.468683284722013,34.72808153377052
POST02209,2025-10-04 00:00:00,Instagram,Image,Community Campaign,Entertainment,0,160290,93625,67877,4906,250,911,1468,7535,11.100962034267866,42.3463722003868
POST02210,2025-10-04 03:00:00,Linkedin,Video,Festival Campaign,Community,21,372511,523847,378671,11758,650,6460,1886,20754,5.480747139337313,101.6536424427735
POST02211,2025-10-04 06:00:00,Facebook,Image,Seasonal Campaign,Education,14,366482,449726,400963,7442,282,1745,2633,12102,3.0182336026017365,109.4086476279872
POST02212,2025-10-04 09:00:00,Facebook,Reel,Educational Series,Brand,9,460597,326944,270106,28006,1076,1452,5724,36258,13.423618875552561,58.64258777195683
POST02213,2025-10-04 12:00:00,Instagram,Reel,Festival Campaign,Promotional,13,235555,684875,571032,45183,516,9016,1920,56635,9.918008097619749,242.41981702787035
POST02214,2025-10-04 15:00:00,Linkedin,Image,Festival Campaign,Community,6,170407,106250,68768,2818,30,680,1090,4618,6.715332712889715,40.35514972976462
POST02215,2025-10-04 18:00:00,Facebook,Reel,Festival Campaign,Entertainment,3,197933,247401,137540,13029,317,2141,2986,18473,13.431001890359168,69.48816013499518
POST02216,2025-10-04 21:00:00,Instagram,Carousel,Event Promotion,Promotional,4,312051,192950,164097,6810,109,1853,1267,10039,6.1177230540473015,52.586596421738754
POST02217,2025-10-05 00:00:00,Facebook,Image,Product Launch,Brand,19,273143,294713,255585,13920,691,2300,6065,22976,8.98957294050903,93.57186528668133
POST02218,2025-10-05 03:00:00,Instagram,Carousel,Product Launch,Entertainment,15,495405,506335,295064,12082,327,3138,4813,20360,6.900197923162432,59.56015785064746
POST02219,2025-10-05 06:00:00,Linkedin,Text,Brand Awareness,Education,2,59387,13911,12307,205,2,58,47,312,2.5351426017713496,20.723390641049388
POST02220,2025-10-05 09:00:00,Instagram,Text,Special Campaign,Promotional,16,94655,132231,98768,4233,222,414,2194,7063,7.151101571359145,104.34525381649146
POST02221,2025-10-05 12:00:00,Facebook,Text,Special Campaign,Community,12,77407,83962,69066,1908,32,735,1335,4010,5.8060405988474795,89.2244887413283
POST02222,2025-10-05 15:00:00,Youtube,Reel,Festival Campaign,Education,5,478478,683446,484563,43728,1724,6073,8112,59637,12.30737798800156,101.27174081148978
POST02223,2025-10-05 18:00:00,Instagram,Reel,Product Launch,Brand,4,417771,346386,245784,23897,1397,3513,5928,34735,14.132327572177198,58.832231054812326
POST02224,2025-10-05 21:00:00,Instagram,Reel,Brand Awareness,Brand,15,328239,658711,527310,37046,1716,3109,2342,44213,8.384631431226413,160.64818623015546
POST02225,2025-10-06 00:00:00,Instagram,Video,Event Promotion,Promotional,10,477267,792641,460648,30664,636,3586,7473,42359,9.195524565394834,96.5178820241081
POST02226,2025-10-06 03:00:00,Youtube,Text,Festival Campaign,Brand,16,21042,24296,15486,355,19,38,105,517,3.3384992896810024,73.59566581123468
POST02227,2025-10-06 06:00:00,Instagram,Video,Educational Series,Event,4,123748,71590,46687,3751,196,225,771,4943,10.58752971919378,37.727478423893714
POST02228,2025-10-06 09:00:00,Youtube,Reel,Event Promotion,Community,5,270763,275370,238101,10072,152,2085,1203,13512,5.6749026673554495,87.93705196057068
POST02229,2025-10-06 12:00:00,Instagram,Text,Brand Awareness,Promotional,9,286332,416949,363963,6782,341,1296,6715,15134,4.158114973225301,127.11223335149407
POST02230,2025-10-06 15:00:00,Instagram,Image,Event Promotion,Event,20,360740,524874,446140,30663,1630,5608,7943,45844,10.2756982113238,123.67355990464046
POST02231,2025-10-06 18:00:00,Facebook,Reel,Educational Series,Brand,0,471369,545601,365707,11535,623,6236,7335,25729,7.035413596130235,77.58401591958742
POST02232,2025-10-06 21:00:00,Instagram,Image,Special Campaign,Promotional,20,161305,203558,120515,4179,186,1621,1543,7529,6.247355101024769,74.71250116239422
POST02233,2025-10-07 00:00:00,Linkedin,Reel,Event Promotion,Event,9,285232,379067,208520,10766,346,2785,872,14769,7.082773834644159,73.10540191843833
POST02234,2025-10-07 03:00:00,Linkedin,Image,Brand Awareness,Brand,16,283790,249034,163028,11705,375,1118,1186,14384,8.823024265770298,57.44670354839846
POST02235,2025-10-07 06:00:00,Facebook,Reel,Special Campaign,Entertainment,2,164199,214141,172075,17650,736,1738,1917,22041,12.808949585936366,104.79661873702032
POST02236,2025-10-07 09:00:00,Youtube,Image,Special Campaign,Entertainment,1,183687,224583,131978,10127,449,762,1848,13186,9.99105911591326,71.84939598338478
POST02237,2025-10-07 12:00:00,Linkedin,Carousel,Special Campaign,Education,16,217095,127273,96667,2601,99,991,1673,5364,5.548946382943507,44.52751099748958
POST02238,2025-10-07 15:00:00,Instagram,Video,Educational Series,Entertainment,3,297597,240319,162090,9550,370,2745,3305,15970,9.852551051884756,54.46627486164175
POST02239,2025-10-07 18:00:00,Instagram,Carousel,Educational Series,Event,1,334377,241151,207943,18109,958,1691,4715,25473,12.249991584232218,62.18818878092692
POST02240,2025-10-07 21:00:00,Instagram,Image,Special Campaign,Community,4,447731,435626,353888,25275,1259,1652,2512,30698,8.674495885703951,79.04031661868399
POST02241,2025-10-08 00:00:00,Facebook,Video,Event Promotion,Entertainment,9,471308,900336,537780,53716,1852,5863,13323,74754,13.900479750083678,114.10372834749252
POST02242,2025-10-08 03:00:00,Instagram,Text,Educational Series,Promotional,0,277789,159729,111121,2300,72,717,2455,5544,4.989155965119104,40.001943921465575
POST02243,2025-10-08 06:00:00,Youtube,Reel,Seasonal Campaign,Promotional,0,495663,641905,408235,35899,1638,7130,2709,47376,11.60508040711845,82.36140280795621
POST02244,2025-10-08 09:00:00,Linkedin,Image,Event Promotion,Promotional,3,478216,389177,237590,9356,468,687,3581,14092,5.931226061702934,49.68257021931512
POST02245,2025-10-08 12:00:00,Linkedin,Reel,Festival Campaign,Entertainment,6,365231,348526,194080,14760,403,2612,3672,21447,11.050597691673536,53.13897232162659
POST02246,2025-10-08 15:00:00,Youtube,Reel,Educational Series,Entertainment,13,344137,837935,651173,51421,1945,11496,13264,78126,11.99773332125257,189.21911912988142
POST02247,2025-10-08 18:00:00,Instagram,Carousel,Event Promotion,Education,13,204834,423255,259413,15815,888,2177,3579,22459,8.65762317231596,126.64547877793726
POST02248,2025-10-08 21:00:00,Facebook,Video,Festival Campaign,Community,17,232886,151528,118845,5381,252,931,410,6974,5.868147587193403,51.03140592392844
POST02249,2025-10-09 00:00:00,Youtube,Reel,Educational Series,Community,1,277493,170723,109669,3861,226,884,2396,7367,6.717486254091858,39.52135729549935
POST02250,2025-10-09 03:00:00,Instagram,Video,Festival Campaign,Brand,0,106392,78088,52739,4557,262,532,434,5785,10.96911204232162,49.570456425295134
POST02251,2025-10-09 06:00:00,Instagram,Video,Community Campaign,Education,20,228539,502954,405940,22233,333,6739,9462,38767,9.549933487707543,177.62395039796272
POST02252,2025-10-09 09:00:00,Linkedin,Text,Educational Series,Event,21,142349,73829,54186,1305,56,404,1340,3105,5.730262429409811,38.065599336841146
POST02253,2025-10-09 12:00:00,Facebook,Reel,Community Campaign,Promotional,15,173260,246539,196245,8267,282,1753,1753,12055,6.142831664501006,113.2661895417292
POST02254,2025-10-09 15:00:00,Facebook,Text,Brand Awareness,Entertainment,21,86019,78700,56573,1034,26,302,971,2333,4.12387534689693,65.76802799381531
POST02255,2025-10-09 18:00:00,Linkedin,Reel,Brand Awareness,Brand,17,20451,25578,14619,413,16,282,133,844,5.773308707845954,71.4830570632243
POST02256,2025-10-09 21:00:00,Youtube,Image,Event Promotion,Brand,15,417285,535174,448321,23665,854,5482,8739,38740,8.641129904688828,107.43760259774496
POST02257,2025-10-10 00:00:00,Youtube,Reel,Product Launch,Entertainment,22,346418,937116,597333,42136,729,10033,9874,62772,10.50871122137903,172.4312824391342
POST02258,2025-10-10 03:00:00,Youtube,Reel,Community Campaign,Education,21,164458,211420,128846,3488,123,1443,1971,7025,5.45224531611381,78.34583905921268
POST02259,2025-10-10 06:00:00,Instagram,Carousel,Community Campaign,Brand,23,420423,365055,304601,18284,1036,2066,1093,22479,7.379818188384149,72.45107903230794
POST02260,2025-10-10 09:00:00,Youtube,Image,Brand Awareness,Community,5,189511,80772,52783,2783,66,456,822,4127,7.818805297160071,27.852209106595392
POST02261,2025-10-10 12:00:00,Facebook,Reel,Community Campaign,Education,9,203357,222553,130601,8337,365,1037,1895,11634,8.908048177272763,64.22252491923072
POST02262,2025-10-10 15:00:00,Facebook,Reel,Product Launch,Entertainment,1,300301,363925,284908,10290,173,4007,6734,21204,7.44240245974139,94.87414294324694
POST02263,2025-10-10 18:00:00,Linkedin,Carousel,Special Campaign,Education,6,94726,111590,94025,2776,82,514,1094,4466,4.749800584950811,99.25997086333214
POST02264,2025-10-10 21:00:00,Youtube,Reel,Festival Campaign,Community,20,125716,356563,263547,9206,477,2986,5366,18035,6.843181671580401,209.63680040726715
POST02265,2025-10-11 00:00:00,Facebook,Video,Festival Campaign,Promotional,16,497201,389111,326828,20674,1063,1246,7081,30064,9.198722263698336,65.73357656159179
POST02266,2025-10-11 03:00:00,Facebook,Reel,Product Launch,Entertainment,2,454573,745850,626237,63172,1501,5521,2677,72871,11.636329376897244,137.76379151423424
POST02267,2025-10-11 06:00:00,Youtube,Reel,Community Campaign,Community,19,246286,325080,246606,25477,1410,3389,5092,35368,14.34190571194537,100.1299302437004
POST02268,2025-10-11 09:00:00,Facebook,Image,Community Campaign,Entertainment,11,166001,100820,55891,2611,147,547,1058,4363,7.80626576729706,33.669074282685045
POST02269,2025-10-11 12:00:00,Instagram,Image,Community Campaign,Community,1,124636,153072,118854,4115,64,1432,803,6414,5.396536927659145,95.36089091434256
POST02270,2025-10-11 15:00:00,Youtube,Image,Seasonal Campaign,Community,6,199819,306503,257168,14519,625,2414,1038,18596,7.2310707397498915,128.70047392890567
POST02271,2025-10-11 18:00:00,Instagram,Reel,Event Promotion,Brand,16,290057,263455,164714,6898,116,1256,1834,10104,6.134269096737375,56.7867694970299
POST02272,2025-10-11 21:00:00,Instagram,Text,Educational Series,Brand,18,488747,658873,397665,6044,214,2889,9800,18947,4.76456313731407,81.36418228654088
POST02273,2025-10-12 00:00:00,Youtube,Carousel,Product Launch,Brand,11,46727,90668,54373,4278,159,711,466,5614,10.324977470435694,116.36313052410812
POST02274,2025-10-12 03:00:00,Facebook,Reel,Product Launch,Promotional,8,153018,125619,101626,9750,470,1646,2162,14028,13.803554208568675,66.41440876236783
POST02275,2025-10-12 06:00:00,Linkedin,Image,Seasonal Campaign,Promotional,13,81061,55985,46347,1985,20,237,384,2626,5.665954646471185,57.175460455706194
POST02276,2025-10-12 09:00:00,Facebook,Video,Product Launch,Community,1,252791,327375,279491,14277,336,3619,5327,23559,8.429251746925662,110.56208488435111
POST02277,2025-10-12 12:00:00,Facebook,Reel,Special Campaign,Event,20,218002,493123,293190,11185,489,4678,6026,22378,7.632593198949486,134.48959183860697
POST02278,2025-10-12 15:00:00,Youtube,Reel,Special Campaign,Entertainment,3,474688,584317,503420,19666,985,9605,4493,34749,6.902586309642049,106.0528178508831
POST02279,2025-10-12 18:00:00,Facebook,Video,Product Launch,Brand,18,133388,136897,86872,3261,143,1065,1138,5607,6.45432360254167,65.12729780789877
POST02280,2025-10-12 21:00:00,Instagram,Carousel,Seasonal Campaign,Entertainment,20,87957,197924,137149,6451,184,1996,1175,9806,7.149888077929843,155.9273281262435
POST02281,2025-10-13 00:00:00,Instagram,Image,Product Launch,Community,15,367983,557175,429869,22657,1014,2718,6344,32733,7.614645391968251,116.81762472722926
POST02282,2025-10-13 03:00:00,Instagram,Reel,Community Campaign,Education,21,387793,726745,500047,42046,1705,7886,5492,57129,11.424726075748879,128.94688661218743
POST02283,2025-10-13 06:00:00,Youtube,Reel,Seasonal Campaign,Community,16,432683,418904,357126,28198,836,5865,6014,40913,11.456180731730537,82.53756214133674
POST02284,2025-10-13 09:00:00,Instagram,Carousel,Event Promotion,Promotional,1,257406,377736,269451,15295,741,1794,6232,24062,8.930009537912273,104.67937810307453
POST02285,2025-10-13 12:00:00,Instagram,Reel,Brand Awareness,Event,16,175576,310549,196145,14464,147,716,3129,18456,9.409365520405823,111.71515469084612
POST02286,2025-10-13 15:00:00,Instagram,Image,Community Campaign,Education,18,227588,402830,295916,6206,176,1574,2823,10779,3.642587761391746,130.02267254864051
POST02287,2025-10-13 18:00:00,Linkedin,Image,Special Campaign,Entertainment,7,283988,354414,203798,14998,264,1810,2333,19405,9.521683235360504,71.76289138977702
POST02288,2025-10-13 21:00:00,Instagram,Reel,Community Campaign,Promotional,23,54572,110295,63458,3260,94,1203,1047,5604,8.831037851807496,116.28307556988932
POST02289,2025-10-14 00:00:00,Youtube,Text,Educational Series,Brand,19,258457,354568,201178,4227,249,1709,4871,11056,5.495630734971021,77.83809299032333
POST02290,2025-10-14 03:00:00,Instagram,Video,Seasonal Campaign,Education,5,235495,379484,323399,13536,295,5211,7663,26705,8.257601291284141,137.32733179048387
POST02291,2025-10-14 06:00:00,Facebook,Carousel,Special Campaign,Promotional,11,234885,300949,177862,6149,285,1873,4129,12436,6.991937569576414,75.72301338953105
POST02292,2025-10-14 09:00:00,Instagram,Reel,Brand Awareness,Entertainment,22,436191,902577,583796,63219,3627,7291,14559,88696,15.192978369156348,133.83953359881335
POST02293,2025-10-14 12:00:00,Instagram,Reel,Product Launch,Community,17,39449,86094,69766,3920,225,886,1447,6478,9.285325230054754,176.85112423635582
POST02294,2025-10-14 15:00:00,Youtube,Image,Brand Awareness,Entertainment,1,270835,270545,180237,6397,69,2088,3449,12003,6.659564906206827,66.54863662377463
POST02295,2025-10-14 18:00:00,Instagram,Reel,Event Promotion,Education,18,130137,132216,105463,2746,149,1406,1879,6180,5.859875027260745,81.0399809431599
POST02296,2025-10-14 21:00:00,Instagram,Text,Festival Campaign,Education,23,301603,228437,181327,10242,145,340,1874,12601,6.949323597699185,60.121086328716885
POST02297,2025-10-15 00:00:00,Instagram,Reel,Community Campaign,Community,9,217867,238217,192156,9762,488,671,4418,15339,7.9825766564666205,88.19876346578417
POST02298,2025-10-15 03:00:00,Instagram,Image,Seasonal Campaign,Education,2,431820,287187,219945,8623,219,2873,4702,16417,7.464138761963218,50.934417118243715
POST02299,2025-10-15 06:00:00,Instagram,Image,Seasonal Campaign,Event,11,271201,203772,154721,4642,241,1225,1283,7391,4.776985670981961,57.050305861704054
POST02300,2025-10-15 09:00:00,Instagram,Carousel,Brand Awareness,Brand,15,145298,233974,142477,11778,306,429,2693,15206,10.672599788035964,98.05847293149253
POST02301,2025-10-15 12:00:00,Facebook,Reel,Educational Series,Promotional,11,230467,263557,193980,19107,1046,2939,3522,26614,13.719971131044437,84.1682323282726
POST02302,2025-10-15 15:00:00,Youtube,Image,Special Campaign,Community,7,391478,290854,202046,10004,212,934,3918,15068,7.457707650733002,51.611073930080366
POST02303,2025-10-15 18:00:00,Youtube,Reel,Event Promotion,Entertainment,4,342284,525652,464471,16644,324,3129,6934,27031,5.8197390149223525,135.69754940341937
POST02304,2025-10-15 21:00:00,Instagram,Video,Festival Campaign,Entertainment,10,307506,438351,391289,23554,374,6672,2578,33178,8.479154793515791,127.2459724363102
POST02305,2025-10-16 00:00:00,Linkedin,Reel,Event Promotion,Brand,9,179015,275153,245660,8725,517,3162,2369,14773,6.0135960270292275,137.2287238499567
POST02306,2025-10-16 03:00:00,Instagram,Text,Seasonal Campaign,Education,2,41319,23061,18362,488,6,59,251,804,4.378607994771811,44.439604056245315
POST02307,2025-10-16 06:00:00,Instagram,Video,Product Launch,Education,22,382895,460992,410564,13206,141,4951,5760,24058,5.859744156818426,107.22626307473328
POST02308,2025-10-16 09:00:00,Facebook,Reel,Festival Campaign,Entertainment,8,252505,502668,308014,26524,1032,2407,4683,34646,11.248190017336874,121.98332706283044
POST02309,2025-10-16 12:00:00,Instagram,Video,Special Campaign,Brand,11,464266,816889,508229,23872,1101,6919,4635,36527,7.1871144700518865,109.46935592957485
POST02310,2025-10-16 15:00:00,Instagram,Reel,Special Campaign,Entertainment,5,158769,346354,246652,28413,851,883,2082,32229,13.066587743054992,155.35274518325366
POST02311,2025-10-16 18:00:00,Youtube,Text,Seasonal Campaign,Education,18,239683,222247,191145,7643,366,812,967,9788,5.120719872348217,79.74908525010117
POST02312,2025-10-16 21:00:00,Linkedin,Image,Educational Series,Community,15,204727,114868,74386,4369,55,755,639,5818,7.821364235205549,36.334240232113984
POST02313,2025-10-17 00:00:00,Youtube,Reel,Festival Campaign,Promotional,20,116896,243718,217823,10388,182,3450,1697,15717,7.215491477024924,186.3391390637832
POST02314,2025-10-17 03:00:00,Facebook,Image,Seasonal Campaign,Education,22,244768,102794,81528,2894,41,968,771,4674,5.732999705622608,33.308275591580596
POST02315,2025-10-17 06:00:00,Linkedin,Reel,Educational Series,Community,23,310879,195310,109804,8292,189,899,2704,12084,11.005063567811737,35.320494468909125
POST02316,2025-10-17 09:00:00,Instagram,Text,Product Launch,Promotional,13,51293,45198,39458,771,19,208,368,1366,3.4619088651224086,76.92667615464099
POST02317,2025-10-17 12:00:00,Instagram,Reel,Educational Series,Event,3,482701,777068,666281,54755,2902,10671,5691,74019,11.109276716580542,138.03182508426542
POST02318,2025-10-17 15:00:00,Instagram,Carousel,Event Promotion,Brand,17,227267,349772,278872,18379,950,3915,950,24194,8.675664821136579,122.70677221065971
POST02319,2025-10-17 18:00:00,Youtube,Image,Brand Awareness,Community,9,159082,121461,72732,4788,90,787,857,6522,8.96716713413628,45.719817452634494
POST02320,2025-10-17 21:00:00,Youtube,Text,Event Promotion,Event,17,374449,261308,145128,8286,276,809,1265,10636,7.328702938096026,38.75774805113647
POST02321,2025-10-18 00:00:00,Linkedin,Reel,Special Campaign,Education,11,109359,180015,147527,4420,89,1609,1570,7688,5.2112494661994075,134.90156274289268
POST02322,2025-10-18 03:00:00,Facebook,Image,Seasonal Campaign,Brand,18,495152,304493,232431,12448,129,1036,2378,15991,6.879891236539015,46.941343264290566
POST02323,2025-10-18 06:00:00,Facebook,Image,Seasonal Campaign,Community,7,322871,287567,165878,10433,247,819,2486,13985,8.430894995116892,51.37593651953877
POST02324,2025-10-18 09:00:00,Instagram,Carousel,Community Campaign,Education,0,124545,119984,93534,7022,304,1103,1240,9669,10.337417409711977,75.10056606046007
POST02325,2025-10-18 12:00:00,Facebook,Reel,Event Promotion,Brand,13,34787,59265,42310,2172,117,120,555,2964,7.005436067123612,121.62589473079024
POST02326,2025-10-18 15:00:00,Linkedin,Reel,Festival Campaign,Brand,22,486658,398868,227257,20545,679,1601,3285,26110,11.48919505229762,46.69747543449404
POST02327,2025-10-18 18:00:00,Facebook,Reel,Special Campaign,Education,5,399854,535639,333555,32901,1240,3512,6516,44169,13.241894140396637,83.41919800727266
POST02328,2025-10-18 21:00:00,Instagram,Carousel,Product Launch,Education,13,131489,185740,108167,7264,152,412,1911,9739,9.003670250630968,82.26315509282145
POST02329,2025-10-19 00:00:00,Facebook,Reel,Special Campaign,Community,1,164375,137085,117734,6227,133,2183,1715,10258,8.712861195576469,71.62524714828898
POST02330,2025-10-19 03:00:00,Instagram,Image,Community Campaign,Brand,8,217874,186087,128140,2455,96,1265,2456,6272,4.8946464804120495,58.81380981668304
POST02331,2025-10-19 06:00:00,Instagram,Reel,Community Campaign,Community,11,118782,183692,107996,4181,64,1041,2284,7570,7.009518871069299,90.91949958747958
POST02332,2025-10-19 09:00:00,Instagram,Video,Community Campaign,Brand,4,335592,265984,184501,8326,426,1730,3721,14203,7.698061257120557,54.97777062623662
POST02333,2025-10-19 12:00:00,Facebook,Text,Seasonal Campaign,Community,1,89513,75481,46724,2165,55,174,172,2566,5.491824330108724,52.19800475908527
POST02334,2025-10-19 15:00:00,Facebook,Image,Brand Awareness,Education,18,288212,179607,142995,3038,133,618,816,4605,3.2203923214098396,49.61451986731989
POST02335,2025-10-19 18:00:00,Instagram,Image,Educational Series,Education,6,130040,157746,101080,5797,177,462,552,6988,6.913335971507717,77.72992925253767
POST02336,2025-10-19 21:00:00,Instagram,Reel,Festival Campaign,Entertainment,6,138962,243644,181171,8999,485,513,1507,11504,6.349802120648448,130.3744908680071
POST02337,2025-10-20 00:00:00,Youtube,Reel,Special Campaign,Community,9,182299,249850,138183,5824,231,1329,915,8299,6.005803897729822,75.80019638067131
POST02338,2025-10-20 03:00:00,Instagram,Reel,Seasonal Campaign,Entertainment,16,32740,41611,35637,2069,111,123,529,2832,7.946796868423268,108.84850335980451
POST02339,2025-10-20 06:00:00,Instagram,Carousel,Special Campaign,Entertainment,13,370477,680513,498517,36578,1230,3316,3232,44356,8.897590252689477,134.56084993130477
POST02340,2025-10-20 09:00:00,Youtube,Image,Product Launch,Event,10,346889,545941,304259,19844,875,2669,1281,24669,8.107894918474063,87.71076626817224
POST02341,2025-10-20 12:00:00,Facebook,Text,Seasonal Campaign,Brand,19,158863,194314,154171,4612,215,268,796,5891,3.821081785809264,97.04651177429609
POST02342,2025-10-20 15:00:00,Instagram,Image,Brand Awareness,Promotional,5,413701,405490,343667,10289,114,2165,8544,21112,6.143156020217245,83.07134863101612
POST02343,2025-10-20 18:00:00,Instagram,Carousel,Special Campaign,Event,7,196120,269520,220009,7648,416,2818,4654,15536,7.061529301074048,112.18080766877424
POST02344,2025-10-20 21:00:00,Instagram,Image,Seasonal Campaign,Brand,18,443911,331466,217366,11193,323,992,1624,14132,6.5014767718962485,48.96612158743532
POST02345,2025-10-21 00:00:00,Linkedin,Image,Seasonal Campaign,Promotional,18,450657,624970,445989,23869,405,5637,7253,37164,8.332940946974029,98.96417896537722
POST02346,2025-10-21 03:00:00,Facebook,Reel,Event Promotion,Entertainment,23,282481,550621,439462,47279,2147,1567,10503,61496,13.993473838466125,155.57223317674462
POST02347,2025-10-21 06:00:00,Facebook,Image,Product Launch,Promotional,23,150996,121874,87944,5315,140,719,1684,7858,8.93523151096152,58.24260245304511
POST02348,2025-10-21 09:00:00,Instagram,Image,Community Campaign,Education,23,428308,219693,143917,9134,430,1859,3242,14665,10.189901123564276,33.601286924362846
POST02349,2025-10-21 12:00:00,Youtube,Carousel,Product Launch,Education,16,76052,111155,80430,5097,115,175,1461,6848,8.514235981598905,105.7565875979593
POST02350,2025-10-21 15:00:00,Instagram,Text,Product Launch,Community,23,251379,340858,198089,6515,313,1947,3013,11788,5.950860471808126,78.80093404779238
POST02351,2025-10-21 18:00:00,Facebook,Reel,Event Promotion,Brand,23,21471,25925,22637,1269,69,414,208,1960,8.65839112956664,105.43058078338223
POST02352,2025-10-21 21:00:00,Linkedin,Reel,Educational Series,Event,17,71194,62872,39164,1252,49,399,749,2449,6.253191706669391,55.01025367306234
POST02353,2025-10-22 00:00:00,Facebook,Image,Seasonal Campaign,Entertainment,11,457604,668519,426766,31380,938,1559,6467,40344,9.45342412469597,93.26098548089614
POST02354,2025-10-22 03:00:00,Linkedin,Image,Festival Campaign,Brand,8,267279,137932,118374,7236,199,366,1719,9520,8.042306587595249,44.28855241152503
POST02355,2025-10-22 06:00:00,Facebook,Reel,Community Campaign,Entertainment,22,485241,604894,420065,38563,1225,3061,6069,48918,11.645340602049682,86.56832378137874
POST02356,2025-10-22 09:00:00,Instagram,Video,Special Campaign,Education,23,209117,151240,108134,5265,193,910,674,7042,6.5122903064716,51.70980838477981
POST02357,2025-10-22 12:00:00,Linkedin,Text,Educational Series,Event,15,139076,52111,36858,1077,28,314,492,1911,5.184763145043139,26.502056429578076
POST02358,2025-10-22 15:00:00,Instagram,Text,Brand Awareness,Event,17,93392,119893,74976,1863,89,809,1521,4282,5.711160904822877,80.28096624978585
POST02359,2025-10-22 18:00:00,Youtube,Reel,Seasonal Campaign,Education,15,343232,488613,331476,17707,786,903,8135,27531,8.305578684429642,96.57491143016969
POST02360,2025-10-22 21:00:00,Instagram,Video,Community Campaign,Promotional,15,488117,910572,531819,45689,1329,7386,12228,66632,12.529074741594414,108.95318130694076
POST02361,2025-10-23 00:00:00,Instagram,Carousel,Festival Campaign,Event,3,119909,141406,105581,5046,173,1291,2349,8859,8.39071423835728,88.05093862845992
POST02362,2025-10-23 03:00:00,Youtube,Image,Seasonal Campaign,Promotional,22,287808,388166,309446,22490,235,2529,2039,27293,8.819955662700439,107.51820658216589
POST02363,2025-10-23 06:00:00,Instagram,Image,Brand Awareness,Entertainment,21,108859,175891,130161,10735,496,768,989,12988,9.978411352094714,119.56843255954952
POST02364,2025-10-23 09:00:00,Youtube,Video,Event Promotion,Event,6,111991,81221,71312,4061,86,216,276,4639,6.5052165133497875,63.67654543668688
POST02365,2025-10-23 12:00:00,Youtube,Image,Educational Series,Community,0,139805,149073,98663,2765,76,361,1229,4431,4.491045275331178,70.57186795894282
POST02366,2025-10-23 15:00:00,Instagram,Image,Seasonal Campaign,Education,23,418595,270745,155026,3389,46,852,1699,5986,3.8612877839846216,37.03484274776335
POST02367,2025-10-23 18:00:00,Instagram,Image,Community Campaign,Promotional,22,480876,489840,343855,6693,130,1707,7398,15928,4.632185078012534,71.50595995641288
POST02368,2025-10-23 21:00:00,Youtube,Image,Product Launch,Community,19,51536,77495,62528,4238,79,140,760,5217,8.343462128966223,121.32877988202422
POST02369,2025-10-24 00:00:00,Instagram,Reel,Special Campaign,Entertainment,0,156063,134294,81492,9264,139,454,1279,11136,13.665145044912382,52.217373752907484
POST02370,2025-10-24 03:00:00,Facebook,Text,Special Campaign,Entertainment,7,485546,219258,129594,5164,257,1152,3075,9648,7.444789110606973,26.69036507354607
POST02371,2025-10-24 06:00:00,Facebook,Carousel,Special Campaign,Event,22,114754,151810,98394,2972,56,969,1498,5495,5.584690123381507,85.74341635149973
POST02372,2025-10-24 09:00:00,Facebook,Carousel,Festival Campaign,Event,7,398278,342992,209514,18585,556,1651,759,21551,10.286186125986807,52.60496437161982
POST02373,2025-10-24 12:00:00,Facebook,Reel,Seasonal Campaign,Community,9,116649,149146,130374,13710,152,2183,712,16757,12.853022841977696,111.76606743306843
POST02374,2025-10-24 15:00:00,Youtube,Carousel,Special Campaign,Brand,0,383754,396187,298266,18455,984,4652,5977,30068,10.080934467891076,77.72322894354195
POST02375,2025-10-24 18:00:00,Facebook,Reel,Community Campaign,Brand,20,113513,146152,84010,2414,41,1347,2062,5864,6.980121414117367,74.00914432708147
POST02376,2025-10-24 21:00:00,Instagram,Reel,Product Launch,Event,20,310503,978291,592524,48570,2047,4572,13382,68571,11.572695789537638,190.82714176674622
POST02377,2025-10-25 00:00:00,Instagram,Image,Community Campaign,Brand,13,137060,232396,192273,6081,68,2526,3386,12061,6.272851622432688,140.28381730628922
POST02378,2025-10-25 03:00:00,Facebook,Image,Seasonal Campaign,Education,13,462518,232355,199696,6179,323,779,2260,9541,4.777762198541784,43.17583315676362
POST02379,2025-10-25 06:00:00,Youtube,Image,Brand Awareness,Community,9,396353,495596,302369,20821,1039,1156,5078,28094,9.291296396125265,76.28780405345739
POST02380,2025-10-25 09:00:00,Facebook,Reel,Product Launch,Education,18,38043,49786,43369,2990,172,379,333,3874,8.93264774378012,113.99994742791053
POST02381,2025-10-25 12:00:00,Facebook,Image,Product Launch,Brand,15,108059,102401,70085,1972,50,706,1126,3854,5.499036883783977,64.85808678592251
POST02382,2025-10-25 15:00:00,Linkedin,Reel,Community Campaign,Event,8,29070,30920,25817,2600,124,201,575,3500,13.55695859317504,88.80976952184383
POST02383,2025-10-25 18:00:00,Linkedin,Text,Event Promotion,Education,19,223807,140384,107073,4931,230,194,2530,7885,7.364134749189804,47.84166715071468
POST02384,2025-10-25 21:00:00,Youtube,Image,Seasonal Campaign,Entertainment,15,235311,161623,98046,5372,114,1281,1552,8319,8.48479285233462,41.66656042428956
POST02385,2025-10-26 00:00:00,Instagram,Carousel,Special Campaign,Event,19,498019,982843,622695,19925,460,7862,8526,36773,5.90545933402388,125.03438623827606
POST02386,2025-10-26 03:00:00,Youtube,Reel,Event Promotion,Community,7,427349,400397,331322,28144,1149,2090,6266,37649,11.363265946722525,77.5296069488872
POST02387,2025-10-26 06:00:00,Instagram,Reel,Educational Series,Promotional,6,76955,70713,58226,4661,188,542,1225,6616,11.362621509291381,75.66240010395686
POST02388,2025-10-26 09:00:00,Facebook,Text,Special Campaign,Promotional,10,310715,376538,327621,7514,98,569,6295,14476,4.4185201803303205,105.44099898620922
POST02389,2025-10-26 12:00:00,Facebook,Reel,Brand Awareness,Event,20,440207,555240,433319,12972,663,6168,5972,25775,5.948273673667667,98.43528158343689
POST02390,2025-10-26 15:00:00,Facebook,Image,Event Promotion,Brand,5,267275,193686,128924,3643,75,663,983,5364,4.160590735627191,48.23646057431484
POST02391,2025-10-26 18:00:00,Instagram,Carousel,Community Campaign,Education,14,97115,101798,56254,4472,207,175,989,5843,10.386816937462225,57.925140297585344
POST02392,2025-10-26 21:00:00,Instagram,Reel,Seasonal Campaign,Education,18,200813,526670,373814,31232,453,6422,9137,47244,12.638370954538889,186.15029903442505
POST02393,2025-10-27 00:00:00,Youtube,Video,Event Promotion,Event,13,381035,514870,304466,26758,660,4935,7384,39737,13.05137519460301,79.90499560407837
POST02394,2025-10-27 03:00:00,Instagram,Image,Educational Series,Entertainment,14,235611,271586,170686,11532,491,1125,2949,16097,9.430767608356867,72.44398606177131
POST02395,2025-10-27 06:00:00,Linkedin,Reel,Festival Campaign,Community,5,150644,161754,125535,8727,174,1721,1906,12528,9.97968693989724,83.33222697219935
POST02396,2025-10-27 09:00:00,Instagram,Reel,Educational Series,Brand,23,41871,76509,51972,4809,227,663,354,6053,11.646655891633957,124.12409543598196
POST02397,2025-10-27 12:00:00,Instagram,Reel,Product Launch,Entertainment,9,419439,1277377,745054,66695,3407,3619,7460,81181,10.895988747124369,177.63107388678688
POST02398,2025-10-27 15:00:00,Instagram,Video,Special Campaign,Event,13,296341,433711,278733,12752,629,3905,4359,21645,7.765496012312859,94.05819646960765
POST02399,2025-10-27 18:00:00,Facebook,Carousel,Seasonal Campaign,Event,15,94923,127517,101659,8250,115,1059,577,10001,9.837791046537935,107.09627803588171
POST02400,2025-10-27 21:00:00,Facebook,Reel,Product Launch,Entertainment,12,122657,268086,153613,8045,152,2960,2942,14099,9.17825965250337,125.23785841819057
POST02401,2025-10-28 00:00:00,Instagram,Reel,Event Promotion,Promotional,10,112438,310879,228645,9399,105,2011,3465,14980,6.551641190491811,203.35206958501573
POST02402,2025-10-28 03:00:00,Instagram,Carousel,Event Promotion,Event,2,493591,810161,464473,23628,261,1242,10189,35320,7.604317150835463,94.1007838473554
POST02403,2025-10-28 06:00:00,Youtube,Image,Educational Series,Community,7,214268,202366,117258,3921,174,1071,2909,8075,6.886523733988299,54.724923927044635
POST02404,2025-10-28 09:00:00,Instagram,Image,Educational Series,Brand,2,383053,368428,223603,6452,319,1095,2245,10111,4.521853463504515,58.3739064829149
POST02405,2025-10-28 12:00:00,Facebook,Image,Community Campaign,Entertainment,1,382986,313729,213616,12257,570,1630,5137,19594,9.172533892592314,55.7764513585353
POST02406,2025-10-28 15:00:00,Facebook,Reel,Brand Awareness,Promotional,20,361576,583671,503033,32371,1781,9769,8892,52813,10.498913590162076,139.12234219085337
POST02407,2025-10-28 18:00:00,Instagram,Carousel,Community Campaign,Entertainment,13,323669,333811,268283,19476,1100,2913,6296,29785,11.102082502432133,82.88807392737642
POST02408,2025-10-28 21:00:00,Instagram,Text,Product Launch,Promotional,19,298342,203902,123656,3649,38,489,2701,6877,5.561396131202692,41.44773447922183
POST02409,2025-10-29 00:00:00,Linkedin,Reel,Community Campaign,Promotional,20,185596,139986,107510,3864,56,494,461,4875,4.534461910519952,57.926894976184826
POST02410,2025-10-29 03:00:00,Youtube,Image,Educational Series,Community,21,114187,204126,143277,5775,149,672,2239,8835,6.166377017944262,125.47575468310754
POST02411,2025-10-29 06:00:00,Facebook,Image,Seasonal Campaign,Brand,14,118172,69919,62031,2076,78,822,503,3479,5.608486079540874,52.49213011542497
POST02412,2025-10-29 09:00:00,Instagram,Image,Community Campaign,Event,2,497509,253382,169625,7657,171,1714,724,10266,6.052173913043479,34.094860595486715
POST02413,2025-10-29 12:00:00,Youtube,Reel,Festival Campaign,Promotional,0,119499,125296,81174,5290,100,545,495,6430,7.92125557444502,67.92860191298672
POST02414,2025-10-29 15:00:00,Instagram,Video,Special Campaign,Event,14,431731,900141,527711,35748,675,4050,5025,45498,8.621764564316454,122.23143577829714
POST02415,2025-10-29 18:00:00,Youtube,Image,Brand Awareness,Brand,19,388457,668445,551587,11211,462,5548,6688,23909,4.33458366495222,141.99435201322154
POST02416,2025-10-29 21:00:00,Linkedin,Image,Educational Series,Event,21,276840,299915,252328,5588,333,2301,2705,10927,4.330474620335437,91.1457881808987
POST02417,2025-10-30 00:00:00,Instagram,Reel,Seasonal Campaign,Community,1,304171,322262,233566,12109,610,2439,2972,18130,7.762259917967512,76.78772795565652
POST02418,2025-10-30 03:00:00,Instagram,Reel,Event Promotion,Community,17,295936,710328,531946,51323,1892,10154,6601,69970,13.153590778011301,179.75035142733563
POST02419,2025-10-30 06:00:00,Instagram,Reel,Special Campaign,Education,0,275519,183855,104092,4939,92,1282,954,7267,6.981324213196019,37.78033456857785
POST02420,2025-10-30 09:00:00,Instagram,Carousel,Community Campaign,Community,8,363457,691294,512822,29905,1154,1597,11027,43683,8.518160297335138,141.09564542710694
POST02421,2025-10-30 12:00:00,Instagram,Reel,Educational Series,Promotional,2,105330,68671,48287,3806,73,552,381,4812,9.965415122082549,45.84353935251115
POST02422,2025-10-30 15:00:00,Instagram,Carousel,Event Promotion,Brand,1,314688,410157,293287,13696,271,677,1217,15861,5.408013311193473,93.19929581045353
POST02423,2025-10-30 18:00:00,Facebook,Image,Event Promotion,Community,3,235359,92623,58188,1436,43,266,913,2658,4.567952155083523,24.7230826099703
POST02424,2025-10-30 21:00:00,Youtube,Image,Product Launch,Entertainment,15,105263,193341,127846,10727,239,954,2663,14583,11.406692426826025,121.45388218082327
POST02425,2025-10-31 00:00:00,Instagram,Image,Product Launch,Brand,21,395473,374352,256321,11955,552,2322,3847,18676,7.286176317976288,64.8137799546366
POST02426,2025-10-31 03:00:00,Linkedin,Image,Seasonal Campaign,Promotional,0,174737,58902,42591,3110,159,530,209,4008,9.410438825103896,24.374345444868574
POST02427,2025-10-31 06:00:00,Instagram,Reel,Educational Series,Brand,8,313270,580489,448234,24264,1355,6585,8373,40577,9.052637684780718,143.08232515082835
POST02428,2025-10-31 09:00:00,Linkedin,Reel,Special Campaign,Community,7,170553,115046,93235,4203,168,684,699,5754,6.171502118303213,54.66629141674435
POST02429,2025-10-31 12:00:00,Instagram,Carousel,Seasonal Campaign,Entertainment,5,242444,385389,346067,14823,179,2806,7945,25753,7.441622575975172,142.74100410816519
POST02430,2025-10-31 15:00:00,Linkedin,Carousel,Educational Series,Education,19,381781,433112,329405,15803,216,2168,4658,22845,6.935231705651098,86.28114023484667
POST02431,2025-10-31 18:00:00,Facebook,Reel,Festival Campaign,Promotional,17,280779,392309,252294,24981,789,4104,3220,33094,13.11723624025938,89.85501052429134
POST02432,2025-10-31 21:00:00,Facebook,Image,Brand Awareness,Promotional,15,147208,98928,77394,4648,100,854,1306,6908,8.925756518593172,52.57458833759034
POST02433,2025-11-01 00:00:00,Linkedin,Reel,Brand Awareness,Brand,7,43549,57701,44712,3601,130,752,599,5082,11.366076221148685,102.6705550070036
POST02434,2025-11-01 03:00:00,Instagram,Reel,Special Campaign,Event,22,219944,521618,362946,32315,1626,1845,9018,44804,12.344536101789247,165.01745898956096
POST02435,2025-11-01 06:00:00,Linkedin,Reel,Educational Series,Event,3,486909,367607,222107,21697,1218,3138,3534,29587,13.321056968037928,45.61571053317971
POST02436,2025-11-01 09:00:00,Instagram,Video,Product Launch,Entertainment,2,203308,231359,145838,9309,392,602,2521,12824,8.79331861380436,71.7325437267594
POST02437,2025-11-01 12:00:00,Instagram,Reel,Special Campaign,Education,14,215055,297835,205373,18051,240,1951,3479,23721,11.55020377556933,95.49789588709865
POST02438,2025-11-01 15:00:00,Instagram,Reel,Community Campaign,Education,5,56155,47207,30674,2251,122,424,517,3314,10.803938188694008,54.623809099813016
POST02439,2025-11-01 18:00:00,Youtube,Reel,Seasonal Campaign,Brand,0,57481,69326,59866,2094,120,338,548,3100,5.178231383422978,104.14919712600685
POST02440,2025-11-01 21:00:00,Instagram,Reel,Festival Campaign,Brand,17,254477,562303,314723,23873,951,5398,2975,33197,10.548005706605492,123.67443816140555
POST02441,2025-11-02 00:00:00,Youtube,Carousel,Brand Awareness,Event,22,87967,128106,75249,2444,104,814,835,4197,5.577482757245943,85.54230563734127
POST02442,2025-11-02 03:00:00,Youtube,Reel,Educational Series,Community,10,381464,746817,505903,18216,763,4664,2705,26348,5.208113017712882,132.62142692364154
POST02443,2025-11-02 06:00:00,Facebook,Reel,Product Launch,Education,2,364705,345966,262276,21598,1186,3313,6246,32343,12.331665878692675,71.91456108361552
POST02444,2025-11-02 09:00:00,Facebook,Carousel,Product Launch,Community,12,302590,329171,293825,26095,338,3018,2309,31760,10.809155109333787,97.10334115469777
POST02445,2025-11-02 12:00:00,Youtube,Reel,Product Launch,Education,16,290651,536182,421022,40006,668,3810,3031,47515,11.285633529839295,144.85482589084504
POST02446,2025-11-02 15:00:00,Instagram,Carousel,Seasonal Campaign,Community,17,145183,248355,198689,17607,821,1207,1093,20728,10.432384278948508,136.85417714195188
POST02447,2025-11-02 18:00:00,Instagram,Image,Community Campaign,Community,13,53208,84126,49013,3599,210,635,595,5039,10.280945871503478,92.1158472410164
POST02448,2025-11-02 21:00:00,Instagram,Reel,Event Promotion,Education,6,37522,29292,22747,925,9,306,358,1598,7.025102211280608,60.62310111401311
POST02449,2025-11-03 00:00:00,Instagram,Carousel,Special Campaign,Entertainment,6,329546,547304,459968,38926,1805,3403,6966,51100,11.109468484764157,139.5762655289398
POST02450,2025-11-03 03:00:00,Instagram,Reel,Seasonal Campaign,Entertainment,13,438706,811397,598794,29177,659,8285,9241,47362,7.9095648920997865,136.4909529388702
POST02451,2025-11-03 06:00:00,Instagram,Image,Community Campaign,Brand,23,189083,134349,84682,2408,52,1038,773,4271,5.043574785668737,44.78562324481841
POST02452,2025-11-03 09:00:00,Linkedin,Image,Product Launch,Community,14,448287,539590,364950,14763,457,4198,3507,22925,6.281682422249624,81.40990035401428
POST02453,2025-11-03 12:00:00,Youtube,Reel,Educational Series,Community,11,460970,535366,303204,9972,489,4923,3257,18641,6.148005962982019,65.77521313751437
POST02454,2025-11-03 15:00:00,Instagram,Carousel,Special Campaign,Community,11,247021,547868,473564,32911,1227,2341,9059,45538,9.616018109484674,191.71001655729677
POST02455,2025-11-03 18:00:00,Youtube,Video,Festival Campaign,Community,7,65102,76660,57215,5129,76,690,195,6090,10.644061871886743,87.88516481828516
POST02456,2025-11-03 21:00:00,Instagram,Text,Community Campaign,Community,15,34040,32991,23689,1282,68,219,249,1818,7.674448056059775,69.59165687426557
POST02457,2025-11-04 00:00:00,Youtube,Carousel,Educational Series,Event,8,386398,557308,432948,23807,1154,5062,5811,35834,8.276744551308703,112.04716380519568
POST02458,2025-11-04 03:00:00,Facebook,Image,Seasonal Campaign,Promotional,1,420262,261181,173406,10719,428,2129,3236,16512,9.522161862911318,41.26140360061105
POST02459,2025-11-04 06:00:00,Youtube,Reel,Seasonal Campaign,Community,13,452590,1083241,875109,67473,2166,3355,20978,93972,10.738319455062168,193.35579663713293
POST02460,2025-11-04 09:00:00,Youtube,Reel,Special Campaign,Event,23,318333,617652,371326,18465,350,6555,6357,31727,8.544244141266704,116.6470331382546
POST02461,2025-11-04 12:00:00,Linkedin,Image,Product Launch,Entertainment,23,131738,174663,120638,6024,277,1092,968,8361,6.930652033355991,91.57418512502088
POST02462,2025-11-04 15:00:00,Linkedin,Image,Festival Campaign,Community,15,366142,243354,214596,15273,743,2184,2877,21077,9.821711495088445,58.61004746792228
POST02463,2025-11-04 18:00:00,Facebook,Text,Brand Awareness,Entertainment,4,255479,93902,70401,3451,197,446,465,4559,6.475760287495916,27.556472351934993
POST02464,2025-11-04 21:00:00,Youtube,Image,Brand Awareness,Brand,4,106070,73271,63141,1598,58,732,809,3197,5.063271091683692,59.527670406335446
POST02465,2025-11-05 00:00:00,Facebook,Image,Seasonal Campaign,Promotional,19,186040,263671,221269,5098,231,908,4003,10240,4.627851167583349,118.93625026875941
POST02466,2025-11-05 03:00:00,Instagram,Image,Educational Series,Education,20,172007,191214,152267,9703,372,1439,3680,15194,9.978524565401564,88.52372287174359
POST02467,2025-11-05 06:00:00,Instagram,Video,Festival Campaign,Promotional,17,337725,402720,250374,14999,661,2670,4571,22901,9.146716512097901,74.13546524539197
POST02468,2025-11-05 09:00:00,Instagram,Carousel,Educational Series,Community,17,388675,238590,142218,7715,264,874,795,9648,6.783951398557145,36.59046761433074
POST02469,2025-11-05 12:00:00,Youtube,Carousel,Festival Campaign,Community,4,291153,254676,199613,7169,229,1378,4663,13439,6.732527440597556,68.55948590603566
POST02470,2025-11-05 15:00:00,Youtube,Reel,Festival Campaign,Promotional,10,460205,993135,726347,36260,1584,7213,7215,52272,7.196560321719509,157.83118392890125
POST02471,2025-11-05 18:00:00,Instagram,Video,Seasonal Campaign,Promotional,12,460092,525484,415124,28011,1500,1543,7197,38251,9.214355228799105,90.22630256557385
POST02472,2025-11-05 21:00:00,Linkedin,Reel,Educational Series,Brand,2,218554,136178,111082,6113,102,1132,1004,8351,7.517869681856647,50.82588284817482
POST02473,2025-11-06 00:00:00,Linkedin,Video,Seasonal Campaign,Entertainment,16,449940,262101,159680,13752,477,2498,3413,20140,12.612725450901804,35.4891763346224
POST02474,2025-11-06 03:00:00,Facebook,Image,Special Campaign,Education,17,130847,123998,95503,4615,201,971,1394,7181,7.5191355245384965,72.9882993114095
POST02475,2025-11-06 06:00:00,Youtube,Image,Festival Campaign,Promotional,13,71377,127231,96892,6892,270,1233,2140,10535,10.872930685711927,135.7468091962397
POST02476,2025-11-06 09:00:00,Linkedin,Image,Community Campaign,Education,11,88861,70238,39150,1738,61,297,328,2424,6.1915708812260535,44.05757306354869
POST02477,2025-11-06 12:00:00,Instagram,Carousel,Product Launch,Promotional,13,159771,144059,94087,2618,132,469,1882,5101,5.421577901304112,58.888659393757315
POST02478,2025-11-06 15:00:00,Facebook,Reel,Special Campaign,Entertainment,17,416961,423467,265596,22825,689,2073,5042,30629,11.532176689407974,63.69804370192895
POST02479,2025-11-06 18:00:00,Instagram,Video,Festival Campaign,Education,19,130612,231401,160814,13146,662,503,1196,15507,9.642817167659532,123.12344960646801
POST02480,2025-11-06 21:00:00,Facebook,Image,Community Campaign,Event,1,326981,249523,179345,8380,456,2055,2503,13394,7.468287379073852,54.84875267981931
POST02481,2025-11-07 00:00:00,Instagram,Reel,Festival Campaign,Entertainment,6,444010,857074,714404,75541,982,4079,11375,91977,12.874647958298105,160.89817796896466
POST02482,2025-11-07 03:00:00,Linkedin,Reel,Community Campaign,Education,14,172270,273275,190353,18717,898,719,1908,22242,11.684607019589919,110.49689440993788
POST02483,2025-11-07 06:00:00,Linkedin,Image,Educational Series,Promotional,9,208875,222289,196856,8681,97,1817,1550,12145,6.169484293087333,94.2458408138839
POST02484,2025-11-07 09:00:00,Instagram,Image,Brand Awareness,Promotional,14,402935,299618,267490,10056,207,2112,6447,18822,7.036524729896445,66.38539714842344
POST02485,2025-11-07 12:00:00,Youtube,Image,Event Promotion,Entertainment,16,426705,320379,209865,5360,256,2273,3392,11281,5.375360350701641,49.18269061763982
POST02486,2025-11-07 15:00:00,Linkedin,Carousel,Special Campaign,Entertainment,10,70557,70399,58837,4715,181,843,884,6623,11.256522256403285,83.389316439191
POST02487,2025-11-07 18:00:00,Youtube,Image,Festival Campaign,Promotional,1,474655,392041,318098,12708,195,626,7753,21282,6.690391011575049,67.0166752694062
POST02488,2025-11-07 21:00:00,Linkedin,Text,Event Promotion,Education,20,304618,248920,220709,5228,175,740,3510,9653,4.373632248798192,72.45435266464884
POST02489,2025-11-08 00:00:00,Youtube,Image,Festival Campaign,Event,17,76439,109688,92394,3211,185,997,1260,5653,6.118362664242267,120.87285286306728
POST02490,2025-11-08 03:00:00,Instagram,Video,Educational Series,Brand,3,235028,153307,92604,5531,219,1011,1062,7823,8.447799231134724,39.40126282825876
POST02491,2025-11-08 06:00:00,Instagram,Reel,Educational Series,Entertainment,8,206258,430037,353972,16048,849,5846,2167,24910,7.037279784841739,171.6161312530908
POST02492,2025-11-08 09:00:00,Instagram,Image,Community Campaign,Promotional,16,88213,104932,65347,4112,200,217,1186,5715,8.745619538769951,74.07865053903619
POST02493,2025-11-08 12:00:00,Facebook,Reel,Festival Campaign,Education,16,337440,574866,487669,35993,1973,6053,3264,47283,9.695715741619829,144.52021100047418
POST02494,2025-11-08 15:00:00,Instagram,Image,Educational Series,Entertainment,16,185584,236727,194123,6809,398,2491,2934,12632,6.507214498024448,104.60115096128976
POST02495,2025-11-08 18:00:00,Youtube,Video,Educational Series,Education,15,358855,467894,286131,20764,655,3643,4134,29196,10.203717877475702,79.73443312758634
POST02496,2025-11-08 21:00:00,Youtube,Reel,Festival Campaign,Entertainment,19,389871,641847,505998,60067,851,5781,1650,68349,13.507760900240712,129.78600614049262
POST02497,2025-11-09 00:00:00,Youtube,Reel,Community Campaign,Promotional,7,21177,38127,30500,1491,16,155,145,1807,5.924590163934426,144.02417717334842
POST02498,2025-11-09 03:00:00,Linkedin,Video,Community Campaign,Education,22,20761,10364,8954,591,17,25,132,765,8.543667634576725,43.12894369250036
POST02499,2025-11-09 06:00:00,Linkedin,Reel,Community Campaign,Promotional,14,254154,363989,229806,22797,1140,1056,2242,27235,11.851300662297765,90.41998158596756
POST02500,2025-11-09 09:00:00,Youtube,Carousel,Community Campaign,Education,0,288602,138546,91291,4125,97,473,2022,6717,7.3577899245270615,31.632143921386547
POST02501,2025-11-09 12:00:00,Facebook,Image,Brand Awareness,Entertainment,18,472914,339361,299207,19154,539,3524,5503,28720,9.598705912629049,63.268797286610244
POST02502,2025-11-09 15:00:00,Facebook,Video,Festival Campaign,Brand,14,336919,274711,166529,9801,226,1891,2180,14098,8.46579274480721,49.4270136145483
POST02503,2025-11-09 18:00:00,Youtube,Reel,Seasonal Campaign,Brand,8,204938,157377,101034,2798,62,1495,426,4781,4.732070392145219,49.299788228635
POST02504,2025-11-09 21:00:00,Linkedin,Reel,Brand Awareness,Event,4,171182,120603,76961,4191,67,1162,269,5689,7.3920557165317495,44.958582093911744
POST02505,2025-11-10 00:00:00,Instagram,Image,Educational Series,Event,15,113789,172717,98627,2643,134,760,1382,4919,4.987478073955407,86.6753376864196
POST02506,2025-11-10 03:00:00,Instagram,Text,Brand Awareness,Community,12,497069,442605,282896,16805,340,1827,902,19874,7.025196538657316,56.912822968239816
POST02507,2025-11-10 06:00:00,Linkedin,Image,Special Campaign,Promotional,15,408192,392178,296903,17950,810,2895,4348,26003,8.75807923800029,72.73611437754782
POST02508,2025-11-10 09:00:00,Youtube,Reel,Seasonal Campaign,Education,21,138249,153907,106286,7250,380,547,2518,10695,10.062472950341531,76.88012209853235
POST02509,2025-11-10 12:00:00,Facebook,Carousel,Seasonal Campaign,Event,10,474662,523891,454300,15093,438,6516,7354,29401,6.4717147259520145,95.71021063409331
POST02510,2025-11-10 15:00:00,Linkedin,Text,Seasonal Campaign,Entertainment,12,310577,178694,117126,4118,171,1235,847,6371,5.439441285453272,37.71238694430045
POST02511,2025-11-10 18:00:00,Instagram,Video,Community Campaign,Brand,5,92715,72765,51772,3322,90,838,591,4841,9.350614231630997,55.839939599849
POST02512,2025-11-10 21:00:00,Linkedin,Text,Educational Series,Education,19,296993,115731,102291,5518,177,754,2422,8871,8.672317212658005,34.44222591104841
POST02513,2025-11-11 00:00:00,Youtube,Reel,Brand Awareness,Community,16,277969,360109,203914,15093,211,3776,1740,20820,10.210186647312103,73.35853998107703
POST02514,2025-11-11 03:00:00,Youtube,Reel,Brand Awareness,Brand,4,352124,217352,162349,5677,78,2619,1662,10036,6.181744266980394,46.10563324283491
POST02515,2025-11-11 06:00:00,Facebook,Carousel,Special Campaign,Education,16,350644,447345,376939,27236,1054,5892,5784,39966,10.602776576581356,107.49905887452802
POST02516,2025-11-11 09:00:00,Linkedin,Video,Festival Campaign,Event,0,455206,393000,349409,36885,1464,2321,5956,46626,13.344246999934176,76.75843464277712
POST02517,2025-11-11 12:00:00,Instagram,Reel,Brand Awareness,Event,4,342035,589234,348655,28500,1103,2379,3200,35182,10.090777416070328,101.93547443975032
POST02518,2025-11-11 15:00:00,Youtube,Reel,Special Campaign,Promotional,4,342010,638186,505186,22021,735,8224,1686,32666,6.46613326576746,147.71088564661852
POST02519,2025-11-11 18:00:00,Facebook,Video,Educational Series,Community,6,491563,577372,337560,23675,969,4453,2457,31554,9.34767152506221,68.67075023954203
POST02520,2025-11-11 21:00:00,Facebook,Reel,Community Campaign,Education,15,488819,719590,483532,35883,1957,6805,3793,48438,10.017537619020043,98.91841356412087
POST02521,2025-11-12 00:00:00,Facebook,Image,Festival Campaign,Community,17,191064,109913,80394,6138,199,499,600,7436,9.249446476105181,42.077000376837084
POST02522,2025-11-12 03:00:00,Instagram,Image,Special Campaign,Entertainment,5,405613,587279,450910,29072,1413,4590,6765,41840,9.279013550375907,111.16754147426242
POST02523,2025-11-12 06:00:00,Instagram,Image,Brand Awareness,Community,1,216169,145840,102376,6417,220,1284,2029,9950,9.719074783152301,47.359242074488016
POST02524,2025-11-12 09:00:00,Instagram,Carousel,Festival Campaign,Event,12,96008,160740,109530,9487,386,1383,1060,12316,11.24440792476947,114.08424297975168
POST02525,2025-11-12 12:00:00,Facebook,Image,Event Promotion,Promotional,9,231734,256034,223977,5909,78,1241,5178,12406,5.538961589806096,96.65262758162376
POST02526,2025-11-12 15:00:00,Instagram,Carousel,Festival Campaign,Event,20,285245,765747,634723,18234,930,8128,6128,33420,5.265288952818788,222.51853669652405
POST02527,2025-11-12 18:00:00,Instagram,Image,Seasonal Campaign,Brand,19,309134,610520,530677,15653,888,6836,5303,28680,5.404417376294808,171.66568543091344
POST02528,2025-11-12 21:00:00,Linkedin,Image,Community Campaign,Event,10,89214,45245,35244,1698,81,74,363,2216,6.287595051639995,39.505010424372855
POST02529,2025-11-13 00:00:00,Instagram,Carousel,Seasonal Campaign,Education,20,316755,424829,254069,5956,130,803,3179,10068,3.962703045235743,80.20994143738852
POST02530,2025-11-13 03:00:00,Linkedin,Reel,Event Promotion,Promotional,1,474711,553047,330909,28128,608,6227,8242,43205,13.056459630895503,69.70746412027529
POST02531,2025-11-13 06:00:00,Facebook,Reel,Seasonal Campaign,Education,7,116265,151128,106593,5986,173,313,502,6974,6.542643513176287,91.6810734098826
POST02532,2025-11-13 09:00:00,Facebook,Reel,Event Promotion,Entertainment,23,464306,339689,285734,35262,1659,996,6559,44476,15.56552597870747,61.540018866867975
POST02533,2025-11-13 12:00:00,Instagram,Reel,Festival Campaign,Entertainment,21,276146,677635,380725,34489,1004,3477,2429,41399,10.873727756254514,137.87090886704857
POST02534,2025-11-13 15:00:00,Instagram,Image,Educational Series,Event,18,35958,64732,48085,1289,55,202,558,2104,4.3755849017365085,133.72545747816898
POST02535,2025-11-13 18:00:00,Facebook,Video,Community Campaign,Promotional,19,371930,657740,396923,15321,820,5840,1472,23453,5.908702695485019,106.7198128680128
POST02536,2025-11-13 21:00:00,Facebook,Carousel,Educational Series,Community,16,223691,177989,145099,11750,438,1622,1143,14953,10.305377707634097,64.8658193668945
POST02537,2025-11-14 00:00:00,Facebook,Video,Community Campaign,Promotional,15,216328,286338,159432,9061,180,903,1033,11177,7.0105123187314975,73.6991975148848
POST02538,2025-11-14 03:00:00,Instagram,Image,Special Campaign,Promotional,9,238364,327791,290606,10567,536,1679,3948,16730,5.756935507181544,121.91690020305079
POST02539,2025-11-14 06:00:00,Facebook,Image,Community Campaign,Promotional,4,87002,82315,47251,1059,41,297,215,1612,3.411568009142664,54.3102457414772
POST02540,2025-11-14 09:00:00,Facebook,Image,Seasonal Campaign,Event,13,69887,78958,57502,3991,43,638,1168,5840,10.15616848109631,82.27853534992202
POST02541,2025-11-14 12:00:00,Facebook,Reel,Seasonal Campaign,Education,23,282483,274893,231744,17645,704,3903,1846,24098,10.398543220104942,82.03821114898949
POST02542,2025-11-14 15:00:00,Facebook,Reel,Educational Series,Event,18,130083,260119,156367,9317,105,2102,1861,13385,8.559990279278876,120.20556106485859
POST02543,2025-11-14 18:00:00,Facebook,Image,Product Launch,Community,3,332672,144021,118771,4697,56,547,2141,7441,6.2649973478374354,35.70213303193536
POST02544,2025-11-14 21:00:00,Facebook,Text,Special Campaign,Education,19,368783,445126,324226,15346,615,1160,1811,18932,5.839136898336346,87.91782701480274
POST02545,2025-11-15 00:00:00,Instagram,Reel,Event Promotion,Community,15,102624,204780,161088,5454,315,2100,3842,11711,7.26993941199841,156.9691300280636
POST02546,2025-11-15 03:00:00,Youtube,Reel,Seasonal Campaign,Brand,23,351404,703645,468212,37869,687,4491,11348,54395,11.617600574098914,133.24037290412176
POST02547,2025-11-15 06:00:00,Instagram,Video,Special Campaign,Brand,14,388637,508044,414805,33239,1959,2786,2493,40477,9.758079097407215,106.73327552446112
POST02548,2025-11-15 09:00:00,Youtube,Reel,Seasonal Campaign,Education,8,73570,116081,71502,2714,108,837,355,4014,5.613828983804649,97.18907163245888
POST02549,2025-11-15 12:00:00,Youtube,Video,Seasonal Campaign,Event,2,41643,64133,56136,2645,127,965,1134,4871,8.677141228445205,134.80296808587278
POST02550,2025-11-15 15:00:00,Instagram,Carousel,Festival Campaign,Community,22,80252,135871,91087,2642,122,1199,1164,5127,5.628684664112332,113.5012211533669
POST02551,2025-11-15 18:00:00,Instagram,Text,Educational Series,Community,8,373724,220619,150192,8970,126,1114,597,10807,7.1954564823692335,40.18794618488511
POST02552,2025-11-15 21:00:00,Instagram,Image,Educational Series,Entertainment,17,161406,138714,98266,3137,109,253,2122,5621,5.720188060977347,60.88125596322318
POST02553,2025-11-16 00:00:00,Facebook,Carousel,Seasonal Campaign,Community,3,118856,104814,89943,6272,367,762,869,8270,9.194712206619748,75.67392474927644
POST02554,2025-11-16 03:00:00,Linkedin,Image,Festival Campaign,Event,18,383939,397284,335380,17726,234,2439,5039,25438,7.584829149024987,87.35241796222837
POST02555,2025-11-16 06:00:00,Instagram,Carousel,Seasonal Campaign,Entertainment,23,82977,150619,88580,8872,233,1226,599,10930,12.339128471438247,106.75247357701532
POST02556,2025-11-16 09:00:00,Linkedin,Image,Event Promotion,Event,3,282933,162438,123565,7566,410,1015,2506,11497,9.304414680532513,43.67288368624374
POST02557,2025-11-16 12:00:00,Youtube,Reel,Festival Campaign,Promotional,8,316085,667793,548042,44450,1055,6882,5551,57938,10.571817488440667,173.38437445623805
POST02558,2025-11-16 15:00:00,Instagram,Image,Seasonal Campaign,Community,0,20552,18095,12600,414,8,144,47,613,4.865079365079366,61.30790190735694
POST02559,2025-11-16 18:00:00,Instagram,Image,Community Campaign,Promotional,0,301950,145620,103762,2535,92,749,1182,4558,4.3927449355255295,34.36396754429541
POST02560,2025-11-16 21:00:00,Youtube,Video,Product Launch,Brand,19,56979,56033,49706,1439,64,639,735,2877,5.788033637790206,87.2356482212745
POST02561,2025-11-17 00:00:00,Facebook,Carousel,Community Campaign,Brand,18,159895,218323,176033,12885,170,2734,2113,17902,10.169684093323411,110.09287344820038
POST02562,2025-11-17 03:00:00,Facebook,Carousel,Product Launch,Education,2,51980,43701,30795,1115,32,305,290,1742,5.656762461438545,59.24393997691419
POST02563,2025-11-17 06:00:00,Instagram,Reel,Festival Campaign,Community,9,20860,43407,26405,1548,87,441,235,2311,8.752130278356372,126.58197507190796
POST02564,2025-11-17 09:00:00,Instagram,Carousel,Community Campaign,Entertainment,11,20290,42800,26344,1304,32,120,568,2024,7.682963862739143,129.83735830458355
POST02565,2025-11-17 12:00:00,Youtube,Image,Event Promotion,Promotional,17,324561,292496,209465,11877,131,503,1442,13953,6.6612560570978445,64.53794510122904
POST02566,2025-11-17 15:00:00,Instagram,Video,Special Campaign,Event,13,99880,286183,202858,10184,541,1876,1363,13964,6.883632886058227,203.1017220664798
POST02567,2025-11-17 18:00:00,Instagram,Text,Community Campaign,Community,9,419086,636829,481872,12022,198,4843,2894,19957,4.141556263904107,114.98165054427969
POST02568,2025-11-17 21:00:00,Instagram,Reel,Educational Series,Education,9,53397,39719,34634,928,16,437,146,1527,4.4089622913899635,64.86132179710471
POST02569,2025-11-18 00:00:00,Facebook,Video,Special Campaign,Event,17,125311,209445,119372,3905,183,1353,1339,6780,5.679723888349026,95.26059164797984
POST02570,2025-11-18 03:00:00,Linkedin,Reel,Special Campaign,Promotional,23,298330,387671,237825,20858,1086,4269,4431,30644,12.885104593713864,79.71876780746153
POST02571,2025-11-18 06:00:00,Youtube,Image,Product Launch,Community,0,255319,246201,188448,13496,803,356,4050,18705,9.925815078960774,73.80884305515845
POST02572,2025-11-18 09:00:00,Linkedin,Image,Product Launch,Promotional,14,135162,143386,128479,4027,159,857,2967,8010,6.23448189976572,95.05556295408472
POST02573,2025-11-18 12:00:00,Instagram,Reel,Seasonal Campaign,Community,7,172088,378156,310766,12817,762,3831,2682,20092,6.465314738420548,180.58551438798753
POST02574,2025-11-18 15:00:00,Youtube,Carousel,Event Promotion,Community,2,351760,525272,378814,17500,833,5698,2142,26173,6.909195541875432,107.69103934500797
POST02575,2025-11-18 18:00:00,Instagram,Reel,Product Launch,Promotional,17,98508,184778,155730,13356,442,1831,2188,17817,11.44095549990368,158.08868315263734
POST02576,2025-11-18 21:00:00,Facebook,Reel,Product Launch,Promotional,8,87296,78908,51219,4496,77,228,513,5314,10.375056131513697,58.67279142228738
POST02577,2025-11-19 00:00:00,Linkedin,Image,Seasonal Campaign,Event,15,162346,142443,119388,4873,90,599,806,6368,5.333869400609776,73.53923102509455
POST02578,2025-11-19 03:00:00,Facebook,Carousel,Event Promotion,Education,20,43304,29569,17286,1054,57,107,292,1510,8.735392803424737,39.9177905043414
POST02579,2025-11-19 06:00:00,Instagram,Text,Community Campaign,Promotional,14,228774,278291,196921,8896,348,1952,3930,15126,7.681252888214056,86.07665206710553
POST02580,2025-11-19 09:00:00,Facebook,Carousel,Festival Campaign,Brand,4,220006,234657,198958,5358,157,1238,1827,8580,4.312467958061501,90.43298819123115
POST02581,2025-11-19 12:00:00,Instagram,Carousel,Community Campaign,Education,12,378305,438193,358098,26222,1095,2821,4191,34329,9.58648191277248,94.65854271024702
POST02582,2025-11-19 15:00:00,Linkedin,Image,Educational Series,Brand,21,198770,93188,53209,1109,31,324,477,1941,3.64787911819429,26.769130150425113
POST02583,2025-11-19 18:00:00,Youtube,Reel,Educational Series,Event,19,227123,485571,334360,16078,956,6274,4802,28110,8.407106113171432,147.21538549596474
POST02584,2025-11-19 21:00:00,Youtube,Reel,Product Launch,Promotional,6,296849,404032,328573,35062,442,3529,8115,47148,14.349322677152413,110.68691489612563
POST02585,2025-11-20 00:00:00,Youtube,Image,Special Campaign,Education,15,187401,133084,119367,4153,61,413,2984,7611,6.376134107416623,63.69603150463444
POST02586,2025-11-20 03:00:00,Facebook,Carousel,Educational Series,Promotional,6,210808,212677,154533,12056,356,2371,1888,16671,10.7879870318961,73.30509278585254
POST02587,2025-11-20 06:00:00,Instagram,Image,Festival Campaign,Community,21,335140,792770,682690,31953,1482,9163,11698,54296,7.953243785612796,203.70293011875634
POST02588,2025-11-20 09:00:00,Facebook,Carousel,Product Launch,Promotional,15,292751,390683,226633,18063,287,1893,4068,24311,10.727034456588406,77.41493624274554
POST02589,2025-11-20 12:00:00,Instagram,Image,Seasonal Campaign,Education,12,204028,242053,216533,13994,389,1258,2725,18366,8.481848032401528,106.12906071715646
POST02590,2025-11-20 15:00:00,Facebook,Reel,Educational Series,Promotional,16,312150,360826,224732,12581,301,690,2305,15877,7.064859477066017,71.99487425917027
POST02591,2025-11-20 18:00:00,Facebook,Reel,Special Campaign,Promotional,8,360698,286881,208689,14306,540,1864,1797,18507,8.868220174518063,57.856988394723565
POST02592,2025-11-20 21:00:00,Facebook,Video,Seasonal Campaign,Entertainment,11,226424,428670,362608,27422,908,6490,5174,39994,11.029541543484976,160.14556760767408
POST02593,2025-11-21 00:00:00,Youtube,Carousel,Brand Awareness,Entertainment,12,398340,658454,401046,20300,388,5331,2386,28405,7.082728664542222,100.67931917457449
POST02594,2025-11-21 03:00:00,Youtube,Video,Brand Awareness,Education,8,433710,717501,632382,55722,1214,3266,12672,72874,11.523730909481927,145.80756726845127
POST02595,2025-11-21 06:00:00,Instagram,Reel,Brand Awareness,Education,4,172309,283352,160821,12330,582,1390,1613,15915,9.896095659148992,93.33290774132517
POST02596,2025-11-21 09:00:00,Facebook,Text,Seasonal Campaign,Community,6,223439,135302,75251,4090,103,196,387,4776,6.346759511501508,33.67854313705307
POST02597,2025-11-21 12:00:00,Instagram,Reel,Brand Awareness,Community,0,323107,607739,439495,21394,563,7528,4984,34469,7.842865106542736,136.0215037123925
POST02598,2025-11-21 15:00:00,Youtube,Reel,Community Campaign,Promotional,3,443757,764417,577083,43655,722,10174,9262,63813,11.05785476265979,130.0448218281627
POST02599,2025-11-21 18:00:00,Instagram,Text,Brand Awareness,Brand,3,23447,18039,12412,601,6,114,107,828,6.670963583628746,52.93640977523777
POST02600,2025-11-21 21:00:00,Instagram,Reel,Product Launch,Education,15,222192,296406,256260,12160,719,724,1699,15302,5.971279169593382,115.33268524519336
POST02601,2025-11-22 00:00:00,Facebook,Carousel,Event Promotion,Promotional,4,47156,48380,36596,2718,65,182,430,3395,9.276970160673297,77.60624310798202
POST02602,2025-11-22 03:00:00,Instagram,Reel,Community Campaign,Brand,21,187631,284437,237347,11898,656,1354,2125,16033,6.755088541249732,126.49668764756356
POST02603,2025-11-22 06:00:00,Facebook,Image,Special Campaign,Entertainment,3,172537,159164,141565,9566,482,859,2414,13321,9.409811747253912,82.04906773619571
POST02604,2025-11-22 09:00:00,Instagram,Text,Event Promotion,Community,5,62120,26131,18743,682,12,193,147,1034,5.5167262444646,30.172247263361236
POST02605,2025-11-22 12:00:00,Instagram,Reel,Product Launch,Education,22,364897,659136,455049,22957,1257,7881,8045,40140,8.821028065109472,124.70614995464473
POST02606,2025-11-22 15:00:00,Youtube,Carousel,Special Campaign,Promotional,2,30190,44643,27108,1237,26,99,386,1748,6.448280950272982,89.7913216296787
POST02607,2025-11-22 18:00:00,Instagram,Reel,Product Launch,Entertainment,7,83394,123946,93361,9180,257,446,942,10825,11.594777262454343,111.95169916300934
POST02608,2025-11-22 21:00:00,Instagram,Carousel,Festival Campaign,Event,16,287479,527109,413306,22059,1296,3667,4659,31681,7.665264961070006,143.76911009151974
POST02609,2025-11-23 00:00:00,Facebook,Reel,Special Campaign,Entertainment,17,205711,230987,170032,20178,459,1009,3961,25607,15.060106332925566,82.65576464068523
POST02610,2025-11-23 03:00:00,Instagram,Reel,Community Campaign,Promotional,17,485012,906798,532282,15653,518,2042,2404,20617,3.873322787544948,109.74615061070654
POST02611,2025-11-23 06:00:00,Facebook,Reel,Event Promotion,Community,11,176850,303818,179361,15954,239,3358,1828,21379,11.919536577070824,101.41984732824427
POST02612,2025-11-23 09:00:00,Instagram,Reel,Brand Awareness,Brand,0,232213,186035,126027,4098,77,1921,1761,7857,6.234378347496965,54.272155305689175
POST02613,2025-11-23 12:00:00,Instagram,Text,Product Launch,Event,22,431775,506493,326917,20812,347,3416,7035,31610,9.66912090836512,75.71466620346246
POST02614,2025-11-23 15:00:00,Facebook,Image,Brand Awareness,Event,11,455557,568238,435471,20284,1079,1034,10574,32971,7.571342293746311,95.59089202887894
POST02615,2025-11-23 18:00:00,Instagram,Reel,Special Campaign,Community,10,302701,519216,293843,13486,733,3213,2691,20123,6.848214863039106,97.07367996802125
POST02616,2025-11-23 21:00:00,Instagram,Image,Event Promotion,Event,12,383236,654611,483855,26542,1273,5276,6165,39256,8.113174401421913,126.25510129528541
POST02617,2025-11-24 00:00:00,Instagram,Reel,Seasonal Campaign,Education,2,273220,385187,307099,14311,200,3793,6380,24684,8.037798885701354,112.39989751848327
POST02618,2025-11-24 03:00:00,Instagram,Carousel,Community Campaign,Promotional,7,456997,432807,263971,14892,423,3916,2809,22040,8.349402017645877,57.76208596555339
POST02619,2025-11-24 06:00:00,Facebook,Text,Educational Series,Event,2,261745,196440,142226,4574,198,1132,1128,7032,4.944243668527554,54.33761867466427
POST02620,2025-11-24 09:00:00,Instagram,Image,Seasonal Campaign,Entertainment,16,241525,323574,246670,9316,170,687,3430,13603,5.514655207362063,102.13021426353379
POST02621,2025-11-24 12:00:00,Facebook,Video,Special Campaign,Brand,12,379218,423709,339987,10105,484,4085,2420,17094,5.027839299737931,89.65476322326472
POST02622,2025-11-24 15:00:00,Linkedin,Image,Special Campaign,Promotional,9,485473,281283,235158,6541,81,2060,811,9493,4.036860323697259,48.438945111262626
POST02623,2025-11-24 18:00:00,Youtube,Reel,Seasonal Campaign,Community,16,40575,59292,40429,4216,221,238,694,5369,13.280071235993965,99.64017252002465
POST02624,2025-11-24 21:00:00,Linkedin,Carousel,Educational Series,Entertainment,2,354992,313623,203438,9446,248,2370,2810,14874,7.31131843608372,57.307770315950776
POST02625,2025-11-25 00:00:00,Instagram,Image,Special Campaign,Education,12,273947,382016,310526,13773,699,1838,7320,23630,7.609668755595345,113.35258279886256
POST02626,2025-11-25 03:00:00,Linkedin,Carousel,Special Campaign,Event,21,395360,602458,487569,43676,859,1703,4379,50617,10.381504976731499,123.32279441521652
POST02627,2025-11-25 06:00:00,Instagram,Video,Product Launch,Entertainment,5,24616,49452,29975,1078,43,106,345,1572,5.244370308590493,121.770393240169
POST02628,2025-11-25 09:00:00,Facebook,Image,Festival Campaign,Promotional,13,215980,214683,146715,8232,176,463,1468,10339,7.0469958763589275,67.92990091675155
POST02629,2025-11-25 12:00:00,Youtube,Text,Special Campaign,Entertainment,9,184835,215348,162255,5093,60,1664,4006,10823,6.670364549628671,87.78369897476126
POST02630,2025-11-25 15:00:00,Instagram,Video,Brand Awareness,Education,19,315268,769287,582711,29409,684,2902,9811,42806,7.346008570286128,184.83036654528846
POST02631,2025-11-25 18:00:00,Facebook,Image,Product Launch,Brand,15,480445,617011,382531,13410,135,1207,6865,21617,5.651045274762046,79.62014382499558
POST02632,2025-11-25 21:00:00,Facebook,Carousel,Festival Campaign,Event,17,153662,151239,86667,3897,87,739,1303,6026,6.953050180576229,56.40106207129934
POST02633,2025-11-26 00:00:00,Instagram,Reel,Brand Awareness,Promotional,12,181942,381463,236008,17815,716,855,3044,22430,9.503915121521304,129.71606336085125
POST02634,2025-11-26 03:00:00,Instagram,Text,Event Promotion,Event,9,29534,25428,21134,1348,67,106,137,1658,7.845178385539889,71.55820410374484
POST02635,2025-11-26 06:00:00,Facebook,Carousel,Seasonal Campaign,Event,5,290065,159409,92121,2291,84,1068,1630,5073,5.506887680333474,31.758743729853656
POST02636,2025-11-26 09:00:00,Facebook,Reel,Seasonal Campaign,Community,9,414907,739737,615890,24549,862,1700,8505,35616,5.78285083375278,148.44049389381235
POST02637,2025-11-26 12:00:00,Linkedin,Reel,Educational Series,Event,4,324186,247379,137482,10582,336,1014,1968,13900,10.11041445425583,42.40837050335301
POST02638,2025-11-26 15:00:00,Facebook,Carousel,Festival Campaign,Entertainment,5,71209,47154,31285,1574,34,266,525,2399,7.668211603004635,43.93405327978205
POST02639,2025-11-26 18:00:00,Linkedin,Reel,Brand Awareness,Entertainment,6,219512,310375,194692,7751,189,2077,4442,14459,7.426602017545663,88.69310106053427
POST02640,2025-11-26 21:00:00,Facebook,Reel,Special Campaign,Brand,10,260763,498076,413093,18251,658,2346,9024,30279,7.329826455543909,158.41703002343124
POST02641,2025-11-27 00:00:00,Instagram,Image,Product Launch,Education,15,335747,533226,375365,12290,172,1869,4052,18383,4.897366563211807,111.79995651487577
POST02642,2025-11-27 03:00:00,Instagram,Reel,Brand Awareness,Promotional,11,64377,119075,93963,6663,90,1349,1085,9187,9.777252748422251,145.95740714851578
POST02643,2025-11-27 06:00:00,Facebook,Image,Product Launch,Entertainment,11,59705,70268,45481,1953,77,320,318,2668,5.866185879817945,76.17619964827065
POST02644,2025-11-27 09:00:00,Facebook,Reel,Seasonal Campaign,Event,22,116492,93536,51586,2762,93,690,607,4152,8.048695382468111,44.28286920990283
POST02645,2025-11-27 12:00:00,Instagram,Reel,Educational Series,Education,19,169836,370945,309062,28498,1251,1974,7115,38838,12.56641062311122,181.97673049294613
POST02646,2025-11-27 15:00:00,Instagram,Carousel,Special Campaign,Promotional,4,486960,782162,644734,56601,1551,4930,4067,67149,10.414992849764399,132.39978643009692
POST02647,2025-11-27 18:00:00,Linkedin,Image,Educational Series,Promotional,15,297927,267573,171188,8674,266,2088,2050,13078,7.6395541743580155,57.45971328546926
POST02648,2025-11-27 21:00:00,Youtube,Reel,Brand Awareness,Promotional,5,290659,409731,314960,31916,708,859,2834,36317,11.530670561341122,108.36065630171439
POST02649,2025-11-28 00:00:00,Youtube,Reel,Brand Awareness,Promotional,8,153142,104419,67132,4936,98,1234,895,7163,10.670023237800155,43.836439383056245
POST02650,2025-11-28 03:00:00,Youtube,Image,Product Launch,Brand,4,364994,295209,241876,16496,418,1707,3802,22423,9.270452628619623,66.26848660525927
POST02651,2025-11-28 06:00:00,Instagram,Reel,Product Launch,Promotional,20,262122,563068,475900,40911,2114,3868,1964,48857,10.266232401765077,181.5566797140263
POST02652,2025-11-28 09:00:00,Instagram,Reel,Festival Campaign,Education,22,164843,352561,302929,27307,374,3409,6656,37746,12.460345493498476,183.76819155196156
POST02653,2025-11-28 12:00:00,Instagram,Reel,Seasonal Campaign,Entertainment,15,378920,390002,233797,21342,650,2085,5450,29527,12.629332283989958,61.700886730708326
POST02654,2025-11-28 15:00:00,Instagram,Video,Festival Campaign,Education,17,84206,122947,95094,2254,24,355,745,3378,3.5522745914568743,112.93019499798113
POST02655,2025-11-28 18:00:00,Facebook,Video,Festival Campaign,Event,18,262220,273469,178696,17356,398,1175,817,19746,11.050051484084703,68.14735718099307
POST02656,2025-11-28 21:00:00,Youtube,Video,Brand Awareness,Community,11,365508,623802,444855,38391,1459,4056,6315,50221,11.28929651234672,121.70869037066221
POST02657,2025-11-29 00:00:00,Facebook,Carousel,Community Campaign,Brand,1,130532,125529,99227,4342,179,1183,1550,7254,7.31051024418757,76.01737504979621
POST02658,2025-11-29 03:00:00,Linkedin,Carousel,Community Campaign,Brand,9,241586,250626,207952,16845,996,650,1973,20464,9.840732476725398,86.07783563617097
POST02659,2025-11-29 06:00:00,Instagram,Image,Community Campaign,Event,11,138090,229685,155054,9786,341,1474,2396,13997,9.027177628439125,112.28474183503512
POST02660,2025-11-29 09:00:00,Facebook,Carousel,Community Campaign,Education,13,40936,46153,34984,2243,100,349,832,3524,10.073176309169906,85.46023060386946
POST02661,2025-11-29 12:00:00,Youtube,Reel,Festival Campaign,Education,17,373762,362528,313303,24690,1143,5152,4337,35322,11.274070149344245,83.8241982866102
POST02662,2025-11-29 15:00:00,Linkedin,Carousel,Brand Awareness,Event,18,431121,421936,344168,24700,393,3395,7037,35525,10.321993909950953,79.83095233124807
POST02663,2025-11-29 18:00:00,Instagram,Video,Community Campaign,Community,5,416314,742810,650087,37760,1287,2891,12319,54257,8.346113674015939,156.15304793977623
POST02664,2025-11-29 21:00:00,Facebook,Image,Special Campaign,Promotional,4,47020,26475,18132,1125,12,160,113,1410,7.776307081403044,38.56231390897491
POST02665,2025-11-30 00:00:00,Facebook,Image,Educational Series,Promotional,15,470488,192570,167283,5200,297,935,3731,10163,6.075333417023846,35.55521075989186
POST02666,2025-11-30 03:00:00,Instagram,Reel,Event Promotion,Entertainment,13,142043,279511,160768,8670,255,3088,3773,15786,9.819118232484076,113.18262779580832
POST02667,2025-11-30 06:00:00,Instagram,Carousel,Educational Series,Education,12,464555,494253,378070,17525,596,2483,2117,22721,6.009733647208189,81.38325924809764
POST02668,2025-11-30 09:00:00,Facebook,Carousel,Brand Awareness,Education,20,497704,520256,428263,28010,1348,1765,3327,34450,8.044122420101667,86.04773118158585
POST02669,2025-11-30 12:00:00,Facebook,Video,Brand Awareness,Event,1,293129,276927,163997,16041,647,2718,3423,22829,13.920376592254735,55.94704038153851
POST02670,2025-11-30 15:00:00,Instagram,Reel,Event Promotion,Event,1,159355,336688,234261,10821,253,4202,2042,17318,7.392609098398795,147.00574189702238
POST02671,2025-11-30 18:00:00,Facebook,Video,Product Launch,Promotional,11,149100,262529,198137,16638,201,2131,2218,21188,10.693610986337736,132.88866532528505
POST02672,2025-11-30 21:00:00,Instagram,Image,Product Launch,Education,0,139635,69096,42723,2873,85,242,208,3408,7.9769679095569135,30.59619722848856
POST02673,2025-12-01 00:00:00,Facebook,Video,Special Campaign,Education,18,328467,549281,399746,36248,1014,1902,1802,40966,10.248007484752817,121.7005056824582
POST02674,2025-12-01 03:00:00,Instagram,Image,Product Launch,Brand,15,57708,89134,61922,2712,114,586,841,4253,6.868318206776267,107.30228044638525
POST02675,2025-12-01 06:00:00,Linkedin,Image,Festival Campaign,Entertainment,6,352442,439856,337487,10670,520,3968,5335,20493,6.072233893453674,95.75674862814307
POST02676,2025-12-01 09:00:00,Instagram,Image,Product Launch,Entertainment,20,382201,659073,518924,40946,1751,1928,5018,49643,9.566526119431746,135.7725385333895
POST02677,2025-12-01 12:00:00,Instagram,Carousel,Seasonal Campaign,Promotional,6,25054,26213,20682,1329,27,284,453,2093,10.119911033749155,82.5496926638461
POST02678,2025-12-01 15:00:00,Instagram,Text,Festival Campaign,Community,15,229884,309742,256241,6605,89,2713,4737,14144,5.519803622371127,111.4653477405996
POST02679,2025-12-01 18:00:00,Instagram,Reel,Festival Campaign,Education,5,401724,656047,480601,34835,1909,5744,4410,46898,9.75819858885021,119.63462476725313
POST02680,2025-12-01 21:00:00,Youtube,Reel,Special Campaign,Brand,17,91317,136371,119797,10567,508,1999,527,13601,11.353372788968004,131.18805917846623
POST02681,2025-12-02 00:00:00,Instagram,Text,Product Launch,Education,0,345448,164246,144302,5870,121,661,1899,8551,5.925766794639021,41.77242305643686
POST02682,2025-12-02 03:00:00,Facebook,Image,Product Launch,Event,0,298615,275799,167826,10125,463,388,4111,15087,8.989667870294234,56.201463422801936
POST02683,2025-12-02 06:00:00,Instagram,Carousel,Special Campaign,Promotional,13,234633,212398,175867,11108,612,395,4324,16439,9.347404572773744,74.95407721846458
POST02684,2025-12-02 09:00:00,Instagram,Image,Event Promotion,Community,5,121266,70057,39047,2806,135,514,942,4397,11.260788280789818,32.19946233899032
POST02685,2025-12-02 12:00:00,Instagram,Reel,Community Campaign,Entertainment,5,222021,272034,170653,6066,210,3082,1355,10713,6.277651140032697,76.86344985384265
POST02686,2025-12-02 15:00:00,Instagram,Video,Special Campaign,Education,3,407166,407607,233691,9815,581,2810,913,14119,6.04173887740649,57.39452704793623
POST02687,2025-12-02 18:00:00,Instagram,Carousel,Event Promotion,Community,11,224028,332268,232588,17663,531,1061,1381,20636,8.87234079144238,103.8209509525595
POST02688,2025-12-02 21:00:00,Youtube,Reel,Festival Campaign,Promotional,17,190750,248751,188548,15941,348,2762,4599,23650,12.543225067356852,98.84560943643513
POST02689,2025-12-03 00:00:00,Youtube,Reel,Event Promotion,Entertainment,9,205397,213162,135046,16548,652,1343,539,19082,14.130000148097684,65.7487694562238
POST02690,2025-12-03 03:00:00,Youtube,Video,Festival Campaign,Education,2,308671,219478,156176,6818,79,2802,1327,11026,7.059983608236861,50.5962659271522
POST02691,2025-12-03 06:00:00,Youtube,Reel,Brand Awareness,Brand,2,325394,214664,174727,11218,616,2286,3800,17920,10.25599935900004,53.69705649151491
POST02692,2025-12-03 09:00:00,Youtube,Video,Festival Campaign,Promotional,7,139917,186899,164414,11045,157,2819,3345,17366,10.562360869512329,117.50823702623698
POST02693,2025-12-03 12:00:00,Instagram,Reel,Festival Campaign,Education,21,294173,428438,242593,22362,721,1786,3436,28305,11.667690329069675,82.46609988000259
POST02694,2025-12-03 15:00:00,Youtube,Image,Event Promotion,Entertainment,22,61583,57475,50420,1373,77,369,305,2124,4.212614042046807,81.87324423948168
POST02695,2025-12-03 18:00:00,Linkedin,Text,Community Campaign,Entertainment,0,384205,211649,128185,6246,180,338,1221,7985,6.229277996645473,33.36369906690438
POST02696,2025-12-03 21:00:00,Youtube,Carousel,Brand Awareness,Brand,17,385244,294563,206014,13162,273,1006,4973,19414,9.423631403691012,53.47623843590037
POST02697,2025-12-04 00:00:00,Facebook,Image,Educational Series,Promotional,14,482584,314116,202539,14907,644,572,1314,17437,8.60920612820247,41.96968817863833
POST02698,2025-12-04 03:00:00,Instagram,Carousel,Educational Series,Promotional,20,88147,177233,111869,6806,205,361,2410,9782,8.744156111165738,126.91186313771314
POST02699,2025-12-04 06:00:00,Facebook,Reel,Community Campaign,Community,19,159425,266030,174633,13655,425,2741,1205,18026,10.322218595568994,109.53928179394701
POST02700,2025-12-04 09:00:00,Facebook,Reel,Educational Series,Education,16,472552,609295,367086,9853,581,6277,6265,22976,6.259023770996443,77.68160964295993
POST02701,2025-12-04 12:00:00,Youtube,Text,Brand Awareness,Community,10,63042,58695,48982,2701,69,130,211,3111,6.351312727124251,77.69740807715492
POST02702,2025-12-04 15:00:00,Linkedin,Video,Product Launch,Entertainment,12,375269,789573,631232,51127,2452,6032,11999,71610,11.344481902058197,168.20787221966108
POST02703,2025-12-04 18:00:00,Instagram,Carousel,Brand Awareness,Entertainment,19,192068,263017,193580,14156,843,434,1879,17312,8.943072631470192,100.78722119249433
POST02704,2025-12-04 21:00:00,Instagram,Image,Event Promotion,Brand,9,242029,330707,288791,9755,239,2696,4697,17387,6.020616985986405,119.32082519036975
POST02705,2025-12-05 00:00:00,Facebook,Reel,Special Campaign,Brand,12,96604,137157,109687,7003,415,612,451,8481,7.732001057554679,113.54291747753716
POST02706,2025-12-05 03:00:00,Facebook,Reel,Seasonal Campaign,Promotional,16,75918,128608,108916,8045,83,2110,1472,11710,10.751404752286167,143.4653178429358
POST02707,2025-12-05 06:00:00,Instagram,Image,Festival Campaign,Community,20,404369,597824,525509,21454,817,3553,1639,27463,5.225980906131008,129.95778608152455
POST02708,2025-12-05 09:00:00,Instagram,Video,Festival Campaign,Entertainment,0,271056,547323,465506,42140,504,2175,11446,56265,12.086847430537953,171.73794345079983
POST02709,2025-12-05 12:00:00,Instagram,Image,Special Campaign,Education,19,88882,130394,116820,5541,58,1524,2385,9508,8.139017291559664,131.43268603316758
POST02710,2025-12-05 15:00:00,Instagram,Video,Event Promotion,Event,15,56822,107687,91608,2471,132,716,709,4028,4.396995895554974,161.2192460666643
POST02711,2025-12-05 18:00:00,Facebook,Reel,Event Promotion,Education,15,330904,504997,362116,12903,732,4416,4770,22821,6.302124181201604,109.43234291516572
POST02712,2025-12-05 21:00:00,Youtube,Image,Seasonal Campaign,Brand,20,24200,46477,31840,1782,78,279,326,2465,7.741834170854271,131.5702479338843
POST02713,2025-12-06 00:00:00,Instagram,Reel,Seasonal Campaign,Education,2,67259,99400,57241,4211,196,402,1054,5863,10.242658234482278,85.1053390624303
POST02714,2025-12-06 03:00:00,Instagram,Image,Festival Campaign,Entertainment,1,28527,25972,21615,1617,63,258,436,2374,10.983113578533425,75.77032285203491
POST02715,2025-12-06 06:00:00,Instagram,Reel,Seasonal Campaign,Community,5,292679,319137,219714,22829,684,3429,4886,31828,14.48610466333506,75.06995718859228
POST02716,2025-12-06 09:00:00,Instagram,Text,Seasonal Campaign,Promotional,10,431160,366719,310837,8158,297,2112,2395,12962,4.170031238237404,72.0931904629372
POST02717,2025-12-06 12:00:00,Facebook,Reel,Seasonal Campaign,Community,2,453506,277531,189795,11141,385,1315,616,13457,7.090281619642245,41.85060396113833
POST02718,2025-12-06 15:00:00,Linkedin,Text,Special Campaign,Event,0,131477,40352,23488,941,41,228,287,1497,6.373467302452316,17.864721586285054
POST02719,2025-12-06 18:00:00,Facebook,Image,Community Campaign,Promotional,10,220772,219486,120835,2812,141,1519,2835,7307,6.047089005668887,54.73293714782672
POST02720,2025-12-06 21:00:00,Instagram,Text,Product Launch,Event,12,294582,495350,325353,11511,190,3405,2533,17639,5.421496036612541,110.44564841028983
POST02721,2025-12-07 00:00:00,Linkedin,Image,Seasonal Campaign,Event,4,346488,119171,89339,4569,92,293,404,5358,5.997380763160546,25.784154140980352
POST02722,2025-12-07 03:00:00,Facebook,Text,Product Launch,Entertainment,17,239712,223672,126883,6597,195,350,932,8074,6.363342606968625,52.931434387932185
POST02723,2025-12-07 06:00:00,Facebook,Reel,Product Launch,Entertainment,14,471221,747469,571186,64407,2642,9961,2859,79869,13.98301078807954,121.21403757472609
POST02724,2025-12-07 09:00:00,Youtube,Carousel,Event Promotion,Brand,17,140127,223115,194425,14352,702,1379,4172,20605,10.597916934550598,138.7491347135099
POST02725,2025-12-07 12:00:00,Instagram,Text,Seasonal Campaign,Brand,14,90388,61237,54090,1701,79,409,268,2457,4.542429284525791,59.842014426693815
POST02726,2025-12-07 15:00:00,Instagram,Reel,Festival Campaign,Event,19,272355,685868,466700,41280,849,4620,8858,55607,11.914934647525177,171.3572359604193
POST02727,2025-12-07 18:00:00,Instagram,Reel,Community Campaign,Community,19,354393,1106606,613092,30803,1376,6271,10310,48760,7.953129383518297,172.99777365805758
POST02728,2025-12-07 21:00:00,Instagram,Image,Festival Campaign,Brand,19,343227,432272,243460,9801,351,659,3210,14021,5.759056929269695,70.9326480725584
POST02729,2025-12-08 00:00:00,Instagram,Text,Seasonal Campaign,Entertainment,6,219791,286512,193010,8655,466,706,2075,11902,6.166519869436817,87.81524266234742
POST02730,2025-12-08 03:00:00,Youtube,Image,Festival Campaign,Brand,16,313498,444078,289697,18117,312,604,5070,24103,8.320072351456867,92.4079260473751
POST02731,2025-12-08 06:00:00,Facebook,Image,Seasonal Campaign,Event,7,144365,85794,66996,3679,194,600,322,4795,7.157143710072243,46.40737020746026
POST02732,2025-12-08 09:00:00,Youtube,Reel,Community Campaign,Promotional,12,486784,1237076,975378,46635,2265,10848,6591,66339,6.801363163819565,200.3718281619774
POST02733,2025-12-08 12:00:00,Instagram,Reel,Brand Awareness,Community,15,230883,458405,256274,20797,588,1732,5937,29054,11.337084526717497,110.9973449755937
POST02734,2025-12-08 15:00:00,Linkedin,Video,Community Campaign,Community,9,169865,121435,96129,5338,182,723,1437,7680,7.98926442592766,56.59141082624437
POST02735,2025-12-08 18:00:00,Linkedin,Reel,Special Campaign,Education,13,450282,436356,297225,8456,315,2617,3791,15179,5.1069055429388515,66.0086345889909
POST02736,2025-12-08 21:00:00,Facebook,Carousel,Brand Awareness,Brand,5,235526,187789,106227,4508,248,946,2231,7933,7.467969536935054,45.10202695243837
POST02737,2025-12-09 00:00:00,Linkedin,Text,Educational Series,Community,19,91135,93236,67843,2025,105,333,615,3078,4.536945594976637,74.44231085751906
POST02738,2025-12-09 03:00:00,Youtube,Reel,Brand Awareness,Entertainment,21,445987,638120,509354,22698,238,6151,7927,37014,7.266851737691271,114.20826167578875
POST02739,2025-12-09 06:00:00,Linkedin,Carousel,Product Launch,Promotional,6,164512,192938,166385,8738,488,923,559,10708,6.435676292935061,101.13851877066719
POST02740,2025-12-09 09:00:00,Instagram,Reel,Special Campaign,Entertainment,5,293433,355590,259318,14513,149,3784,4385,22831,8.804248066081028,88.37383661687677
POST02741,2025-12-09 12:00:00,Instagram,Carousel,Product Launch,Brand,16,391488,695443,503817,27797,1352,2398,6400,37947,7.531901464222128,128.69283349681214
POST02742,2025-12-09 15:00:00,Instagram,Reel,Special Campaign,Event,20,131568,359097,268072,18637,405,4710,2922,26674,9.95031185651616,203.75167213912198
POST02743,2025-12-09 18:00:00,Instagram,Carousel,Community Campaign,Education,23,331322,383365,288106,21511,1113,1165,1046,24835,8.620091216427287,86.95649549380965
POST02744,2025-12-09 21:00:00,Instagram,Reel,Product Launch,Education,7,221769,408149,362113,29379,819,2134,1655,33987,9.385744229011387,163.2838674476595
POST02745,2025-12-10 00:00:00,Facebook,Image,Product Launch,Promotional,11,86500,125159,101234,3057,169,484,854,4564,4.508366754252524,117.0335260115607
POST02746,2025-12-10 03:00:00,Facebook,Image,Educational Series,Community,3,494694,273320,204490,9893,543,1056,3773,15265,7.464912709667955,41.33666468564405
POST02747,2025-12-10 06:00:00,Youtube,Reel,Product Launch,Community,9,399928,968962,863768,32044,1036,10379,19412,62871,7.2786905743208825,215.98087655778042
POST02748,2025-12-10 09:00:00,Instagram,Carousel,Event Promotion,Community,5,331367,245120,219431,8416,256,670,5130,14472,6.595239505812761,66.2199313751822
POST02749,2025-12-10 12:00:00,Facebook,Reel,Event Promotion,Education,6,451585,596889,412064,15058,235,2306,3506,21105,5.121777199658306,91.24838070352203
POST02750,2025-12-10 15:00:00,Facebook,Carousel,Event Promotion,Event,20,165256,283591,234328,7054,381,2268,1685,11388,4.859854562835,141.79696955027353
POST02751,2025-12-10 18:00:00,Instagram,Reel,Brand Awareness,Community,7,88483,126520,86711,4594,78,1621,1119,7412,8.547935094739998,97.99735542420578
POST02752,2025-12-10 21:00:00,Facebook,Carousel,Community Campaign,Entertainment,2,259883,300225,269333,14834,495,1735,2962,20026,7.435405241838171,103.63625169787942
POST02753,2025-12-11 00:00:00,Instagram,Reel,Community Campaign,Community,7,484990,816262,585954,52877,1366,7544,3991,65778,11.225795881587974,120.81774881956329
POST02754,2025-12-11 03:00:00,Instagram,Image,Festival Campaign,Event,14,401322,850488,680608,48741,1611,1881,6495,58728,8.628755465701255,169.5915000921953
POST02755,2025-12-11 06:00:00,Linkedin,Reel,Educational Series,Promotional,20,164228,125214,88904,7510,436,1365,1350,10661,11.991586430306848,54.1344959446623
POST02756,2025-12-11 09:00:00,Instagram,Carousel,Event Promotion,Promotional,0,415627,286169,201252,6487,312,917,3865,11581,5.754476974141872,48.42130082983059
POST02757,2025-12-11 12:00:00,Youtube,Reel,Event Promotion,Education,12,297818,645234,387696,22621,511,3497,1335,27964,7.2128678139573275,130.17883405301225
POST02758,2025-12-11 15:00:00,Linkedin,Video,Product Launch,Event,21,421524,860433,538911,22238,346,6402,4876,33862,6.283412288856602,127.84823639935092
POST02759,2025-12-11 18:00:00,Facebook,Video,Event Promotion,Entertainment,17,128707,160383,95616,10086,259,452,1511,12308,12.872322623828648,74.28966567474963
POST02760,2025-12-11 21:00:00,Instagram,Reel,Product Launch,Event,14,88460,288003,191006,9723,265,3109,4188,17285,9.049453943855166,215.92358127967444
POST02761,2025-12-12 00:00:00,Instagram,Carousel,Product Launch,Entertainment,6,20576,39626,29916,2351,111,77,397,2936,9.81414627624014,145.3926905132193
POST02762,2025-12-12 03:00:00,Instagram,Reel,Festival Campaign,Entertainment,14,165713,571322,503187,60146,1868,7407,3426,72847,14.477122819150734,303.6496834889236
POST02763,2025-12-12 06:00:00,Facebook,Image,Brand Awareness,Event,2,487715,336472,285076,13673,353,3724,6872,24622,8.636995046934851,58.451349661175065
POST02764,2025-12-12 09:00:00,Youtube,Carousel,Product Launch,Brand,13,240899,252998,156877,7491,351,580,3137,11559,7.368192915468806,65.12148244700062
POST02765,2025-12-12 12:00:00,Instagram,Carousel,Product Launch,Event,19,380408,717013,395622,23477,584,6081,4420,34562,8.73611679835803,103.99939012849362
POST02766,2025-12-12 15:00:00,Linkedin,Carousel,Community Campaign,Entertainment,3,333051,391404,303291,12970,431,2821,4797,21019,6.930307856151353,91.06443157354279
POST02767,2025-12-12 18:00:00,Youtube,Reel,Festival Campaign,Community,3,454355,526793,418739,33139,1218,6962,3826,45145,10.781178729471103,92.16119554093166
POST02768,2025-12-12 21:00:00,Instagram,Image,Product Launch,Promotional,2,104325,155134,126316,7603,199,1479,1684,10965,8.68061053231578,121.07931943445962
POST02769,2025-12-13 00:00:00,Youtube,Reel,Educational Series,Promotional,4,321795,446515,302006,16561,946,3613,1435,22555,7.468394667655609,93.85043272891126
POST02770,2025-12-13 03:00:00,Facebook,Carousel,Brand Awareness,Education,10,208387,181535,138661,8852,194,1476,1907,12429,8.963587454295007,66.5401392601266
POST02771,2025-12-13 06:00:00,Instagram,Image,Special Campaign,Promotional,7,113435,135093,87599,5161,177,1031,1465,7834,8.943024463749587,77.22396085864152
POST02772,2025-12-13 09:00:00,Instagram,Carousel,Educational Series,Brand,1,428874,426387,336483,15659,671,863,7706,24899,7.399779483658906,78.45730913974734
POST02773,2025-12-13 12:00:00,Facebook,Reel,Event Promotion,Entertainment,15,58907,95449,53523,1925,55,587,1294,3861,7.213721203968388,90.86016941959359
POST02774,2025-12-13 15:00:00,Youtube,Reel,Brand Awareness,Event,9,230792,215642,175773,9611,339,516,1143,11609,6.604541084239332,76.16078546916705
POST02775,2025-12-13 18:00:00,Youtube,Reel,Event Promotion,Event,17,83917,187342,127142,5523,111,623,1344,7601,5.978354910257822,151.5092293575795
POST02776,2025-12-13 21:00:00,Youtube,Reel,Community Campaign,Brand,6,444963,659626,491832,27886,1519,5144,8509,43058,8.754615397127473,110.5332353476581
POST02777,2025-12-14 00:00:00,Instagram,Reel,Seasonal Campaign,Promotional,4,278700,529200,293267,17430,884,4068,5994,28376,9.675824419385748,105.22676713311805
POST02778,2025-12-14 03:00:00,Instagram,Video,Seasonal Campaign,Entertainment,6,491717,934829,791825,88852,4166,4135,4247,101400,12.805859880655449,161.03266716424284
POST02779,2025-12-14 06:00:00,Youtube,Video,Seasonal Campaign,Promotional,20,227101,379789,295143,28247,335,4231,7276,40089,13.582907268679929,129.9611186212302
POST02780,2025-12-14 09:00:00,Instagram,Image,Product Launch,Education,5,465356,458468,329944,5656,309,3059,4593,13617,4.1270639866159105,70.90141740946716
POST02781,2025-12-14 12:00:00,Instagram,Image,Festival Campaign,Promotional,23,74936,116931,82915,4912,262,215,472,5861,7.068684797684376,110.64775274901248
POST02782,2025-12-14 15:00:00,Facebook,Reel,Educational Series,Education,0,46178,30211,26004,2252,41,70,628,2991,11.502076603599447,56.31252977608385
POST02783,2025-12-14 18:00:00,Linkedin,Video,Event Promotion,Event,10,412758,719262,570804,34630,2002,8199,7453,52284,9.159711564740261,138.29023301789428
POST02784,2025-12-14 21:00:00,Facebook,Reel,Product Launch,Entertainment,12,119423,209902,160150,13081,539,2035,3277,18932,11.821417421167656,134.10314596015843
POST02785,2025-12-15 00:00:00,Linkedin,Text,Seasonal Campaign,Community,11,218822,229698,199046,9509,275,886,2880,13550,6.807471639721471,90.96251747996088
POST02786,2025-12-15 03:00:00,Instagram,Image,Educational Series,Education,0,28000,28262,18178,770,38,132,239,1179,6.485862031026516,64.92142857142858
POST02787,2025-12-15 06:00:00,Linkedin,Reel,Educational Series,Promotional,20,421281,664817,478552,52095,1368,3750,7168,64381,13.45329243217038,113.59448918892616
POST02788,2025-12-15 09:00:00,Instagram,Text,Community Campaign,Promotional,14,475620,493091,276703,11216,644,1176,4765,17801,6.433251536846366,58.177326437071606
POST02789,2025-12-15 12:00:00,Linkedin,Reel,Community Campaign,Event,0,128407,125739,72946,2985,70,938,1198,5191,7.1162229594494555,56.80842944699277
POST02790,2025-12-15 15:00:00,Linkedin,Image,Seasonal Campaign,Brand,2,152157,118733,103601,6834,377,1333,1229,9773,9.4333066283144,68.08822466268394
POST02791,2025-12-15 18:00:00,Facebook,Image,Event Promotion,Community,14,69325,75220,65593,2371,60,677,883,3991,6.084490723095453,94.61666065632889
POST02792,2025-12-15 21:00:00,Linkedin,Reel,Seasonal Campaign,Brand,8,394012,493169,275390,26684,873,3416,3852,34825,12.64570245833182,69.89381034080179
POST02793,2025-12-16 00:00:00,Youtube,Image,Seasonal Campaign,Promotional,13,482284,754720,610096,12999,273,2635,2507,18414,3.0182135270514805,126.50139751681581
POST02794,2025-12-16 03:00:00,Instagram,Carousel,Product Launch,Brand,22,475279,655228,486320,31722,1400,1284,2707,37113,7.631394966277348,102.32305656256642
POST02795,2025-12-16 06:00:00,Youtube,Carousel,Festival Campaign,Community,21,168694,300917,201092,12384,245,1199,3915,17743,8.82332464742506,119.20518809204832
POST02796,2025-12-16 09:00:00,Youtube,Reel,Seasonal Campaign,Community,23,146190,153142,104924,10261,198,529,469,11457,10.919332087987495,71.77235105000342
POST02797,2025-12-16 12:00:00,Instagram,Text,Event Promotion,Entertainment,7,346046,275547,172432,3172,69,1230,4107,8578,4.974714670130834,49.82921345717043
POST02798,2025-12-16 15:00:00,Facebook,Reel,Educational Series,Brand,21,286978,537771,325073,13015,521,4959,5406,23901,7.352502361008143,113.27453672406943
POST02799,2025-12-16 18:00:00,Linkedin,Reel,Educational Series,Entertainment,3,367877,438443,335952,41621,1183,1997,8033,52834,15.726651426394248,91.32182767609827
POST02800,2025-12-16 21:00:00,Instagram,Reel,Special Campaign,Promotional,19,32008,35944,23193,2329,122,96,99,2646,11.40861466821886,72.46000999750063
POST02801,2025-12-17 00:00:00,Facebook,Reel,Brand Awareness,Promotional,19,360642,728045,637847,53633,3190,12264,3904,72991,11.443339860499462,176.86431419524072
POST02802,2025-12-17 03:00:00,Linkedin,Reel,Seasonal Campaign,Promotional,5,67229,31232,23441,891,14,272,541,1718,7.329038863529713,34.867393535527825
POST02803,2025-12-17 06:00:00,Linkedin,Text,Special Campaign,Event,0,272844,144953,87637,4010,125,288,1535,5958,6.798498351153051,32.119819383970324
POST02804,2025-12-17 09:00:00,Linkedin,Reel,Special Campaign,Brand,17,132892,79050,56988,5826,65,865,549,7305,12.818488102758478,42.88294253980676
POST02805,2025-12-17 12:00:00,Youtube,Reel,Product Launch,Education,5,159084,285691,185424,18185,248,3569,4354,26356,14.213909741996723,116.55729048804406
POST02806,2025-12-17 15:00:00,Linkedin,Reel,Brand Awareness,Community,13,333269,595219,533045,37420,1142,6092,12649,57303,10.750124285942087,159.94436926326782
POST02807,2025-12-17 18:00:00,Facebook,Carousel,Community Campaign,Education,10,105702,114006,72512,5308,309,973,1218,7808,10.767872903795233,68.6004049119222
POST02808,2025-12-17 21:00:00,Instagram,Video,Festival Campaign,Promotional,16,366308,511449,336453,33233,1400,2387,1516,38536,11.45360570421426,91.8497548511089
POST02809,2025-12-18 00:00:00,Youtube,Reel,Event Promotion,Brand,8,160921,230547,200773,20193,1132,1335,3833,26493,13.195499394838947,124.76494677512568
POST02810,2025-12-18 03:00:00,Facebook,Reel,Seasonal Campaign,Entertainment,21,192444,442015,364425,40240,1823,5481,7986,55530,15.237703231117514,189.36677682858388
POST02811,2025-12-18 06:00:00,Instagram,Reel,Educational Series,Education,6,33767,30942,25372,887,33,270,247,1437,5.663723790004729,75.13844878135457
POST02812,2025-12-18 09:00:00,Facebook,Reel,Product Launch,Promotional,13,493863,740472,544563,47812,1733,4742,5448,59735,10.969346062806324,110.26600494469115
POST02813,2025-12-18 12:00:00,Facebook,Reel,Educational Series,Education,16,453205,532885,376675,24461,783,1024,6903,33171,8.806265348111769,83.11360201233438
POST02814,2025-12-18 15:00:00,Instagram,Image,Seasonal Campaign,Education,7,453798,405218,281640,10950,613,3113,6910,21586,7.664394262178669,62.06285616067061
POST02815,2025-12-18 18:00:00,Youtube,Reel,Community Campaign,Community,15,457586,355281,268029,12931,380,2994,1661,17966,6.703006018005514,58.57456303295992
POST02816,2025-12-18 21:00:00,Facebook,Image,Brand Awareness,Education,11,65052,51939,34908,1358,15,452,456,2281,6.534318780795233,53.66168603578676
POST02817,2025-12-19 00:00:00,Youtube,Reel,Seasonal Campaign,Promotional,11,267142,552131,366419,12389,131,6600,3177,22297,6.085110215354553,137.16263260737736
POST02818,2025-12-19 03:00:00,Instagram,Text,Brand Awareness,Community,4,264886,285175,244231,13934,246,1718,2379,18277,7.483488991978906,92.20230589763143
POST02819,2025-12-19 06:00:00,Instagram,Text,Event Promotion,Promotional,4,119427,50003,36616,890,32,245,598,1765,4.820297137863229,30.659733561087528
POST02820,2025-12-19 09:00:00,Instagram,Image,Product Launch,Event,13,196361,314394,232322,8871,197,1073,3047,13188,5.676604023725691,118.31371810084488
POST02821,2025-12-19 12:00:00,Linkedin,Image,Community Campaign,Event,5,150591,89221,74040,5426,56,582,674,6738,9.100486223662884,49.166284837739305
POST02822,2025-12-19 15:00:00,Instagram,Image,Product Launch,Event,6,434781,414167,294680,7930,425,1329,4462,14146,4.80046151757839,67.77665077360786
POST02823,2025-12-19 18:00:00,Facebook,Image,Event Promotion,Education,22,204236,177021,132013,6230,214,850,2745,10039,7.604554096944997,64.63747821148084
POST02824,2025-12-19 21:00:00,Instagram,Carousel,Community Campaign,Brand,20,382691,403189,295939,6874,343,1930,5537,14684,4.961833350791886,77.33105821668134
POST02825,2025-12-20 00:00:00,Instagram,Image,Special Campaign,Promotional,16,88125,78960,58246,3105,91,340,367,3903,6.700889331456238,66.09475177304964
POST02826,2025-12-20 03:00:00,Facebook,Video,Community Campaign,Event,8,332425,478351,307318,22241,468,2892,1859,27460,8.935369877455924,92.44731894412274
POST02827,2025-12-20 06:00:00,Facebook,Text,Brand Awareness,Brand,21,471204,366565,273144,10194,563,2809,1006,14572,5.3349149166739895,57.96724985356661
POST02828,2025-12-20 09:00:00,Instagram,Reel,Brand Awareness,Event,12,261090,722745,472470,31173,1155,1950,2765,37043,7.8402861557347565,180.96058830288405
POST02829,2025-12-20 12:00:00,Youtube,Image,Brand Awareness,Event,8,357429,310541,264079,13212,307,1699,6234,21452,8.123326731773446,73.8829250004896
POST02830,2025-12-20 15:00:00,Instagram,Reel,Educational Series,Brand,15,221109,284079,184396,15494,395,2196,1999,20084,10.891776394281871,83.39597212234689
POST02831,2025-12-20 18:00:00,Youtube,Reel,Special Campaign,Event,3,43423,45914,38673,1966,56,360,805,3187,8.240891578103586,89.06109665384704
POST02832,2025-12-20 21:00:00,Facebook,Image,Festival Campaign,Education,1,104693,51160,38346,1876,88,506,840,3310,8.631930318677307,36.627090636432236
POST02833,2025-12-21 00:00:00,Instagram,Reel,Seasonal Campaign,Education,12,235777,579672,517093,36741,1828,6972,7667,53208,10.289831809751824,219.31443694677597
POST02834,2025-12-21 03:00:00,Instagram,Video,Brand Awareness,Community,12,371004,778198,478061,25660,766,8015,8447,42888,8.971240071873673,128.85602311565373
POST02835,2025-12-21 06:00:00,Instagram,Reel,Festival Campaign,Education,18,21706,36996,20795,1960,26,57,205,2248,10.81029093532099,95.8030037777573
POST02836,2025-12-21 09:00:00,Linkedin,Image,Festival Campaign,Entertainment,11,333897,410108,230275,17583,177,1764,748,20272,8.803387254369776,68.96587869911978
POST02837,2025-12-21 12:00:00,Linkedin,Carousel,Product Launch,Community,3,375899,449868,290707,13759,179,3547,1676,19161,6.591172555184429,77.33646538032822
POST02838,2025-12-21 15:00:00,Instagram,Carousel,Event Promotion,Event,9,323478,291598,189250,13324,281,1530,3488,18623,9.840422721268164,58.50475148232647
POST02839,2025-12-21 18:00:00,Facebook,Image,Educational Series,Entertainment,15,87148,55369,46406,3713,192,430,451,4786,10.313321553247425,53.2496442832882
POST02840,2025-12-21 21:00:00,Instagram,Video,Festival Campaign,Promotional,23,233446,255938,182464,6474,260,2526,4266,13526,7.41296913363732,78.16111648946652
POST02841,2025-12-22 00:00:00,Instagram,Image,Seasonal Campaign,Brand,18,122601,235056,133211,4580,51,362,696,5689,4.270668338200299,108.65408928149036
POST02842,2025-12-22 03:00:00,Facebook,Image,Educational Series,Promotional,7,247035,122007,78905,3768,62,426,1557,5813,7.367087003358469,31.940818102698
POST02843,2025-12-22 06:00:00,Linkedin,Reel,Product Launch,Entertainment,5,332771,302032,262268,24690,858,4188,1807,31543,12.027010538838136,78.81335813517404
POST02844,2025-12-22 09:00:00,Linkedin,Image,Brand Awareness,Education,3,35546,19034,14271,329,7,172,91,599,4.197323242940229,40.14797726889102
POST02845,2025-12-22 12:00:00,Youtube,Video,Community Campaign,Event,6,199807,307362,210585,16957,890,2439,2380,22666,10.76334971626659,105.39420540821894
POST02846,2025-12-22 15:00:00,Instagram,Carousel,Festival Campaign,Community,13,356725,788710,545842,47487,2129,2131,13539,65286,11.96060398430315,153.01478730114232
POST02847,2025-12-22 18:00:00,Facebook,Video,Event Promotion,Event,12,176371,225850,170552,13898,339,786,3851,18874,11.066419625686008,96.7007047643887
POST02848,2025-12-22 21:00:00,Instagram,Image,Community Campaign,Education,20,480143,641965,425838,23994,1178,3582,3287,32041,7.524222826520884,88.68982782212798
POST02849,2025-12-23 00:00:00,Youtube,Reel,Product Launch,Event,4,63347,131422,105119,6127,90,1725,981,8923,8.488474966466576,165.9415599791624
POST02850,2025-12-23 03:00:00,Instagram,Reel,Educational Series,Brand,8,61221,65109,38369,3365,62,216,175,3818,9.95074148401053,62.672939024191045
POST02851,2025-12-23 06:00:00,Facebook,Reel,Seasonal Campaign,Brand,2,191848,136013,107732,6933,340,513,2536,10322,9.58118293543237,56.15487260748092
POST02852,2025-12-23 09:00:00,Instagram,Carousel,Special Campaign,Brand,9,380347,669277,401139,33018,1717,1351,4903,40989,10.218153807034469,105.46658709020973
POST02853,2025-12-23 12:00:00,Instagram,Video,Brand Awareness,Promotional,14,35948,74617,45163,2370,111,476,1080,4037,8.93873303367801,125.63424947145879
POST02854,2025-12-23 15:00:00,Linkedin,Reel,Educational Series,Education,19,45118,46485,27061,1620,92,313,352,2377,8.783858689627138,59.97827917904163
POST02855,2025-12-23 18:00:00,Instagram,Image,Event Promotion,Brand,20,274502,279009,210990,12968,602,508,1063,15141,7.176169486705532,76.86282795753765
POST02856,2025-12-23 21:00:00,Youtube,Image,Festival Campaign,Entertainment,16,385873,606798,433520,11697,470,2171,4397,18735,4.321599926185643,112.34784501636548
POST02857,2025-12-24 00:00:00,Instagram,Image,Event Promotion,Brand,22,492909,616870,419735,23868,296,5424,8542,38130,9.084303191299274,85.15466343686157
POST02858,2025-12-24 03:00:00,Instagram,Reel,Educational Series,Community,23,146677,290781,254912,22970,953,4805,3608,32336,12.68516193823751,173.7913919701112
POST02859,2025-12-24 06:00:00,Instagram,Reel,Educational Series,Promotional,5,37021,58082,38712,1819,98,154,628,2699,6.971998346765861,104.56767780448935
POST02860,2025-12-24 09:00:00,Instagram,Reel,Community Campaign,Entertainment,2,487108,506396,364221,17495,1028,6325,5706,30554,8.388862805823937,74.77212445699926
POST02861,2025-12-24 12:00:00,Linkedin,Reel,Event Promotion,Education,17,471180,614035,453923,31734,430,5897,3525,41586,9.161465711144842,96.3374931024237
POST02862,2025-12-24 15:00:00,Instagram,Reel,Event Promotion,Education,4,68215,56310,37231,3463,189,379,437,4468,12.000752061454165,54.57890493293264
POST02863,2025-12-24 18:00:00,Linkedin,Reel,Event Promotion,Community,12,283367,515634,314152,8922,323,4741,6098,20084,6.393083602841937,110.8640032184411
POST02864,2025-12-24 21:00:00,Youtube,Carousel,Brand Awareness,Brand,0,187182,205977,118187,8932,280,1210,366,10788,9.127907468672527,63.14015236507784
POST02865,2025-12-25 00:00:00,Youtube,Reel,Seasonal Campaign,Entertainment,16,110162,196580,110958,5818,136,1773,2428,10155,9.152111609798302,100.72257221183347
POST02866,2025-12-25 03:00:00,Youtube,Text,Educational Series,Community,2,116453,84442,57175,2532,113,270,1204,4119,7.20419763882816,49.0970606167295
POST02867,2025-12-25 06:00:00,Youtube,Reel,Product Launch,Entertainment,18,303670,453288,386680,38259,1405,2679,6044,48387,12.51344781214441,127.33559455988409
POST02868,2025-12-25 09:00:00,Facebook,Reel,Brand Awareness,Brand,20,225464,170900,96892,8690,292,274,299,9555,9.861495273087561,42.97448816662527
POST02869,2025-12-25 12:00:00,Instagram,Image,Brand Awareness,Brand,19,58829,63330,35091,2209,75,463,870,3617,10.307486250035621,59.649152628805524
POST02870,2025-12-25 15:00:00,Instagram,Reel,Brand Awareness,Event,21,492284,1339522,1085895,49840,710,3290,23792,77632,7.149125836291723,220.58303743367648
POST02871,2025-12-25 18:00:00,Linkedin,Video,Community Campaign,Event,11,71862,79262,54679,3598,123,767,201,4689,8.575504306955137,76.08889259970499
POST02872,2025-12-25 21:00:00,Linkedin,Reel,Special Campaign,Brand,7,499497,378792,322314,29664,938,2286,5053,37941,11.771440272529272,64.52771488117047
POST02873,2025-12-26 00:00:00,Linkedin,Text,Seasonal Campaign,Promotional,7,147048,120170,94273,2820,139,604,1865,5428,5.757746120310163,64.11035852238724
POST02874,2025-12-26 03:00:00,Youtube,Video,Seasonal Campaign,Community,14,433552,525281,418169,19137,713,1217,4761,25828,6.176450191190643,96.451867365391
POST02875,2025-12-26 06:00:00,Facebook,Image,Product Launch,Event,10,50796,73588,56927,3903,113,579,205,4800,8.431851318355086,112.0698480195291
POST02876,2025-12-26 09:00:00,Youtube,Image,Special Campaign,Brand,19,440383,558403,333094,14108,587,2159,1898,18752,5.6296420830156055,75.63734294920557
POST02877,2025-12-26 12:00:00,Youtube,Carousel,Event Promotion,Entertainment,0,479632,528414,327249,9845,124,1381,4781,16131,4.929274039034497,68.22918404109818
POST02878,2025-12-26 15:00:00,Instagram,Image,Community Campaign,Community,15,36818,31357,24133,922,19,45,437,1423,5.896490283014959,65.54674344070834
POST02879,2025-12-26 18:00:00,Youtube,Carousel,Educational Series,Event,13,452108,825174,671501,37243,1327,5215,6247,50032,7.450770736007839,148.5266794659683
POST02880,2025-12-26 21:00:00,Instagram,Reel,Special Campaign,Promotional,6,306632,298090,235398,16398,648,3150,3588,23784,10.103739199143579,76.76889561428683
POST02881,2025-12-27 00:00:00,Instagram,Reel,Festival Campaign,Community,5,189024,177003,148024,4183,183,1193,3228,8787,5.936199535210506,78.30963263924158
POST02882,2025-12-27 03:00:00,Linkedin,Image,Community Campaign,Community,20,366048,407378,345437,22773,823,2294,6788,32678,9.459901516050683,94.36931768511234
POST02883,2025-12-27 06:00:00,Instagram,Image,Festival Campaign,Education,3,426439,509488,361065,8154,314,1988,8874,19330,5.353606691315968,84.66978864503481
POST02884,2025-12-27 09:00:00,Instagram,Video,Educational Series,Entertainment,21,474673,556786,357032,40754,457,3224,2998,47433,13.285363776916354,75.21641214056835
POST02885,2025-12-27 12:00:00,Instagram,Reel,Product Launch,Promotional,7,116931,255207,219810,9882,490,2355,3085,15812,7.193485282744189,187.9826564384124
POST02886,2025-12-27 15:00:00,Linkedin,Video,Seasonal Campaign,Promotional,21,181333,294335,178723,14854,622,1498,4443,21417,11.98334853376454,98.56065911885867
POST02887,2025-12-27 18:00:00,Youtube,Reel,Festival Campaign,Promotional,18,473182,1060395,940173,94412,2871,18266,4285,119834,12.745952074777728,198.69162394173912
POST02888,2025-12-27 21:00:00,Youtube,Image,Brand Awareness,Entertainment,2,95520,83978,59114,2904,95,484,995,4478,7.575193693541293,61.88651591289782
POST02889,2025-12-28 00:00:00,Facebook,Reel,Community Campaign,Promotional,3,88334,70168,53837,2471,114,803,961,4349,8.078087560599588,60.94708719179478
POST02890,2025-12-28 03:00:00,Facebook,Image,Special Campaign,Education,12,420819,333511,194101,6558,305,1463,4152,12478,6.428611908233342,46.12458087681402
POST02891,2025-12-28 06:00:00,Instagram,Reel,Special Campaign,Event,20,393731,1066458,859388,85363,5093,3261,10460,104177,12.122231169157587,218.26780212886464
POST02892,2025-12-28 09:00:00,Facebook,Image,Festival Campaign,Entertainment,1,97240,46082,38183,3278,73,507,917,4775,12.505565303931068,39.26676264911559
POST02893,2025-12-28 12:00:00,Facebook,Video,Educational Series,Promotional,10,262696,316249,260881,17278,920,1967,4773,24938,9.55914765736102,99.30908731004659
POST02894,2025-12-28 15:00:00,Facebook,Image,Seasonal Campaign,Brand,15,54261,33267,21537,1495,25,142,489,2151,9.987463435018805,39.691491126223255
POST02895,2025-12-28 18:00:00,Instagram,Image,Brand Awareness,Event,9,137367,162474,105616,7192,331,1118,2273,10914,10.33366156642933,76.88600610044625
POST02896,2025-12-28 21:00:00,Linkedin,Video,Special Campaign,Community,14,297851,395569,317307,16000,294,3164,7737,27195,8.570564153958154,106.53212512296417
POST02897,2025-12-29 00:00:00,Youtube,Carousel,Festival Campaign,Entertainment,9,300153,682805,388142,29446,1672,1701,7980,40799,10.511359244812466,129.31471616142434
POST02898,2025-12-29 03:00:00,Instagram,Image,Seasonal Campaign,Brand,1,210835,199022,133927,2856,61,1198,824,4939,3.687829937204597,63.522185595370786
POST02899,2025-12-29 06:00:00,Youtube,Reel,Educational Series,Community,5,334313,267502,147854,7052,300,1249,2523,11124,7.523638183613565,44.22621914194183
POST02900,2025-12-29 09:00:00,Instagram,Video,Product Launch,Brand,13,38231,41342,27427,2596,144,308,164,3212,11.711087614394575,71.74021082367712
POST02901,2025-12-29 12:00:00,Instagram,Image,Educational Series,Promotional,1,23246,21166,12973,944,24,117,158,1243,9.58143837200339,55.80745074421406
POST02902,2025-12-29 15:00:00,Facebook,Reel,Product Launch,Entertainment,9,209954,380755,225535,24885,1261,1453,4003,31602,14.012015873367769,107.4211493946293
POST02903,2025-12-29 18:00:00,Instagram,Reel,Special Campaign,Promotional,16,311969,603584,402790,42088,1122,7311,7497,58018,14.404031877653367,129.11218742887917
POST02904,2025-12-29 21:00:00,Youtube,Video,Seasonal Campaign,Community,7,429141,570507,339947,32600,326,2785,1430,37141,10.925526626209379,79.21568901596446
POST02905,2025-12-30 00:00:00,Youtube,Reel,Seasonal Campaign,Education,15,21316,37297,33545,2688,43,305,767,3803,11.337009986585183,157.37005066616626
POST02906,2025-12-30 03:00:00,Instagram,Text,Brand Awareness,Brand,13,472279,651939,387676,8088,327,3605,6393,18413,4.749584704753454,82.08622445630654
POST02907,2025-12-30 06:00:00,Linkedin,Reel,Educational Series,Education,9,103870,54224,47865,3242,166,643,205,4256,8.891674501201296,46.08164051217869
POST02908,2025-12-30 09:00:00,Instagram,Video,Event Promotion,Community,12,116608,268028,181539,6334,214,1841,1822,10211,5.624686706437735,155.68314352360045
POST02909,2025-12-30 12:00:00,Instagram,Image,Special Campaign,Promotional,0,134911,68773,42201,1239,25,116,539,1919,4.547285609345749,31.280622039715073
POST02910,2025-12-30 15:00:00,Instagram,Image,Community Campaign,Event,9,415242,504220,406575,21006,486,3266,4211,28969,7.12513066469901,97.91278338896355
POST02911,2025-12-30 18:00:00,Instagram,Video,Event Promotion,Brand,21,218155,398746,288399,23995,339,3967,6665,34966,12.124175187847392,132.19912447571681
POST02912,2025-12-30 21:00:00,Instagram,Image,Special Campaign,Event,11,297433,487608,313504,17949,366,1834,1287,21436,6.837552311932224,105.40323366943143
POST02913,2025-12-31 00:00:00,Facebook,Image,Event Promotion,Entertainment,16,384226,315160,185720,13218,144,2387,4050,19799,10.660671979323713,48.336135503583826
POST02914,2025-12-31 03:00:00,Linkedin,Reel,Event Promotion,Brand,23,68886,93684,55999,1834,104,499,498,2935,5.241165020803943,81.29227999883865
POST02915,2025-12-31 06:00:00,Instagram,Reel,Community Campaign,Education,13,85020,120431,87421,8159,216,1339,1605,11319,12.947689914322646,102.82404140202306
POST02916,2025-12-31 09:00:00,Facebook,Reel,Event Promotion,Event,4,321423,287533,228646,14813,746,2738,5697,23994,10.493951348372594,71.13554412720931
POST02917,2025-12-31 12:00:00,Facebook,Carousel,Product Launch,Community,18,388205,412356,262636,23150,884,3819,3067,30920,11.772948110693127,67.65394572455274
POST02918,2025-12-31 15:00:00,Facebook,Reel,Educational Series,Entertainment,4,105643,125110,72469,4539,226,1364,1188,7317,10.096731016020644,68.59801406624196
POST02919,2025-12-31 18:00:00,Youtube,Reel,Seasonal Campaign,Brand,14,381971,367348,314786,24098,1025,4055,3676,32854,10.436931756812564,82.41096837194448
POST02920,2025-12-31 21:00:00,Instagram,Image,Brand Awareness,Community,12,410233,446004,359036,18816,817,3376,4989,27998,7.798103811316971,87.52001911109053
POST02921,2026-01-01 00:00:00,Instagram,Carousel,Event Promotion,Entertainment,16,440495,505662,348668,20232,383,5444,6990,33049,9.478644441130244,79.15367938342092
POST02922,2026-01-01 03:00:00,Facebook,Carousel,Seasonal Campaign,Education,0,431572,228886,171228,12993,280,997,1638,15908,9.29053659448221,39.675419165284126
POST02923,2026-01-01 06:00:00,Facebook,Reel,Event Promotion,Community,13,213607,179883,101352,8783,436,289,1300,10808,10.66382508485279,47.447883262252645
POST02924,2026-01-01 09:00:00,Instagram,Reel,Special Campaign,Brand,3,85200,77078,55544,5181,187,678,970,7016,12.631427336886073,65.1924882629108
POST02925,2026-01-01 12:00:00,Instagram,Text,Brand Awareness,Entertainment,8,443259,407687,326727,13040,768,3538,2900,20246,6.196610625996627,73.71017847353353
POST02926,2026-01-01 15:00:00,Linkedin,Reel,Special Campaign,Promotional,16,262950,290521,218947,16586,233,1117,1883,19819,9.051962347052028,83.26563985548583
POST02927,2026-01-01 18:00:00,Facebook,Video,Brand Awareness,Brand,2,377646,235386,175655,6636,313,2216,4366,13531,7.7031681420967235,46.51313664119308
POST02928,2026-01-01 21:00:00,Linkedin,Video,Event Promotion,Brand,12,163867,214965,137379,10407,263,2078,2633,15381,11.196034328390802,83.83567161173391
POST02929,2026-01-02 00:00:00,Facebook,Video,Product Launch,Brand,11,102536,114396,87982,7310,156,831,1417,9714,11.040894728467187,85.80596083326832
POST02930,2026-01-02 03:00:00,Instagram,Reel,Seasonal Campaign,Brand,15,237507,312326,183817,15034,857,2914,4412,23217,12.630496635240485,77.39435048230158
POST02931,2026-01-02 06:00:00,Youtube,Video,Brand Awareness,Promotional,3,238183,317566,195939,12303,393,1353,3521,17570,8.967076488090681,82.26405746841714
POST02932,2026-01-02 09:00:00,Facebook,Video,Educational Series,Community,17,212585,223021,131429,4834,98,392,1030,6354,4.834549452556133,61.82421149187384
POST02933,2026-01-02 12:00:00,Instagram,Image,Seasonal Campaign,Community,22,435374,717288,451844,10666,347,3902,7685,22600,5.001726259505493,103.78295442539059
POST02934,2026-01-02 15:00:00,Youtube,Reel,Educational Series,Community,2,199702,188829,134272,10164,106,1703,1624,13597,10.126459723546235,67.23618191104747
POST02935,2026-01-02 18:00:00,Facebook,Reel,Seasonal Campaign,Education,16,39005,55955,37682,2739,86,696,318,3839,10.18788811634202,96.60812716318421
POST02936,2026-01-02 21:00:00,Instagram,Reel,Product Launch,Promotional,0,130737,238667,145534,7598,411,1648,1833,11490,7.895062322206495,111.31814253042367
POST02937,2026-01-03 00:00:00,Facebook,Image,Special Campaign,Promotional,18,366157,581854,334379,15616,536,2231,1805,20188,6.037460486453994,91.32120920807195
POST02938,2026-01-03 03:00:00,Youtube,Image,Community Campaign,Entertainment,21,275716,601237,464712,38253,1308,2630,3458,45649,9.823073215238685,168.54734581961148
POST02939,2026-01-03 06:00:00,Linkedin,Image,Special Campaign,Event,3,236168,79764,53568,2362,107,242,274,2985,5.572356630824372,22.682158463466685
POST02940,2026-01-03 09:00:00,Instagram,Image,Festival Campaign,Community,16,242316,172094,126637,6457,216,415,2924,10012,7.906062209306916,52.26109707984615
POST02941,2026-01-03 12:00:00,Instagram,Image,Product Launch,Event,6,191324,288271,204308,15714,276,1994,4115,22099,10.816512324529631,106.78639376136816
POST02942,2026-01-03 15:00:00,Facebook,Carousel,Event Promotion,Entertainment,1,65176,54279,32273,1903,24,82,406,2415,7.483035354630806,49.516693261323184
POST02943,2026-01-03 18:00:00,Instagram,Text,Festival Campaign,Promotional,11,498706,736372,436001,22675,433,1538,3857,28503,6.537370327132278,87.42645967764575
POST02944,2026-01-03 21:00:00,Facebook,Reel,Event Promotion,Entertainment,4,135754,80504,63923,6720,267,1073,1363,9423,14.741172973734024,47.0873786407767
POST02945,2026-01-04 00:00:00,Facebook,Image,Educational Series,Brand,15,247243,223791,148040,2751,29,607,2624,6011,4.060389084031343,59.87631601299127
POST02946,2026-01-04 03:00:00,Instagram,Reel,Brand Awareness,Entertainment,7,497282,532218,302881,28307,1433,1469,5186,36395,12.016270416434176,60.90729203952687
POST02947,2026-01-04 06:00:00,Youtube,Carousel,Seasonal Campaign,Entertainment,22,151777,161583,116236,5284,73,1579,1582,8518,7.328194363192127,76.58340855333812
POST02948,2026-01-04 09:00:00,Youtube,Carousel,Event Promotion,Brand,7,333654,560477,434858,31775,1521,6570,4515,44381,10.205860303823316,130.33202059618648
POST02949,2026-01-04 12:00:00,Instagram,Text,Educational Series,Event,12,328437,184015,112909,7380,240,653,699,8972,7.946222178922849,34.37767364821868
POST02950,2026-01-04 15:00:00,Linkedin,Reel,Product Launch,Brand,13,400366,458167,336644,19448,634,5539,7931,33552,9.966611613455163,84.08406308227971
POST02951,2026-01-04 18:00:00,Facebook,Text,Event Promotion,Education,10,409091,173732,132957,7007,315,317,2005,9644,7.253472927337409,32.50059277764605
POST02952,2026-01-04 21:00:00,Facebook,Reel,Special Campaign,Entertainment,5,326564,521322,442115,47773,2442,7847,8203,66265,14.988181807900661,135.3838757487047
POST02953,2026-01-05 00:00:00,Facebook,Carousel,Educational Series,Entertainment,15,433368,505483,395669,27711,746,3001,4396,35854,9.061614632432665,91.30092669509516
POST02954,2026-01-05 03:00:00,Youtube,Reel,Brand Awareness,Event,22,117391,216103,154393,17100,835,2668,3154,23757,15.387355644362117,131.52030394152874
POST02955,2026-01-05 06:00:00,Linkedin,Video,Seasonal Campaign,Promotional,21,79278,106391,90816,2928,125,1343,413,4809,5.295322410147992,114.55384848255505
POST02956,2026-01-05 09:00:00,Facebook,Image,Event Promotion,Brand,14,468346,386556,234874,11521,655,1621,1043,14840,6.318281291245518,50.149675667134986
POST02957,2026-01-05 12:00:00,Facebook,Carousel,Community Campaign,Promotional,15,481071,226569,130603,6009,131,1401,2407,9948,7.6169766391277385,27.148383502643057
POST02958,2026-01-05 15:00:00,Linkedin,Video,Educational Series,Education,12,80216,58390,42667,2253,127,541,705,3626,8.49837110647573,53.19013663109604
POST02959,2026-01-05 18:00:00,Instagram,Reel,Event Promotion,Brand,11,93699,168020,150050,8117,415,2569,2317,13418,8.942352549150282,160.1404497379908
POST02960,2026-01-05 21:00:00,Facebook,Reel,Brand Awareness,Education,17,282353,328875,200667,9407,277,1999,2100,13783,6.8685932415394655,71.06954769384423
POST02961,2026-01-06 00:00:00,Instagram,Video,Seasonal Campaign,Education,17,418050,405200,314623,17069,808,3701,7626,29204,9.282220308114791,75.25965793565364
POST02962,2026-01-06 03:00:00,Instagram,Reel,Event Promotion,Education,13,444728,500255,432358,39127,1887,2744,9683,53441,12.360358776754449,97.21852458131713
POST02963,2026-01-06 06:00:00,Instagram,Reel,Event Promotion,Community,1,82485,80440,65496,3129,185,1008,1087,5409,8.258519604250642,79.40352791416622
POST02964,2026-01-06 09:00:00,Linkedin,Image,Seasonal Campaign,Brand,21,465175,370723,333125,14338,229,1122,4245,19934,5.983939962476548,71.61283387972269
POST02965,2026-01-06 12:00:00,Linkedin,Image,Community Campaign,Brand,1,491198,180579,111423,8014,344,949,1047,10354,9.292515907846674,22.683927866155805
POST02966,2026-01-06 15:00:00,Facebook,Reel,Educational Series,Community,2,351642,207940,121846,6693,346,2315,1105,10459,8.583786090639004,34.65058212613965
POST02967,2026-01-06 18:00:00,Facebook,Reel,Festival Campaign,Event,23,426244,308728,274194,26613,729,2873,4108,34323,12.517779382481017,64.32794361914772
POST02968,2026-01-06 21:00:00,Youtube,Reel,Special Campaign,Community,7,275905,582734,434446,41302,470,3498,3223,48493,11.16203164489948,157.46216994980156
POST02969,2026-01-07 00:00:00,Linkedin,Image,Seasonal Campaign,Entertainment,10,333686,230832,160223,5723,158,2135,1420,9436,5.889291799554371,48.016098967292606
POST02970,2026-01-07 03:00:00,Youtube,Video,Event Promotion,Promotional,11,172975,359067,210827,13440,214,3191,3730,20575,9.759186441964264,121.88293105940164
POST02971,2026-01-07 06:00:00,Instagram,Text,Festival Campaign,Promotional,3,424933,324979,195922,11268,347,1055,3242,15912,8.121599412010902,46.10656268164629
POST02972,2026-01-07 09:00:00,Instagram,Carousel,Product Launch,Education,8,50545,73996,48838,2948,165,237,353,3703,7.582210573733568,96.62281135621723
POST02973,2026-01-07 12:00:00,Facebook,Reel,Event Promotion,Brand,23,265605,177113,111890,3207,142,1417,394,5160,4.611672178031996,42.12646599273357
POST02974,2026-01-07 15:00:00,Facebook,Text,Festival Campaign,Brand,16,317356,240243,158220,3013,174,355,1236,4778,3.019845784350904,49.8556825772949
POST02975,2026-01-07 18:00:00,Instagram,Image,Product Launch,Education,23,391223,342467,230333,12321,552,1050,3927,17850,7.749649420621448,58.87511726048827
POST02976,2026-01-07 21:00:00,Instagram,Reel,Community Campaign,Entertainment,15,323244,340358,305623,13192,432,4996,2646,21266,6.958245943531736,94.54870005321058
POST02977,2026-01-08 00:00:00,Facebook,Text,Educational Series,Promotional,16,281056,239841,143836,5046,231,911,2601,8789,6.110431324564087,51.17698963907549
POST02978,2026-01-08 03:00:00,Instagram,Video,Event Promotion,Community,14,147215,300176,217961,22190,731,1234,4531,28686,13.161070099696733,148.05624426858677
POST02979,2026-01-08 06:00:00,Facebook,Carousel,Educational Series,Event,19,470851,413851,318950,11366,157,1955,2456,15934,4.995767361655432,67.73905120728213
POST02980,2026-01-08 09:00:00,Linkedin,Carousel,Product Launch,Entertainment,21,72016,96132,83670,7483,436,923,1318,10160,12.142942512250508,116.18251499666741
POST02981,2026-01-08 12:00:00,Youtube,Reel,Educational Series,Brand,6,269937,282809,160090,9749,354,2914,2411,15428,9.637079142982072,59.30643075976987
POST02982,2026-01-08 15:00:00,Instagram,Reel,Educational Series,Education,9,448591,780999,535435,46753,2126,3937,5087,57903,10.814197801787332,119.35928273193177
POST02983,2026-01-08 18:00:00,Facebook,Carousel,Seasonal Campaign,Promotional,3,171392,152549,122649,2883,129,375,1741,5128,4.181036942820569,71.56051624346527
POST02984,2026-01-08 21:00:00,Facebook,Reel,Brand Awareness,Education,23,39301,20434,11273,1029,29,113,51,1222,10.840060321121262,28.68374850512709
POST02985,2026-01-09 00:00:00,Youtube,Image,Product Launch,Brand,23,202442,151044,129017,8563,187,394,2968,12112,9.387910120371734,63.73035239722983
POST02986,2026-01-09 03:00:00,Linkedin,Video,Educational Series,Education,13,365861,334852,265741,20558,978,1275,5741,28552,10.744296137968924,72.6344158027229
POST02987,2026-01-09 06:00:00,Instagram,Video,Special Campaign,Community,13,291312,518132,422724,14828,420,4690,4547,24485,5.792195380437354,145.11039710001648
POST02988,2026-01-09 09:00:00,Youtube,Image,Festival Campaign,Promotional,13,274531,360344,312721,11658,467,1321,2448,15894,5.0824856661369076,113.91099730085128
POST02989,2026-01-09 12:00:00,Facebook,Video,Product Launch,Education,13,88109,142324,113869,10029,394,1534,1715,13672,12.006779720556079,129.23651386350997
POST02990,2026-01-09 15:00:00,Linkedin,Video,Brand Awareness,Promotional,21,301117,430524,364778,16795,179,2519,1300,20793,5.700179287128061,121.1416160495754
POST02991,2026-01-09 18:00:00,Instagram,Carousel,Event Promotion,Education,19,280205,386425,346082,14745,188,1645,2658,19236,5.558220306170214,123.51028711122214
POST02992,2026-01-09 21:00:00,Facebook,Reel,Community Campaign,Education,17,449267,650074,463721,29215,1433,4510,7893,43051,9.2838150525855,103.21724052734788
POST02993,2026-01-10 00:00:00,Youtube,Reel,Educational Series,Promotional,14,193831,168093,132018,9371,362,1921,1042,12696,9.616870426759986,68.1098482698846
POST02994,2026-01-10 03:00:00,Instagram,Reel,Festival Campaign,Community,22,237409,448971,320854,22786,1169,2476,7219,33650,10.48763612110181,135.1482041540127
POST02995,2026-01-10 06:00:00,Instagram,Reel,Brand Awareness,Education,18,375203,967318,718837,56054,2103,13429,17933,89519,12.453309999346166,191.58615469492514
POST02996,2026-01-10 09:00:00,Linkedin,Reel,Product Launch,Community,12,119017,181751,152222,17020,274,1714,2897,21905,14.390166992944515,127.89937571943504
POST02997,2026-01-10 12:00:00,Instagram,Reel,Community Campaign,Entertainment,11,497559,962117,850735,65274,747,9871,17667,93559,10.997431632647064,170.98173281962542
POST02998,2026-01-10 15:00:00,Instagram,Image,Community Campaign,Event,18,272980,259029,167163,5875,199,1720,587,8381,5.013669292845905,61.23635431167118
POST02999,2026-01-10 18:00:00,Instagram,Text,Special Campaign,Entertainment,18,480642,914067,795885,38990,1544,8163,13664,62361,7.835428485271113,165.58790118216885
POST03000,2026-01-10 21:00:00,Linkedin,Reel,Educational Series,Event,19,171023,194891,161686,14282,843,1787,3607,20519,12.690647304033744,94.54050040053093
POST03001,2026-01-11 00:00:00,Facebook,Carousel,Brand Awareness,Entertainment,1,484127,494613,307538,27360,786,2755,1954,32855,10.683232641169546,63.524240540188835
POST03002,2026-01-11 03:00:00,Facebook,Carousel,Brand Awareness,Event,20,182377,158689,136826,8225,472,1605,2010,12312,8.998289798722466,75.02371461313653
POST03003,2026-01-11 06:00:00,Instagram,Reel,Festival Campaign,Education,2,363259,251601,144437,9314,262,2294,2331,14201,9.831968262979709,39.76143743169474
POST03004,2026-01-11 09:00:00,Facebook,Text,Event Promotion,Promotional,9,95406,61708,51926,2382,76,114,1271,3843,7.4009166891345375,54.42634635138251
POST03005,2026-01-11 12:00:00,Youtube,Image,Event Promotion,Promotional,4,235139,157573,137731,9260,226,253,2739,12478,9.05968881370207,58.57429010074892
POST03006,2026-01-11 15:00:00,Facebook,Image,Seasonal Campaign,Brand,11,280224,346794,310013,10508,232,1251,6329,18320,5.90942960456497,110.63042423204294
POST03007,2026-01-11 18:00:00,Linkedin,Video,Event Promotion,Event,6,291253,415525,361077,20389,1152,3317,2067,26925,7.456858232454573,123.97365864042602
POST03008,2026-01-11 21:00:00,Instagram,Reel,Seasonal Campaign,Brand,8,46842,73434,52040,4114,224,440,720,5498,10.564950038431975,111.09687886939072
POST03009,2026-01-12 00:00:00,Facebook,Carousel,Community Campaign,Community,1,423932,176835,103663,3645,190,1624,1139,6598,6.364855348581461,24.452742420954305
POST03010,2026-01-12 03:00:00,Instagram,Reel,Community Campaign,Community,9,234798,311597,272820,23253,1080,2120,2128,28581,10.476138113041566,116.19349398206118
POST03011,2026-01-12 06:00:00,Youtube,Video,Special Campaign,Brand,5,461801,583225,480442,20626,828,8060,9640,39154,8.149578929402509,104.03658718798789
POST03012,2026-01-12 09:00:00,Instagram,Image,Product Launch,Event,11,280117,247366,178980,10645,223,893,2738,14499,8.100905129064701,63.894729702231565
POST03013,2026-01-12 12:00:00,Instagram,Carousel,Community Campaign,Promotional,5,117969,147564,130472,4263,195,566,1007,6031,4.622447728248207,110.59854707592673
POST03014,2026-01-12 15:00:00,Instagram,Reel,Community Campaign,Event,2,389199,269263,210756,9401,460,1970,4050,15881,7.5352540378447115,54.15121827137275
POST03015,2026-01-12 18:00:00,Facebook,Carousel,Brand Awareness,Community,9,66408,82551,49593,1528,25,474,570,2597,5.236626136753171,74.67925551138417
POST03016,2026-01-12 21:00:00,Instagram,Video,Product Launch,Education,8,128407,255076,167531,10153,173,2586,3254,16166,9.649557395347728,130.46874391583015
POST03017,2026-01-13 00:00:00,Facebook,Image,Brand Awareness,Brand,19,56530,53254,29895,1867,73,125,417,2482,8.302391704298378,52.88342473023173
POST03018,2026-01-13 03:00:00,Youtube,Carousel,Festival Campaign,Brand,4,130047,172183,104429,4405,196,791,1174,6566,6.287525495791399,80.30096811152892
POST03019,2026-01-13 06:00:00,Instagram,Image,Seasonal Campaign,Community,2,478601,579473,457420,23516,676,4714,7107,36013,7.873070700887587,95.57439286587366
POST03020,2026-01-13 09:00:00,Facebook,Video,Seasonal Campaign,Event,4,341874,385370,311265,17945,245,4531,2832,25553,8.209403562880503,91.04670141631127
POST03021,2026-01-13 12:00:00,Instagram,Image,Festival Campaign,Brand,7,95623,101024,85719,3683,125,166,1706,5680,6.626302220044564,89.642659192872
POST03022,2026-01-13 15:00:00,Youtube,Video,Seasonal Campaign,Promotional,7,97658,101554,90398,6931,153,1246,1085,9415,10.415053430385628,92.56589321919351
POST03023,2026-01-13 18:00:00,Facebook,Video,Product Launch,Brand,13,313042,596274,458226,29164,1216,2495,4543,37418,8.165839563883324,146.37844123152803
POST03024,2026-01-13 21:00:00,Instagram,Image,Product Launch,Event,23,346052,509971,444289,19711,919,2535,7615,30780,6.92792304108362,128.38793013766715
POST03025,2026-01-14 00:00:00,Instagram,Reel,Community Campaign,Community,21,363521,1001678,634866,39175,1478,9445,9393,59491,9.37063884347248,174.64355566803567
POST03026,2026-01-14 03:00:00,Instagram,Image,Seasonal Campaign,Promotional,16,373262,432807,335522,8052,425,1721,3568,13766,4.102860617187547,89.88913953201772
POST03027,2026-01-14 06:00:00,Linkedin,Video,Festival Campaign,Promotional,10,339536,272372,185631,8741,385,3156,2365,14647,7.890384687902344,54.67196409217284
POST03028,2026-01-14 09:00:00,Facebook,Reel,Educational Series,Brand,15,357722,529412,344058,23365,1194,5032,7180,36771,10.687442233576897,96.18027406757203
POST03029,2026-01-14 12:00:00,Facebook,Image,Event Promotion,Event,5,46505,23339,15122,1100,38,117,69,1324,8.755455627562492,32.516933663046984
POST03030,2026-01-14 15:00:00,Facebook,Video,Community Campaign,Brand,10,108830,179390,99482,3298,153,959,453,4863,4.888321505397961,91.41045667554903
POST03031,2026-01-14 18:00:00,Instagram,Image,Event Promotion,Education,9,157245,129440,95176,1978,66,300,586,2930,3.078507186685719,60.52720277274317
POST03032,2026-01-14 21:00:00,Youtube,Carousel,Festival Campaign,Community,22,104052,117376,77209,4895,61,188,1067,6211,8.044398969032107,74.2023219159651
POST03033,2026-01-15 00:00:00,Facebook,Reel,Seasonal Campaign,Education,8,289076,293598,254774,17257,354,4032,3047,24690,9.6909417758484,88.13391634033957
POST03034,2026-01-15 03:00:00,Instagram,Reel,Seasonal Campaign,Promotional,23,365589,827336,577046,44528,979,3911,10203,59621,10.33210523944365,157.84008818646075
POST03035,2026-01-15 06:00:00,Instagram,Video,Event Promotion,Brand,23,181313,358820,317032,26975,343,4509,4980,36807,11.60986903530243,174.8534302559662
POST03036,2026-01-15 09:00:00,Instagram,Reel,Educational Series,Education,14,167784,337580,249954,18865,507,4136,2159,25667,10.26868943885675,148.97368044628809
POST03037,2026-01-15 12:00:00,Youtube,Reel,Seasonal Campaign,Entertainment,6,481409,703941,554511,55149,1711,3504,4480,64844,11.693906883722775,115.18500900481712
POST03038,2026-01-15 15:00:00,Linkedin,Video,Educational Series,Education,17,49105,19316,13952,1140,44,48,236,1468,10.521788990825689,28.412585276448425
POST03039,2026-01-15 18:00:00,Instagram,Reel,Brand Awareness,Brand,0,127083,175686,129401,7455,430,2358,1601,11844,9.152943176636965,101.82400478427485
POST03040,2026-01-15 21:00:00,Youtube,Text,Product Launch,Brand,14,50382,49070,44128,2461,113,367,1009,3950,8.95123277737491,87.58683656861578
POST03041,2026-01-16 00:00:00,Instagram,Text,Event Promotion,Community,1,370036,373009,291646,16334,302,1430,2413,20479,7.021868978144736,78.81557470083992
POST03042,2026-01-16 03:00:00,Linkedin,Reel,Seasonal Campaign,Education,21,205592,340868,224828,15330,494,2931,5108,23863,10.613891508175138,109.35639519047433
POST03043,2026-01-16 06:00:00,Instagram,Reel,Educational Series,Brand,1,39589,41350,33568,993,32,299,724,2048,6.1010486177311725,84.79122988708984
POST03044,2026-01-16 09:00:00,Youtube,Carousel,Special Campaign,Brand,9,190673,317085,236263,8643,387,2076,3560,14666,6.207489111710255,123.91004494605949
POST03045,2026-01-16 12:00:00,Facebook,Image,Special Campaign,Community,19,402973,634845,480174,17368,932,4274,9866,32440,6.755884325265425,119.15785921141118
POST03046,2026-01-16 15:00:00,Facebook,Reel,Seasonal Campaign,Community,14,109452,230436,204323,12710,308,2135,967,16120,7.889469124866021,186.67817856229215
POST03047,2026-01-16 18:00:00,Youtube,Carousel,Product Launch,Community,9,453891,757504,584843,37748,2043,1737,12968,54496,9.318056298869953,128.85097964048637
POST03048,2026-01-16 21:00:00,Instagram,Reel,Product Launch,Community,18,185438,575178,509793,20005,355,3305,11974,35639,6.9908766891659955,274.9129088967741
POST03049,2026-01-17 00:00:00,Instagram,Video,Brand Awareness,Entertainment,21,417067,860129,495348,20767,251,6903,1589,29510,5.957427909267827,118.76940635437472
POST03050,2026-01-17 03:00:00,Instagram,Reel,Product Launch,Promotional,12,243656,280171,195262,8045,185,764,1589,10583,5.419897368663642,80.13839183110615
POST03051,2026-01-17 06:00:00,Instagram,Reel,Product Launch,Brand,23,158654,175140,104600,6385,326,1826,2569,11106,10.617590822179732,65.9296330379316
POST03052,2026-01-17 09:00:00,Youtube,Reel,Community Campaign,Event,10,260385,278281,204431,20366,589,2805,3896,27656,13.528280935865892,78.51105094379477
POST03053,2026-01-17 12:00:00,Instagram,Text,Special Campaign,Community,21,191663,168197,123743,6897,197,1061,2021,10176,8.223495470450853,64.56280033183243
POST03054,2026-01-17 15:00:00,Instagram,Carousel,Festival Campaign,Promotional,1,483359,281410,184289,8606,366,396,3476,12844,6.969488140909115,38.1267339596449
POST03055,2026-01-17 18:00:00,Facebook,Video,Special Campaign,Community,20,275360,586506,410099,18345,708,7237,8501,34791,8.483561286421084,148.93194363742012
POST03056,2026-01-17 21:00:00,Linkedin,Image,Special Campaign,Promotional,12,418723,405935,326447,17678,735,892,2267,21572,6.60811709098261,77.96251937438355
POST03057,2026-01-18 00:00:00,Facebook,Reel,Seasonal Campaign,Event,21,157006,231277,204300,6562,157,2646,3257,12622,6.178169358786099,130.12241570385845
POST03058,2026-01-18 03:00:00,Instagram,Reel,Special Campaign,Education,21,61971,112297,71439,5030,57,753,1433,7273,10.180713615812092,115.27811395652805
POST03059,2026-01-18 06:00:00,Instagram,Image,Brand Awareness,Entertainment,20,286803,429688,318985,19896,258,3234,4450,27838,8.72705613116604,111.22094259822946
POST03060,2026-01-18 09:00:00,Linkedin,Image,Brand Awareness,Brand,0,286542,88798,67023,3635,68,697,1367,5767,8.604508899929876,23.39028833469439
POST03061,2026-01-18 12:00:00,Instagram,Carousel,Event Promotion,Education,4,26242,20074,16961,416,23,140,333,912,5.377041448027828,64.63303101897722
POST03062,2026-01-18 15:00:00,Instagram,Reel,Product Launch,Event,20,441836,1475697,1300877,48837,1840,21626,28482,100785,7.747465748106854,294.4253071275315
POST03063,2026-01-18 18:00:00,Youtube,Text,Event Promotion,Entertainment,21,242513,394140,318776,13805,576,2269,3624,20274,6.359951815695034,131.4469739766528
POST03064,2026-01-18 21:00:00,Facebook,Reel,Community Campaign,Entertainment,6,424012,598240,358367,39013,1094,2528,3531,46166,12.882324544391643,84.51812684546664
POST03065,2026-01-19 00:00:00,Facebook,Text,Special Campaign,Entertainment,12,198217,190459,133304,9426,207,1431,761,11825,8.870701554341954,67.25154754637595
POST03066,2026-01-19 03:00:00,Instagram,Reel,Educational Series,Event,12,150014,200457,171822,15073,448,1203,3936,20660,12.024071422751453,114.53730985108056
POST03067,2026-01-19 06:00:00,Instagram,Image,Product Launch,Community,19,255987,417599,288551,18870,442,617,2837,22766,7.889766453763807,112.72095848617312
POST03068,2026-01-19 09:00:00,Linkedin,Reel,Educational Series,Community,22,198615,209401,125539,4940,77,2373,2587,9977,7.947331108261178,63.20720992875663
POST03069,2026-01-19 12:00:00,Instagram,Image,Special Campaign,Community,20,214886,408494,243500,13562,506,744,3208,18020,7.40041067761807,113.3158977318206
POST03070,2026-01-19 15:00:00,Facebook,Image,Festival Campaign,Education,5,256088,113304,92040,3533,125,278,1526,5462,5.934376358105172,35.94077036018869
POST03071,2026-01-19 18:00:00,Facebook,Image,Community Campaign,Brand,19,71175,95385,69681,1497,42,428,214,2181,3.129978042795023,97.90094836670178
POST03072,2026-01-19 21:00:00,Facebook,Image,Product Launch,Entertainment,11,188347,191387,159526,6579,165,841,3576,11161,6.996351691887217,84.6979245753848
POST03073,2026-01-20 00:00:00,Instagram,Carousel,Event Promotion,Entertainment,7,33937,50964,39151,2597,70,589,435,3691,9.427600827565069,115.36376226537408
POST03074,2026-01-20 03:00:00,Instagram,Carousel,Event Promotion,Education,8,170641,224033,179571,11267,228,1699,4426,17620,9.81227481052063,105.23320890055732
POST03075,2026-01-20 06:00:00,Youtube,Video,Product Launch,Community,17,213019,324069,222279,10802,513,894,2105,14314,6.439654668232267,104.34703007712926
POST03076,2026-01-20 09:00:00,Linkedin,Reel,Seasonal Campaign,Entertainment,10,294487,438246,249106,8659,327,2788,1630,13404,5.380841890600788,84.5898121139473
POST03077,2026-01-20 12:00:00,Linkedin,Carousel,Event Promotion,Entertainment,19,339019,275848,174566,8669,114,561,1956,11300,6.473196384175613,51.491509325436034
POST03078,2026-01-20 15:00:00,Instagram,Image,Special Campaign,Event,10,66803,85340,75042,4288,93,144,467,4992,6.652274726153354,112.33327844557878
POST03079,2026-01-20 18:00:00,Instagram,Image,Special Campaign,Promotional,23,478079,426508,253765,17296,990,3268,6193,27747,10.934131972494237,53.08013947485667
POST03080,2026-01-20 21:00:00,Linkedin,Image,Seasonal Campaign,Education,23,478056,186259,155639,4601,121,741,1891,7354,4.725036783839526,32.556646083304045
POST03081,2026-01-21 00:00:00,Facebook,Reel,Product Launch,Education,14,342081,340823,250658,18944,342,2289,1199,22774,9.08568647320253,73.27445838851033
POST03082,2026-01-21 03:00:00,Linkedin,Reel,Brand Awareness,Community,8,97069,108176,85604,3484,140,625,1718,5967,6.970468669688332,88.18881414251717
POST03083,2026-01-21 06:00:00,Instagram,Reel,Event Promotion,Education,2,462563,394012,316223,27120,393,3052,5762,36327,11.487779193796783,68.36322836024499
POST03084,2026-01-21 09:00:00,Youtube,Reel,Seasonal Campaign,Community,16,444348,454294,271225,28398,718,3965,5429,38510,14.198543644575537,61.03887043488437
POST03085,2026-01-21 12:00:00,Facebook,Carousel,Product Launch,Event,16,444572,525470,351248,12010,533,5332,2237,20112,5.7258689017446365,79.00812466822022
POST03086,2026-01-21 15:00:00,Facebook,Carousel,Product Launch,Event,2,35438,46570,35950,2877,155,345,658,4035,11.223922114047289,101.44477679327275
POST03087,2026-01-21 18:00:00,Youtube,Text,Seasonal Campaign,Brand,18,177438,244486,149704,6479,111,704,2008,9302,6.213594827125528,84.36975168791353
POST03088,2026-01-21 21:00:00,Instagram,Carousel,Event Promotion,Community,8,361648,684572,604270,51939,2915,7520,5691,68065,11.264004501299087,167.08788656373048
POST03089,2026-01-22 00:00:00,Youtube,Reel,Brand Awareness,Event,16,299634,459390,375077,20213,308,6929,5490,32940,8.782196722273026,125.17838429550719
POST03090,2026-01-22 03:00:00,Instagram,Video,Event Promotion,Community,22,170245,238507,187118,7054,130,3265,4383,14832,7.926549022541926,109.91101060236718
POST03091,2026-01-22 06:00:00,Youtube,Video,Product Launch,Education,17,161448,268863,233103,8431,488,762,2693,12374,5.308382989493915,144.38271146127545
POST03092,2026-01-22 09:00:00,Linkedin,Image,Brand Awareness,Brand,22,237776,117309,65361,1597,50,208,567,2422,3.7055736601337186,27.488476549357376
POST03093,2026-01-22 12:00:00,Instagram,Image,Special Campaign,Promotional,14,348398,276247,174954,12931,433,1688,4327,19379,11.076625855939277,50.21670618086211
POST03094,2026-01-22 15:00:00,Facebook,Text,Educational Series,Entertainment,0,387524,188897,107218,4926,70,1108,777,6881,6.417765673674196,27.667447693562202
POST03095,2026-01-22 18:00:00,Instagram,Image,Festival Campaign,Entertainment,9,56763,69642,50786,3196,168,241,353,3958,7.79348639388808,89.47025351020912
POST03096,2026-01-22 21:00:00,Facebook,Text,Event Promotion,Brand,7,347985,273360,196102,5771,256,1075,3543,10645,5.428297518638259,56.35357845884161
POST03097,2026-01-23 00:00:00,Linkedin,Reel,Community Campaign,Community,9,323491,413140,286501,8909,367,5485,4734,19495,6.80451377133064,88.56536967025357
POST03098,2026-01-23 03:00:00,Instagram,Reel,Product Launch,Community,1,61684,59698,34183,3022,121,356,813,4312,12.614457478863764,55.41631541404578
POST03099,2026-01-23 06:00:00,Instagram,Image,Brand Awareness,Community,18,50711,99973,61217,1701,52,189,702,2644,4.319061698547789,120.71739859202147
POST03100,2026-01-23 09:00:00,Youtube,Image,Seasonal Campaign,Promotional,13,296321,392815,335819,23431,847,2629,1169,28076,8.360456079018757,113.32946365596767
POST03101,2026-01-23 12:00:00,Instagram,Video,Special Campaign,Entertainment,7,197042,328688,237488,12824,131,1000,2353,16308,6.866873273596982,120.52658824007065
POST03102,2026-01-23 15:00:00,Facebook,Text,Seasonal Campaign,Brand,18,175642,220826,175553,8864,417,1953,2850,14084,8.022648430958172,99.94932874824927
POST03103,2026-01-23 18:00:00,Linkedin,Image,Seasonal Campaign,Community,0,448580,168762,147021,9082,273,1585,1037,11977,8.146455268295005,32.77475589638414
POST03104,2026-01-23 21:00:00,Youtube,Reel,Brand Awareness,Event,15,198681,362727,299746,19155,193,2652,2004,24004,8.008113536127254,150.8679742904455
POST03105,2026-01-24 00:00:00,Instagram,Video,Educational Series,Education,23,432035,436936,349032,19452,848,1338,5759,27397,7.849423548557152,80.78789912854283
POST03106,2026-01-24 03:00:00,Youtube,Carousel,Event Promotion,Promotional,14,407364,701583,404814,25700,723,4798,9321,40542,10.014969837999674,99.37402421421628
POST03107,2026-01-24 06:00:00,Facebook,Reel,Community Campaign,Community,19,470738,1072298,593004,35140,784,2314,10764,49002,8.263350668798187,125.97325901031996
POST03108,2026-01-24 09:00:00,Instagram,Image,Special Campaign,Entertainment,23,51391,68324,56214,4409,260,349,1315,6333,11.265876827836482,109.38491175497656
POST03109,2026-01-24 12:00:00,Youtube,Carousel,Seasonal Campaign,Education,4,35788,16623,9496,698,32,29,192,951,10.014743049705139,26.53403375433106
POST03110,2026-01-24 15:00:00,Facebook,Video,Brand Awareness,Brand,2,71055,30437,27309,2468,109,108,522,3207,11.743381302867187,38.43360776862993
POST03111,2026-01-24 18:00:00,Facebook,Image,Seasonal Campaign,Community,16,134187,94766,78370,4000,59,814,1559,6432,8.207222151333418,58.40357113580302
POST03112,2026-01-24 21:00:00,Instagram,Reel,Educational Series,Entertainment,9,488648,1147188,812445,99959,4254,14805,6410,125428,15.438337364375435,166.26385455378923
POST03113,2026-01-25 00:00:00,Facebook,Text,Product Launch,Education,4,400215,182067,136090,2564,42,239,1584,4429,3.254463957675068,34.00422273028247
POST03114,2026-01-25 03:00:00,Instagram,Carousel,Seasonal Campaign,Event,10,499311,642398,362116,21033,467,4823,1329,27652,7.636227065360271,72.52313688262426
POST03115,2026-01-25 06:00:00,Instagram,Image,Educational Series,Promotional,5,436781,453296,338527,10891,214,4242,5723,21070,6.224023490002274,77.50497388851622
POST03116,2026-01-25 09:00:00,Linkedin,Reel,Event Promotion,Brand,3,150101,79356,45314,1521,73,146,518,2258,4.9830074590634235,30.18900606924671
POST03117,2026-01-25 12:00:00,Facebook,Carousel,Special Campaign,Entertainment,6,368606,567469,380545,31097,1444,4418,6596,43555,11.445426953448344,103.23895975648796
POST03118,2026-01-25 15:00:00,Instagram,Reel,Special Campaign,Event,18,213277,376678,230156,25652,1394,4381,1574,33001,14.338535601939553,107.91412107259572
POST03119,2026-01-25 18:00:00,Instagram,Reel,Seasonal Campaign,Promotional,6,33376,29291,21105,1494,22,208,175,1899,8.997867803837952,63.23406040268457
POST03120,2026-01-25 21:00:00,Instagram,Image,Educational Series,Promotional,13,172947,124221,102715,3196,80,556,343,4175,4.064644891203816,59.39102730894435
POST03121,2026-01-26 00:00:00,Instagram,Reel,Brand Awareness,Event,16,329750,739735,629443,50972,1735,6854,13413,72974,11.59342466275739,190.88491281273693
POST03122,2026-01-26 03:00:00,Instagram,Carousel,Brand Awareness,Entertainment,22,360537,466737,263546,8504,267,2954,5811,17536,6.653866877129609,73.09818409760996
POST03123,2026-01-26 06:00:00,Instagram,Reel,Festival Campaign,Promotional,16,274047,351440,279532,21236,464,2721,1035,25456,9.106649685903582,102.0014814976993
POST03124,2026-01-26 09:00:00,Youtube,Carousel,Educational Series,Brand,12,345140,417701,358797,16387,236,5549,8943,31115,8.67203460452568,103.95694500782291
POST03125,2026-01-26 12:00:00,Facebook,Reel,Product Launch,Education,0,283427,335225,231950,17184,418,1916,1101,20619,8.889415822375513,81.83765131762323
POST03126,2026-01-26 15:00:00,Facebook,Reel,Seasonal Campaign,Brand,1,100456,77951,53844,1475,81,980,319,2855,5.302354951340911,53.59958588834913
POST03127,2026-01-26 18:00:00,Facebook,Reel,Community Campaign,Community,17,85783,125508,71159,5017,132,1264,1392,7805,10.968394721679617,82.95233321287434
POST03128,2026-01-26 21:00:00,Instagram,Text,Community Campaign,Promotional,3,378526,211904,125956,7833,153,831,2756,11573,9.188129187970402,33.27538927312787
POST03129,2026-01-27 00:00:00,Linkedin,Video,Event Promotion,Education,12,354322,235070,141146,5818,156,1625,771,8370,5.9300298981196775,39.83551684625849
POST03130,2026-01-27 03:00:00,Facebook,Reel,Festival Campaign,Event,0,476749,555514,305869,19314,550,3487,6957,30308,9.908817173365069,64.15723997323539
POST03131,2026-01-27 06:00:00,Facebook,Video,Educational Series,Education,3,299509,142561,119751,8378,102,727,709,9916,8.28051540279413,39.9824379234013
POST03132,2026-01-27 09:00:00,Facebook,Carousel,Product Launch,Education,1,394399,459030,313244,13445,661,1344,2221,17671,5.64128921862829,79.42312226957979
POST03133,2026-01-27 12:00:00,Linkedin,Text,Festival Campaign,Education,3,169021,41584,34712,633,23,113,176,945,2.7224014749942382,20.53709302394377
POST03134,2026-01-27 15:00:00,Youtube,Image,Brand Awareness,Promotional,15,398973,468699,319076,20394,665,2286,3254,26599,8.336258446263587,79.97433410280897
POST03135,2026-01-27 18:00:00,Instagram,Carousel,Event Promotion,Community,3,184575,161517,97654,2626,111,1007,1500,5244,5.369979724332849,52.90749018014357
POST03136,2026-01-27 21:00:00,Facebook,Reel,Seasonal Campaign,Community,8,408411,675221,397934,13495,783,5234,7590,27102,6.810677147466665,97.4346920136823
POST03137,2026-01-28 00:00:00,Facebook,Image,Seasonal Campaign,Entertainment,16,358531,189741,108940,4112,48,1183,836,6179,5.671929502478428,30.385099196443267
POST03138,2026-01-28 03:00:00,Facebook,Text,Seasonal Campaign,Community,20,99942,137196,110271,5224,300,1097,1053,7674,6.959218652229507,110.33499429669209
POST03139,2026-01-28 06:00:00,Youtube,Image,Educational Series,Promotional,22,166000,88727,57878,3312,152,644,290,4398,7.5987421818307475,34.86626506024096
POST03140,2026-01-28 09:00:00,Instagram,Reel,Community Campaign,Entertainment,19,167904,510050,311358,33095,1091,2925,3376,40487,13.003359476872282,185.43810748999428
POST03141,2026-01-28 12:00:00,Instagram,Reel,Product Launch,Event,20,420750,1057719,688060,41739,1026,10864,3358,56987,8.282271894892887,163.53178847296493
POST03142,2026-01-28 15:00:00,Linkedin,Carousel,Seasonal Campaign,Event,1,415051,289018,209426,5617,217,2775,2372,10981,5.2433795230773645,50.45789553572935
POST03143,2026-01-28 18:00:00,Youtube,Carousel,Seasonal Campaign,Event,2,352395,282924,196959,12460,265,1966,4772,19463,9.88175203976462,55.89154216149491
POST03144,2026-01-28 21:00:00,Youtube,Image,Brand Awareness,Event,22,184453,242495,150793,6005,244,1906,755,8910,5.9087623430795855,81.75144887857611
POST03145,2026-01-29 00:00:00,Instagram,Text,Special Campaign,Event,14,275385,230759,139069,2657,147,856,2803,6463,4.647333338127116,50.499845670606604
POST03146,2026-01-29 03:00:00,Instagram,Reel,Festival Campaign,Brand,6,74780,147452,93992,8593,471,711,1974,11749,12.5,125.6913613265579
POST03147,2026-01-29 06:00:00,Linkedin,Reel,Seasonal Campaign,Promotional,3,86412,72289,59992,5276,286,477,875,6914,11.524869982664356,69.42554274869231
POST03148,2026-01-29 09:00:00,Facebook,Text,Event Promotion,Entertainment,11,260143,357751,307215,6796,348,2788,7660,17592,5.726282896342952,118.0946633197895
POST03149,2026-01-29 12:00:00,Facebook,Reel,Festival Campaign,Event,0,160397,197880,175707,9837,164,2537,3739,16277,9.263717438690547,109.54506630423262
POST03150,2026-01-29 15:00:00,Youtube,Reel,Community Campaign,Brand,16,442662,361420,267922,13263,167,4416,5772,23618,8.815252200267242,60.5251862594937
POST03151,2026-01-29 18:00:00,Facebook,Image,Festival Campaign,Community,3,118975,82543,48833,2248,45,102,1080,3475,7.116089529621362,41.04475730195419
POST03152,2026-01-29 21:00:00,Instagram,Video,Product Launch,Brand,3,149788,109932,78875,2171,58,195,1967,4391,5.5670364500792395,52.6577562955644
POST03153,2026-01-30 00:00:00,Facebook,Reel,Brand Awareness,Brand,21,281208,310189,176524,12119,562,1195,3339,17215,9.75221499626113,62.773463059372425
POST03154,2026-01-30 03:00:00,Youtube,Text,Educational Series,Promotional,22,480382,300045,247619,13133,442,2053,1987,17615,7.113751368029108,51.54626942724748
POST03155,2026-01-30 06:00:00,Youtube,Video,Product Launch,Event,8,273199,579727,410602,26808,458,2117,1360,30743,7.487299136389984,150.29410795793544
POST03156,2026-01-30 09:00:00,Facebook,Reel,Community Campaign,Brand,20,342806,676171,412288,14741,360,5270,10003,30374,7.3671802235330635,120.26860673383779
POST03157,2026-01-30 12:00:00,Linkedin,Carousel,Event Promotion,Brand,9,380808,185399,152100,6393,102,1348,1216,9059,5.95595003287311,39.94138778597088
POST03158,2026-01-30 15:00:00,Instagram,Image,Community Campaign,Event,18,100249,154903,100897,5554,321,529,1812,8216,8.142957669702767,100.64639048768566
POST03159,2026-01-30 18:00:00,Facebook,Image,Community Campaign,Promotional,18,76525,59335,45813,1438,26,617,566,2647,5.777835985418986,59.86671022541653
POST03160,2026-01-30 21:00:00,Instagram,Video,Festival Campaign,Brand,14,423800,621594,450124,25325,910,1114,3541,30890,6.862553429721588,106.21142048135914
POST03161,2026-01-31 00:00:00,Youtube,Text,Event Promotion,Entertainment,21,417117,284345,216157,14681,343,2206,1703,18933,8.758911346845117,51.82167113783422
POST03162,2026-01-31 03:00:00,Instagram,Reel,Product Launch,Education,16,267543,535163,317215,13344,162,2812,3094,19412,6.119508850464197,118.5659875235009
POST03163,2026-01-31 06:00:00,Instagram,Image,Community Campaign,Community,6,133094,212804,161772,4082,136,292,1185,5695,3.5203867171080288,121.54717718304356
POST03164,2026-01-31 09:00:00,Youtube,Image,Product Launch,Education,2,338347,205993,181664,6932,226,816,4204,12178,6.70358463977453,53.69162427921631
POST03165,2026-01-31 12:00:00,Instagram,Image,Seasonal Campaign,Education,4,233058,163038,116955,6387,307,1024,582,8300,7.0967466119447655,50.18278711736992
POST03166,2026-01-31 15:00:00,Youtube,Image,Seasonal Campaign,Promotional,15,107597,76800,50304,3023,71,330,1239,4663,9.26964058524173,46.75223286894616
POST03167,2026-01-31 18:00:00,Linkedin,Reel,Seasonal Campaign,Brand,22,494066,714224,450589,31504,1279,4453,6480,43716,9.701967868722939,91.20016354090345
POST03168,2026-01-31 21:00:00,Instagram,Carousel,Educational Series,Education,6,284234,148169,123615,8998,92,1370,2279,12739,10.305383650851434,43.49057466735155
POST03169,2026-02-01 00:00:00,Facebook,Image,Festival Campaign,Education,15,440068,379876,332959,17363,486,3725,4882,26456,7.945723046981761,75.66080696619613
POST03170,2026-02-01 03:00:00,Youtube,Reel,Product Launch,Community,8,304598,696422,472425,33492,597,2402,10994,47485,10.051330899084512,155.09786669643267
POST03171,2026-02-01 06:00:00,Facebook,Video,Seasonal Campaign,Event,0,75084,49586,34603,2683,75,331,323,3412,9.860416726873392,46.08571732992382
POST03172,2026-02-01 09:00:00,Instagram,Video,Seasonal Campaign,Brand,2,490459,623555,389782,29754,472,3362,2394,35982,9.231313913931377,79.47290191432923
POST03173,2026-02-01 12:00:00,Instagram,Image,Event Promotion,Brand,7,274185,161426,120850,2819,155,1088,2971,7033,5.819611088125775,44.0760800189653
POST03174,2026-02-01 15:00:00,Instagram,Reel,Community Campaign,Community,17,209638,438771,332151,31149,1329,2601,4814,39893,12.010501247926394,158.44026369265114
POST03175,2026-02-01 18:00:00,Instagram,Carousel,Seasonal Campaign,Event,23,473104,493590,274193,25316,1111,1825,2692,30944,11.285481394492201,57.956178768304646
POST03176,2026-02-01 21:00:00,Instagram,Reel,Educational Series,Brand,23,117103,232530,150850,8067,177,798,2772,11814,7.831620815379516,128.81821985773206
POST03177,2026-02-02 00:00:00,Facebook,Reel,Event Promotion,Entertainment,17,184895,365451,245497,7846,456,3871,2364,14537,5.921457288683772,132.77644068254955
POST03178,2026-02-02 03:00:00,Linkedin,Carousel,Festival Campaign,Community,23,445223,515244,449362,12888,537,1866,3631,18922,4.210858951135165,100.92964649175806
POST03179,2026-02-02 06:00:00,Facebook,Reel,Special Campaign,Promotional,18,386704,636472,401117,22721,700,1492,4398,29311,7.307344241206431,103.72714013819355
POST03180,2026-02-02 09:00:00,Facebook,Reel,Special Campaign,Event,6,427357,702207,413074,46558,2464,3862,5549,58433,14.145891535172876,96.65782940258379
POST03181,2026-02-02 12:00:00,Instagram,Reel,Educational Series,Community,19,32746,39660,35133,2714,30,266,766,3776,10.747730054364842,107.2894399315947
POST03182,2026-02-02 15:00:00,Instagram,Reel,Educational Series,Education,5,285491,244240,192361,11276,470,1437,1419,14602,7.590935792598291,67.37900669373114
POST03183,2026-02-02 18:00:00,Instagram,Reel,Educational Series,Brand,10,422577,339872,187921,8129,326,2757,1918,13130,6.986978570782404,44.47023856007308
POST03184,2026-02-02 21:00:00,Instagram,Text,Community Campaign,Entertainment,4,131972,128520,78082,3533,84,762,1043,5422,6.9439819676750085,59.16558057769829
POST03185,2026-02-03 00:00:00,Youtube,Reel,Special Campaign,Entertainment,11,286245,739775,573189,56989,3170,2467,4147,66773,11.649386153607274,200.24419640517738
POST03186,2026-02-03 03:00:00,Youtube,Reel,Seasonal Campaign,Promotional,0,387955,682410,458455,48532,1235,5437,7380,62584,13.651067171259992,118.17221069453932
POST03187,2026-02-03 06:00:00,Instagram,Reel,Brand Awareness,Community,18,68095,163347,129997,7237,247,1169,2561,11214,8.626352915836518,190.90535281591895
POST03188,2026-02-03 09:00:00,Instagram,Text,Educational Series,Entertainment,10,454669,592001,513265,12359,659,1516,8633,23167,4.5136527914430165,112.8876171456598
POST03189,2026-02-03 12:00:00,Facebook,Image,Event Promotion,Community,14,121483,176179,129186,3844,47,698,2186,6775,5.244376325608038,106.3408048862804
POST03190,2026-02-03 15:00:00,Facebook,Image,Special Campaign,Brand,15,445884,522920,447737,19498,520,2479,7356,29853,6.667530268885528,100.41557893981394
POST03191,2026-02-03 18:00:00,Instagram,Video,Event Promotion,Brand,2,261411,307852,270624,12932,429,4040,6124,23525,8.692872768121083,103.52433524220481
POST03192,2026-02-03 21:00:00,Linkedin,Image,Festival Campaign,Entertainment,10,140902,87930,72378,5811,141,892,1764,8608,11.893116692917738,51.36761720912407
POST03193,2026-02-04 00:00:00,Linkedin,Reel,Product Launch,Brand,10,246218,305869,224643,6890,251,2358,2278,11777,5.242540386301821,91.23743999220203
POST03194,2026-02-04 03:00:00,Instagram,Reel,Product Launch,Community,9,299891,659513,570065,28700,1555,3489,6784,40528,7.1093647215668385,190.0907329663111
POST03195,2026-02-04 06:00:00,Instagram,Image,Brand Awareness,Brand,1,166081,152221,88077,6337,340,764,1337,8778,9.966279505432746,53.03255640320085
POST03196,2026-02-04 09:00:00,Youtube,Reel,Community Campaign,Education,19,371331,946605,799949,61772,1328,12048,11671,86819,10.853066883013792,215.42747575613132
POST03197,2026-02-04 12:00:00,Linkedin,Carousel,Seasonal Campaign,Community,4,414272,431534,323270,13243,666,1869,1595,17373,5.374145451170849,78.03327282558318
POST03198,2026-02-04 15:00:00,Linkedin,Reel,Community Campaign,Event,22,446126,432314,360551,14624,691,2109,4893,22317,6.189692997661912,80.81819934278657
POST03199,2026-02-04 18:00:00,Instagram,Image,Seasonal Campaign,Brand,22,228115,146901,103461,3308,163,802,753,5026,4.857869148761369,45.35475527694365
POST03200,2026-02-04 21:00:00,Instagram,Reel,Educational Series,Brand,7,172287,164255,137794,8224,485,1867,2703,13279,9.636849209689826,79.97933680428588
POST03201,2026-02-05 00:00:00,Youtube,Reel,Special Campaign,Community,12,243957,307074,241216,14616,553,2498,3385,21052,8.727447598832581,98.87644134007223
POST03202,2026-02-05 03:00:00,Youtube,Image,Seasonal Campaign,Promotional,14,470167,487982,319259,10705,108,2089,3069,15971,5.00252146376453,67.9033194588306
POST03203,2026-02-05 06:00:00,Instagram,Text,Special Campaign,Event,1,50375,57663,47345,2461,55,242,822,3580,7.5615165276164324,93.98511166253101
POST03204,2026-02-05 09:00:00,Linkedin,Image,Brand Awareness,Event,11,423292,323883,201435,4323,71,2062,2799,9255,4.594534216993075,47.58771722593387
POST03205,2026-02-05 12:00:00,Facebook,Carousel,Festival Campaign,Event,23,268024,307761,245844,9786,174,2251,2603,14814,6.025772441060184,91.72462167567083
POST03206,2026-02-05 15:00:00,Facebook,Reel,Festival Campaign,Entertainment,7,398756,393541,222838,12543,142,3729,4817,21231,9.52754916127411,55.88329705383743
POST03207,2026-02-05 18:00:00,Linkedin,Reel,Product Launch,Education,20,392685,554684,352523,10609,383,3207,6916,21115,5.9896801059789,89.77246393419662
POST03208,2026-02-05 21:00:00,Facebook,Reel,Festival Campaign,Education,18,186321,392571,336169,26641,611,2388,7287,36927,10.984653552231169,180.42464349160855
POST03209,2026-02-06 00:00:00,Youtube,Reel,Educational Series,Promotional,22,226690,370603,316372,20467,978,4473,2415,28333,8.955596576182469,139.56151572632228
POST03210,2026-02-06 03:00:00,Facebook,Reel,Event Promotion,Event,0,60664,37435,22224,2331,43,218,187,2779,12.504499640028799,36.634577344059075
POST03211,2026-02-06 06:00:00,Instagram,Reel,Festival Campaign,Event,7,498261,1205353,819957,49951,714,10279,6326,67270,8.20408875099548,164.5637527320019
POST03212,2026-02-06 09:00:00,Facebook,Video,Brand Awareness,Brand,9,471501,405870,354910,14033,577,6178,2783,23571,6.6414020455890235,75.27237481998978
POST03213,2026-02-06 12:00:00,Instagram,Reel,Educational Series,Community,12,472175,951461,609762,58528,3179,10580,7320,79607,13.055421623518685,129.13898448668397
POST03214,2026-02-06 15:00:00,Facebook,Image,Festival Campaign,Entertainment,4,485802,263253,146405,7105,391,461,1578,9535,6.512755711895085,30.136763537408246
POST03215,2026-02-06 18:00:00,Instagram,Image,Community Campaign,Entertainment,21,58779,112745,70338,4918,135,473,1450,6976,9.917825357559213,119.6651865462155
POST03216,2026-02-06 21:00:00,Instagram,Image,Seasonal Campaign,Promotional,8,341456,201620,114173,7995,257,1294,550,10096,8.842721133718129,33.43710463427206
POST03217,2026-02-07 00:00:00,Instagram,Image,Festival Campaign,Education,9,199170,266411,162880,2987,74,801,1153,5015,3.0789538310412574,81.77938444544861
POST03218,2026-02-07 03:00:00,Instagram,Reel,Community Campaign,Event,13,31414,70050,49321,2439,45,678,542,3704,7.509985604509235,157.00324695995417
POST03219,2026-02-07 06:00:00,Facebook,Reel,Educational Series,Community,23,187990,151206,106829,6013,149,1610,719,8491,7.948216308305797,56.82695888079154
POST03220,2026-02-07 09:00:00,Facebook,Carousel,Festival Campaign,Promotional,10,429092,724696,462279,26535,1137,5835,1416,34923,7.554528758606816,107.73423881125726
POST03221,2026-02-07 12:00:00,Youtube,Video,Community Campaign,Entertainment,13,275423,270107,227065,13098,599,3867,1248,18812,8.284852355052518,82.44227969341703
POST03222,2026-02-07 15:00:00,Instagram,Reel,Event Promotion,Entertainment,2,143938,309373,260263,20103,1117,4394,1038,26652,10.240410661523152,180.81604579749614
POST03223,2026-02-07 18:00:00,Instagram,Reel,Special Campaign,Entertainment,20,223612,496155,339067,36036,520,3419,8096,48071,14.177433958480181,151.63184444484196
POST03224,2026-02-07 21:00:00,Instagram,Video,Product Launch,Event,15,291342,605019,432745,27731,654,2753,2147,33285,7.691596667783568,148.5350550212465
POST03225,2026-02-08 00:00:00,Instagram,Reel,Educational Series,Event,19,113302,255235,179849,10831,162,868,2563,14424,8.020061273623986,158.73417944961255
POST03226,2026-02-08 03:00:00,Linkedin,Image,Community Campaign,Event,16,119524,59778,35066,1126,30,203,569,1928,5.498203387897108,29.338040895552357
POST03227,2026-02-08 06:00:00,Instagram,Image,Brand Awareness,Brand,4,188501,125049,93698,3781,197,1164,1534,6676,7.1250186770261905,49.70689810664135
POST03228,2026-02-08 09:00:00,Instagram,Reel,Special Campaign,Education,6,385314,592683,479082,20256,358,6613,5006,32233,6.728075778259254,124.33547703950545
POST03229,2026-02-08 12:00:00,Instagram,Image,Festival Campaign,Entertainment,16,218405,394472,277510,14105,408,1772,2504,18789,6.770566826420669,127.06210938394267
POST03230,2026-02-08 15:00:00,Instagram,Image,Community Campaign,Entertainment,19,229773,545877,330410,16583,274,2078,5312,24247,7.338458279107775,143.7984445517968
POST03231,2026-02-08 18:00:00,Youtube,Reel,Special Campaign,Brand,21,235863,235986,166584,6208,318,1592,1733,9851,5.913533112423762,70.6274405057173
POST03232,2026-02-08 21:00:00,Facebook,Image,Seasonal Campaign,Entertainment,10,405537,373835,258438,21113,595,2986,3075,27769,10.744936890085825,63.72735410085886
POST03233,2026-02-09 00:00:00,Instagram,Video,Special Campaign,Entertainment,11,398449,927828,695235,77102,1103,7036,8668,93909,13.507519040324494,174.48531681595384
POST03234,2026-02-09 03:00:00,Instagram,Image,Community Campaign,Event,23,256381,295809,223763,7793,127,785,4290,12995,5.807483810996456,87.27752836598656
POST03235,2026-02-09 06:00:00,Instagram,Reel,Community Campaign,Event,1,278469,543021,342337,11012,432,4719,4633,20796,6.07471585017103,122.93540753189762
POST03236,2026-02-09 09:00:00,Instagram,Image,Seasonal Campaign,Education,18,140759,96758,79211,4413,73,236,1320,6042,7.627728472055649,56.27419916310858
POST03237,2026-02-09 12:00:00,Instagram,Carousel,Product Launch,Entertainment,4,90148,115035,73247,6645,333,931,1178,9087,12.405968845140416,81.2519412521631
POST03238,2026-02-09 15:00:00,Linkedin,Video,Special Campaign,Promotional,10,466125,633518,447767,28058,510,2793,6009,37370,8.345858448702115,96.0615714668812
POST03239,2026-02-09 18:00:00,Facebook,Carousel,Seasonal Campaign,Entertainment,22,464400,367319,215665,5616,272,1113,3995,10996,5.098648366679805,46.43949181739879
POST03240,2026-02-09 21:00:00,Youtube,Reel,Seasonal Campaign,Entertainment,18,473770,1291618,884277,29353,952,6229,14010,50544,5.715856004396812,186.64689617324862
POST03241,2026-02-10 00:00:00,Youtube,Carousel,Special Campaign,Education,6,128169,82393,57370,1275,28,544,307,2154,3.7545755621404915,44.76121371002348
POST03242,2026-02-10 03:00:00,Youtube,Carousel,Brand Awareness,Promotional,20,51528,71316,62457,4762,277,391,542,5972,9.561778503610483,121.2098276665114
POST03243,2026-02-10 06:00:00,Youtube,Reel,Seasonal Campaign,Entertainment,21,423499,1107818,628586,34157,1374,4405,5499,45435,7.228127893398835,148.4267967574894
POST03244,2026-02-10 09:00:00,Facebook,Image,Brand Awareness,Community,5,418169,210367,161324,4624,84,782,895,6385,3.957873595993157,38.57866078068915
POST03245,2026-02-10 12:00:00,Facebook,Reel,Event Promotion,Community,10,145728,119722,93670,10315,543,579,394,11831,12.630511369702146,64.27728370663152
POST03246,2026-02-10 15:00:00,Instagram,Carousel,Special Campaign,Promotional,13,106234,247702,176746,10308,189,2454,2060,15011,8.492978624693063,166.3742304723535
POST03247,2026-02-10 18:00:00,Youtube,Reel,Seasonal Campaign,Community,3,204887,362371,236008,13903,232,2642,820,17597,7.456103182942951,115.18934827490274
POST03248,2026-02-10 21:00:00,Youtube,Image,Product Launch,Event,7,341265,572499,449672,20323,973,4563,11204,37063,8.242229892010176,131.7662227301364
POST03249,2026-02-11 00:00:00,Linkedin,Text,Seasonal Campaign,Event,8,190891,181057,105341,4323,100,785,1459,6667,6.3289697268869665,55.18384837420308
POST03250,2026-02-11 03:00:00,Facebook,Video,Community Campaign,Promotional,1,261921,160151,103229,8680,175,1727,1761,12343,11.956911333055634,39.412265530446206
POST03251,2026-02-11 06:00:00,Youtube,Text,Educational Series,Entertainment,10,304160,193809,142996,6738,273,301,2489,9801,6.854037875185321,47.013413992635456
POST03252,2026-02-11 09:00:00,Instagram,Text,Product Launch,Promotional,19,426464,310020,205094,6124,81,671,4908,11784,5.745658088486255,48.09174983116981
POST03253,2026-02-11 12:00:00,Facebook,Reel,Seasonal Campaign,Community,21,140184,319518,225073,8451,484,4207,4419,17561,7.802357457358279,160.55541288592136
POST03254,2026-02-11 15:00:00,Instagram,Carousel,Product Launch,Promotional,6,430492,770579,498376,40606,1198,1697,2939,46440,9.318265727081561,115.76893414976352
POST03255,2026-02-11 18:00:00,Instagram,Image,Special Campaign,Community,3,116544,129403,106035,7801,167,274,641,8883,8.377422549158297,90.98280477759472
POST03256,2026-02-11 21:00:00,Instagram,Video,Brand Awareness,Event,23,248821,506423,286427,12990,155,1467,4183,18795,6.561881386880426,115.11367609647097
POST03257,2026-02-12 00:00:00,Facebook,Reel,Event Promotion,Promotional,13,168427,264266,217608,13651,207,1835,935,16628,7.64126318885335,129.20018761837474
POST03258,2026-02-12 03:00:00,Instagram,Text,Event Promotion,Brand,23,495238,277872,189319,3770,215,545,2024,6554,3.4618817973895912,38.22788235151584
POST03259,2026-02-12 06:00:00,Instagram,Carousel,Special Campaign,Community,0,493891,382125,326592,21984,1305,3819,7429,34537,10.574968155986674,66.12633151849295
POST03260,2026-02-12 09:00:00,Linkedin,Video,Special Campaign,Brand,23,199348,121950,84133,4089,122,359,1123,5693,6.766667062864749,42.204085318137125
POST03261,2026-02-12 12:00:00,Instagram,Reel,Product Launch,Event,11,340595,583446,409324,15814,386,4377,10163,30740,7.509943223461121,120.17909834260632
POST03262,2026-02-12 15:00:00,Youtube,Reel,Special Campaign,Entertainment,18,41529,84236,62825,6825,79,398,400,7702,12.259450855551133,151.2798285535409
POST03263,2026-02-12 18:00:00,Youtube,Video,Product Launch,Community,4,187086,311290,206464,6135,363,933,4874,12305,5.9598767823930565,110.35780336315919
POST03264,2026-02-12 21:00:00,Instagram,Reel,Special Campaign,Entertainment,7,140542,183319,146880,15920,274,2161,2835,21190,14.426742919389978,104.50968393789756
POST03265,2026-02-13 00:00:00,Facebook,Video,Seasonal Campaign,Event,10,302240,489433,426510,43591,1366,6105,8625,59687,13.99427914937516,141.11633139227104
POST03266,2026-02-13 03:00:00,Instagram,Reel,Special Campaign,Entertainment,21,115653,288426,168786,8338,168,1144,4174,13824,8.190252746080837,145.9417395138907
POST03267,2026-02-13 06:00:00,Youtube,Carousel,Festival Campaign,Community,3,459949,742107,448401,12417,719,2093,1513,16742,3.73371156620971,97.48928685571661
POST03268,2026-02-13 09:00:00,Youtube,Image,Community Campaign,Education,14,23417,31881,21559,773,23,184,151,1131,5.2460689271302,92.06559337233634
POST03269,2026-02-13 12:00:00,Facebook,Carousel,Brand Awareness,Community,19,91981,165478,115898,9395,105,1337,644,11481,9.906124350722187,126.00210913123362
POST03270,2026-02-13 15:00:00,Facebook,Carousel,Community Campaign,Community,11,90953,84564,53258,1659,41,563,385,2648,4.972022982462729,58.55551768495817
POST03271,2026-02-13 18:00:00,Instagram,Reel,Educational Series,Brand,19,35494,39327,27943,2217,52,178,501,2948,10.550048312636438,78.72598185608835
POST03272,2026-02-13 21:00:00,Instagram,Reel,Educational Series,Education,21,393814,669262,552127,41320,2305,7942,11885,63452,11.49228347825772,140.1999421046484
POST03273,2026-02-14 00:00:00,Facebook,Reel,Event Promotion,Education,22,400983,275436,203542,5703,178,3484,2128,11493,5.64650047656012,50.76075544349761
POST03274,2026-02-14 03:00:00,Youtube,Image,Brand Awareness,Education,20,426518,477734,418427,16010,910,3492,8940,29352,7.01484368838531,98.10301089285798
POST03275,2026-02-14 06:00:00,Facebook,Image,Community Campaign,Community,9,75669,55120,44126,2007,93,132,860,3092,7.007206635543671,58.31450131493743
POST03276,2026-02-14 09:00:00,Facebook,Carousel,Event Promotion,Event,23,449643,458586,297143,9594,281,4110,920,14905,5.016103357642616,66.08420458007798
POST03277,2026-02-14 12:00:00,Facebook,Image,Educational Series,Education,15,475486,453493,333034,12675,409,2670,1862,17616,5.289550015914291,70.0407582978258
POST03278,2026-02-14 15:00:00,Youtube,Image,Product Launch,Promotional,22,340407,301537,223752,14775,574,1531,2241,19121,8.54562193857485,65.73072821651729
POST03279,2026-02-14 18:00:00,Instagram,Image,Brand Awareness,Entertainment,7,322418,561632,399658,31370,1248,4620,8828,46066,11.526355033553688,123.95647885663952
POST03280,2026-02-14 21:00:00,Facebook,Reel,Brand Awareness,Event,19,401384,452109,286650,26756,273,3926,7100,38055,13.275771847200419,71.41540270663505
POST03281,2026-02-15 00:00:00,Youtube,Reel,Special Campaign,Promotional,7,442019,473725,325512,33809,1067,3274,5682,43832,13.465555801322223,73.64208325886443
POST03282,2026-02-15 03:00:00,Instagram,Text,Special Campaign,Community,5,180236,153749,103332,6684,367,907,2380,10338,10.004645221228662,57.33149870170221
POST03283,2026-02-15 06:00:00,Linkedin,Video,Community Campaign,Community,2,58441,64036,37452,2111,83,440,605,3239,8.64840328954395,64.08514570250338
POST03284,2026-02-15 09:00:00,Linkedin,Reel,Special Campaign,Promotional,7,83327,114605,91498,5038,100,836,1827,7801,8.525869417910775,109.80594525183913
POST03285,2026-02-15 12:00:00,Youtube,Image,Special Campaign,Brand,22,382605,467157,328938,13417,463,3623,6396,23899,7.265502921523205,85.97326224173756
POST03286,2026-02-15 15:00:00,Instagram,Video,Seasonal Campaign,Brand,9,266341,333902,234037,13508,417,3480,2881,20286,8.667860210137714,87.87118768796392
POST03287,2026-02-15 18:00:00,Instagram,Image,Festival Campaign,Promotional,4,119099,60866,42465,2527,56,131,738,3452,8.12904745084187,35.6552112108414
POST03288,2026-02-15 21:00:00,Facebook,Reel,Community Campaign,Brand,10,96925,81159,72191,3658,37,1127,1274,6096,8.44426590572232,74.48129997420686
POST03289,2026-02-16 00:00:00,Linkedin,Reel,Special Campaign,Entertainment,3,333179,296701,246393,12544,570,4342,2511,19967,8.103720479072052,73.95213984074627
POST03290,2026-02-16 03:00:00,Instagram,Image,Product Launch,Entertainment,16,392007,807489,478217,39446,1475,4321,4359,49601,10.372069583473612,121.9919542253072
POST03291,2026-02-16 06:00:00,Instagram,Text,Seasonal Campaign,Community,2,295634,330465,237242,4143,125,681,1842,6791,2.8624779760750627,80.24855057266755
POST03292,2026-02-16 09:00:00,Linkedin,Carousel,Seasonal Campaign,Brand,17,26044,14897,13105,527,24,164,259,974,7.432277756581457,50.31869144524651
POST03293,2026-02-16 12:00:00,Instagram,Reel,Seasonal Campaign,Education,7,454985,803282,718987,47872,2767,6929,13764,71332,9.921180772392269,158.02433047243315
POST03294,2026-02-16 15:00:00,Youtube,Reel,Product Launch,Promotional,23,309653,541816,484879,27368,1299,2810,5073,36550,7.537963079448687,156.58785802172108
POST03295,2026-02-16 18:00:00,Linkedin,Video,Event Promotion,Entertainment,11,47844,34335,28277,2790,136,104,613,3643,12.883262015065247,59.10249979098737
POST03296,2026-02-16 21:00:00,Instagram,Video,Brand Awareness,Brand,20,344356,518704,406314,21949,1162,2607,3181,28899,7.112479510920126,117.99242644240262
POST03297,2026-02-17 00:00:00,Facebook,Carousel,Event Promotion,Brand,15,434820,401130,310472,19962,782,1458,1560,23762,7.653508206859233,71.4024193919323
POST03298,2026-02-17 03:00:00,Instagram,Carousel,Product Launch,Entertainment,13,440776,1008460,901862,38392,2184,9584,11760,61920,6.865795432117109,204.6077826378932
POST03299,2026-02-17 06:00:00,Instagram,Reel,Festival Campaign,Entertainment,20,479324,984303,735108,85536,4905,4000,6053,100494,13.67064431348863,153.3634869107326
POST03300,2026-02-17 09:00:00,Facebook,Video,Brand Awareness,Education,15,152278,201614,150647,3694,130,660,3417,7901,5.244711145923915,98.9289326100947
POST03301,2026-02-17 12:00:00,Youtube,Video,Product Launch,Brand,3,396731,448635,260392,24072,278,3537,4722,32609,12.523042182555532,65.63439711038463
POST03302,2026-02-17 15:00:00,Linkedin,Reel,Festival Campaign,Brand,0,360776,242235,169199,11159,134,2159,3564,17016,10.05679702598715,46.89862962059561
POST03303,2026-02-17 18:00:00,Youtube,Carousel,Community Campaign,Event,0,180622,147540,102037,7847,439,1295,1975,11556,11.325303566353382,56.492010939974094
POST03304,2026-02-17 21:00:00,Instagram,Reel,Educational Series,Community,21,72232,173677,109562,4732,82,1367,2172,8353,7.623993720450521,151.68069553660428
POST03305,2026-02-18 00:00:00,Instagram,Reel,Seasonal Campaign,Education,14,317372,625572,472539,27955,482,2015,5391,35843,7.585194026313172,148.89120653365765
POST03306,2026-02-18 03:00:00,Instagram,Reel,Special Campaign,Entertainment,19,275693,861617,743379,41085,1516,4505,14304,61410,8.260927467684722,269.6401432027654
POST03307,2026-02-18 06:00:00,Instagram,Reel,Product Launch,Entertainment,19,105925,226243,137180,16312,287,520,1130,18249,13.302959615104243,129.5067264573991
POST03308,2026-02-18 09:00:00,Instagram,Reel,Educational Series,Promotional,2,319837,308640,277686,27486,1024,2957,1432,32899,11.847554431984328,86.82109949755656
POST03309,2026-02-18 12:00:00,Instagram,Image,Event Promotion,Community,13,104533,129888,87149,5574,244,867,281,6966,7.993207036225315,83.36984492935245
POST03310,2026-02-18 15:00:00,Youtube,Image,Educational Series,Entertainment,8,382163,267296,152548,4917,140,676,1343,7076,4.638540000524425,39.9169987675416
POST03311,2026-02-18 18:00:00,Facebook,Image,Product Launch,Brand,18,263815,366500,207001,6429,80,2775,784,10068,4.86374461959121,78.46445425771847
POST03312,2026-02-18 21:00:00,Facebook,Reel,Educational Series,Entertainment,7,107165,106689,73064,4054,157,977,1386,6574,8.997591152961787,68.17897634488872
POST03313,2026-02-19 00:00:00,Facebook,Reel,Seasonal Campaign,Brand,1,54337,42546,27827,2425,91,255,349,3120,11.212132101915406,51.21188140677623
POST03314,2026-02-19 03:00:00,Instagram,Carousel,Brand Awareness,Brand,3,37060,26943,17305,794,34,75,304,1207,6.974862756428777,46.69454937938478
POST03315,2026-02-19 06:00:00,Instagram,Image,Product Launch,Education,0,262608,231052,141868,3020,123,1273,2118,6534,4.605689796148532,54.0227258880156
POST03316,2026-02-19 09:00:00,Facebook,Reel,Festival Campaign,Entertainment,10,456009,964616,864493,94560,4375,6211,4458,109604,12.678413821742918,189.57805657344483
POST03317,2026-02-19 12:00:00,Youtube,Video,Educational Series,Education,4,231213,275913,241149,19696,1134,4110,2433,27373,11.351073402750997,104.29733622244424
POST03318,2026-02-19 15:00:00,Instagram,Carousel,Brand Awareness,Community,1,186353,248106,173123,8745,435,1363,849,11392,6.580292624319125,92.90057042279975
POST03319,2026-02-19 18:00:00,Facebook,Video,Seasonal Campaign,Brand,12,192832,272352,190799,5387,95,2634,809,8925,4.677697472208974,98.94571440424825
POST03320,2026-02-19 21:00:00,Facebook,Image,Event Promotion,Community,16,488085,329892,193140,9400,172,1835,4583,15990,8.27896862379621,39.570976366821355
POST03321,2026-02-20 00:00:00,Youtube,Reel,Event Promotion,Entertainment,16,68993,144734,86321,8044,270,495,1858,10667,12.357363793283211,125.11559143681244
POST03322,2026-02-20 03:00:00,Instagram,Carousel,Seasonal Campaign,Community,17,99459,70954,46928,2660,122,633,483,3898,8.306341629730651,47.183261444414285
POST03323,2026-02-20 06:00:00,Facebook,Reel,Educational Series,Community,20,448015,837784,688911,57368,1220,9155,14185,81928,11.89239248611214,153.76962824905416
POST03324,2026-02-20 09:00:00,Youtube,Image,Event Promotion,Entertainment,8,463876,698458,460395,26924,1329,4657,6093,39003,8.471638484344965,99.24958394053583
POST03325,2026-02-20 12:00:00,Facebook,Reel,Festival Campaign,Education,5,389750,437160,241408,15500,471,1474,6004,23449,9.713431203605515,61.93919178960873
POST03326,2026-02-20 15:00:00,Facebook,Video,Product Launch,Education,19,483081,426753,276521,25064,1326,1296,3900,31586,11.42264059510851,57.24112519432559
POST03327,2026-02-20 18:00:00,Facebook,Reel,Brand Awareness,Brand,2,397744,522602,394803,31625,905,4240,4990,41760,10.577427223197391,99.26057966933504
POST03328,2026-02-20 21:00:00,Youtube,Text,Community Campaign,Brand,7,287466,281580,208492,7578,424,2129,3259,13390,6.422308769641042,72.52753369094084
POST03329,2026-02-21 00:00:00,Instagram,Video,Educational Series,Entertainment,2,250431,380728,311852,27324,1286,2093,3262,33965,10.891384374639252,124.52611697433625
POST03330,2026-02-21 03:00:00,Facebook,Image,Event Promotion,Entertainment,0,273390,123648,80865,5475,211,870,1185,7741,9.572744697953379,29.578623943816524
POST03331,2026-02-21 06:00:00,Facebook,Carousel,Product Launch,Event,19,190947,256870,199905,10289,285,1460,2988,15022,7.514569420474726,104.69135414539113
POST03332,2026-02-21 09:00:00,Facebook,Carousel,Community Campaign,Event,12,58438,40378,27033,967,28,388,399,1782,6.591943180557097,46.25928334303022
POST03333,2026-02-21 12:00:00,Instagram,Video,Festival Campaign,Promotional,20,196221,352531,196174,19427,824,1015,3374,24640,12.560278120444096,99.97604741592389
POST03334,2026-02-21 15:00:00,Instagram,Image,Event Promotion,Brand,4,99369,94777,67651,4752,217,145,242,5356,7.917103960030154,68.08058851352031
POST03335,2026-02-21 18:00:00,Linkedin,Video,Event Promotion,Community,15,300278,424988,360211,25566,855,5253,3501,35175,9.765109893923283,119.95917116805094
POST03336,2026-02-21 21:00:00,Facebook,Image,Brand Awareness,Promotional,20,289719,231503,198124,7954,362,1712,2266,12294,6.205204821223073,68.38488328345743
POST03337,2026-02-22 00:00:00,Linkedin,Text,Festival Campaign,Promotional,23,96899,70979,41020,2305,92,316,144,2857,6.964895173086299,42.33273821195265
POST03338,2026-02-22 03:00:00,Facebook,Image,Festival Campaign,Education,15,370451,196097,166942,5713,221,778,3891,10603,6.351307639779084,45.06452945193831
POST03339,2026-02-22 06:00:00,Youtube,Image,Educational Series,Community,23,114265,89202,68455,4421,250,393,478,5542,8.095829376962968,59.90898350325996
POST03340,2026-02-22 09:00:00,Facebook,Video,Community Campaign,Education,11,186852,300061,251462,8978,409,1281,5094,15762,6.268143894504935,134.57816881810203
POST03341,2026-02-22 12:00:00,Linkedin,Video,Brand Awareness,Event,12,301956,429655,251464,25191,381,1945,6177,33694,13.399134667387777,83.27835843632847
POST03342,2026-02-22 15:00:00,Youtube,Image,Educational Series,Promotional,3,64522,49976,35032,2487,60,259,696,3502,9.996574560401918,54.29465918601407
POST03343,2026-02-22 18:00:00,Facebook,Reel,Brand Awareness,Event,8,108383,94367,53505,2973,57,142,244,3416,6.3844500513970655,49.36659808272515
POST03344,2026-02-22 21:00:00,Instagram,Image,Festival Campaign,Community,15,483890,513891,371388,19462,827,1488,1347,23124,6.226372419141168,76.75050114695489
POST03345,2026-02-23 00:00:00,Youtube,Text,Brand Awareness,Community,0,307076,134755,114011,4557,230,757,2284,7828,6.866004157493576,37.12794226836353
POST03346,2026-02-23 03:00:00,Facebook,Video,Brand Awareness,Brand,4,272020,188049,166588,10311,484,2686,2248,15729,9.44185655629457,61.241085214322474
POST03347,2026-02-23 06:00:00,Instagram,Video,Brand Awareness,Entertainment,20,238247,321431,190065,7237,209,2621,1606,11673,6.141583142609107,79.77645049045738
POST03348,2026-02-23 09:00:00,Instagram,Reel,Special Campaign,Education,4,68966,111207,76854,4365,97,1426,547,6435,8.373018971035991,111.43751993736043
POST03349,2026-02-23 12:00:00,Instagram,Image,Product Launch,Brand,23,65580,44423,32729,764,23,238,731,1756,5.365272388401723,49.90698383653553
POST03350,2026-02-23 15:00:00,Instagram,Carousel,Product Launch,Brand,18,262788,328710,225492,6946,112,1918,789,9765,4.33053057314672,85.80757112196903
POST03351,2026-02-23 18:00:00,Instagram,Video,Community Campaign,Education,8,207771,319944,204930,15795,823,1882,697,19197,9.367588932806324,98.63262919271698
POST03352,2026-02-23 21:00:00,Youtube,Reel,Community Campaign,Education,7,191162,344191,210292,15892,951,2841,1356,21040,10.005135716051965,110.00721900796184
POST03353,2026-02-24 00:00:00,Linkedin,Video,Seasonal Campaign,Community,18,390257,768010,494929,37712,459,1758,11671,51600,10.425737833103334,126.82129981012513
POST03354,2026-02-24 03:00:00,Youtube,Image,Festival Campaign,Community,17,308343,455875,372666,27280,1504,3675,7777,40236,10.796799278710695,120.86085949737793
POST03355,2026-02-24 06:00:00,Instagram,Reel,Brand Awareness,Promotional,14,123528,155474,104314,4206,201,1070,1720,7197,6.8993615430335336,84.44563175960106
POST03356,2026-02-24 09:00:00,Instagram,Reel,Festival Campaign,Event,3,486703,565982,508211,53121,967,2228,5134,61450,12.091434463244598,104.41912213403246
POST03357,2026-02-24 12:00:00,Facebook,Reel,Product Launch,Community,14,164909,370183,280240,20254,609,781,2181,23825,8.501641450185556,169.93614660206538
POST03358,2026-02-24 15:00:00,Instagram,Image,Special Campaign,Brand,12,195231,354340,299401,16267,396,882,5503,23048,7.698037080704473,153.35730493620378
POST03359,2026-02-24 18:00:00,Facebook,Reel,Brand Awareness,Promotional,17,32688,41224,36564,3104,52,536,148,3840,10.502133245815557,111.8575624082232
POST03360,2026-02-24 21:00:00,Facebook,Reel,Educational Series,Promotional,19,423003,482009,391900,37448,676,3798,5364,47286,12.065833120694053,92.64709706550545
POST03361,2026-02-25 00:00:00,Facebook,Video,Product Launch,Brand,4,447973,315275,223802,13919,187,3890,1126,19122,8.544159569619575,49.958814482122804
POST03362,2026-02-25 03:00:00,Instagram,Reel,Product Launch,Community,17,276738,680938,377560,39357,1593,1220,5740,47910,12.689373874351094,136.43229336050703
POST03363,2026-02-25 06:00:00,Facebook,Reel,Product Launch,Brand,7,110640,98597,58330,4059,222,668,844,5793,9.931424652837304,52.720535068691255
POST03364,2026-02-25 09:00:00,Instagram,Image,Seasonal Campaign,Entertainment,0,219212,267353,231654,6577,236,2661,1191,10665,4.603848843533891,105.67578417239932
POST03365,2026-02-25 12:00:00,Linkedin,Image,Brand Awareness,Community,18,80539,110319,93888,2730,75,432,1058,4295,4.574599522835719,116.57457877550006
POST03366,2026-02-25 15:00:00,Facebook,Video,Community Campaign,Event,22,268167,362864,265185,13886,806,1678,1292,17662,6.660256047664838,98.8880063542494
POST03367,2026-02-25 18:00:00,Instagram,Image,Event Promotion,Brand,16,151135,122434,101994,3989,223,710,2309,7231,7.089632723493539,67.48536077017236
POST03368,2026-02-25 21:00:00,Instagram,Video,Educational Series,Community,1,359832,312002,251624,19876,853,3086,4657,28472,11.315295838234826,69.92818871028702
POST03369,2026-02-26 00:00:00,Instagram,Carousel,Educational Series,Education,18,104732,84732,68609,3110,138,518,1438,5204,7.585010712880234,65.5091089638315
POST03370,2026-02-26 03:00:00,Facebook,Reel,Festival Campaign,Entertainment,15,456997,787757,568429,50947,537,9932,12086,73502,12.930726616692672,124.38352986999914
POST03371,2026-02-26 06:00:00,Instagram,Reel,Brand Awareness,Event,17,253403,398570,259021,28566,606,866,2416,32454,12.529486026229533,102.21702189792543
POST03372,2026-02-26 09:00:00,Youtube,Image,Community Campaign,Community,1,166031,98762,54853,1449,78,217,617,2361,4.304231309135325,33.03780619281941
POST03373,2026-02-26 12:00:00,Instagram,Image,Product Launch,Education,5,249477,167630,125380,5827,245,1539,485,8096,6.457170202584145,50.257137932554905
POST03374,2026-02-26 15:00:00,Facebook,Carousel,Event Promotion,Community,6,182352,93785,61471,5428,127,703,303,6561,10.673325633225424,33.710077213301744
POST03375,2026-02-26 18:00:00,Facebook,Image,Brand Awareness,Education,5,457474,390331,256229,12916,269,1843,3955,18983,7.40860714439037,56.00952185260801
POST03376,2026-02-26 21:00:00,Facebook,Image,Brand Awareness,Event,5,277046,245863,217687,5893,136,1933,4591,12553,5.766536357246873,78.57431617854076
POST03377,2026-02-27 00:00:00,Facebook,Reel,Seasonal Campaign,Entertainment,8,178539,217863,150140,13324,763,2880,2125,19092,12.71613161049687,84.09367141072819
POST03378,2026-02-27 03:00:00,Instagram,Reel,Community Campaign,Education,7,429272,869375,673969,43745,1183,4426,6690,56044,8.315515995542821,157.00278611230175
POST03379,2026-02-27 06:00:00,Instagram,Image,Event Promotion,Promotional,23,23135,30572,25139,1873,59,332,193,2457,9.773658458968137,108.66220012967365
POST03380,2026-02-27 09:00:00,Facebook,Image,Product Launch,Event,21,299708,481233,304079,12943,460,1083,4717,19203,6.315135211573308,101.45841952834091
POST03381,2026-02-27 12:00:00,Instagram,Image,Brand Awareness,Event,20,345402,581015,433756,17171,830,5413,1385,24799,5.717269617019706,125.58004875478429
POST03382,2026-02-27 15:00:00,Youtube,Reel,Educational Series,Brand,8,123813,190261,116257,9389,316,1487,1470,12662,10.891387185287767,93.89724826956781
POST03383,2026-02-27 18:00:00,Instagram,Carousel,Special Campaign,Entertainment,11,477876,559248,330970,28201,524,2972,7868,39565,11.954255672719581,69.25855242782647
POST03384,2026-02-27 21:00:00,Instagram,Video,Educational Series,Promotional,17,309606,425220,354033,29337,858,1899,3855,35949,10.154138173560092,114.34952810992034
POST03385,2026-02-28 00:00:00,Instagram,Reel,Event Promotion,Promotional,22,76682,167792,142167,9623,352,2303,3153,15431,10.854136332622902,185.3981377637516
POST03386,2026-02-28 03:00:00,Linkedin,Image,Special Campaign,Brand,5,22728,7140,5890,417,9,37,73,536,9.100169779286928,25.915170714537133
POST03387,2026-02-28 06:00:00,Instagram,Text,Product Launch,Education,22,158703,91363,53778,1811,79,349,1203,3442,6.400386775261259,33.88593788397195
POST03388,2026-02-28 09:00:00,Youtube,Reel,Event Promotion,Education,3,424100,354413,283684,8178,326,4283,6675,19462,6.860450360260008,66.89082763499175
POST03389,2026-02-28 12:00:00,Instagram,Image,Brand Awareness,Promotional,6,307118,249102,137527,6831,178,565,2622,10196,7.413816923222349,44.77985660234828
POST03390,2026-02-28 15:00:00,Facebook,Reel,Seasonal Campaign,Entertainment,17,397236,370095,249545,20952,930,3352,1027,26261,10.523552866216514,62.82033853930661
POST03391,2026-02-28 18:00:00,Instagram,Carousel,Seasonal Campaign,Education,19,383321,668583,501527,32998,1149,3135,7239,44521,8.87708936906687,130.8373399839821
POST03392,2026-02-28 21:00:00,Linkedin,Reel,Educational Series,Event,4,395939,256253,226070,8145,337,1549,1233,11264,4.982527535719025,57.097179110923655
POST03393,2026-03-01 00:00:00,Linkedin,Text,Seasonal Campaign,Community,17,449252,186217,146794,7139,193,1094,2311,10737,7.314331648432497,32.67520233632794
POST03394,2026-03-01 03:00:00,Instagram,Carousel,Festival Campaign,Brand,9,104614,219496,149705,8280,163,323,1775,10541,7.0411809892789154,143.10226164758063
POST03395,2026-03-01 06:00:00,Linkedin,Video,Event Promotion,Entertainment,7,161346,219899,129002,3761,127,925,812,5625,4.360397513216849,79.95364000347081
POST03396,2026-03-01 09:00:00,Linkedin,Carousel,Seasonal Campaign,Education,0,432067,208358,148796,5478,239,1162,611,7490,5.0337374660609155,34.43817741229948
POST03397,2026-03-01 12:00:00,Facebook,Image,Festival Campaign,Community,14,343960,321749,262226,15850,810,681,1715,19056,7.267013949799028,76.2373531806024
POST03398,2026-03-01 15:00:00,Facebook,Image,Festival Campaign,Promotional,2,68526,62371,46814,1446,56,197,521,2220,4.7421711453838595,68.3156758018854
POST03399,2026-03-01 18:00:00,Instagram,Video,Community Campaign,Brand,14,73467,154868,104704,7800,103,1536,2009,11448,10.933679706601467,142.51840962609063
POST03400,2026-03-01 21:00:00,Youtube,Text,Educational Series,Education,13,398753,216898,170063,3365,191,1569,4070,9195,5.406819825594045,42.6487073451485
POST03401,2026-03-02 00:00:00,Instagram,Image,Event Promotion,Promotional,0,482711,648758,468115,28630,467,5942,10293,45332,9.683945184409813,96.97624458526944
POST03402,2026-03-02 03:00:00,Instagram,Text,Festival Campaign,Education,20,239832,363702,299806,5259,54,1519,3162,9994,3.3334889895465736,125.00667133660228
POST03403,2026-03-02 06:00:00,Linkedin,Image,Brand Awareness,Brand,7,406564,357456,292973,20157,286,1493,4334,26270,8.966696589788139,72.0607333654726
POST03404,2026-03-02 09:00:00,Instagram,Image,Seasonal Campaign,Event,6,361574,268824,153198,4672,138,1974,730,7514,4.904763769762007,42.36975003733676
POST03405,2026-03-02 12:00:00,Facebook,Image,Community Campaign,Event,8,46965,25440,16891,1042,36,110,406,1594,9.436978272452786,35.96508037900564
POST03406,2026-03-02 15:00:00,Facebook,Reel,Product Launch,Community,17,181630,199624,109803,9871,114,1783,835,12603,11.47782847463184,60.45422011782195
POST03407,2026-03-02 18:00:00,Linkedin,Reel,Seasonal Campaign,Promotional,11,79807,54739,38095,2292,104,285,713,3394,8.90930568316052,47.73390805317829
POST03408,2026-03-02 21:00:00,Linkedin,Reel,Seasonal Campaign,Event,7,273383,179680,109972,8400,243,2092,2516,13251,12.049430764194522,40.226349114612105
POST03409,2026-03-03 00:00:00,Instagram,Image,Seasonal Campaign,Brand,7,334664,225968,162716,4995,284,458,752,6489,3.987929890115293,48.62070614108479
POST03410,2026-03-03 03:00:00,Instagram,Image,Community Campaign,Promotional,5,457161,494981,404333,12190,315,4671,2216,19392,4.796046822792104,88.44433361550963
POST03411,2026-03-03 06:00:00,Youtube,Image,Product Launch,Education,2,494442,221911,147168,4679,80,1278,758,6795,4.617172211350294,29.76446175688958
POST03412,2026-03-03 09:00:00,Instagram,Text,Educational Series,Entertainment,1,208096,93394,60120,4216,227,483,234,5160,8.582834331337326,28.890512071351683
POST03413,2026-03-03 12:00:00,Instagram,Image,Event Promotion,Education,13,150030,264096,155822,8419,239,1576,566,10800,6.9309853550846485,103.86056122108911
POST03414,2026-03-03 15:00:00,Instagram,Image,Event Promotion,Brand,7,118983,74250,41127,2087,40,109,584,2820,6.856809395287768,34.565442121983814
POST03415,2026-03-03 18:00:00,Facebook,Reel,Product Launch,Community,5,142194,167766,109083,6027,63,1041,1870,9001,8.251514901497025,76.71420735052112
POST03416,2026-03-03 21:00:00,Youtube,Reel,Special Campaign,Promotional,3,102667,147951,107512,10615,569,1467,549,13200,12.277699233573927,104.71914052227103
POST03417,2026-03-04 00:00:00,Instagram,Video,Seasonal Campaign,Education,4,430921,696470,460816,24545,1320,5952,5974,37791,8.200887121974931,106.93746649617913
POST03418,2026-03-04 03:00:00,Facebook,Image,Brand Awareness,Promotional,20,208151,297371,183653,4800,139,764,1504,7207,3.9242484467991265,88.23065947317092
POST03419,2026-03-04 06:00:00,Instagram,Video,Product Launch,Event,12,466116,900112,745960,65296,2633,8801,15028,91758,12.300659552791034,160.03741557895458
POST03420,2026-03-04 09:00:00,Instagram,Reel,Product Launch,Entertainment,8,149335,435417,377354,43596,1814,3178,6726,55314,14.658384434774774,252.68959051796296
POST03421,2026-03-04 12:00:00,Facebook,Image,Event Promotion,Brand,12,461926,414393,292037,17221,264,3883,2679,24047,8.23423059406856,63.22159826465711
POST03422,2026-03-04 15:00:00,Facebook,Reel,Festival Campaign,Education,8,65110,87629,76063,4616,191,320,842,5969,7.847442251817573,116.82230072185533
POST03423,2026-03-04 18:00:00,Facebook,Reel,Brand Awareness,Entertainment,23,413176,396582,236146,25184,885,2011,801,28881,12.230145757285747,57.15385211144888
POST03424,2026-03-04 21:00:00,Instagram,Reel,Event Promotion,Brand,23,286933,503691,393680,27314,1264,4363,2713,35654,9.056594188173134,137.20276162030856
POST03425,2026-03-05 00:00:00,Facebook,Reel,Community Campaign,Brand,15,282677,324477,250897,19699,278,2116,5236,27329,10.892517646683698,88.75748645981102
POST03426,2026-03-05 03:00:00,Facebook,Reel,Product Launch,Community,11,333114,575840,423016,24979,1431,3917,5640,35967,8.502515271289974,126.9883583397876
POST03427,2026-03-05 06:00:00,Youtube,Reel,Special Campaign,Event,1,48776,76219,44849,4257,194,802,521,5774,12.874311578853487,91.94890929965557
POST03428,2026-03-05 09:00:00,Facebook,Text,Festival Campaign,Community,18,461518,312681,203951,9299,338,1703,4116,15456,7.578290863982034,44.19134248285007
POST03429,2026-03-05 12:00:00,Linkedin,Reel,Brand Awareness,Community,15,300869,243697,138379,13632,532,2233,963,17360,12.545256144357165,45.99310663444888
POST03430,2026-03-05 15:00:00,Youtube,Reel,Educational Series,Promotional,23,84367,133895,99843,3349,65,450,2088,5952,5.961359334154623,118.34366517714273
POST03431,2026-03-05 18:00:00,Youtube,Reel,Brand Awareness,Promotional,12,354374,381473,220817,9414,533,1214,5125,16286,7.375337949523813,62.31185132092083
POST03432,2026-03-05 21:00:00,Linkedin,Image,Brand Awareness,Entertainment,4,90542,49532,34665,1048,46,136,836,2066,5.95990191836146,38.28609926884761
POST03433,2026-03-06 00:00:00,Facebook,Reel,Seasonal Campaign,Event,22,112534,164212,94626,8312,230,845,1837,11224,11.861433432671783,84.08658716476798
POST03434,2026-03-06 03:00:00,Youtube,Video,Product Launch,Brand,23,384993,789048,694152,58212,2952,10435,4015,75614,10.893003261533497,180.30249900647544
POST03435,2026-03-06 06:00:00,Facebook,Text,Product Launch,Event,5,455644,175169,117802,7107,313,466,2569,10455,8.875061543946622,25.85395615875552
POST03436,2026-03-06 09:00:00,Instagram,Reel,Educational Series,Event,20,272987,542871,485634,34453,793,2195,6503,43944,9.048789829377679,177.8963833442618
POST03437,2026-03-06 12:00:00,Instagram,Image,Educational Series,Entertainment,23,115623,74553,66308,5520,142,418,1559,7639,11.520480183386619,57.34845143267343
POST03438,2026-03-06 15:00:00,Youtube,Reel,Educational Series,Promotional,16,123211,139056,88037,7766,85,1603,1007,10461,11.882503947204016,71.45222423322592
POST03439,2026-03-06 18:00:00,Linkedin,Carousel,Event Promotion,Event,16,240970,148875,128712,3228,53,521,3129,6931,5.384890297718938,53.414117939992536
POST03440,2026-03-06 21:00:00,Linkedin,Image,Event Promotion,Event,16,286629,258323,223875,10119,109,2263,3549,16040,7.164712451144611,78.10619302303675
POST03441,2026-03-07 00:00:00,Instagram,Reel,Product Launch,Event,2,86771,168560,142731,9865,513,1387,1495,13260,9.29020324946928,164.49159281326712
POST03442,2026-03-07 03:00:00,Youtube,Reel,Product Launch,Education,12,194746,256243,142873,13794,804,1228,811,16637,11.64460744857321,73.36376613640331
POST03443,2026-03-07 06:00:00,Instagram,Carousel,Educational Series,Event,11,259276,426487,270085,11381,619,3167,5631,20798,7.700538719292075,104.16891652139033
POST03444,2026-03-07 09:00:00,Linkedin,Image,Event Promotion,Event,5,117519,72702,63385,3379,137,159,1485,5160,8.140727301412005,53.93595929168901
POST03445,2026-03-07 12:00:00,Linkedin,Reel,Festival Campaign,Brand,21,247024,277800,188041,8472,305,568,4363,13708,7.289899543184732,76.12256298983094
POST03446,2026-03-07 15:00:00,Facebook,Carousel,Event Promotion,Community,20,348825,480930,294844,15492,915,689,4962,22058,7.481244319029725,84.52490503834301
POST03447,2026-03-07 18:00:00,Facebook,Image,Product Launch,Education,12,437020,383375,259198,5247,104,1504,5665,12520,4.830284184291545,59.31032904672555
POST03448,2026-03-07 21:00:00,Facebook,Video,Event Promotion,Event,13,198316,204319,169050,12695,585,2801,3972,20053,11.862170955338659,85.2427439036689
POST03449,2026-03-08 00:00:00,Youtube,Reel,Product Launch,Community,6,283619,594566,367975,31379,1078,4811,4019,41287,11.220055710306406,129.74271822409642
POST03450,2026-03-08 03:00:00,Instagram,Video,Educational Series,Event,4,146803,214975,193128,18993,509,1528,1223,22253,11.522410007870427,131.55589463430584
POST03451,2026-03-08 06:00:00,Instagram,Carousel,Seasonal Campaign,Entertainment,13,72073,151505,131138,12657,457,1983,854,15951,12.163522396254328,181.9516323727332
POST03452,2026-03-08 09:00:00,Facebook,Reel,Educational Series,Entertainment,17,30047,31817,21243,1604,29,312,370,2315,10.897707480111094,70.69923786068493
POST03453,2026-03-08 12:00:00,Facebook,Carousel,Educational Series,Community,3,408248,198761,136929,6182,78,1369,3259,10888,7.951566140116411,33.54064196272854
POST03454,2026-03-08 15:00:00,Instagram,Image,Festival Campaign,Education,0,490908,582297,343522,22673,446,4199,5250,32568,9.480615506430446,69.97685920783528
POST03455,2026-03-08 18:00:00,Linkedin,Text,Seasonal Campaign,Brand,6,378101,182859,110173,4731,137,705,1267,6840,6.208417670391112,29.138510609599024
POST03456,2026-03-08 21:00:00,Instagram,Reel,Festival Campaign,Education,19,375635,958806,565539,29641,581,4613,11802,46637,8.2464692974313,150.55545942204535
POST03457,2026-03-09 00:00:00,Youtube,Carousel,Product Launch,Education,12,107599,201581,129930,8846,335,1626,2279,13086,10.071577003001616,120.7539103523267
POST03458,2026-03-09 03:00:00,Facebook,Image,Brand Awareness,Entertainment,3,68444,63274,50492,2839,110,221,271,3441,6.814940980749426,73.77125825492374
POST03459,2026-03-09 06:00:00,Facebook,Text,Community Campaign,Entertainment,12,207920,169936,101588,2043,55,729,1400,4227,4.1609245186439345,48.859176606387074
POST03460,2026-03-09 09:00:00,Facebook,Reel,Festival Campaign,Brand,3,172871,250858,182903,6601,200,643,941,8385,4.584397194141157,105.80317115074247
POST03461,2026-03-09 12:00:00,Instagram,Text,Product Launch,Event,2,369002,381439,305262,10491,299,3232,2546,16568,5.427468862812928,82.72638088682446
POST03462,2026-03-09 15:00:00,Instagram,Text,Seasonal Campaign,Brand,7,215928,203201,180382,2952,149,1123,1837,6061,3.3600913616657984,83.53803119558371
POST03463,2026-03-09 18:00:00,Facebook,Reel,Event Promotion,Event,19,231540,471195,275101,9271,394,2790,5374,17829,6.480892472219294,118.81359592295068
POST03464,2026-03-09 21:00:00,Youtube,Video,Seasonal Campaign,Community,7,394041,297429,239976,17017,791,941,5756,24505,10.21143781044771,60.90127677069137
POST03465,2026-03-10 00:00:00,Instagram,Text,Educational Series,Community,16,457455,338548,304213,14108,735,503,5734,21080,6.929355418736215,66.50118590899652
POST03466,2026-03-10 03:00:00,Facebook,Reel,Educational Series,Promotional,14,385495,671124,510977,52405,3118,6718,11657,73898,14.462099076866474,132.55087614625353
POST03467,2026-03-10 06:00:00,Youtube,Image,Educational Series,Entertainment,3,77895,43587,31132,2577,87,301,770,3735,11.997301811640755,39.96662173438603
POST03468,2026-03-10 09:00:00,Facebook,Image,Product Launch,Promotional,5,390644,273422,173591,12479,611,2165,1096,16351,9.419267127904096,44.43713457777413
POST03469,2026-03-10 12:00:00,Facebook,Reel,Educational Series,Promotional,23,454159,431833,382485,14266,261,6275,4297,25099,6.562087402120345,84.21830240070108
POST03470,2026-03-10 15:00:00,Instagram,Reel,Festival Campaign,Entertainment,21,82559,182575,164058,13415,221,2610,758,17004,10.364627144058808,198.71606971983672
POST03471,2026-03-10 18:00:00,Instagram,Reel,Event Promotion,Promotional,5,437219,627675,386897,39055,1297,7449,9231,57032,14.740874186152903,88.49043614298554
POST03472,2026-03-10 21:00:00,Facebook,Reel,Educational Series,Education,9,173573,282449,159940,6727,384,1257,2381,10749,6.720645241965737,92.1456678169992
POST03473,2026-03-11 00:00:00,Facebook,Image,Product Launch,Event,3,313236,189856,166700,11124,400,414,1496,13434,8.058788242351529,53.21865941334968
POST03474,2026-03-11 03:00:00,Facebook,Reel,Event Promotion,Brand,8,231591,323231,236971,13050,522,1389,2772,17733,7.483194146119146,102.32306091342065
POST03475,2026-03-11 06:00:00,Facebook,Video,Educational Series,Entertainment,15,311912,434792,308581,26353,1392,4951,4724,37420,12.126475706540585,98.93207058401087
POST03476,2026-03-11 09:00:00,Facebook,Carousel,Brand Awareness,Education,6,316748,277549,183988,4897,151,2173,1796,9017,4.900863099767376,58.08655461123669
POST03477,2026-03-11 12:00:00,Linkedin,Reel,Special Campaign,Community,13,369968,300318,193043,14229,420,3172,731,18552,9.610294079557406,52.17829650131903
POST03478,2026-03-11 15:00:00,Youtube,Carousel,Educational Series,Brand,5,328904,290256,181918,3944,115,2321,975,7355,4.043030376323398,55.310364118405374
POST03479,2026-03-11 18:00:00,Youtube,Carousel,Community Campaign,Brand,0,26476,35001,28831,1161,29,384,156,1730,6.000485588429121,108.89484816437529
POST03480,2026-03-11 21:00:00,Youtube,Text,Seasonal Campaign,Brand,17,411560,277904,157327,5575,274,1360,2298,9507,6.042827995194722,38.22698998930897
POST03481,2026-03-12 00:00:00,Instagram,Reel,Festival Campaign,Promotional,11,265445,586961,381021,21920,409,5025,3925,31279,8.209258807257342,143.54046977716663
POST03482,2026-03-12 03:00:00,Youtube,Reel,Event Promotion,Promotional,21,118138,341712,239042,17077,494,2975,3480,24026,10.050953388944201,202.34132963144796
POST03483,2026-03-12 06:00:00,Instagram,Text,Festival Campaign,Promotional,14,273033,415947,347774,9366,227,1482,2301,13376,3.8461759648507363,127.37434669069307
POST03484,2026-03-12 09:00:00,Linkedin,Text,Brand Awareness,Promotional,0,127620,71655,51791,2410,93,231,946,3680,7.105481647390473,40.58219714778248
POST03485,2026-03-12 12:00:00,Youtube,Carousel,Brand Awareness,Education,14,136070,237218,146906,4318,87,381,3470,8256,5.619920221093761,107.9635481737341
POST03486,2026-03-12 15:00:00,Youtube,Video,Community Campaign,Promotional,14,95498,100651,75147,6980,392,811,1473,9656,12.84948168256883,78.68960606504848
POST03487,2026-03-12 18:00:00,Instagram,Reel,Festival Campaign,Entertainment,15,48439,119449,88587,9807,524,834,1471,12636,14.263943919536725,182.88362682962077
POST03488,2026-03-12 21:00:00,Instagram,Image,Event Promotion,Brand,20,23400,30250,17784,1235,34,90,125,1484,8.344579397210977,76.0
POST03489,2026-03-13 00:00:00,Instagram,Reel,Brand Awareness,Education,0,109976,105177,73645,7039,391,1025,338,8793,11.939710774662231,66.9646104604641
POST03490,2026-03-13 03:00:00,Youtube,Reel,Special Campaign,Community,2,263305,348645,264022,14236,301,3326,2793,20656,7.8235904583708935,100.27230777995099
POST03491,2026-03-13 06:00:00,Instagram,Video,Brand Awareness,Promotional,11,411562,342107,290047,23438,800,2170,4622,31030,10.698266143073363,70.47467939216935
POST03492,2026-03-13 09:00:00,Facebook,Reel,Educational Series,Community,6,44610,39159,26827,1852,41,509,564,2966,11.0560256458046,60.136740641111864
POST03493,2026-03-13 12:00:00,Linkedin,Image,Community Campaign,Brand,4,71356,26953,16442,992,36,40,179,1247,7.584235494465394,23.042210886260442
POST03494,2026-03-13 15:00:00,Linkedin,Text,Seasonal Campaign,Education,0,180647,53269,44358,2175,74,373,668,3290,7.4169259209161815,24.555071493022304
POST03495,2026-03-13 18:00:00,Facebook,Reel,Product Launch,Brand,0,301872,266166,210852,17305,288,1032,4211,22836,10.830345455580218,69.8481475592304
POST03496,2026-03-13 21:00:00,Instagram,Text,Seasonal Campaign,Community,14,137702,203306,149015,2502,49,1161,1047,4759,3.1936382243398316,108.21556694891868
POST03497,2026-03-14 00:00:00,Linkedin,Text,Special Campaign,Education,7,311211,125365,104501,3337,74,856,379,4646,4.445890469947656,33.578825941242435
POST03498,2026-03-14 03:00:00,Linkedin,Image,Seasonal Campaign,Event,10,327406,297513,226995,17304,895,2355,4748,25302,11.146501024251636,69.33135006688943
POST03499,2026-03-14 06:00:00,Instagram,Reel,Special Campaign,Education,13,283772,635187,362697,19983,499,4805,3639,28926,7.975252069909594,127.81282156097149
POST03500,2026-03-14 09:00:00,Facebook,Reel,Brand Awareness,Promotional,22,387212,317225,281471,30372,1510,4789,3380,40051,14.229174586369467,72.69170376951128
POST03501,2026-03-14 12:00:00,Instagram,Image,Event Promotion,Community,12,95057,187593,116113,2610,67,1243,1654,5574,4.8004960684850095,122.15091997433119
POST03502,2026-03-14 15:00:00,Facebook,Reel,Event Promotion,Brand,18,124049,261794,171216,8466,171,1363,772,10772,6.291468087094663,138.02287805625198
POST03503,2026-03-14 18:00:00,Linkedin,Reel,Educational Series,Brand,11,438596,335275,227742,21929,975,1237,1059,25200,11.065152672761283,51.925234156262256
POST03504,2026-03-14 21:00:00,Instagram,Text,Special Campaign,Brand,21,79853,143883,83699,1301,62,238,983,2584,3.087253133251293,104.8163500432044
POST03505,2026-03-15 00:00:00,Linkedin,Reel,Event Promotion,Entertainment,18,442139,851578,675043,33420,1730,5393,11820,52363,7.756987332658809,152.67664693682303
POST03506,2026-03-15 03:00:00,Facebook,Carousel,Educational Series,Entertainment,3,316202,200835,159784,8188,326,2366,3990,14870,9.306313523256396,50.53225469794626
POST03507,2026-03-15 06:00:00,Linkedin,Reel,Brand Awareness,Promotional,3,338306,327233,202350,8204,464,3238,4273,16179,7.995552260934025,59.81271393353946
POST03508,2026-03-15 09:00:00,Youtube,Image,Brand Awareness,Event,2,376560,358685,237836,12738,556,2004,2912,18210,7.656536436872467,63.16018695559804
POST03509,2026-03-15 12:00:00,Facebook,Text,Seasonal Campaign,Entertainment,5,475610,345184,283086,11427,556,1487,1636,15106,5.336187589637071,59.52061563045352
POST03510,2026-03-15 15:00:00,Instagram,Reel,Brand Awareness,Education,4,216150,291110,227512,18335,847,1306,4577,25065,11.017001301030275,105.25653481378671
POST03511,2026-03-15 18:00:00,Instagram,Reel,Brand Awareness,Community,10,170042,226714,201010,15499,333,2102,4585,22519,11.202925227600618,118.21197116006634
POST03512,2026-03-15 21:00:00,Instagram,Carousel,Special Campaign,Promotional,8,321035,633193,550430,12998,255,2817,3774,19844,3.6051814036298895,171.45482579781023
POST03513,2026-03-16 00:00:00,Linkedin,Carousel,Product Launch,Event,2,156002,176160,144994,10999,304,674,2003,13980,9.64177828048057,92.94368020922809
POST03514,2026-03-16 03:00:00,Facebook,Carousel,Community Campaign,Education,8,448534,474034,349325,21743,840,2402,6414,31399,8.988477778572962,77.88149839254103
POST03515,2026-03-16 06:00:00,Linkedin,Reel,Seasonal Campaign,Brand,11,332251,202299,137212,8282,389,2062,1043,11776,8.582339737049239,41.297693611155424
POST03516,2026-03-16 09:00:00,Linkedin,Reel,Seasonal Campaign,Entertainment,2,344097,379280,240575,15039,620,4656,4354,24669,10.25418268731165,69.91487865340297
POST03517,2026-03-16 12:00:00,Instagram,Text,Community Campaign,Education,19,258147,335525,253906,13151,688,2130,5282,21251,8.369632856253888,98.35713759989463
POST03518,2026-03-16 15:00:00,Instagram,Text,Product Launch,Event,16,390577,565478,393157,23725,902,728,3680,29035,7.385090434610092,100.66056116975655
POST03519,2026-03-16 18:00:00,Instagram,Image,Brand Awareness,Promotional,20,69108,135999,113280,4679,156,348,2305,7488,6.610169491525424,163.91734676159055
POST03520,2026-03-16 21:00:00,Instagram,Video,Event Promotion,Education,11,52574,115372,94290,2622,135,992,1620,5369,5.694135115070527,179.34720584319246
POST03521,2026-03-17 00:00:00,Instagram,Image,Educational Series,Promotional,17,267757,235216,137328,9373,129,1808,2753,14063,10.24044623092159,51.28829498388464
POST03522,2026-03-17 03:00:00,Youtube,Image,Seasonal Campaign,Brand,3,125287,140302,107012,4076,151,938,1592,6757,6.314245131387135,85.4134906255238
POST03523,2026-03-17 06:00:00,Instagram,Reel,Community Campaign,Event,9,423073,393168,293479,29474,1427,3857,6912,41670,14.198630907151792,69.36840687068188
POST03524,2026-03-17 09:00:00,Instagram,Image,Festival Campaign,Event,17,436729,457236,282363,18328,320,2676,1959,23283,8.245768744488476,64.65405320003939
POST03525,2026-03-17 12:00:00,Instagram,Image,Educational Series,Entertainment,7,120434,81921,49136,4167,50,466,926,5609,11.415255617062845,40.799109885912614
POST03526,2026-03-17 15:00:00,Instagram,Reel,Festival Campaign,Community,8,43593,105134,73628,6963,247,735,1402,9347,12.694898679850056,168.89867639299888
POST03527,2026-03-17 18:00:00,Linkedin,Image,Festival Campaign,Event,18,370363,578034,501211,29346,1604,6725,6239,43914,8.761579454561053,135.3296630602949
POST03528,2026-03-17 21:00:00,Facebook,Video,Special Campaign,Education,12,384188,360461,268213,24277,1376,4766,2119,32538,12.13140302669893,69.81295615688153
POST03529,2026-03-18 00:00:00,Linkedin,Carousel,Seasonal Campaign,Education,5,432100,242240,199896,8530,96,1459,2694,12779,6.392824268619682,46.261513538532746
POST03530,2026-03-18 03:00:00,Youtube,Carousel,Brand Awareness,Education,21,341130,666506,421429,28352,634,2718,4675,36379,8.632296306139349,123.53911998358397
POST03531,2026-03-18 06:00:00,Instagram,Text,Special Campaign,Brand,6,273211,264231,162192,4359,256,1100,1028,6743,4.157418368353556,59.365106090164744
POST03532,2026-03-18 09:00:00,Facebook,Reel,Festival Campaign,Event,20,156379,276919,200194,17565,430,1109,1969,21073,10.52628949918579,128.01846795285812
POST03533,2026-03-18 12:00:00,Instagram,Image,Brand Awareness,Event,5,295048,263001,218868,8635,502,1192,4376,14705,6.7186614763236285,74.18047232992598
POST03534,2026-03-18 15:00:00,Instagram,Video,Product Launch,Education,10,387215,783170,473992,30364,1202,4048,11184,46798,9.873162416243312,122.41054711206951
POST03535,2026-03-18 18:00:00,Instagram,Image,Event Promotion,Entertainment,16,496633,926833,630459,36091,923,2502,11027,50543,8.016857559333754,126.94665880036165
POST03536,2026-03-18 21:00:00,Instagram,Reel,Festival Campaign,Entertainment,18,376858,843708,756815,80519,2596,7661,14092,104868,13.856490687948838,200.82232565051027
POST03537,2026-03-19 00:00:00,Instagram,Reel,Seasonal Campaign,Event,11,473764,608322,517645,37184,1478,7363,6734,52759,10.192120082295782,109.26220649943855
POST03538,2026-03-19 03:00:00,Instagram,Video,Event Promotion,Event,20,426798,611293,446116,25722,282,5631,8154,39789,8.91898071353639,104.52626300966735
POST03539,2026-03-19 06:00:00,Facebook,Image,Brand Awareness,Promotional,20,340109,180623,141254,8499,285,1537,1015,11336,8.025259461678962,41.53197945364575
POST03540,2026-03-19 09:00:00,Instagram,Video,Festival Campaign,Event,23,383592,663721,538281,49464,1692,7013,8151,66320,12.320702384070774,140.3264405931302
POST03541,2026-03-19 12:00:00,Instagram,Image,Educational Series,Education,12,259519,390419,311145,12135,721,2668,4630,20154,6.477365858361857,119.89295581441051
POST03542,2026-03-19 15:00:00,Facebook,Carousel,Special Campaign,Community,17,259027,323257,260830,10231,240,1035,3443,14949,5.731319250086263,100.69606643322896
POST03543,2026-03-19 18:00:00,Instagram,Video,Seasonal Campaign,Brand,6,159097,332459,196435,5476,89,773,2989,9327,4.748135515564946,123.46870148400033
POST03544,2026-03-19 21:00:00,Instagram,Carousel,Product Launch,Event,22,200516,423066,278248,25704,391,782,5884,32761,11.774028923837728,138.76598376189432
POST03545,2026-03-20 00:00:00,Linkedin,Image,Community Campaign,Event,4,192686,119199,89051,2758,131,591,2056,5536,6.216662362017271,46.215604662507914
POST03546,2026-03-20 03:00:00,Instagram,Image,Product Launch,Education,15,457160,499755,341417,10048,371,2588,8163,21170,6.200628556867408,74.68216816869368
POST03547,2026-03-20 06:00:00,Instagram,Video,Special Campaign,Promotional,21,212259,486701,292031,29069,549,2315,5830,37763,12.931161417794687,137.58238755482688
POST03548,2026-03-20 09:00:00,Youtube,Image,Festival Campaign,Community,3,104724,59000,34533,1800,71,157,207,2235,6.472070193727738,32.97524922653833
POST03549,2026-03-20 12:00:00,Instagram,Image,Special Campaign,Event,22,27604,36614,29834,701,29,301,131,1162,3.894885030502112,108.07853934212433
POST03550,2026-03-20 15:00:00,Youtube,Reel,Seasonal Campaign,Entertainment,0,256515,343736,234842,10493,444,4072,5627,20636,8.787184575161172,91.55098142408826
POST03551,2026-03-20 18:00:00,Facebook,Text,Product Launch,Entertainment,3,440506,366966,245813,11022,387,2707,5038,19154,7.792102126413168,55.802418128243424
POST03552,2026-03-20 21:00:00,Instagram,Reel,Community Campaign,Entertainment,2,222811,349887,232509,25170,822,2050,5419,33461,14.391270875536,104.35256787142467
POST03553,2026-03-21 00:00:00,Youtube,Carousel,Educational Series,Brand,3,201845,134611,104795,5619,291,586,1542,8038,7.670213273534042,51.91855136367014
POST03554,2026-03-21 03:00:00,Youtube,Image,Event Promotion,Brand,0,290015,262394,218233,13556,460,1700,2452,18168,8.325047082705183,75.24886643794287
POST03555,2026-03-21 06:00:00,Instagram,Image,Special Campaign,Community,11,231270,269491,240666,11520,487,1835,3518,17360,7.213316380377785,104.06278375924245
POST03556,2026-03-21 09:00:00,Facebook,Carousel,Educational Series,Event,12,122318,90616,61971,3839,101,618,519,5077,8.192541672717885,50.66384342451642
POST03557,2026-03-21 12:00:00,Instagram,Reel,Product Launch,Event,1,96981,175998,150990,15312,302,2059,903,18576,12.302801510033778,155.6902898505893
POST03558,2026-03-21 15:00:00,Youtube,Image,Community Campaign,Event,8,358718,297669,187489,5543,282,754,578,7157,3.8172906143827103,52.266404250692744
POST03559,2026-03-21 18:00:00,Instagram,Video,Event Promotion,Brand,6,131376,260149,144491,8860,348,2594,1746,13548,9.376362541611588,109.98279746681281
POST03560,2026-03-21 21:00:00,Youtube,Video,Seasonal Campaign,Community,12,393502,457589,267881,17021,969,4313,2790,25093,9.36721902635872,68.07614700814736
POST03561,2026-03-22 00:00:00,Instagram,Reel,Community Campaign,Event,21,154577,367689,264638,29481,698,2469,6121,38769,14.649823532523673,171.20140771266102
POST03562,2026-03-22 03:00:00,Facebook,Video,Educational Series,Education,1,454694,356174,267774,18130,295,767,4491,23683,8.844398634669535,58.89103440995483
POST03563,2026-03-22 06:00:00,Instagram,Carousel,Brand Awareness,Promotional,0,104605,72420,60904,1721,18,894,1061,3694,6.065283068435571,58.22283829644854
POST03564,2026-03-22 09:00:00,Youtube,Video,Brand Awareness,Entertainment,17,427634,572987,411816,12464,168,3714,3689,20035,4.865036812557064,96.30104248025181
POST03565,2026-03-22 12:00:00,Youtube,Image,Event Promotion,Entertainment,6,298555,412774,255109,11937,481,1232,4172,17822,6.986033421008275,85.44790742074325
POST03566,2026-03-22 15:00:00,Facebook,Image,Special Campaign,Education,17,380713,241712,139879,6061,124,1880,3155,11220,8.021218338707026,36.74132482999005
POST03567,2026-03-22 18:00:00,Youtube,Text,Event Promotion,Event,18,291642,214445,168744,10819,271,564,1347,13001,7.704570236571374,57.859979015368154
POST03568,2026-03-22 21:00:00,Facebook,Video,Event Promotion,Community,7,264108,340120,222011,21709,994,721,5460,28884,13.010166162937873,84.0606872945916
POST03569,2026-03-23 00:00:00,Facebook,Image,Brand Awareness,Community,22,338401,192927,161601,10039,375,809,1159,12382,7.662081299001863,47.75429150623077
POST03570,2026-03-23 03:00:00,Linkedin,Reel,Educational Series,Brand,11,207130,249035,221737,9334,514,2196,1364,13408,6.0468031947757925,107.05209288852411
POST03571,2026-03-23 06:00:00,Instagram,Image,Special Campaign,Event,10,106995,196410,165076,4612,238,1212,3077,9139,5.536237854079333,154.28384503948783
POST03572,2026-03-23 09:00:00,Youtube,Image,Event Promotion,Community,8,435419,287300,225564,7539,190,715,4359,12803,5.675994396268909,51.803894639416285
POST03573,2026-03-23 12:00:00,Facebook,Reel,Brand Awareness,Event,3,113566,102780,85698,9344,237,1001,973,11555,13.483395178417231,75.46096542979413
POST03574,2026-03-23 15:00:00,Linkedin,Reel,Event Promotion,Entertainment,6,135498,158189,125259,12195,250,1121,742,14308,11.422732099090684,92.44343089934907
POST03575,2026-03-23 18:00:00,Linkedin,Video,Event Promotion,Entertainment,16,106596,137682,81044,3321,130,587,368,4406,5.436552983564483,76.02911929153063
POST03576,2026-03-23 21:00:00,Instagram,Reel,Special Campaign,Brand,10,236382,354953,222022,9568,424,4237,4509,18738,8.439704173460287,93.92508735859752
POST03577,2026-03-24 00:00:00,Instagram,Carousel,Special Campaign,Entertainment,1,329061,383900,305961,15951,400,3276,2176,21803,7.126071623507571,92.98002498017085
POST03578,2026-03-24 03:00:00,Youtube,Reel,Community Campaign,Event,22,261856,199289,153635,7731,352,1011,1734,10828,7.047873205975201,58.67155994134181
POST03579,2026-03-24 06:00:00,Facebook,Reel,Event Promotion,Education,17,145154,99416,70304,2591,67,557,990,4205,5.981167501137915,48.43407691141822
POST03580,2026-03-24 09:00:00,Youtube,Reel,Brand Awareness,Brand,21,303074,556407,448983,30996,1676,5688,4215,42575,9.48254165525198,148.14302777539478
POST03581,2026-03-24 12:00:00,Youtube,Reel,Educational Series,Education,11,99029,94239,79738,5101,295,980,1899,8275,10.377737088966365,80.51984772137455
POST03582,2026-03-24 15:00:00,Facebook,Video,Brand Awareness,Event,8,295782,203846,166514,16959,990,2532,1584,22065,13.25113804244688,56.29619111372565
POST03583,2026-03-24 18:00:00,Instagram,Video,Brand Awareness,Brand,10,287868,351995,225890,19970,1052,2406,4297,27725,12.273673026694409,78.46999319132381
POST03584,2026-03-24 21:00:00,Linkedin,Reel,Event Promotion,Education,4,85738,46370,26370,1483,45,445,234,2207,8.369359120212362,30.756490704238495
POST03585,2026-03-25 00:00:00,Youtube,Image,Community Campaign,Brand,6,118705,62147,45238,2809,134,454,642,4039,8.92833458596755,38.109599427151345
POST03586,2026-03-25 03:00:00,Instagram,Image,Festival Campaign,Event,0,153099,122965,104177,8091,184,591,331,9197,8.828244238171573,68.04551303404986
POST03587,2026-03-25 06:00:00,Youtube,Video,Seasonal Campaign,Community,23,165879,152706,91082,5066,52,470,1450,7038,7.727103049998902,54.90869850915426
POST03588,2026-03-25 09:00:00,Facebook,Video,Festival Campaign,Brand,4,113962,137937,79745,4446,216,478,1532,6672,8.366668756661861,69.97507941243572
POST03589,2026-03-25 12:00:00,Instagram,Image,Festival Campaign,Community,5,83109,47042,41439,2122,41,495,494,3152,7.606361157363836,49.86102588167346
POST03590,2026-03-25 15:00:00,Instagram,Carousel,Brand Awareness,Event,12,61849,115487,102268,3299,125,1391,1693,6508,6.363671920835452,165.3510970266294
POST03591,2026-03-25 18:00:00,Linkedin,Video,Event Promotion,Brand,10,282322,271084,150252,7817,255,2239,1442,11753,7.8221920506881775,53.220082033989556
POST03592,2026-03-25 21:00:00,Instagram,Reel,Special Campaign,Brand,7,25817,47713,28276,1301,69,152,411,1933,6.836186164945538,109.52473176589068
POST03593,2026-03-26 00:00:00,Youtube,Image,Seasonal Campaign,Community,19,92721,71009,46075,3373,103,149,437,4062,8.816060770482908,49.692087013729356
POST03594,2026-03-26 03:00:00,Youtube,Text,Festival Campaign,Entertainment,1,276462,335376,201099,8599,423,1758,4134,14914,7.416247718785275,72.74019575927252
POST03595,2026-03-26 06:00:00,Youtube,Carousel,Product Launch,Community,14,145762,298648,165236,13161,768,1719,2052,17700,10.711951390738097,113.36013501461287
POST03596,2026-03-26 09:00:00,Facebook,Image,Product Launch,Community,9,23984,16600,9673,222,4,54,105,385,3.9801509355939215,40.331054036024014
POST03597,2026-03-26 12:00:00,Instagram,Image,Product Launch,Community,7,346240,313506,186973,5456,218,505,1513,7692,4.113962978611886,54.00098197781885
POST03598,2026-03-26 15:00:00,Youtube,Reel,Educational Series,Event,1,369085,473221,344128,28617,675,6504,4658,40454,11.755509577831505,93.23814297519542
POST03599,2026-03-26 18:00:00,Instagram,Image,Event Promotion,Promotional,20,488988,1040521,574479,35955,976,4924,5400,47255,8.225714081802817,117.48325112272693
POST03600,2026-03-26 21:00:00,Facebook,Carousel,Brand Awareness,Community,14,369576,385298,234115,11197,448,2936,5799,20380,8.705123550391901,63.34691646643722
POST03601,2026-03-27 00:00:00,Instagram,Image,Brand Awareness,Brand,5,252359,201473,161668,6276,213,379,3996,10864,6.719944577776678,64.06270432201744
POST03602,2026-03-27 03:00:00,Youtube,Carousel,Event Promotion,Education,4,427851,285752,220674,9887,237,2368,757,13249,6.003879025168348,51.57730144372691
POST03603,2026-03-27 06:00:00,Instagram,Video,Community Campaign,Entertainment,21,225150,432864,252215,18144,723,1447,3997,24311,9.638998473524572,112.02087497224073
POST03604,2026-03-27 09:00:00,Instagram,Reel,Special Campaign,Community,21,129914,231224,154169,10471,420,2271,1077,14239,9.235968320479474,118.67004325938697
POST03605,2026-03-27 12:00:00,Instagram,Image,Seasonal Campaign,Community,2,444558,357249,241712,15913,758,2364,2237,21272,8.800556033626796,54.37130813077259
POST03606,2026-03-27 15:00:00,Instagram,Image,Community Campaign,Entertainment,10,336824,245773,172558,8252,410,1841,3815,14318,8.297499971024235,51.23090991140774
POST03607,2026-03-27 18:00:00,Facebook,Carousel,Special Campaign,Community,10,130326,83019,55017,2218,108,150,839,3315,6.025410327716887,42.214907232632015
POST03608,2026-03-27 21:00:00,Instagram,Reel,Educational Series,Brand,15,411238,647617,543296,25835,332,9234,12468,47869,8.810850806926611,132.1123047967357
POST03609,2026-03-28 00:00:00,Linkedin,Carousel,Event Promotion,Promotional,2,27988,24067,15116,857,30,151,166,1204,7.965070124371527,54.008860940403025
POST03610,2026-03-28 03:00:00,Linkedin,Video,Community Campaign,Community,8,52070,42354,36483,949,37,380,147,1513,4.147137022722911,70.06529671595929
POST03611,2026-03-28 06:00:00,Youtube,Image,Seasonal Campaign,Entertainment,2,117491,156638,100551,7305,322,1089,2478,11194,11.132659048641983,85.58187435633367
POST03612,2026-03-28 09:00:00,Instagram,Text,Educational Series,Community,18,360276,305842,201106,5765,290,2038,2857,10950,5.44488975962925,55.81998245789339
POST03613,2026-03-28 12:00:00,Instagram,Text,Festival Campaign,Event,10,43659,45861,30684,1805,58,237,149,2249,7.3295528614261505,70.28104170961313
POST03614,2026-03-28 15:00:00,Facebook,Reel,Festival Campaign,Brand,13,95952,171691,150575,7857,405,1321,1080,10663,7.081520836792296,156.9274220443555
POST03615,2026-03-28 18:00:00,Instagram,Reel,Educational Series,Brand,1,278474,384913,245903,20793,733,3761,3104,28391,11.545609447627724,88.30375546729677
POST03616,2026-03-28 21:00:00,Instagram,Text,Special Campaign,Promotional,6,432387,560629,323819,5914,232,3259,7702,17107,5.28288951543918,74.89101198694688
POST03617,2026-03-29 00:00:00,Youtube,Text,Event Promotion,Event,9,335922,182733,103175,2309,31,579,385,3304,3.202326144899443,30.713975268068182
POST03618,2026-03-29 03:00:00,Facebook,Reel,Festival Campaign,Event,9,118113,123115,83525,7935,421,1483,903,10742,12.860820113738402,70.71617857475468
POST03619,2026-03-29 06:00:00,Facebook,Reel,Event Promotion,Promotional,19,468929,867318,551336,45576,2276,7316,10372,65540,11.887487847700857,117.5734492854995
POST03620,2026-03-29 09:00:00,Instagram,Reel,Community Campaign,Education,0,261911,256211,218972,20751,331,1871,4690,27643,12.62398845514495,83.60549957810096
POST03621,2026-03-29 12:00:00,Facebook,Text,Festival Campaign,Community,5,42736,14605,12756,675,39,105,280,1099,8.615553465036061,29.848371396480715
POST03622,2026-03-29 15:00:00,Instagram,Reel,Seasonal Campaign,Event,20,221416,534992,479916,28525,1613,3027,3701,36866,7.681760974837264,216.74856378942806
POST03623,2026-03-29 18:00:00,Instagram,Image,Seasonal Campaign,Education,13,339925,363299,263160,12392,430,1025,3791,17638,6.702386380908952,77.41707729646245
POST03624,2026-03-29 21:00:00,Linkedin,Video,Community Campaign,Education,1,386336,239756,208597,8530,333,2043,3687,14593,6.995786133069987,53.993673900439
POST03625,2026-03-30 00:00:00,Instagram,Reel,Seasonal Campaign,Brand,5,222345,214752,190164,15209,187,1345,4593,21334,11.21873751078017,85.52654658301289
POST03626,2026-03-30 03:00:00,Instagram,Carousel,Event Promotion,Community,0,216571,123025,101054,4236,55,1004,1108,6403,6.336216280404535,46.660910278846195
POST03627,2026-03-30 06:00:00,Instagram,Reel,Special Campaign,Brand,2,317270,283691,185339,13902,643,3346,2995,20886,11.269079902233205,58.41680587512214
POST03628,2026-03-30 09:00:00,Linkedin,Video,Event Promotion,Entertainment,3,146734,135862,76182,2892,135,1021,1485,5533,7.262870494342495,51.9184374446277
POST03629,2026-03-30 12:00:00,Facebook,Reel,Special Campaign,Brand,12,274334,301175,198612,11100,130,1751,2261,15242,7.674259359958109,72.39787995654932
POST03630,2026-03-30 15:00:00,Facebook,Carousel,Seasonal Campaign,Event,2,311796,360818,229135,18107,345,3077,1983,23512,10.261199729417156,73.48875546831903
POST03631,2026-03-30 18:00:00,Facebook,Carousel,Product Launch,Event,14,25390,21992,14517,494,28,104,348,974,6.7093752152648625,57.17605356439543
POST03632,2026-03-30 21:00:00,Instagram,Reel,Educational Series,Community,12,368280,875556,533777,16522,527,8861,4921,30831,5.7760075836913165,144.93781905072228
POST03633,2026-03-31 00:00:00,Youtube,Reel,Special Campaign,Education,21,85942,141980,124435,10759,142,457,2744,14102,11.33282436613493,144.7895092038817
POST03634,2026-03-31 03:00:00,Instagram,Image,Brand Awareness,Event,10,73492,69769,52337,3279,195,572,194,4240,8.101343217991095,71.21455396505742
POST03635,2026-03-31 06:00:00,Instagram,Reel,Educational Series,Brand,3,380444,340105,299600,19778,1147,5459,1696,28080,9.372496662216289,78.75009199777102
POST03636,2026-03-31 09:00:00,Youtube,Video,Seasonal Campaign,Brand,16,462433,492496,341962,16998,854,2133,1058,21043,6.153607710798275,73.9484422608248
POST03637,2026-03-31 12:00:00,Linkedin,Video,Event Promotion,Community,4,211405,182013,106437,11004,494,1696,1806,15000,14.092843653992503,50.34743738322178
POST03638,2026-03-31 15:00:00,Instagram,Image,Special Campaign,Brand,20,380675,471817,330972,15347,309,917,5013,21586,6.5220018611846315,86.94345570368425
POST03639,2026-03-31 18:00:00,Instagram,Carousel,Event Promotion,Promotional,23,393617,591439,476597,34737,1381,6789,2217,45124,9.467957204934148,121.08140654494089
POST03640,2026-03-31 21:00:00,Instagram,Carousel,Educational Series,Community,7,104104,112060,66783,4783,53,345,390,5571,8.341943308925924,64.15027280411896
POST03641,2026-04-01 00:00:00,Instagram,Video,Special Campaign,Community,20,95969,235022,151355,11986,329,1812,1258,15385,10.164844240362063,157.7123862914066
POST03642,2026-04-01 03:00:00,Linkedin,Image,Event Promotion,Event,23,245985,213012,162249,5841,263,477,3799,10380,6.397574099069948,65.95889993292275
POST03643,2026-04-01 06:00:00,Youtube,Reel,Community Campaign,Community,9,409777,509531,283731,12246,657,2598,4138,19639,6.921696959443981,69.24034291822137
POST03644,2026-04-01 09:00:00,Youtube,Reel,Festival Campaign,Entertainment,6,472072,1100665,751748,62602,1193,12218,18104,94117,12.519753960103653,159.2443525563897
POST03645,2026-04-01 12:00:00,Facebook,Image,Event Promotion,Event,16,404583,463578,360058,11266,641,902,6910,19719,5.476617656044304,88.99484160234118
POST03646,2026-04-01 15:00:00,Instagram,Image,Special Campaign,Event,6,68481,122105,101614,6549,201,266,720,7736,7.613124175802547,148.38276310217432
POST03647,2026-04-01 18:00:00,Youtube,Image,Seasonal Campaign,Promotional,23,225729,153961,126286,3504,96,1290,1166,6056,4.795464263655512,55.94584656823005
POST03648,2026-04-01 21:00:00,Youtube,Reel,Seasonal Campaign,Event,18,48612,133571,107234,8057,423,1057,651,10188,9.5007180558405,220.59162346745657
POST03649,2026-04-02 00:00:00,Youtube,Carousel,Educational Series,Education,8,107743,138677,123729,8378,153,537,1343,10411,8.41435718384534,114.83715879453887
POST03650,2026-04-02 03:00:00,Linkedin,Reel,Educational Series,Brand,23,424011,430630,253992,17504,412,3826,1941,23683,9.32430942706857,59.90221951788987
POST03651,2026-04-02 06:00:00,Facebook,Reel,Educational Series,Brand,1,299708,251439,193964,7444,270,2797,1576,12087,6.231568744715514,64.7176585209604
POST03652,2026-04-02 09:00:00,Instagram,Image,Seasonal Campaign,Community,21,279005,614612,342705,12862,685,3228,7406,24181,7.055922732379159,122.83113205856526
POST03653,2026-04-02 12:00:00,Facebook,Reel,Product Launch,Promotional,19,68603,178727,139888,14742,423,800,3341,19306,13.801040832666134,203.90945002405144
POST03654,2026-04-02 15:00:00,Instagram,Image,Special Campaign,Brand,18,455215,754380,578505,41020,605,1873,11999,55497,9.593175512744056,127.08390540733498
POST03655,2026-04-02 18:00:00,Instagram,Image,Seasonal Campaign,Education,5,479853,342780,204034,10736,632,2251,3154,16773,8.220688708744621,42.52010511552496
POST03656,2026-04-02 21:00:00,Instagram,Image,Community Campaign,Promotional,9,382547,617965,344009,17800,834,1465,4276,24375,7.085570435657207,89.9259437402463
POST03657,2026-04-03 00:00:00,Instagram,Image,Seasonal Campaign,Entertainment,12,151585,135024,114368,4855,221,866,423,6365,5.565367935086737,75.44809842662532
POST03658,2026-04-03 03:00:00,Youtube,Reel,Community Campaign,Brand,1,216087,192383,162710,16582,750,2858,1436,21626,13.291131460881322,75.29837519147381
POST03659,2026-04-03 06:00:00,Facebook,Reel,Seasonal Campaign,Event,9,278791,592934,417868,23911,517,6602,5064,36094,8.637655910478907,149.8857567138107
POST03660,2026-04-03 09:00:00,Linkedin,Video,Seasonal Campaign,Education,9,293468,391310,267867,8744,195,4081,6027,19047,7.110618329245484,91.27639129308818
POST03661,2026-04-03 12:00:00,Youtube,Image,Product Launch,Education,4,35491,43246,28471,1808,20,185,269,2282,8.01517333426996,80.22033755036489
POST03662,2026-04-03 15:00:00,Youtube,Image,Community Campaign,Brand,21,361373,493506,356237,14668,162,2470,8730,26030,7.3069333056364165,98.57875380839188
POST03663,2026-04-03 18:00:00,Instagram,Reel,Product Launch,Community,3,232531,320036,261908,8692,120,4736,1908,15456,5.901308856545047,112.6335843392924
POST03664,2026-04-03 21:00:00,Instagram,Image,Community Campaign,Entertainment,22,54600,98946,83994,6368,159,736,1218,8481,10.09714979641403,153.83516483516485
POST03665,2026-04-04 00:00:00,Youtube,Image,Product Launch,Event,1,84179,66780,45705,1958,73,211,158,2400,5.2510666229077785,54.29501419593961
POST03666,2026-04-04 03:00:00,Youtube,Image,Product Launch,Entertainment,6,278590,449452,326655,13137,664,3179,7294,24274,7.431081722306408,117.25295236727808
POST03667,2026-04-04 06:00:00,Facebook,Carousel,Community Campaign,Entertainment,17,424088,480918,404764,27844,346,4109,5917,38216,9.441551126088289,95.44339853992567
POST03668,2026-04-04 09:00:00,Instagram,Reel,Product Launch,Brand,16,194130,238272,201380,12122,385,573,921,14001,6.952527559837124,103.7346108277958
POST03669,2026-04-04 12:00:00,Instagram,Reel,Seasonal Campaign,Event,10,150047,148218,130953,5933,255,1163,1398,8749,6.681022962436906,87.27465394176491
POST03670,2026-04-04 15:00:00,Youtube,Video,Community Campaign,Brand,20,485889,714195,554922,14652,850,6975,9072,31549,5.685303520134362,114.20756592555091
POST03671,2026-04-04 18:00:00,Instagram,Text,Product Launch,Brand,17,31358,31932,17613,990,30,130,342,1492,8.471015727019815,56.16748517124817
POST03672,2026-04-04 21:00:00,Instagram,Reel,Seasonal Campaign,Community,7,91343,102195,80871,8665,209,290,1177,10341,12.787031197833587,88.53551996321556
POST03673,2026-04-05 00:00:00,Facebook,Image,Seasonal Campaign,Education,11,265258,207657,157887,7906,267,318,823,9314,5.899155725297206,59.52205023034178
POST03674,2026-04-05 03:00:00,Instagram,Reel,Educational Series,Community,23,46503,74703,64597,2286,87,1081,1276,4730,7.322321470037309,138.90931767842935
POST03675,2026-04-05 06:00:00,Facebook,Reel,Brand Awareness,Community,0,493611,568334,411768,15549,254,7290,9590,32683,7.937236502107983,83.41953481587728
POST03676,2026-04-05 09:00:00,Instagram,Reel,Community Campaign,Brand,19,475010,516083,410186,15961,827,7461,2701,26950,6.570190108877435,86.35312940780194
POST03677,2026-04-05 12:00:00,Instagram,Reel,Product Launch,Community,20,72268,204115,157633,13382,619,1975,2302,18278,11.595287788724443,218.12282061216584
POST03678,2026-04-05 15:00:00,Instagram,Carousel,Educational Series,Community,11,330049,244640,145806,3335,112,923,2675,7045,4.831762753247466,44.17707673709055
POST03679,2026-04-05 18:00:00,Facebook,Image,Brand Awareness,Promotional,5,344812,116172,87523,3693,119,231,423,4466,5.102658729705334,25.382817303342108
POST03680,2026-04-05 21:00:00,Instagram,Reel,Special Campaign,Event,2,173306,162978,130421,5852,229,2048,1737,9866,7.564732673419158,75.25475171084672
POST03681,2026-04-06 00:00:00,Facebook,Reel,Special Campaign,Education,4,227687,245243,191085,17702,412,3637,3155,24906,13.033990109113743,83.92442256255298
POST03682,2026-04-06 03:00:00,Instagram,Video,Product Launch,Event,13,469966,533348,471845,44483,1596,5411,7168,58658,12.431624792039758,100.39981615691347
POST03683,2026-04-06 06:00:00,Facebook,Reel,Special Campaign,Education,11,444191,296677,221379,19226,587,3784,4762,28359,12.810158145081513,49.838695516118065
POST03684,2026-04-06 09:00:00,Instagram,Carousel,Brand Awareness,Promotional,12,483095,426555,379927,12081,369,4455,1292,18197,4.789604318724386,78.64436601496601
POST03685,2026-04-06 12:00:00,Facebook,Reel,Community Campaign,Brand,12,483380,929762,646973,66792,3643,9873,4983,85291,13.183084920081672,133.84355993214447
POST03686,2026-04-06 15:00:00,Youtube,Image,Seasonal Campaign,Education,16,108104,139074,86141,3572,151,668,2054,6445,7.481919179020443,79.68345297121292
POST03687,2026-04-06 18:00:00,Linkedin,Reel,Seasonal Campaign,Education,23,310250,174734,138224,11753,539,1412,2349,16053,11.613757379326312,44.55245769540693
POST03688,2026-04-06 21:00:00,Instagram,Reel,Brand Awareness,Education,14,225589,290303,254804,20972,755,4452,5163,31342,12.300434844036985,112.95054280128906
POST03689,2026-04-07 00:00:00,Instagram,Reel,Special Campaign,Promotional,5,218850,435808,318412,24121,378,4464,6229,35192,11.052347273343969,145.49326022389764
POST03690,2026-04-07 03:00:00,Instagram,Reel,Seasonal Campaign,Event,11,78438,89490,73918,2496,65,1419,845,4825,6.527503449768663,94.23748693235422
POST03691,2026-04-07 06:00:00,Facebook,Image,Special Campaign,Promotional,1,330541,140410,112488,4948,87,1103,523,6661,5.921520517744115,34.03148172238845
POST03692,2026-04-07 09:00:00,Youtube,Carousel,Festival Campaign,Education,3,201582,111793,77108,3536,198,676,784,5194,6.736006640037351,38.251431179371174
POST03693,2026-04-07 12:00:00,Facebook,Reel,Event Promotion,Community,19,449640,1107323,970701,57329,2778,6513,19238,85858,8.844948135419662,215.884040565786
POST03694,2026-04-07 15:00:00,Instagram,Reel,Seasonal Campaign,Education,20,462675,1104684,905396,27558,625,17205,20187,65575,7.24268717776531,195.68725347165937
POST03695,2026-04-07 18:00:00,Instagram,Image,Festival Campaign,Community,11,333419,329128,290504,13490,779,1651,5963,21883,7.532770633106602,87.12880789637063
POST03696,2026-04-07 21:00:00,Instagram,Carousel,Community Campaign,Brand,2,74034,40105,33098,1633,80,398,380,2491,7.526134509638045,44.70648620903909
POST03697,2026-04-08 00:00:00,Linkedin,Text,Community Campaign,Promotional,16,219450,191432,119841,7261,76,763,1144,9244,7.713553792107876,54.6097060833903
POST03698,2026-04-08 03:00:00,Facebook,Image,Brand Awareness,Community,5,167089,101458,73998,4565,134,175,489,5363,7.247493175491229,44.286577811824834
POST03699,2026-04-08 06:00:00,Linkedin,Image,Seasonal Campaign,Promotional,23,99372,80204,62034,1698,42,162,795,2697,4.347615823580617,62.42603550295858
POST03700,2026-04-08 09:00:00,Instagram,Image,Special Campaign,Entertainment,16,99722,101508,74113,3271,78,985,659,4993,6.737009701401914,74.31960851166241
POST03701,2026-04-08 12:00:00,Facebook,Text,Seasonal Campaign,Event,16,54432,49433,37311,1670,24,148,492,2334,6.255527860416499,68.5460758377425
POST03702,2026-04-08 15:00:00,Facebook,Video,Special Campaign,Entertainment,10,435973,454180,326919,11589,166,5417,5595,22767,6.9641103759646885,74.98606565085453
POST03703,2026-04-08 18:00:00,Instagram,Reel,Special Campaign,Community,22,329332,719766,429908,32499,1411,7088,7250,48248,11.22286628767085,130.5393948963356
POST03704,2026-04-08 21:00:00,Facebook,Reel,Seasonal Campaign,Entertainment,6,410305,409091,247254,23498,248,1855,1953,27554,11.14400575925971,60.26102533481191
POST03705,2026-04-09 00:00:00,Linkedin,Reel,Special Campaign,Event,1,51116,29369,23536,2254,105,166,140,2665,11.323079537729436,46.04429141560373
POST03706,2026-04-09 03:00:00,Linkedin,Image,Educational Series,Community,18,449932,390401,276493,19776,217,3718,6502,30213,10.927220580629529,61.45217499533263
POST03707,2026-04-09 06:00:00,Facebook,Carousel,Product Launch,Brand,1,340882,380727,327459,7795,244,2204,4848,15091,4.608515875269881,96.06227374868723
POST03708,2026-04-09 09:00:00,Instagram,Image,Event Promotion,Brand,21,302600,381717,330171,7653,132,3428,1648,12861,3.89525427732902,109.11136814276273
POST03709,2026-04-09 12:00:00,Instagram,Reel,Seasonal Campaign,Event,12,154706,163765,115137,7047,300,1892,2057,11296,9.810920902924343,74.42309929802335
POST03710,2026-04-09 15:00:00,Linkedin,Carousel,Product Launch,Event,23,69366,72911,42053,1045,37,303,675,2060,4.8985803628754185,60.624801776086265
POST03711,2026-04-09 18:00:00,Instagram,Video,Educational Series,Community,23,409078,642116,511405,13413,504,7835,2165,23917,4.676723927220109,125.01405599910042
POST03712,2026-04-09 21:00:00,Facebook,Reel,Special Campaign,Promotional,15,40856,62770,42371,3661,130,571,967,5329,12.576998418729794,103.7081456823967
POST03713,2026-04-10 00:00:00,Facebook,Carousel,Special Campaign,Community,16,219067,203264,170825,15014,784,1922,1438,19158,11.214986096882775,77.97842669137752
POST03714,2026-04-10 03:00:00,Facebook,Image,Community Campaign,Promotional,10,253082,138978,124310,7894,230,454,414,8992,7.233529080524495,49.11846753226227
POST03715,2026-04-10 06:00:00,Linkedin,Video,Event Promotion,Promotional,8,80615,87230,50877,2098,108,402,254,2862,5.625331682292588,63.111083545245926
POST03716,2026-04-10 09:00:00,Instagram,Video,Festival Campaign,Promotional,23,365270,474183,306628,23009,814,1900,6745,32468,10.588726404633627,83.94557450652943
POST03717,2026-04-10 12:00:00,Instagram,Image,Community Campaign,Community,8,94137,150132,114756,3761,196,361,1507,5825,5.075987312210255,121.90318365786035
POST03718,2026-04-10 15:00:00,Instagram,Carousel,Community Campaign,Education,13,351149,477940,408638,21682,399,995,4113,27189,6.653566237109618,116.37168267601503
POST03719,2026-04-10 18:00:00,Youtube,Video,Special Campaign,Education,12,438007,645959,384593,20001,305,4034,3308,27648,7.188898393886524,87.80521772483088
POST03720,2026-04-10 21:00:00,Instagram,Image,Brand Awareness,Brand,10,319759,287835,236235,9334,480,1841,4180,15835,6.703071094461024,73.87907768037803
POST03721,2026-04-11 00:00:00,Instagram,Reel,Educational Series,Education,11,20348,24749,14510,740,20,202,110,1072,7.388008270158511,71.30921957931984
POST03722,2026-04-11 03:00:00,Facebook,Video,Brand Awareness,Education,21,56419,70348,62800,2525,124,1028,400,4077,6.49203821656051,111.31001967422323
POST03723,2026-04-11 06:00:00,Linkedin,Reel,Brand Awareness,Promotional,2,416094,274895,177155,7705,258,1531,1519,11013,6.216589991815077,42.575716064158584
POST03724,2026-04-11 09:00:00,Instagram,Image,Product Launch,Promotional,0,294001,417771,291309,14002,237,3756,3883,21878,7.5102382693291325,99.08435685592906
POST03725,2026-04-11 12:00:00,Instagram,Video,Community Campaign,Event,7,123053,172962,112894,7439,248,1647,934,10268,9.095257498184136,91.74420778038731
POST03726,2026-04-11 15:00:00,Linkedin,Carousel,Special Campaign,Promotional,18,195101,183173,135379,5242,257,988,1825,8312,6.139800116709386,69.38918816407912
POST03727,2026-04-11 18:00:00,Instagram,Image,Educational Series,Community,12,499130,391481,290793,19473,465,1514,6269,27721,9.53289797209699,58.259972351892294
POST03728,2026-04-11 21:00:00,Instagram,Reel,Brand Awareness,Event,6,391752,709297,591570,52719,652,6493,2547,62411,10.550061700221445,151.0062488513141
POST03729,2026-04-12 00:00:00,Instagram,Image,Special Campaign,Event,12,214286,161905,101571,5726,218,425,1204,7573,7.4558683088676885,47.39973680035094
POST03730,2026-04-12 03:00:00,Youtube,Reel,Special Campaign,Education,5,216610,234821,181433,5782,160,1567,4461,11970,6.597476754504418,83.76021420987027
POST03731,2026-04-12 06:00:00,Instagram,Reel,Special Campaign,Promotional,2,266877,385605,329810,24080,1081,6225,5285,36671,11.11882599072193,123.58127526913148
POST03732,2026-04-12 09:00:00,Linkedin,Carousel,Festival Campaign,Education,5,307802,177910,101732,4660,190,394,1139,6383,6.274328628160264,33.05111727669086
POST03733,2026-04-12 12:00:00,Youtube,Reel,Event Promotion,Promotional,2,305411,472835,398212,24051,888,2731,2796,30466,7.6506986228441125,130.38561152021376
POST03734,2026-04-12 15:00:00,Youtube,Image,Special Campaign,Education,12,393142,525813,420128,19069,224,957,9052,29302,6.974541092238557,106.86418647715075
POST03735,2026-04-12 18:00:00,Instagram,Image,Seasonal Campaign,Education,12,362033,637489,511948,29016,1195,1710,3889,35810,6.994851039558705,141.4092085528115
POST03736,2026-04-12 21:00:00,Youtube,Text,Educational Series,Education,12,218125,176937,101051,3974,197,524,560,5255,5.200344380560311,46.32710601719198
POST03737,2026-04-13 00:00:00,Facebook,Image,Product Launch,Community,0,205070,167560,105979,7779,184,1327,986,10276,9.696260579926212,51.67942653727995
POST03738,2026-04-13 03:00:00,Facebook,Reel,Educational Series,Brand,7,259463,193584,140216,6515,345,713,1021,8594,6.129115079591487,54.04084590095698
POST03739,2026-04-13 06:00:00,Facebook,Reel,Community Campaign,Education,4,498715,386538,223560,15445,909,2790,1284,20428,9.137591697978172,44.827205919212375
POST03740,2026-04-13 09:00:00,Youtube,Image,Product Launch,Entertainment,19,145513,131151,86235,3292,73,911,354,4630,5.369049689801124,59.26274628383719
POST03741,2026-04-13 12:00:00,Linkedin,Image,Event Promotion,Entertainment,16,491927,500416,368294,25556,1118,4468,2847,33989,9.228768320960972,74.86761247095606
POST03742,2026-04-13 15:00:00,Facebook,Image,Special Campaign,Entertainment,8,464747,369570,329221,9918,208,2556,4950,17632,5.3556729370240665,70.83875743146271
POST03743,2026-04-13 18:00:00,Facebook,Image,Festival Campaign,Community,12,143892,162649,115632,3783,215,463,1462,5923,5.122284488722845,80.36027020265199
POST03744,2026-04-13 21:00:00,Instagram,Reel,Brand Awareness,Event,12,335560,469518,274217,14172,608,2658,3076,20514,7.480936630478781,81.71921563952796
POST03745,2026-04-14 00:00:00,Instagram,Image,Educational Series,Education,4,268583,220104,128432,3111,113,431,2340,5995,4.667839790706366,47.818365272560065
POST03746,2026-04-14 03:00:00,Instagram,Image,Product Launch,Entertainment,13,443583,705995,581593,23179,390,2895,10737,37201,6.396397480712457,131.11255390761144
POST03747,2026-04-14 06:00:00,Facebook,Reel,Special Campaign,Community,10,168304,240883,139620,4357,118,1259,3440,9174,6.570691877954447,82.95703013594448
POST03748,2026-04-14 09:00:00,Youtube,Reel,Event Promotion,Event,13,79048,213099,168487,12853,378,2070,854,16155,9.588276840349701,213.14517761360187
POST03749,2026-04-14 12:00:00,Youtube,Reel,Brand Awareness,Entertainment,6,212509,395859,352697,28746,1608,4635,2410,37399,10.60371933982994,165.96802958933503
POST03750,2026-04-14 15:00:00,Linkedin,Reel,Seasonal Campaign,Promotional,23,69357,56088,32814,3233,64,198,371,3866,11.781556652648261,47.311734936632206
POST03751,2026-04-14 18:00:00,Linkedin,Carousel,Event Promotion,Brand,16,177540,148220,88255,2465,120,428,1892,4905,5.557758767208656,49.70992452405092
POST03752,2026-04-14 21:00:00,Linkedin,Reel,Festival Campaign,Education,3,217128,178858,146902,4892,119,1114,873,6998,4.763720031041102,67.65686599609447
POST03753,2026-04-15 00:00:00,Instagram,Reel,Brand Awareness,Brand,9,269336,560458,397447,27548,1021,1258,7166,36993,9.307656115154977,147.56549440104553
POST03754,2026-04-15 03:00:00,Facebook,Reel,Brand Awareness,Brand,9,41497,66678,43723,3614,47,398,258,4317,9.873521944971754,105.36424319830348
POST03755,2026-04-15 06:00:00,Instagram,Text,Seasonal Campaign,Promotional,14,396153,342096,239080,13918,660,959,1336,16873,7.057470302827505,60.350420165945984
POST03756,2026-04-15 09:00:00,Instagram,Video,Special Campaign,Promotional,19,26258,70495,58593,3708,90,599,1049,5446,9.294625637874832,223.14342295681317
POST03757,2026-04-15 12:00:00,Instagram,Reel,Brand Awareness,Promotional,11,338103,387605,298383,21735,850,3479,5785,31849,10.67386546820697,88.25210069120948
POST03758,2026-04-15 15:00:00,Instagram,Reel,Product Launch,Event,8,54902,128484,100479,8399,156,1653,1653,11861,11.804456652633883,183.01519070343522
POST03759,2026-04-15 18:00:00,Youtube,Reel,Brand Awareness,Entertainment,2,35454,34165,24680,1501,39,353,411,2304,9.335494327390599,69.61132735375416
POST03760,2026-04-15 21:00:00,Facebook,Image,Event Promotion,Education,14,57606,42020,29775,1225,30,165,240,1660,5.575146935348447,51.68732423705864
POST03761,2026-04-16 00:00:00,Instagram,Reel,Product Launch,Promotional,11,464843,1272814,1044020,80135,3520,8803,7373,99831,9.562173138445623,224.59626153346397
POST03762,2026-04-16 03:00:00,Facebook,Carousel,Brand Awareness,Community,14,337113,341882,266194,23709,476,582,4330,29097,10.930749753938857,78.96284035323468
POST03763,2026-04-16 06:00:00,Youtube,Image,Event Promotion,Education,0,106465,123131,90790,6083,296,766,343,7488,8.247604361713845,85.27685154745691
POST03764,2026-04-16 09:00:00,Instagram,Video,Event Promotion,Education,14,414001,438645,355990,17509,983,3883,6450,28825,8.097137560043821,85.9877150055193
POST03765,2026-04-16 12:00:00,Youtube,Reel,Educational Series,Education,10,355823,455656,255406,12568,253,3429,4177,20427,7.997854396529447,71.77894627384964
POST03766,2026-04-16 15:00:00,Instagram,Video,Event Promotion,Promotional,4,109628,168536,148219,7115,311,2062,2776,12264,8.274242843360163,135.20177326960265
POST03767,2026-04-16 18:00:00,Youtube,Video,Seasonal Campaign,Promotional,6,461034,313883,268162,19224,987,4271,2430,26912,10.035724673891156,58.16534138480025
POST03768,2026-04-16 21:00:00,Youtube,Reel,Community Campaign,Entertainment,11,400929,485022,361379,22124,1309,5120,1245,29798,8.245636852169053,90.13541050909262
POST03769,2026-04-17 00:00:00,Instagram,Image,Festival Campaign,Promotional,19,270957,220643,137620,2900,43,1840,1894,6677,4.85176573172504,50.79034680779607
POST03770,2026-04-17 03:00:00,Instagram,Reel,Brand Awareness,Promotional,5,33635,61686,47317,2282,26,173,422,2903,6.135215673013928,140.6778653188643
POST03771,2026-04-17 06:00:00,Youtube,Reel,Seasonal Campaign,Education,21,96518,214218,134643,4825,193,1072,1633,7723,5.735909033518267,139.5004040697072
POST03772,2026-04-17 09:00:00,Linkedin,Reel,Brand Awareness,Entertainment,2,33409,27316,19355,2335,47,179,169,2730,14.10488245931284,57.93349097548565
POST03773,2026-04-17 12:00:00,Instagram,Image,Brand Awareness,Brand,9,199828,145884,83803,3444,57,431,1823,5755,6.867295920193787,41.93756630702404
POST03774,2026-04-17 15:00:00,Facebook,Image,Event Promotion,Promotional,20,38541,25543,19826,647,8,99,381,1135,5.724805810551801,51.44132222827638
POST03775,2026-04-17 18:00:00,Facebook,Text,Event Promotion,Community,21,78022,77474,51811,1366,74,211,753,2404,4.639941325201212,66.40562918151291
POST03776,2026-04-17 21:00:00,Linkedin,Reel,Brand Awareness,Promotional,3,89064,107655,80586,7695,107,1419,984,10205,12.663489936217209,90.48100242522231
POST03777,2026-04-18 00:00:00,Facebook,Text,Community Campaign,Brand,12,187399,168490,119711,6405,216,220,1916,8757,7.31511724068799,63.88027684245914
POST03778,2026-04-18 03:00:00,Youtube,Reel,Product Launch,Education,18,460104,778687,515382,50474,2744,4346,4895,62459,12.118971947021821,112.0142402587241
POST03779,2026-04-18 06:00:00,Facebook,Video,Product Launch,Entertainment,4,241126,281487,217389,22015,986,3043,1186,27230,12.525932774887414,90.15576918291681
POST03780,2026-04-18 09:00:00,Linkedin,Reel,Festival Campaign,Education,22,44946,68890,39437,1671,60,693,431,2855,7.239394477267541,87.74306946113114
POST03781,2026-04-18 12:00:00,Instagram,Reel,Educational Series,Event,21,117616,234402,160119,13534,800,3046,2673,20053,12.523810416003098,136.13709019181064
POST03782,2026-04-18 15:00:00,Instagram,Video,Special Campaign,Promotional,17,383385,855555,670863,19107,550,10584,2129,32370,4.825128230354037,174.98415430963652
POST03783,2026-04-18 18:00:00,Instagram,Reel,Seasonal Campaign,Community,0,149622,105434,78388,5187,289,536,1246,7258,9.25907026585702,52.390691208512116
POST03784,2026-04-18 21:00:00,Facebook,Carousel,Festival Campaign,Event,20,437772,766749,505792,26869,615,3213,1626,32323,6.39057161837277,115.53776851877234
POST03785,2026-04-19 00:00:00,Facebook,Image,Special Campaign,Promotional,20,385589,496803,375527,13871,694,4662,3079,22306,5.939919100357631,97.39048572443716
POST03786,2026-04-19 03:00:00,Instagram,Image,Brand Awareness,Event,15,397553,503839,433469,14434,695,4441,2868,22438,5.176379395066314,109.03426712916264
POST03787,2026-04-19 06:00:00,Youtube,Image,Seasonal Campaign,Brand,15,147280,151725,125839,4815,269,1436,2927,9447,7.507211595769197,85.44201520912547
POST03788,2026-04-19 09:00:00,Youtube,Carousel,Brand Awareness,Promotional,15,397755,236248,190692,12382,537,2924,3787,19630,10.29408679965599,47.94207489535015
POST03789,2026-04-19 12:00:00,Instagram,Reel,Brand Awareness,Community,21,41775,54860,42228,3343,63,264,150,3820,9.046130529506488,101.08438061041292
POST03790,2026-04-19 15:00:00,Linkedin,Carousel,Educational Series,Promotional,18,240649,344138,206465,13824,220,2383,4993,21420,10.37463976945245,85.79507914015849
POST03791,2026-04-19 18:00:00,Instagram,Video,Event Promotion,Event,15,414051,475886,415704,29613,476,7061,8840,45990,11.063160325616304,100.3992261822819
POST03792,2026-04-19 21:00:00,Instagram,Reel,Educational Series,Entertainment,0,464861,925667,716760,26459,636,7207,6887,41189,5.746553937161672,154.18802609812397
POST03793,2026-04-20 00:00:00,Youtube,Reel,Festival Campaign,Event,19,448963,1149604,962331,60311,1585,5099,5101,72096,7.491808951389907,214.3452801233064
POST03794,2026-04-20 03:00:00,Facebook,Carousel,Event Promotion,Promotional,19,194357,240397,143439,4251,70,706,1184,6211,4.330063650750493,73.8018183034313
POST03795,2026-04-20 06:00:00,Instagram,Image,Event Promotion,Promotional,9,458100,835807,526191,22358,1079,5005,2013,30455,5.787822292665592,114.86378519973806
POST03796,2026-04-20 09:00:00,Facebook,Image,Festival Campaign,Entertainment,1,429320,466091,349490,13845,615,4327,8244,27031,7.734413001802627,81.40547843100717
POST03797,2026-04-20 12:00:00,Youtube,Reel,Event Promotion,Education,13,34927,52363,33279,846,50,352,341,1589,4.774782896120676,95.28158731067656
POST03798,2026-04-20 15:00:00,Instagram,Image,Seasonal Campaign,Entertainment,7,155593,111444,86197,2574,100,1063,841,4578,5.311089713099064,55.39902180689362
POST03799,2026-04-20 18:00:00,Instagram,Reel,Product Launch,Education,5,326230,595383,381528,30421,470,1686,5198,37775,9.900977123566292,116.95061766238544
POST03800,2026-04-20 21:00:00,Youtube,Image,Festival Campaign,Community,2,165352,192899,138521,4927,176,1393,1030,7526,5.433111225012814,83.77340461560792
POST03801,2026-04-21 00:00:00,Instagram,Video,Special Campaign,Promotional,15,83266,163801,138939,10147,170,2329,2353,14999,10.79538502508295,166.86162419234742
POST03802,2026-04-21 03:00:00,Linkedin,Reel,Festival Campaign,Brand,16,181825,243639,200586,9004,120,3713,2524,15361,7.658061878695423,110.31816306888491
POST03803,2026-04-21 06:00:00,Facebook,Image,Product Launch,Brand,11,202600,157348,126261,3600,127,682,966,5375,4.257054830866221,62.320335636722604
POST03804,2026-04-21 09:00:00,Linkedin,Text,Educational Series,Event,18,462821,473185,263622,7892,216,2943,4744,15795,5.991533331816009,56.95981815864016
POST03805,2026-04-21 12:00:00,Instagram,Carousel,Educational Series,Entertainment,23,482211,313082,234539,12665,259,3426,4998,21348,9.102110949564892,48.63825171968288
POST03806,2026-04-21 15:00:00,Linkedin,Video,Educational Series,Entertainment,19,114971,111319,79426,8781,295,315,720,10111,12.730088384156321,69.08350801506467
POST03807,2026-04-21 18:00:00,Youtube,Image,Event Promotion,Brand,2,179149,79972,65761,1651,88,815,1031,3585,5.451559434923435,36.707433477161466
POST03808,2026-04-21 21:00:00,Instagram,Video,Product Launch,Education,12,269307,291535,170021,15438,312,1343,1772,18865,11.095688179695449,63.13278154671064
POST03809,2026-04-22 00:00:00,Instagram,Reel,Seasonal Campaign,Entertainment,15,217756,409054,271933,11834,133,5149,2301,19417,7.140361780291468,124.87968184573559
POST03810,2026-04-22 03:00:00,Instagram,Reel,Festival Campaign,Education,10,397354,374750,267901,20949,1062,3113,5357,30481,11.377710422880094,67.42124151260589
POST03811,2026-04-22 06:00:00,Facebook,Reel,Festival Campaign,Education,19,450561,470903,262316,21261,900,4508,1504,28173,10.740099727046767,58.219863681055394
POST03812,2026-04-22 09:00:00,Youtube,Image,Festival Campaign,Education,15,444252,316868,185520,10377,305,1142,2018,13842,7.461190168175938,41.76008211555604
POST03813,2026-04-22 12:00:00,Instagram,Video,Event Promotion,Education,19,200345,417971,297089,16701,468,1011,2322,20502,6.9009623378852805,148.28870198906884
POST03814,2026-04-22 15:00:00,Facebook,Reel,Event Promotion,Event,1,433218,445637,379715,22528,1191,3934,3340,30993,8.162174262275654,87.649866810705
POST03815,2026-04-22 18:00:00,Instagram,Carousel,Community Campaign,Event,3,475236,497135,368750,25969,1481,2961,4513,34924,9.470915254237289,77.59302746424935
POST03816,2026-04-22 21:00:00,Youtube,Carousel,Seasonal Campaign,Brand,3,330584,392297,248597,20155,502,2159,3954,26770,10.768432442869383,75.19934419088644
POST03817,2026-04-23 00:00:00,Instagram,Image,Educational Series,Event,16,452614,439840,253315,16288,238,3093,3046,22665,8.947358032489193,55.96711546704256
POST03818,2026-04-23 03:00:00,Facebook,Image,Special Campaign,Community,0,253098,157805,114341,3845,205,1519,1610,7179,6.2785877331840725,45.176571920757965
POST03819,2026-04-23 06:00:00,Facebook,Image,Community Campaign,Entertainment,0,399915,447677,388211,12110,366,4634,9681,26791,6.901143965523904,97.07337809284473
POST03820,2026-04-23 09:00:00,Youtube,Reel,Community Campaign,Community,4,210588,130183,92785,6078,338,400,1858,8674,9.34849382982163,44.05996543012897
POST03821,2026-04-23 12:00:00,Instagram,Reel,Event Promotion,Event,21,91466,166862,119067,3934,89,1917,2591,8531,7.164873558584663,130.17624035160605
POST03822,2026-04-23 15:00:00,Instagram,Text,Educational Series,Entertainment,11,361068,423309,286363,15334,683,1973,6642,24632,8.601669908472813,79.30999146975086
POST03823,2026-04-23 18:00:00,Facebook,Reel,Educational Series,Entertainment,5,141411,181466,101828,12429,380,705,1842,15356,15.080331539458694,72.00854247547927
POST03824,2026-04-23 21:00:00,Instagram,Reel,Festival Campaign,Education,5,73965,124458,111188,4401,248,500,1731,6880,6.18771809907544,150.32515378895422
POST03825,2026-04-24 00:00:00,Instagram,Video,Event Promotion,Brand,16,39691,30897,23625,1515,54,278,567,2414,10.217989417989418,59.52230984354136
POST03826,2026-04-24 03:00:00,Instagram,Reel,Educational Series,Education,21,351322,717681,442483,38079,1278,7972,1671,49000,11.073871764564966,125.94799073214887
POST03827,2026-04-24 06:00:00,Youtube,Carousel,Special Campaign,Education,12,39201,63487,40671,1931,76,539,975,3521,8.657274224877677,103.74990433917502
POST03828,2026-04-24 09:00:00,Youtube,Reel,Community Campaign,Community,7,289565,301775,243323,9666,449,2185,3080,15380,6.320816363434611,84.03052855144786
POST03829,2026-04-24 12:00:00,Facebook,Image,Product Launch,Event,23,125351,73913,51080,1066,11,441,1184,2702,5.28974158183242,40.74957519285846
POST03830,2026-04-24 15:00:00,Instagram,Reel,Product Launch,Community,11,426770,1110609,948112,44023,1855,8208,13409,67495,7.118884688728758,222.15994563816577
POST03831,2026-04-24 18:00:00,Instagram,Reel,Event Promotion,Event,14,472044,721252,494174,22227,1011,6801,6089,36128,7.31078526996564,104.6881222936845
POST03832,2026-04-24 21:00:00,Facebook,Image,Festival Campaign,Community,18,470836,285152,255499,8521,212,1052,3660,13445,5.26225151566151,54.2649669948772
POST03833,2026-04-25 00:00:00,Facebook,Carousel,Festival Campaign,Entertainment,20,353268,400016,234461,14097,651,1530,2337,18615,7.939486737666392,66.36915882559417
POST03834,2026-04-25 03:00:00,Instagram,Image,Educational Series,Event,19,109307,78617,60267,4134,175,580,641,5530,9.175834204456834,55.13553569304802
POST03835,2026-04-25 06:00:00,Youtube,Text,Special Campaign,Event,16,373504,255970,190288,10721,594,1097,1535,13947,7.329416463465904,50.94671007539411
POST03836,2026-04-25 09:00:00,Instagram,Reel,Seasonal Campaign,Community,8,264636,361875,200417,7260,378,2670,3601,13909,6.940030037372079,75.73308242264847
POST03837,2026-04-25 12:00:00,Linkedin,Image,Event Promotion,Promotional,20,94852,73015,56730,2121,25,397,1323,3866,6.8147364710029965,59.8089655463248
POST03838,2026-04-25 15:00:00,Instagram,Image,Seasonal Campaign,Entertainment,17,342389,612434,424497,17717,318,4812,4097,26944,6.34727689477193,123.98091060168406
POST03839,2026-04-25 18:00:00,Linkedin,Text,Product Launch,Entertainment,1,390297,185266,136477,2553,85,666,1334,4638,3.3983748177348567,34.967473488138516
POST03840,2026-04-25 21:00:00,Facebook,Reel,Community Campaign,Promotional,10,259321,333353,197276,10605,478,2665,2718,16466,8.346681806200449,76.07405493577458
POST03841,2026-04-26 00:00:00,Youtube,Image,Educational Series,Community,22,65562,87349,78066,5355,61,505,1770,7691,9.851920170112468,119.07202342820536
POST03842,2026-04-26 03:00:00,Instagram,Video,Community Campaign,Community,19,179306,484594,296751,23691,1046,3712,4381,32830,11.063147217701037,165.49976018649684
POST03843,2026-04-26 06:00:00,Youtube,Reel,Seasonal Campaign,Entertainment,16,367466,496006,420995,34318,503,4392,9629,48842,11.601562963930688,114.56706198668721
POST03844,2026-04-26 09:00:00,Youtube,Video,Educational Series,Community,20,253708,340780,242607,21495,724,3405,4208,29832,12.29643002881203,95.62449745376574
POST03845,2026-04-26 12:00:00,Instagram,Reel,Brand Awareness,Brand,17,428545,657830,379623,32191,1746,6678,8476,49091,12.931513633262472,88.58416269003256
POST03846,2026-04-26 15:00:00,Facebook,Carousel,Community Campaign,Brand,14,428914,651701,442802,24163,1311,3313,9291,38078,8.599328819653028,103.23794513585473
POST03847,2026-04-26 18:00:00,Linkedin,Text,Event Promotion,Promotional,6,241935,76956,56913,1842,86,179,1181,3288,5.777238943650835,23.524087048174096
POST03848,2026-04-26 21:00:00,Youtube,Carousel,Community Campaign,Event,15,198681,213045,176592,4359,64,497,763,5683,3.218152577693214,88.8821779636704
POST03849,2026-04-27 00:00:00,Facebook,Image,Community Campaign,Brand,0,298692,257169,172593,4973,224,1266,1771,8234,4.770761270735198,57.78293359045438
POST03850,2026-04-27 03:00:00,Instagram,Reel,Educational Series,Community,17,452973,594089,381733,14393,202,1558,2543,18696,4.897664074104151,84.27279330114598
POST03851,2026-04-27 06:00:00,Youtube,Text,Product Launch,Promotional,21,275644,419501,235620,13265,650,1983,4755,20653,8.765384941855531,85.47982179913221
POST03852,2026-04-27 09:00:00,Instagram,Image,Seasonal Campaign,Brand,7,85234,106646,64891,1703,66,854,962,3585,5.524649026829607,76.13276392050122
POST03853,2026-04-27 12:00:00,Facebook,Reel,Brand Awareness,Education,6,38340,27056,22769,719,25,322,414,1480,6.500065879046072,59.38706311945749
POST03854,2026-04-27 15:00:00,Linkedin,Carousel,Community Campaign,Promotional,1,89396,58961,47452,3617,141,207,444,4409,9.291494562926747,53.08067475054812
POST03855,2026-04-27 18:00:00,Facebook,Image,Special Campaign,Entertainment,11,366839,438560,356808,20610,421,3327,4314,28672,8.035694266944688,97.26555791505265
POST03856,2026-04-27 21:00:00,Instagram,Reel,Seasonal Campaign,Brand,15,178937,329785,280833,28106,409,2335,3541,34391,12.246067947855131,156.94518182377038
POST03857,2026-04-28 00:00:00,Instagram,Reel,Special Campaign,Entertainment,8,251144,626682,461135,15798,938,3896,5934,26566,5.761002743231375,183.6137833274934
POST03858,2026-04-28 03:00:00,Youtube,Reel,Seasonal Campaign,Promotional,19,210839,516925,437694,31436,455,5658,5470,43019,9.82855602315773,207.59631756933015
POST03859,2026-04-28 06:00:00,Youtube,Image,Special Campaign,Brand,10,164815,99442,82821,5379,235,239,1065,6918,8.352953960951933,50.250887358553534
POST03860,2026-04-28 09:00:00,Facebook,Carousel,Product Launch,Entertainment,14,222834,383372,291028,11492,193,1221,5123,18029,6.194936569677145,130.6030498038899
POST03861,2026-04-28 12:00:00,Facebook,Image,Festival Campaign,Event,2,98254,75304,48580,1971,83,445,748,3247,6.6838205022643065,49.443279662914485
POST03862,2026-04-28 15:00:00,Facebook,Video,Brand Awareness,Event,22,130192,149482,127627,11644,503,1922,1020,15089,11.822733434147947,98.02983286223423
POST03863,2026-04-28 18:00:00,Instagram,Video,Brand Awareness,Education,20,255997,366858,281527,11435,510,3545,4345,19835,7.04550540445499,109.97277311843499
POST03864,2026-04-28 21:00:00,Instagram,Carousel,Special Campaign,Community,12,463150,925519,812323,56599,2995,9742,4967,74303,9.146977249197672,175.3909100723308
POST03865,2026-04-29 00:00:00,Instagram,Reel,Special Campaign,Promotional,20,146658,379004,224254,7977,330,3158,4458,15923,7.100430761547175,152.90949010623356
POST03866,2026-04-29 03:00:00,Instagram,Carousel,Special Campaign,Community,12,280464,498344,294414,21592,257,4336,961,27146,9.220349575767457,104.97390039363341
POST03867,2026-04-29 06:00:00,Youtube,Image,Seasonal Campaign,Community,1,208044,245329,216053,8223,333,1142,2478,12176,5.635654214475152,103.84966641671953
POST03868,2026-04-29 09:00:00,Facebook,Image,Educational Series,Entertainment,5,307674,128252,86892,7413,381,1026,582,9402,10.820328683883442,28.241580374032253
POST03869,2026-04-29 12:00:00,Facebook,Carousel,Community Campaign,Education,5,210408,119154,78026,5857,331,512,936,7636,9.786481429267168,37.0831907532033
POST03870,2026-04-29 15:00:00,Instagram,Image,Festival Campaign,Promotional,11,79003,105600,66249,1784,56,400,589,2829,4.270253135896391,83.85630925407897
POST03871,2026-04-29 18:00:00,Instagram,Text,Special Campaign,Event,3,315052,382149,326724,6164,126,2297,1677,10264,3.1414894528715367,103.70478524180136
POST03872,2026-04-29 21:00:00,Instagram,Reel,Educational Series,Community,4,397551,272957,171565,6526,191,3028,889,10634,6.19823390551686,43.155469361163725
POST03873,2026-04-30 00:00:00,Instagram,Carousel,Event Promotion,Entertainment,22,87186,109243,84253,6304,203,987,2010,9504,11.280310493394893,96.63592778657124
POST03874,2026-04-30 03:00:00,Facebook,Reel,Product Launch,Community,7,60653,118023,100324,6267,354,1045,570,8236,8.209401539013596,165.40649267142598
POST03875,2026-04-30 06:00:00,Instagram,Text,Product Launch,Brand,5,412647,467254,414443,17894,644,1615,3316,23469,5.662781130336379,100.43523883609961
POST03876,2026-04-30 09:00:00,Youtube,Reel,Educational Series,Event,20,269333,659377,518237,59081,2842,10074,6138,78135,15.07707863390688,192.41496586010626
POST03877,2026-04-30 12:00:00,Instagram,Reel,Seasonal Campaign,Community,2,277426,306055,221040,12141,473,4080,3937,20631,9.333604777415852,79.6753008009343
POST03878,2026-04-30 15:00:00,Linkedin,Reel,Product Launch,Brand,22,198104,299684,182036,14906,856,3187,3199,22148,12.16682414467468,91.8891087509591
POST03879,2026-04-30 18:00:00,Youtube,Image,Community Campaign,Brand,7,315927,297142,202859,3967,177,1803,2473,8420,4.150666226295111,64.21071956496279
POST03880,2026-04-30 21:00:00,Instagram,Reel,Product Launch,Entertainment,18,73535,221968,195872,20627,704,1497,3775,26603,13.581828949518052,266.36567620860814
POST03881,2026-05-01 00:00:00,Youtube,Image,Community Campaign,Entertainment,20,264066,292038,234742,9952,512,938,5073,16475,7.018343543123941,88.89520044231367
POST03882,2026-05-01 03:00:00,Facebook,Image,Event Promotion,Brand,10,388982,430758,250949,6754,380,2496,5237,14867,5.924311314251103,64.51429629134509
POST03883,2026-05-01 06:00:00,Linkedin,Reel,Special Campaign,Education,17,485044,399824,306412,15121,828,2225,5598,23772,7.758181794446693,63.172000890640845
POST03884,2026-05-01 09:00:00,Instagram,Reel,Festival Campaign,Community,9,370417,623813,425504,15370,181,5856,10058,31465,7.394760096262315,114.87161766333618
POST03885,2026-05-01 12:00:00,Linkedin,Video,Brand Awareness,Brand,19,211599,277112,199896,10189,542,2559,2759,16049,8.028674910953695,94.46925552578226
POST03886,2026-05-01 15:00:00,Linkedin,Carousel,Educational Series,Brand,11,276653,168231,109030,5153,292,313,1868,7626,6.994405209575347,39.41038051277232
POST03887,2026-05-01 18:00:00,Linkedin,Carousel,Educational Series,Entertainment,19,307695,256145,150557,4770,59,430,2677,7936,5.271093340063896,48.9305968572775
POST03888,2026-05-01 21:00:00,Facebook,Carousel,Community Campaign,Community,7,325687,273015,205096,13200,301,699,885,15085,7.355092249483169,62.97334557412485
POST03889,2026-05-02 00:00:00,Facebook,Reel,Event Promotion,Promotional,18,432720,896826,636881,29030,981,11288,6225,47524,7.4619905445444275,147.1808559807728
POST03890,2026-05-02 03:00:00,Youtube,Reel,Event Promotion,Event,20,429587,646399,384097,23727,1063,3179,4753,32722,8.519202180699146,89.41075963658119
POST03891,2026-05-02 06:00:00,Facebook,Reel,Seasonal Campaign,Entertainment,15,70975,124686,90874,9850,351,721,1548,12470,13.722296806567336,128.0366326171187
POST03892,2026-05-02 09:00:00,Youtube,Video,Brand Awareness,Community,20,237418,485600,303878,13639,236,3903,971,18749,6.169910292946511,127.99282278513002
POST03893,2026-05-02 12:00:00,Facebook,Text,Special Campaign,Community,17,311180,269613,237525,11053,371,842,2308,14574,6.135775181559835,76.33041969278231
POST03894,2026-05-02 15:00:00,Youtube,Image,Festival Campaign,Education,8,363227,344645,265324,14881,330,1558,5370,22139,8.344137733488113,73.04633190814559
POST03895,2026-05-02 18:00:00,Facebook,Reel,Educational Series,Event,3,73756,84263,53962,3314,155,249,436,4154,7.698009710537044,73.16286132653615
POST03896,2026-05-02 21:00:00,Facebook,Reel,Community Campaign,Entertainment,8,112739,76811,67633,3333,42,953,1441,5769,8.529859683882128,59.990775153230025
POST03897,2026-05-03 00:00:00,Instagram,Reel,Event Promotion,Entertainment,1,406492,505748,326992,14209,483,2653,2226,19571,5.985161716494593,80.44241953101168
POST03898,2026-05-03 03:00:00,Facebook,Image,Special Campaign,Promotional,8,291449,294619,186076,9998,352,419,1832,12601,6.771964143683226,63.84513242454083
POST03899,2026-05-03 06:00:00,Youtube,Reel,Educational Series,Education,8,487565,842278,736434,41911,1792,13892,5286,62881,8.53857915305377,151.0432455159825
POST03900,2026-05-03 09:00:00,Facebook,Text,Community Campaign,Education,17,348580,106147,78101,2342,135,842,852,4171,5.340520607930756,22.4054736358942
POST03901,2026-05-03 12:00:00,Youtube,Image,Product Launch,Community,10,285891,381580,267350,6246,235,2103,3807,12391,4.634748457078736,93.5146611820589
POST03902,2026-05-03 15:00:00,Instagram,Text,Special Campaign,Community,12,196096,328273,234616,6859,157,688,2710,10414,4.4387424557574935,119.64343994778068
POST03903,2026-05-03 18:00:00,Linkedin,Video,Educational Series,Entertainment,5,201695,225735,142870,7141,377,1372,2977,11867,8.306152446279835,70.834676119884
POST03904,2026-05-03 21:00:00,Instagram,Video,Festival Campaign,Promotional,8,305389,250011,168384,13182,160,1792,1817,16951,10.066870961611555,55.13754588410191
POST03905,2026-05-04 00:00:00,Facebook,Carousel,Special Campaign,Entertainment,15,416319,489948,316370,18593,861,3488,7866,30808,9.737965040933085,75.99220789827031
POST03906,2026-05-04 03:00:00,Youtube,Carousel,Community Campaign,Brand,3,478825,219627,171463,13067,378,1554,3580,18579,10.835573855584004,35.80911606536835
POST03907,2026-05-04 06:00:00,Youtube,Carousel,Festival Campaign,Community,1,134938,187216,123557,6410,210,570,2036,9226,7.466999036881764,91.56575612503521
POST03908,2026-05-04 09:00:00,Instagram,Carousel,Educational Series,Brand,6,219105,190927,127398,5216,189,1428,2166,8999,7.063690167820531,58.14472513178613
POST03909,2026-05-04 12:00:00,Youtube,Image,Product Launch,Promotional,14,442793,754958,519568,33116,1715,1656,5701,42188,8.119822621870478,117.33880165223931
POST03910,2026-05-04 15:00:00,Instagram,Text,Festival Campaign,Entertainment,5,472962,636523,496355,24525,707,2813,4742,32787,6.6055544922484914,104.9460633200976
POST03911,2026-05-04 18:00:00,Instagram,Carousel,Event Promotion,Community,10,499764,1137366,857181,75650,2005,6072,20773,104500,12.191124161641474,171.5171560976781
POST03912,2026-05-04 21:00:00,Instagram,Video,Community Campaign,Promotional,19,159559,423779,316075,19048,945,3707,4518,28218,8.927627936407498,198.0928684687169
POST03913,2026-05-05 00:00:00,Instagram,Video,Educational Series,Entertainment,16,462665,481323,267555,18468,1025,3505,4684,27682,10.34628394161948,57.82909880799283
POST03914,2026-05-05 03:00:00,Linkedin,Reel,Product Launch,Entertainment,3,377703,294673,167392,9263,191,1154,1145,11753,7.021243548078761,44.31841949891846
POST03915,2026-05-05 06:00:00,Linkedin,Reel,Event Promotion,Brand,18,241485,373207,276596,7658,392,2622,2017,12689,4.587557303793258,114.53961943806033
POST03916,2026-05-05 09:00:00,Instagram,Image,Educational Series,Event,6,65567,69532,62217,1944,82,607,588,3221,5.177041644566597,94.89072246709472
POST03917,2026-05-05 12:00:00,Facebook,Image,Special Campaign,Education,10,215921,97662,64572,3992,209,722,991,5914,9.158768506473395,29.90538206103158
POST03918,2026-05-05 15:00:00,Instagram,Video,Seasonal Campaign,Community,12,274536,444083,392221,13764,823,3262,7018,24867,6.340048085135676,142.86687356120873
POST03919,2026-05-05 18:00:00,Facebook,Image,Product Launch,Education,20,223125,347790,276711,8206,239,2621,2692,13758,4.971974370371977,124.01613445378152
POST03920,2026-05-05 21:00:00,Facebook,Image,Event Promotion,Promotional,2,261192,256274,170300,8530,183,1179,3743,13635,8.006459189665296,65.20107813409292
POST03921,2026-05-06 00:00:00,Linkedin,Image,Festival Campaign,Education,13,393853,235518,182870,6997,123,603,2713,10436,5.706786241592388,46.431028835631565
POST03922,2026-05-06 03:00:00,Youtube,Reel,Educational Series,Brand,1,280227,251814,214790,20363,587,2692,4353,27995,13.033660784952744,76.6485741916375
POST03923,2026-05-06 06:00:00,Facebook,Carousel,Educational Series,Event,17,136322,128472,75261,5152,108,856,1018,7134,9.479013034639456,55.20825692111324
POST03924,2026-05-06 09:00:00,Instagram,Video,Festival Campaign,Community,4,270765,491321,289328,16975,494,1969,6439,25877,8.943828457667422,106.8557605303492
POST03925,2026-05-06 12:00:00,Linkedin,Reel,Seasonal Campaign,Entertainment,12,140717,211389,149600,6763,361,2234,2921,12279,8.207887700534759,106.31267011093186
POST03926,2026-05-06 15:00:00,Instagram,Image,Brand Awareness,Entertainment,12,156687,321992,257393,13169,340,465,1329,15303,5.945383130077352,164.27208383592767
POST03927,2026-05-06 18:00:00,Facebook,Image,Event Promotion,Brand,23,96004,100007,73251,4314,62,680,649,5705,7.788289579664441,76.2999458355902
POST03928,2026-05-06 21:00:00,Facebook,Reel,Festival Campaign,Community,23,293023,556857,398255,33353,1542,5589,6281,46765,11.74247655396668,135.9125392887248
POST03929,2026-05-07 00:00:00,Facebook,Reel,Special Campaign,Education,13,379635,628562,424239,37340,579,2281,2835,43035,10.144046162658313,111.74918013354933
POST03930,2026-05-07 03:00:00,Instagram,Text,Educational Series,Entertainment,11,203068,295635,215258,14023,176,1114,1073,16386,7.612260636073922,106.00291527961076
POST03931,2026-05-07 06:00:00,Linkedin,Image,Special Campaign,Education,20,426294,521607,351088,11221,586,3312,6273,21392,6.093059289978581,82.35818472697247
POST03932,2026-05-07 09:00:00,Instagram,Reel,Event Promotion,Brand,12,205847,287582,170391,7959,431,906,2841,12137,7.123028798469402,82.77555660271949
POST03933,2026-05-07 12:00:00,Facebook,Reel,Seasonal Campaign,Entertainment,17,24590,24480,15797,1130,25,255,100,1510,9.558776982971452,64.24156161041074
POST03934,2026-05-07 15:00:00,Instagram,Carousel,Event Promotion,Promotional,12,205172,439976,285801,11518,175,4192,1965,17850,6.24560445904668,139.2982473241963
POST03935,2026-05-07 18:00:00,Instagram,Carousel,Special Campaign,Event,3,293054,199483,113765,5480,166,782,596,7024,6.174130883839494,38.820490421560535
POST03936,2026-05-07 21:00:00,Youtube,Carousel,Special Campaign,Education,22,183048,183943,105085,2460,29,736,1904,5129,4.880810772232003,57.40843931646344
POST03937,2026-05-08 00:00:00,Youtube,Reel,Brand Awareness,Community,21,303718,743363,583210,52070,890,1761,7851,62572,10.728896966787262,192.02352181958264
POST03938,2026-05-08 03:00:00,Instagram,Video,Educational Series,Education,9,191724,337028,201661,12377,297,2357,1238,16269,8.067499417339,105.18297135465563
POST03939,2026-05-08 06:00:00,Instagram,Image,Product Launch,Education,22,53430,37818,30105,1015,13,273,189,1490,4.949343962796878,56.34475014037058
POST03940,2026-05-08 09:00:00,Youtube,Reel,Brand Awareness,Education,4,486951,490043,339790,27565,802,6241,1203,35811,10.53915653786162,69.77909481652158
POST03941,2026-05-08 12:00:00,Facebook,Image,Brand Awareness,Brand,17,337771,241268,197700,5236,241,1437,3230,10144,5.131006575619626,58.53077972946168
POST03942,2026-05-08 15:00:00,Linkedin,Image,Product Launch,Brand,7,277635,177831,108569,6680,376,570,2256,9882,9.102045703653898,39.10493993912871
POST03943,2026-05-08 18:00:00,Instagram,Video,Product Launch,Community,13,72239,206342,174438,18014,850,1829,2467,23160,13.276923606095004,241.4734423233987
POST03944,2026-05-08 21:00:00,Instagram,Text,Seasonal Campaign,Brand,1,336057,282496,252164,5484,312,1504,6002,13302,5.275138401992354,75.0360801887775
POST03945,2026-05-09 00:00:00,Instagram,Reel,Seasonal Campaign,Community,7,381116,923822,785460,39018,2090,8269,6118,55495,7.065286583657985,206.09473231247176
POST03946,2026-05-09 03:00:00,Instagram,Video,Brand Awareness,Community,15,375420,297816,204817,8504,255,2167,4434,15360,7.499377493079187,54.55676309200362
POST03947,2026-05-09 06:00:00,Facebook,Video,Event Promotion,Brand,6,422693,404195,239833,16968,269,3281,4910,25428,10.602377487668504,56.73928832509646
POST03948,2026-05-09 09:00:00,Facebook,Text,Festival Campaign,Entertainment,2,72772,67878,42433,1386,75,473,739,2673,6.299342492871114,58.30951464849118
POST03949,2026-05-09 12:00:00,Instagram,Reel,Festival Campaign,Brand,3,85696,106388,87566,3451,128,602,1828,6009,6.862252472420803,102.18213218820016
POST03950,2026-05-09 15:00:00,Instagram,Image,Brand Awareness,Entertainment,6,194430,172780,121927,9904,156,1434,996,12490,10.243834425516908,62.70997274083218
POST03951,2026-05-09 18:00:00,Instagram,Reel,Event Promotion,Promotional,3,195277,395252,298871,18111,517,1614,6594,26836,8.979124772895329,153.0497703262545
POST03952,2026-05-09 21:00:00,Facebook,Video,Product Launch,Brand,8,485212,777121,666229,55035,1238,5168,15182,76623,11.501000406767043,137.3067854875807
POST03953,2026-05-10 00:00:00,Linkedin,Reel,Community Campaign,Promotional,22,475592,513590,319155,22495,522,1491,7923,32431,10.16152026444831,67.10688993927569
POST03954,2026-05-10 03:00:00,Instagram,Image,Brand Awareness,Brand,16,233009,240460,140698,4446,265,1614,1492,7817,5.555871440958649,60.38307533185413
POST03955,2026-05-10 06:00:00,Instagram,Reel,Educational Series,Promotional,16,382981,271861,173976,17373,557,2683,3371,23984,13.785809536947625,45.42679662959782
POST03956,2026-05-10 09:00:00,Linkedin,Reel,Event Promotion,Event,19,436110,975324,602978,19633,262,5722,10768,36385,6.034216837098534,138.2628235995506
POST03957,2026-05-10 12:00:00,Linkedin,Carousel,Educational Series,Promotional,13,384894,454985,250421,5726,243,2694,822,9485,3.7876216451495677,65.06232884898179
POST03958,2026-05-10 15:00:00,Youtube,Video,Educational Series,Entertainment,13,210991,184043,147819,13781,753,1924,2686,19144,12.950973826098133,70.05938641932595
POST03959,2026-05-10 18:00:00,Instagram,Carousel,Brand Awareness,Education,12,395716,345986,297097,9715,331,2821,3034,15901,5.352124053760219,75.07833901080573
POST03960,2026-05-10 21:00:00,Instagram,Video,Event Promotion,Community,3,259885,440488,297026,20801,722,1614,1514,24651,8.299273464275855,114.29132116128287
POST03961,2026-05-11 00:00:00,Youtube,Reel,Educational Series,Promotional,12,285062,257721,211088,9807,279,718,3356,14160,6.708102781778217,74.04985582083897
POST03962,2026-05-11 03:00:00,Instagram,Image,Seasonal Campaign,Education,20,131683,252453,209195,9944,449,2762,3451,16606,7.938048232510337,158.86257147847482
POST03963,2026-05-11 06:00:00,Instagram,Image,Special Campaign,Event,16,307773,552798,331288,19418,777,3736,7892,31823,9.60584144309483,107.64037131262327
POST03964,2026-05-11 09:00:00,Youtube,Reel,Seasonal Campaign,Event,14,36699,93352,51618,2073,40,338,374,2825,5.472897051416173,140.65233385105861
POST03965,2026-05-11 12:00:00,Instagram,Image,Event Promotion,Entertainment,17,394580,627209,546864,20505,964,5314,4130,30913,5.6527765587056376,138.5939479953368
POST03966,2026-05-11 15:00:00,Facebook,Carousel,Festival Campaign,Entertainment,10,336128,445752,334967,11879,345,3212,1457,16893,5.043183358360674,99.65459586824068
POST03967,2026-05-11 18:00:00,Instagram,Image,Special Campaign,Promotional,3,333507,185028,148655,8873,249,1695,2193,13010,8.75180787729979,44.57327732251497
POST03968,2026-05-11 21:00:00,Instagram,Carousel,Community Campaign,Brand,19,289213,564963,398773,30945,926,895,7078,39844,9.991649384486914,137.88211456608107
POST03969,2026-05-12 00:00:00,Youtube,Image,Educational Series,Event,10,126815,121194,89750,3989,54,451,695,5189,5.781615598885794,70.77238497023222
POST03970,2026-05-12 03:00:00,Instagram,Reel,Educational Series,Education,9,467501,725550,437361,27431,1517,6283,8929,44160,10.096922222146008,93.55295496694124
POST03971,2026-05-12 06:00:00,Linkedin,Reel,Event Promotion,Brand,21,124726,135846,110273,10766,338,1799,2354,15257,13.835662401494472,88.41219954139474
POST03972,2026-05-12 09:00:00,Youtube,Image,Seasonal Campaign,Event,12,352207,332022,252255,5490,228,827,3181,9726,3.855622286971517,71.62123410380828
POST03973,2026-05-12 12:00:00,Instagram,Reel,Community Campaign,Promotional,21,301243,512489,454707,21885,869,2848,5481,31083,6.835830545824015,150.94359039048211
POST03974,2026-05-12 15:00:00,Facebook,Reel,Festival Campaign,Event,7,471193,824623,617197,18391,870,6730,6332,32323,5.237063692791766,130.98602907937936
POST03975,2026-05-12 18:00:00,Instagram,Image,Educational Series,Entertainment,12,35622,43883,28942,1984,93,54,393,2524,8.720890055974017,81.24754365279884
POST03976,2026-05-12 21:00:00,Linkedin,Image,Brand Awareness,Education,8,439497,219611,154967,10515,135,814,2494,13958,9.007078926481121,35.26008141124968
POST03977,2026-05-13 00:00:00,Instagram,Reel,Seasonal Campaign,Education,0,321577,360152,259229,24453,1436,3586,2921,32396,12.49705858526631,80.61179748551669
POST03978,2026-05-13 03:00:00,Youtube,Carousel,Event Promotion,Entertainment,0,59875,36441,22411,1682,71,346,228,2327,10.383293918165187,37.429645093945716
POST03979,2026-05-13 06:00:00,Instagram,Carousel,Event Promotion,Brand,14,232139,483211,391268,26468,967,1149,1304,29888,7.638753999815982,168.54901589134096
POST03980,2026-05-13 09:00:00,Youtube,Reel,Seasonal Campaign,Entertainment,21,411525,962577,755711,57786,3412,9815,17525,88538,11.71585434114364,183.63671708887674
POST03981,2026-05-13 12:00:00,Facebook,Video,Educational Series,Education,3,156204,69064,56709,5082,234,640,713,6669,11.760038089192191,36.30444802949989
POST03982,2026-05-13 15:00:00,Facebook,Carousel,Festival Campaign,Promotional,19,114932,124076,82310,4090,130,210,650,5080,6.171789575993197,71.61626004942052
POST03983,2026-05-13 18:00:00,Instagram,Carousel,Educational Series,Brand,0,340160,453045,354341,19584,1162,3742,5395,29883,8.43340172319884,104.16892050799625
POST03984,2026-05-13 21:00:00,Instagram,Image,Seasonal Campaign,Community,11,194311,275580,231613,8451,221,695,3648,13015,5.619287345701665,119.19706038258255
POST03985,2026-05-14 00:00:00,Facebook,Reel,Special Campaign,Event,10,80891,95045,66497,5798,271,617,1645,8331,12.528384739161167,82.20568419230817
POST03986,2026-05-14 03:00:00,Linkedin,Carousel,Product Launch,Community,18,389110,470880,372537,27744,726,2110,6749,37329,10.02021275739054,95.74079309192773
POST03987,2026-05-14 06:00:00,Instagram,Image,Educational Series,Promotional,14,375487,331357,228631,9738,295,3082,3050,16165,7.070344791388744,60.88919190278226
POST03988,2026-05-14 09:00:00,Youtube,Text,Community Campaign,Community,20,59550,35552,26858,941,28,82,115,1166,4.341350807952938,45.101595298068844
POST03989,2026-05-14 12:00:00,Instagram,Video,Special Campaign,Brand,9,137295,306078,235401,14347,351,4083,939,19720,8.377194659326001,171.45635310827052
POST03990,2026-05-14 15:00:00,Linkedin,Image,Seasonal Campaign,Education,0,269092,118148,78041,3682,91,833,689,5295,6.784895119232198,29.00160539889703
POST03991,2026-05-14 18:00:00,Instagram,Reel,Special Campaign,Education,23,309340,618491,468572,44484,2375,4066,7725,58650,12.516753028349967,151.47475269929527
POST03992,2026-05-14 21:00:00,Instagram,Reel,Community Campaign,Promotional,2,232601,293603,254230,21586,552,4751,4055,30944,12.171655587460174,109.29875623922511
POST03993,2026-05-15 00:00:00,Facebook,Reel,Special Campaign,Community,13,335993,350698,235174,18720,433,2215,2885,24253,10.312789679131198,69.99372010726414
POST03994,2026-05-15 03:00:00,Instagram,Image,Special Campaign,Brand,14,242566,412536,241596,8150,122,553,4816,13641,5.646202751701187,99.60010883635793
POST03995,2026-05-15 06:00:00,Youtube,Reel,Seasonal Campaign,Event,0,329502,368236,329805,19646,868,944,2722,24180,7.331605039341429,100.0919569532203
POST03996,2026-05-15 09:00:00,Youtube,Image,Product Launch,Community,9,59513,94984,62590,2928,90,481,436,3935,6.286946796612877,105.17029892628503
POST03997,2026-05-15 12:00:00,Instagram,Reel,Community Campaign,Community,21,255010,723904,443341,17916,508,3598,3367,25389,5.72674307136042,173.8523979451786
POST03998,2026-05-15 15:00:00,Instagram,Text,Community Campaign,Event,0,261943,298766,190245,10182,266,810,4715,15973,8.396015664012195,72.62839625414689
POST03999,2026-05-15 18:00:00,Youtube,Reel,Brand Awareness,Entertainment,14,190100,206386,116360,10483,485,378,2110,13456,11.564111378480577,61.209889531825354
POST04000,2026-05-15 21:00:00,Instagram,Text,Event Promotion,Promotional,2,362625,143726,99854,4143,168,522,2230,7063,7.073327057503956,27.536435711823508
POST04001,2026-05-16 00:00:00,Youtube,Text,Community Campaign,Brand,20,496321,540909,443497,19287,410,4584,6817,31098,7.011997826366356,89.35688798176986
POST04002,2026-05-16 03:00:00,Facebook,Image,Event Promotion,Promotional,19,108915,93446,51757,3473,179,219,249,4120,7.960275904708541,47.52054354312996
POST04003,2026-05-16 06:00:00,Facebook,Carousel,Seasonal Campaign,Event,22,406934,398458,303568,22851,1082,3471,4822,32226,10.615743424866917,74.5988292941853
POST04004,2026-05-16 09:00:00,Instagram,Image,Festival Campaign,Brand,21,58877,50249,38049,2414,112,323,355,3204,8.42072064968856,64.62455627834298
POST04005,2026-05-16 12:00:00,Instagram,Carousel,Educational Series,Education,11,173897,204002,146420,11551,381,947,517,13396,9.149023357464827,84.19926738241602
POST04006,2026-05-16 15:00:00,Instagram,Reel,Brand Awareness,Education,18,86451,96067,61196,2042,118,622,1051,3833,6.263481273285835,70.78691975801321
POST04007,2026-05-16 18:00:00,Instagram,Reel,Seasonal Campaign,Brand,15,43848,88999,70075,4897,196,564,1197,6854,9.780948983232252,159.8134464513775
POST04008,2026-05-16 21:00:00,Youtube,Image,Product Launch,Promotional,7,426885,603604,334516,14602,340,2176,5720,22838,6.827177175381746,78.36208815020439
POST04009,2026-05-17 00:00:00,Facebook,Image,Festival Campaign,Promotional,23,292019,147567,125844,8403,224,419,957,10003,7.948730173866056,43.09445618264565
POST04010,2026-05-17 03:00:00,Instagram,Image,Special Campaign,Education,13,362533,601251,392559,15725,187,4687,8751,29350,7.476583137821321,108.28228050963638
POST04011,2026-05-17 06:00:00,Instagram,Reel,Brand Awareness,Education,17,350105,385230,272380,25805,1007,3404,4310,34526,12.675673691166752,77.79951728767084
POST04012,2026-05-17 09:00:00,Instagram,Image,Brand Awareness,Event,22,117976,107579,84769,3017,140,792,1393,5342,6.301832037655275,71.85274971180579
POST04013,2026-05-17 12:00:00,Facebook,Reel,Seasonal Campaign,Brand,0,446409,287598,251047,10994,281,1956,2579,15810,6.297625544220803,56.23699342979196
POST04014,2026-05-17 15:00:00,Instagram,Reel,Product Launch,Promotional,1,120091,236399,162589,15799,489,970,548,17806,10.95154038711106,135.3881639756518
POST04015,2026-05-17 18:00:00,Facebook,Reel,Product Launch,Event,23,254024,319435,281958,25546,739,1482,5158,32925,11.677271082927245,110.99659874657513
POST04016,2026-05-17 21:00:00,Instagram,Reel,Event Promotion,Promotional,11,36552,37230,26061,2733,136,349,415,3633,13.940370668815472,71.29842416283651
POST04017,2026-05-18 00:00:00,Linkedin,Reel,Educational Series,Education,16,184354,228340,126816,11537,204,2245,2799,16785,13.235711582134746,68.78939431745447
POST04018,2026-05-18 03:00:00,Linkedin,Video,Seasonal Campaign,Brand,1,187275,110075,88191,3804,222,1346,1527,6899,7.822793709108638,47.091710052062474
POST04019,2026-05-18 06:00:00,Instagram,Reel,Festival Campaign,Entertainment,16,410826,1143172,639713,23684,1298,8041,2499,35522,5.55280258490917,155.71385452722078
POST04020,2026-05-18 09:00:00,Instagram,Carousel,Educational Series,Brand,20,253901,292213,183201,10897,258,1821,2642,15618,8.525062636120982,72.15450116383944
POST04021,2026-05-18 12:00:00,Youtube,Reel,Festival Campaign,Community,6,235608,501426,418337,42677,1622,5728,7290,57317,13.701154810595288,177.55636480934433
POST04022,2026-05-18 15:00:00,Instagram,Video,Brand Awareness,Entertainment,5,116338,175533,140524,6408,343,567,556,7874,5.60331331302838,120.78942391995737
POST04023,2026-05-18 18:00:00,Facebook,Image,Community Campaign,Event,5,96105,91795,71520,5424,260,737,1717,8138,11.378635346756152,74.4186046511628
POST04024,2026-05-18 21:00:00,Facebook,Reel,Community Campaign,Entertainment,21,372946,973877,794541,64506,3435,4469,14727,87137,10.966960798750474,213.0445158280287
POST04025,2026-05-19 00:00:00,Facebook,Image,Seasonal Campaign,Entertainment,7,350884,454659,278771,16416,949,1187,2855,21407,7.679062743255216,79.44819370504213
POST04026,2026-05-19 03:00:00,Facebook,Image,Product Launch,Event,4,93301,67610,54630,1427,34,233,381,2075,3.798279333699432,58.55242709081361
POST04027,2026-05-19 06:00:00,Instagram,Image,Product Launch,Brand,14,489448,900526,626645,20689,484,2665,7914,31752,5.066983698904483,128.03096549582386
POST04028,2026-05-19 09:00:00,Instagram,Reel,Special Campaign,Event,6,438144,918272,607948,27006,1383,9851,12277,50517,8.3094277800075,138.7552950628104
POST04029,2026-05-19 12:00:00,Facebook,Text,Brand Awareness,Community,2,462126,141898,98577,4204,118,465,430,5217,5.2923095651115375,21.331195388270732
POST04030,2026-05-19 15:00:00,Instagram,Image,Brand Awareness,Education,9,34679,52397,42308,1913,65,549,1052,3579,8.459393022596199,121.99890423599295
POST04031,2026-05-19 18:00:00,Facebook,Reel,Festival Campaign,Education,2,119421,110587,84005,4271,169,1102,2024,7566,9.006606749598237,70.3435744132104
POST04032,2026-05-19 21:00:00,Instagram,Carousel,Brand Awareness,Entertainment,13,54173,56124,48512,4835,169,308,547,5859,12.077424142480211,89.55014490613405
POST04033,2026-05-20 00:00:00,Instagram,Image,Special Campaign,Event,21,327043,483213,381722,25012,938,1927,9091,36968,9.684534818532859,116.71920817751793
POST04034,2026-05-20 03:00:00,Linkedin,Video,Seasonal Campaign,Event,2,330009,311390,206089,18713,1083,3188,4126,27110,13.154510915187128,62.44950895278614
POST04035,2026-05-20 06:00:00,Instagram,Image,Festival Campaign,Event,0,58182,63964,51157,1091,55,376,898,2420,4.730535410598745,87.92581898181568
POST04036,2026-05-20 09:00:00,Linkedin,Carousel,Educational Series,Community,0,59109,41064,24422,1437,38,337,300,2112,8.647940381623128,41.31688913701805
POST04037,2026-05-20 12:00:00,Linkedin,Reel,Product Launch,Community,18,155246,189787,122063,13639,665,1994,688,16986,13.915764809975176,78.62553624570037
POST04038,2026-05-20 15:00:00,Facebook,Video,Product Launch,Brand,3,430277,473728,326733,9413,304,2004,1279,13000,3.9787839000039784,75.935502013819
POST04039,2026-05-20 18:00:00,Facebook,Carousel,Community Campaign,Promotional,1,127046,139718,98113,7654,362,827,710,9553,9.736732135394902,77.22635895659839
POST04040,2026-05-20 21:00:00,Youtube,Reel,Community Campaign,Promotional,10,242003,349229,279807,25324,392,3131,6673,35520,12.694464398674802,115.62129395090143
POST04041,2026-05-21 00:00:00,Linkedin,Reel,Special Campaign,Promotional,23,478965,596057,411208,36775,1274,6299,2783,47131,11.461596077897317,85.8534548453436
POST04042,2026-05-21 03:00:00,Instagram,Reel,Seasonal Campaign,Brand,11,251042,324113,221447,21942,1196,760,4717,28615,12.92182779626728,88.21113598521363
POST04043,2026-05-21 06:00:00,Youtube,Text,Product Launch,Event,12,85524,55149,30830,1636,65,139,482,2322,7.531625040544923,36.04836069407418
POST04044,2026-05-21 09:00:00,Facebook,Reel,Special Campaign,Promotional,15,213180,286617,220700,9309,220,2467,971,12967,5.875396465790666,103.52753541608031
POST04045,2026-05-21 12:00:00,Youtube,Image,Seasonal Campaign,Event,15,360956,209203,175958,5016,201,2159,1564,8940,5.080757908137169,48.747769811278935
POST04046,2026-05-21 15:00:00,Youtube,Reel,Educational Series,Entertainment,18,225693,540223,324586,13475,667,2266,2318,18726,5.769195220989198,143.8174865857603
POST04047,2026-05-21 18:00:00,Instagram,Image,Educational Series,Promotional,22,401086,455127,353508,17807,853,2669,5802,27131,7.674790952397117,88.13770612786284
POST04048,2026-05-21 21:00:00,Youtube,Image,Event Promotion,Entertainment,19,392716,535365,301225,12271,722,1275,4152,18420,6.115030292970371,76.70301184571039
POST04049,2026-05-22 00:00:00,Linkedin,Text,Festival Campaign,Brand,20,441697,333281,249691,9527,525,2400,4242,16694,6.685863727567273,56.52992888790279
POST04050,2026-05-22 03:00:00,Instagram,Image,Community Campaign,Education,19,71938,131849,91403,5013,216,432,1607,7268,7.951598962834917,127.0580221857711
POST04051,2026-05-22 06:00:00,Linkedin,Video,Festival Campaign,Community,8,182348,100407,65144,2026,23,928,852,3829,5.877747758811249,35.725097067146336
POST04052,2026-05-22 09:00:00,Facebook,Image,Community Campaign,Brand,15,346994,282419,226112,6469,267,2390,3874,13000,5.749363147466742,65.16308639342468
POST04053,2026-05-22 12:00:00,Facebook,Reel,Event Promotion,Brand,6,408337,673215,430713,11896,688,2977,8820,24381,5.660613912280335,105.47978752843852
POST04054,2026-05-22 15:00:00,Youtube,Reel,Product Launch,Brand,12,443817,1163027,712138,53447,3164,9951,7940,74502,10.461736348853734,160.45757598289384
POST04055,2026-05-22 18:00:00,Facebook,Image,Special Campaign,Promotional,3,70324,54493,30305,1222,44,338,299,1903,6.279491833030853,43.09339628007508
POST04056,2026-05-22 21:00:00,Instagram,Text,Seasonal Campaign,Entertainment,12,172336,191308,145308,8746,422,376,2279,11823,8.136510033859114,84.31668368767988
POST04057,2026-05-23 00:00:00,Facebook,Video,Festival Campaign,Community,7,361570,261418,151511,11173,133,804,1153,13263,8.753819854664018,41.90364244821196
POST04058,2026-05-23 03:00:00,Instagram,Reel,Community Campaign,Promotional,1,459528,399389,247016,13107,529,4247,1300,19183,7.765893707290215,53.75428700753817
POST04059,2026-05-23 06:00:00,Linkedin,Reel,Festival Campaign,Education,6,62852,75818,65281,3349,116,308,868,4641,7.109266095801228,103.86463437917648
POST04060,2026-05-23 09:00:00,Linkedin,Reel,Product Launch,Community,10,461123,330731,220186,17899,204,1237,5223,24563,11.15556847392659,47.74994957961325
POST04061,2026-05-23 12:00:00,Instagram,Text,Seasonal Campaign,Brand,16,137503,166416,147249,7950,308,1622,3316,13196,8.96169074153305,107.08784535610133
POST04062,2026-05-23 15:00:00,Instagram,Video,Brand Awareness,Event,23,172130,266966,159541,16721,401,2052,1426,20600,12.912041418820241,92.6863417184686
POST04063,2026-05-23 18:00:00,Facebook,Video,Community Campaign,Education,13,363801,230746,199213,7470,439,726,4485,13120,6.585915577798637,54.7587829610144
POST04064,2026-05-23 21:00:00,Instagram,Image,Special Campaign,Entertainment,12,385644,447226,276197,7470,113,2712,1222,11517,4.16984978113448,71.61968032693365
POST04065,2026-05-24 00:00:00,Linkedin,Image,Brand Awareness,Education,14,319496,258250,173674,11576,208,1044,3596,16424,9.456798369358683,54.358740015524454
POST04066,2026-05-24 03:00:00,Instagram,Image,Event Promotion,Promotional,21,287165,230228,199682,8634,310,420,1505,10869,5.443154615839185,69.53563282433444
POST04067,2026-05-24 06:00:00,Instagram,Reel,Seasonal Campaign,Event,20,304758,867526,672098,32738,889,5743,12727,52097,7.751399349499627,220.534981854455
POST04068,2026-05-24 09:00:00,Linkedin,Image,Educational Series,Promotional,8,341275,313224,184121,7951,328,875,2404,11558,6.2773936704667035,53.950919346568014
POST04069,2026-05-24 12:00:00,Facebook,Reel,Festival Campaign,Community,2,194022,308983,235000,24645,551,1615,1104,27915,11.878723404255318,121.1202853284679
POST04070,2026-05-24 15:00:00,Facebook,Reel,Community Campaign,Brand,12,130813,214113,134112,11207,454,834,1823,14318,10.676151276544978,102.5219206042213
POST04071,2026-05-24 18:00:00,Instagram,Video,Special Campaign,Brand,12,194492,459652,406806,29392,338,4091,7038,40859,10.043853827131361,209.1633589042223
POST04072,2026-05-24 21:00:00,Facebook,Video,Festival Campaign,Education,8,22631,26692,17288,1473,67,267,319,2126,12.297547431744563,76.39079139233795
POST04073,2026-05-25 00:00:00,Youtube,Image,Event Promotion,Brand,17,157417,147888,100199,6668,118,1284,1476,9546,9.52704118803581,63.65195626901796
POST04074,2026-05-25 03:00:00,Facebook,Image,Event Promotion,Brand,4,388544,314983,222345,5108,251,1446,3122,9927,4.46468326249747,57.22517913029155
POST04075,2026-05-25 06:00:00,Facebook,Image,Festival Campaign,Community,10,67674,50781,38179,834,48,419,338,1639,4.292935907174101,56.41605343263292
POST04076,2026-05-25 09:00:00,Youtube,Carousel,Community Campaign,Entertainment,1,412467,274522,185530,9571,147,2875,745,13338,7.18913383280332,44.98056814242109
POST04077,2026-05-25 12:00:00,Youtube,Video,Special Campaign,Entertainment,16,46844,94379,78572,8065,478,1299,1287,11129,14.164078806699587,167.73119289556826
POST04078,2026-05-25 15:00:00,Instagram,Video,Seasonal Campaign,Promotional,22,91836,196808,153546,4968,271,1035,1190,7464,4.861083974834903,167.19587090030052
POST04079,2026-05-25 18:00:00,Facebook,Carousel,Product Launch,Promotional,19,386292,594713,528980,28518,301,1788,5320,35927,6.791750160686605,136.9378604786017
POST04080,2026-05-25 21:00:00,Instagram,Reel,Seasonal Campaign,Entertainment,20,497312,1185469,837735,102544,5123,3052,10264,120983,14.441679051251292,168.452601183965
POST04081,2026-05-26 00:00:00,Facebook,Reel,Product Launch,Education,3,287506,297500,180035,11341,560,1533,3157,16591,9.215430332990808,62.61956272216928
POST04082,2026-05-26 03:00:00,Instagram,Image,Special Campaign,Entertainment,21,290241,494660,385938,13384,136,895,3973,18388,4.764495851665294,132.97156500976774
POST04083,2026-05-26 06:00:00,Facebook,Reel,Educational Series,Promotional,17,156671,155050,123603,6659,254,605,1276,8794,7.114714044157504,78.89334975841093
POST04084,2026-05-26 09:00:00,Facebook,Video,Seasonal Campaign,Event,23,242060,404468,228610,18470,890,1784,1832,22976,10.050304011198111,94.44352639841361
POST04085,2026-05-26 12:00:00,Instagram,Reel,Special Campaign,Brand,19,198445,407647,244484,13482,656,3549,3273,20960,8.573158161679292,123.19987905968908
POST04086,2026-05-26 15:00:00,Instagram,Reel,Festival Campaign,Community,7,24258,24580,18592,549,23,90,81,743,3.996342512908778,76.64275702860913
POST04087,2026-05-26 18:00:00,Instagram,Image,Festival Campaign,Event,18,111066,230432,147404,7905,134,1248,1831,11118,7.5425361591272955,132.7174832982191
POST04088,2026-05-26 21:00:00,Facebook,Text,Community Campaign,Event,11,204343,146296,120447,4708,206,1086,1032,7032,5.8382525094024755,58.943541007032294
POST04089,2026-05-27 00:00:00,Facebook,Reel,Festival Campaign,Brand,10,354320,594498,477901,46708,2185,1703,11470,62066,12.987208647816178,134.87835854594715
POST04090,2026-05-27 03:00:00,Instagram,Carousel,Community Campaign,Entertainment,15,57056,88009,75590,4570,235,197,1539,6541,8.653261013361556,132.48387549074593
POST04091,2026-05-27 06:00:00,Facebook,Image,Special Campaign,Education,4,299405,234785,172671,8657,177,316,1735,10885,6.303895848173695,57.67138157345401
POST04092,2026-05-27 09:00:00,Instagram,Reel,Festival Campaign,Event,2,401317,333806,229659,10419,524,4272,3081,18296,7.966593950160891,57.22633230089929
POST04093,2026-05-27 12:00:00,Youtube,Image,Event Promotion,Education,11,71696,40786,30898,1891,27,343,546,2807,9.084730403262348,43.09584914081678
POST04094,2026-05-27 15:00:00,Linkedin,Carousel,Brand Awareness,Community,14,188899,162598,101215,7580,241,353,471,8645,8.541224126858667,53.5815435761968
POST04095,2026-05-27 18:00:00,Instagram,Image,Special Campaign,Community,15,297285,417043,309583,16632,426,2886,3784,23728,7.66450354186115,104.13677111189598
POST04096,2026-05-27 21:00:00,Youtube,Video,Festival Campaign,Community,12,439968,563752,406682,26455,710,1376,3639,32180,7.912816402004514,92.43444977816569
POST04097,2026-05-28 00:00:00,Instagram,Reel,Brand Awareness,Promotional,6,109084,150100,135082,10047,519,869,3058,14493,10.729038658000325,123.83300942393018
POST04098,2026-05-28 03:00:00,Instagram,Reel,Product Launch,Event,14,120904,398162,344265,10887,332,5955,7177,24351,7.073330138120343,284.7424402831999
POST04099,2026-05-28 06:00:00,Instagram,Text,Educational Series,Community,2,494654,244896,207553,11689,530,2125,5016,19360,9.32773797536051,41.95922806648687
POST04100,2026-05-28 09:00:00,Instagram,Image,Seasonal Campaign,Promotional,11,113219,192514,162534,6524,346,2066,2795,11731,7.217566786026309,143.55717679894718
POST04101,2026-05-28 12:00:00,Facebook,Image,Seasonal Campaign,Community,7,72680,81912,47441,1947,99,324,410,2780,5.859910204253705,65.27380297193176
POST04102,2026-05-28 15:00:00,Youtube,Video,Special Campaign,Entertainment,11,38792,98624,68590,7688,443,901,1318,10350,15.089663216212276,176.81480717673747
POST04103,2026-05-28 18:00:00,Youtube,Reel,Product Launch,Event,17,450844,1083872,632956,71329,3736,11439,9033,95537,15.093782190231234,140.393572943191
POST04104,2026-05-28 21:00:00,Instagram,Carousel,Festival Campaign,Promotional,2,390613,448986,367216,19566,1142,4102,4486,29296,7.977865888196593,94.01018399285226
POST04105,2026-05-29 00:00:00,Instagram,Reel,Seasonal Campaign,Community,11,335244,742614,551787,35071,791,10737,9105,55704,10.095199778175274,164.59265490210115
POST04106,2026-05-29 03:00:00,Facebook,Reel,Community Campaign,Promotional,22,144118,187202,104629,9015,113,1756,1587,12471,11.919257567213679,72.59953649093104
POST04107,2026-05-29 06:00:00,Linkedin,Reel,Product Launch,Community,20,218942,286463,205644,11171,350,3186,2795,17502,8.510824531715002,93.92624530697627
POST04108,2026-05-29 09:00:00,Instagram,Video,Event Promotion,Entertainment,22,413983,552252,375262,36366,379,4341,5918,47004,12.525648746742277,90.64671737728361
POST04109,2026-05-29 12:00:00,Linkedin,Reel,Brand Awareness,Education,1,309136,192777,136628,8660,497,1210,1722,12089,8.848113124688936,44.19672894777703
POST04110,2026-05-29 15:00:00,Youtube,Carousel,Community Campaign,Community,13,410612,417302,296453,26872,747,625,6946,35190,11.870347070193251,72.19784127107829
POST04111,2026-05-29 18:00:00,Youtube,Text,Seasonal Campaign,Education,13,49570,56978,49088,791,24,431,740,1986,4.045795306388527,99.02763768408312
POST04112,2026-05-29 21:00:00,Youtube,Image,Community Campaign,Event,3,215769,271005,182649,7197,280,940,2167,10584,5.794721022288652,84.65025096283524
POST04113,2026-05-30 00:00:00,Instagram,Image,Festival Campaign,Entertainment,16,228345,418937,238929,12871,294,764,3467,17396,7.280824010480101,104.63509163765355
POST04114,2026-05-30 03:00:00,Instagram,Image,Event Promotion,Event,14,492124,498648,318732,8853,174,1729,6345,17101,5.36532259076591,64.76660353894546
POST04115,2026-05-30 06:00:00,Facebook,Reel,Brand Awareness,Education,15,139571,77057,65812,6424,369,585,1133,8511,12.932291983224944,47.15306188248275
POST04116,2026-05-30 09:00:00,Instagram,Image,Event Promotion,Entertainment,4,106126,142642,127307,6662,95,870,1465,9092,7.141791103395728,119.95835139362644
POST04117,2026-05-30 12:00:00,Linkedin,Carousel,Product Launch,Brand,23,387533,312972,251082,12506,559,1688,6238,20991,8.360216980906635,64.78983725256946
POST04118,2026-05-30 15:00:00,Youtube,Text,Festival Campaign,Entertainment,16,343724,466523,418051,8831,481,4415,2804,16531,3.954302226283396,121.62403556341717
POST04119,2026-05-30 18:00:00,Instagram,Text,Community Campaign,Entertainment,22,282888,369334,236586,16674,915,1149,5564,24302,10.271951848376489,83.63239161788411
POST04120,2026-05-30 21:00:00,Facebook,Video,Community Campaign,Brand,6,243766,279987,223644,11745,390,3048,990,16173,7.2315823362129095,91.74536235570177
POST04121,2026-05-31 00:00:00,Instagram,Video,Product Launch,Promotional,22,171630,211695,158483,13339,519,2502,2504,18864,11.902853933860415,92.33991726388162
POST04122,2026-05-31 03:00:00,Youtube,Image,Community Campaign,Promotional,14,209933,149478,118097,8705,465,936,831,10937,9.261031186228271,56.254614567504866
POST04123,2026-05-31 06:00:00,Facebook,Carousel,Educational Series,Promotional,16,314403,200753,110940,3831,62,551,1795,6239,5.623760591310618,35.28592284424767
POST04124,2026-05-31 09:00:00,Linkedin,Video,Festival Campaign,Education,11,268316,292680,188585,16489,266,955,4516,22226,11.785666940636847,70.28466435098913
POST04125,2026-05-31 12:00:00,Facebook,Image,Product Launch,Entertainment,10,434666,772581,525588,39122,464,4060,2141,45787,8.711576367801396,120.91767011912596
POST04126,2026-05-31 15:00:00,Facebook,Text,Festival Campaign,Community,18,339093,192292,154109,5396,145,1382,2183,9106,5.908804806987263,45.44741413122654
POST04127,2026-05-31 18:00:00,Facebook,Image,Brand Awareness,Brand,10,188001,109805,87735,2309,125,546,1651,4631,5.27839516726506,46.66730496114383
POST04128,2026-05-31 21:00:00,Linkedin,Carousel,Festival Campaign,Community,1,66589,58734,37748,1546,21,98,362,2027,5.369820917664512,56.68804156842722
POST04129,2026-06-01 00:00:00,Instagram,Carousel,Festival Campaign,Education,14,277935,332361,281131,12159,204,2805,6438,21606,7.685385105164497,101.1499091514203
POST04130,2026-06-01 03:00:00,Instagram,Text,Brand Awareness,Brand,4,357266,327609,220315,9915,199,1858,4834,16806,7.628168758368699,61.66693724003963
POST04131,2026-06-01 06:00:00,Instagram,Reel,Product Launch,Community,17,413502,481098,374206,27899,1129,6989,2957,38974,10.415118945179927,90.49678115220723
POST04132,2026-06-01 09:00:00,Instagram,Carousel,Festival Campaign,Education,20,481999,1164957,978592,70932,758,5765,3171,80626,8.238980085674111,203.02780711163302
POST04133,2026-06-01 12:00:00,Facebook,Image,Event Promotion,Education,20,194634,279221,187458,9251,342,1655,3695,14943,7.971385590372243,96.31307993464657
POST04134,2026-06-01 15:00:00,Facebook,Reel,Festival Campaign,Education,15,221707,353892,216401,5955,321,2608,3196,12080,5.582229287295346,97.60675125277956
POST04135,2026-06-01 18:00:00,Youtube,Video,Product Launch,Brand,3,298531,238707,173090,13504,571,2899,1694,18668,10.785140678259864,57.980578231406454
POST04136,2026-06-01 21:00:00,Instagram,Image,Special Campaign,Community,22,396509,386700,346122,21345,715,1305,5599,28964,8.368147647361335,87.2923439316636
POST04137,2026-06-02 00:00:00,Facebook,Carousel,Community Campaign,Community,9,42319,60914,52439,2150,103,380,644,3277,6.2491656972863705,123.91360854462535
POST04138,2026-06-02 03:00:00,Instagram,Reel,Seasonal Campaign,Event,21,151483,440584,294167,30064,563,2975,1379,34981,11.891544598816319,194.19142742089872
POST04139,2026-06-02 06:00:00,Facebook,Image,Brand Awareness,Education,1,302873,210659,141811,3891,142,1402,2672,8107,5.7167638617596666,46.821935266596896
POST04140,2026-06-02 09:00:00,Youtube,Carousel,Community Campaign,Promotional,14,105647,137743,121032,7888,338,610,2202,11038,9.119902174631504,114.56264730659649
POST04141,2026-06-02 12:00:00,Instagram,Image,Product Launch,Entertainment,3,394246,373208,320999,26211,1271,1858,7275,36615,11.406577590584394,81.42099095488604
POST04142,2026-06-02 15:00:00,Instagram,Reel,Educational Series,Event,15,297848,639306,408524,25015,294,4554,8008,37871,9.270201995476397,137.15855067014047
POST04143,2026-06-02 18:00:00,Instagram,Text,Seasonal Campaign,Event,6,423325,260407,217515,9035,151,1033,1013,11232,5.163781808151162,51.38250752967578
POST04144,2026-06-02 21:00:00,Facebook,Image,Community Campaign,Brand,11,480108,228692,135166,2914,39,1397,2508,6858,5.073761152952665,28.153248852341555
POST04145,2026-06-03 00:00:00,Linkedin,Carousel,Festival Campaign,Event,2,444388,180310,142533,12372,727,801,1818,15718,11.027621673577347,32.07399839779652
POST04146,2026-06-03 03:00:00,Facebook,Image,Seasonal Campaign,Community,16,224957,243889,155814,9338,274,1226,1660,12498,8.02110208325311,69.26390376827571
POST04147,2026-06-03 06:00:00,Instagram,Image,Festival Campaign,Brand,8,431200,268328,195526,12711,179,942,1927,15759,8.059797673966633,45.34461966604824
POST04148,2026-06-03 09:00:00,Youtube,Image,Brand Awareness,Brand,7,178532,165218,147693,8632,469,929,1199,11229,7.6029331112510405,82.72634597719176
POST04149,2026-06-03 12:00:00,Facebook,Image,Festival Campaign,Promotional,22,141845,108291,68278,1721,51,757,1018,3547,5.194938340314597,48.135641016602634
POST04150,2026-06-03 15:00:00,Facebook,Image,Seasonal Campaign,Education,5,150317,60609,35668,677,12,138,454,1281,3.5914545250644836,23.72852039356826
POST04151,2026-06-03 18:00:00,Instagram,Image,Event Promotion,Event,14,451690,790866,671934,25118,1420,3185,5215,34938,5.199617819607283,148.75999025880583
POST04152,2026-06-03 21:00:00,Instagram,Image,Event Promotion,Education,9,64449,41580,35407,1323,61,151,825,2360,6.665348659869517,54.93801300252913
POST04153,2026-06-04 00:00:00,Facebook,Reel,Special Campaign,Education,22,140247,128595,100725,2689,71,1617,1747,6124,6.079920575825267,71.8197180688357
POST04154,2026-06-04 03:00:00,Instagram,Image,Community Campaign,Education,5,158268,135828,98801,6034,307,731,1481,8553,8.656794971710813,62.426390679101274
POST04155,2026-06-04 06:00:00,Instagram,Reel,Product Launch,Brand,14,333678,608784,346402,36019,712,5154,4449,46334,13.375788823390163,103.8132570921667
POST04156,2026-06-04 09:00:00,Instagram,Reel,Special Campaign,Education,13,33549,45655,32597,1650,51,318,199,2218,6.804307144829279,97.16235953381621
POST04157,2026-06-04 12:00:00,Youtube,Text,Brand Awareness,Event,18,29821,46308,41043,1847,19,200,767,2833,6.902516872548303,137.6311994902921
POST04158,2026-06-04 15:00:00,Linkedin,Carousel,Educational Series,Brand,12,55564,68524,52072,3268,187,432,863,4750,9.121984943923799,93.71535526599956
POST04159,2026-06-04 18:00:00,Linkedin,Carousel,Special Campaign,Event,13,293217,300222,224717,13846,417,883,3544,18690,8.317127765144603,76.63846229925278
POST04160,2026-06-04 21:00:00,Youtube,Image,Community Campaign,Brand,2,27282,19009,14964,335,15,191,69,610,4.076450147019513,54.849351220585
POST04161,2026-06-05 00:00:00,Youtube,Text,Product Launch,Entertainment,3,256327,184395,118123,4673,53,493,2432,7651,6.477146703012961,46.08293312838679
POST04162,2026-06-05 03:00:00,Instagram,Carousel,Brand Awareness,Entertainment,13,212218,469827,261773,23400,787,3792,2340,30319,11.582172340157312,123.35098813484247
POST04163,2026-06-05 06:00:00,Youtube,Video,Seasonal Campaign,Entertainment,13,432405,853158,607417,64523,696,4782,6333,76334,12.566984460428337,140.47409257524774
POST04164,2026-06-05 09:00:00,Instagram,Image,Brand Awareness,Entertainment,7,392110,269622,169532,12470,531,1526,2408,16935,9.989264563622207,43.235826681288415
POST04165,2026-06-05 12:00:00,Facebook,Text,Seasonal Campaign,Brand,9,225855,229505,172275,4653,53,1051,2135,7892,4.581047743433464,76.27681477053862
POST04166,2026-06-05 15:00:00,Instagram,Video,Community Campaign,Education,8,30771,41167,22753,1599,23,191,253,2066,9.080121302685361,73.94299827759903
POST04167,2026-06-05 18:00:00,Instagram,Video,Product Launch,Promotional,13,343636,616533,383435,12209,466,6672,1257,20604,5.373531367767679,111.58173183252045
POST04168,2026-06-05 21:00:00,Instagram,Reel,Special Campaign,Community,7,456941,650193,418793,12684,576,7449,7607,28316,6.761335552408947,91.65143858835167
POST04169,2026-06-06 00:00:00,Instagram,Reel,Product Launch,Promotional,10,173306,210320,186466,9871,508,671,3701,14751,7.910825566054938,107.59350512965507
POST04170,2026-06-06 03:00:00,Instagram,Reel,Festival Campaign,Entertainment,9,240354,776358,486237,18688,1033,9261,4419,33401,6.869283908875714,202.30035697346415
POST04171,2026-06-06 06:00:00,Instagram,Reel,Educational Series,Education,17,54096,85081,48846,2350,98,280,249,2977,6.094664865086189,90.29503105590062
POST04172,2026-06-06 09:00:00,Linkedin,Video,Event Promotion,Event,3,32236,17742,12535,527,10,171,66,774,6.1747108097327486,38.88509740662614
POST04173,2026-06-06 12:00:00,Youtube,Reel,Festival Campaign,Education,3,71544,84772,50483,1815,35,392,1052,3294,6.524968801378682,70.56217153080621
POST04174,2026-06-06 15:00:00,Youtube,Reel,Brand Awareness,Event,11,318065,543964,329370,34760,2082,5855,7979,50676,15.385736405865744,103.55430493766997
POST04175,2026-06-06 18:00:00,Linkedin,Reel,Educational Series,Promotional,17,306720,191264,111998,8493,98,1251,977,10819,9.659993928463008,36.51473656755347
POST04176,2026-06-06 21:00:00,Linkedin,Reel,Educational Series,Education,7,151238,118458,80864,4738,244,811,1832,7625,9.429412346656115,53.46804374561949
POST04177,2026-06-07 00:00:00,Youtube,Reel,Product Launch,Education,2,165724,232153,200798,12303,469,1409,731,14912,7.42636878853375,121.16410417320364
POST04178,2026-06-07 03:00:00,Facebook,Video,Educational Series,Community,17,432854,338436,198925,14293,372,1447,3794,19906,10.006786477315572,45.956604305377795
POST04179,2026-06-07 06:00:00,Instagram,Image,Community Campaign,Promotional,6,35233,31398,19483,1084,26,254,140,1504,7.719550377251963,55.29759032725002
POST04180,2026-06-07 09:00:00,Instagram,Reel,Educational Series,Education,0,284029,186554,165231,8179,160,1498,868,10705,6.478808456040332,58.17398927574297
POST04181,2026-06-07 12:00:00,Youtube,Image,Brand Awareness,Event,21,73520,87740,76572,1967,76,980,1795,4818,6.292117223005798,104.15125136017411
POST04182,2026-06-07 15:00:00,Facebook,Image,Community Campaign,Education,12,246972,233582,158806,3962,192,1361,657,6172,3.886503028852814,64.30121633221579
POST04183,2026-06-07 18:00:00,Facebook,Reel,Community Campaign,Event,2,231316,144539,121715,3514,186,1583,2251,7534,6.18986977775952,52.6184959103564
POST04184,2026-06-07 21:00:00,Instagram,Carousel,Festival Campaign,Entertainment,2,119203,173295,117943,11461,669,771,1771,14672,12.439907412902842,98.94297962299606
POST04185,2026-06-08 00:00:00,Instagram,Carousel,Educational Series,Education,14,448232,494219,353340,14186,667,5069,5296,25218,7.137035150280184,78.82971318424387
POST04186,2026-06-08 03:00:00,Facebook,Carousel,Product Launch,Event,20,129759,228842,131931,5217,179,471,2458,8325,6.310116651886213,101.67387233255496
POST04187,2026-06-08 06:00:00,Instagram,Carousel,Seasonal Campaign,Promotional,18,220020,307395,264417,10007,391,3491,3884,17773,6.72157992867327,120.17862012544313
POST04188,2026-06-08 09:00:00,Youtube,Reel,Festival Campaign,Entertainment,3,478026,755965,461156,28602,349,5281,5901,40133,8.70269496656229,96.47090325630823
POST04189,2026-06-08 12:00:00,Facebook,Text,Product Launch,Education,12,162841,150595,106050,5393,300,866,2299,8858,8.352663837812353,65.12487641318833
POST04190,2026-06-08 15:00:00,Facebook,Video,Educational Series,Community,12,494699,704803,493182,31815,1339,5390,4280,42824,8.683204172090628,99.69334888487748
POST04191,2026-06-08 18:00:00,Facebook,Text,Festival Campaign,Event,14,456363,528983,407694,19921,748,3025,3120,26814,6.576991567204815,89.33546321678138
POST04192,2026-06-08 21:00:00,Linkedin,Reel,Educational Series,Community,18,157521,128350,75876,7534,195,291,456,8476,11.170857715219569,48.16881558649323
POST04193,2026-06-09 00:00:00,Youtube,Text,Brand Awareness,Education,15,455395,470670,304427,8573,303,2484,3158,14518,4.768959389278875,66.84899922045696
POST04194,2026-06-09 03:00:00,Facebook,Video,Festival Campaign,Event,6,252508,417172,233539,20940,807,1154,4976,27877,11.936764309173201,92.48776276395203
POST04195,2026-06-09 06:00:00,Facebook,Video,Product Launch,Education,2,126459,124048,87901,5540,110,442,1535,7627,8.676806862265503,69.50948528772172
POST04196,2026-06-09 09:00:00,Instagram,Reel,Brand Awareness,Entertainment,19,290280,906631,720869,67076,1407,2051,4050,74584,10.346401357250762,248.33574479812594
POST04197,2026-06-09 12:00:00,Instagram,Carousel,Event Promotion,Entertainment,1,249735,274894,207341,13903,244,1730,629,16506,7.960798877211936,83.02440587022244
POST04198,2026-06-09 15:00:00,Instagram,Text,Product Launch,Education,17,354130,174713,107720,3133,160,716,2309,6318,5.865206089862607,30.418208002710866
POST04199,2026-06-09 18:00:00,Youtube,Carousel,Seasonal Campaign,Education,10,325143,486963,387273,17403,679,4544,7460,30086,7.768679975107999,119.1085153301778
POST04200,2026-06-09 21:00:00,Facebook,Image,Special Campaign,Brand,0,109567,107599,72083,4733,164,712,235,5844,8.107320727494693,65.78896930645176
POST04201,2026-06-10 00:00:00,Facebook,Text,Educational Series,Education,15,313196,113650,95967,4130,222,902,608,5862,6.108349745224921,30.641195928428207
POST04202,2026-06-10 03:00:00,Instagram,Image,Product Launch,Education,16,474497,601425,398005,8056,159,3202,5253,16670,4.188389593095565,83.87935013287755
POST04203,2026-06-10 06:00:00,Instagram,Image,Event Promotion,Community,15,424562,643916,521835,35431,730,2551,8243,46955,8.998054940737973,122.91137690137131
POST04204,2026-06-10 09:00:00,Linkedin,Image,Product Launch,Community,9,208749,281899,191435,11539,286,1831,1660,15316,8.00062684462089,91.70582853091513
POST04205,2026-06-10 12:00:00,Instagram,Text,Brand Awareness,Entertainment,16,296996,224168,189770,10529,301,1676,4587,17093,9.007219265426569,63.89648345432262
POST04206,2026-06-10 15:00:00,Youtube,Reel,Community Campaign,Community,2,397562,304005,178680,15840,413,2473,1189,19915,11.14562346093575,44.943933273300765
POST04207,2026-06-10 18:00:00,Youtube,Image,Special Campaign,Education,17,354747,251507,146556,6063,92,1501,3584,11240,7.669423292120419,41.31282294142022
POST04208,2026-06-10 21:00:00,Youtube,Carousel,Product Launch,Promotional,18,444701,836966,745677,41879,2231,9244,16688,70042,9.39307501773556,167.6805314132417
POST04209,2026-06-11 00:00:00,Instagram,Video,Festival Campaign,Education,13,226297,545487,310431,13941,463,3112,6640,24156,7.781439353672797,137.17857505844088
POST04210,2026-06-11 03:00:00,Instagram,Image,Seasonal Campaign,Brand,20,496553,752378,616590,19835,1078,2978,8920,32811,5.321364277721014,124.17405594166182
POST04211,2026-06-11 06:00:00,Instagram,Text,Event Promotion,Event,1,388215,450125,391809,7713,118,799,9572,18202,4.6456309068959625,100.92577566554614
POST04212,2026-06-11 09:00:00,Youtube,Text,Product Launch,Entertainment,11,44272,68801,49873,2960,135,232,661,3988,7.996310628997653,112.65133718829057
POST04213,2026-06-11 12:00:00,Youtube,Reel,Event Promotion,Community,10,416979,801419,592999,22406,898,8132,3021,34457,5.8106337447449325,142.21315701749967
POST04214,2026-06-11 15:00:00,Instagram,Image,Community Campaign,Promotional,16,79087,44222,35152,1331,58,82,581,2052,5.8375056895766955,44.44725428957983
POST04215,2026-06-11 18:00:00,Facebook,Reel,Brand Awareness,Event,5,336992,270983,209810,21725,679,2599,2698,27701,13.202897859968543,62.2596382109961
POST04216,2026-06-11 21:00:00,Facebook,Reel,Festival Campaign,Promotional,18,50075,47324,31405,2375,61,232,647,3315,10.55564400573157,62.715926110833756
POST04217,2026-06-12 00:00:00,Instagram,Image,Educational Series,Entertainment,12,310836,339846,215366,16936,748,1438,1489,20611,9.570219997585506,69.28605438237527
POST04218,2026-06-12 03:00:00,Youtube,Text,Product Launch,Community,6,112085,60651,41338,1356,36,87,1024,2503,6.054961536600707,36.880938573404116
POST04219,2026-06-12 06:00:00,Facebook,Video,Brand Awareness,Brand,21,348558,301672,187697,11744,348,526,2620,15238,8.118403597287118,53.849574532789376
POST04220,2026-06-12 09:00:00,Instagram,Reel,Special Campaign,Entertainment,10,179920,353840,200132,21791,1241,1524,769,25325,12.654148262146983,111.2338817252112
POST04221,2026-06-12 12:00:00,Instagram,Reel,Event Promotion,Promotional,6,402314,662110,517114,52872,878,2821,12776,69347,13.410389198513286,128.53492545623567
POST04222,2026-06-12 15:00:00,Facebook,Image,Community Campaign,Promotional,12,247349,171080,102647,4734,247,837,1122,6940,6.761035393143492,41.49885384618494
POST04223,2026-06-12 18:00:00,Linkedin,Image,Seasonal Campaign,Entertainment,12,39268,48776,43278,2060,81,125,496,2762,6.381995471140072,110.21187735560763
POST04224,2026-06-12 21:00:00,Facebook,Reel,Event Promotion,Education,20,408031,652752,492347,26682,992,7165,3657,38496,7.818875711642398,120.66411620685685
POST04225,2026-06-13 00:00:00,Youtube,Video,Seasonal Campaign,Entertainment,0,358467,548123,477401,23902,426,5383,3661,33372,6.990349831692853,133.1785073660895
POST04226,2026-06-13 03:00:00,Facebook,Text,Community Campaign,Community,18,136985,155113,120496,4510,114,259,1652,6535,5.42341654494755,87.96291564769867
POST04227,2026-06-13 06:00:00,Instagram,Image,Seasonal Campaign,Community,18,192692,357381,277457,18508,624,3367,5950,28449,10.253480719534918,143.98989060261974
POST04228,2026-06-13 09:00:00,Facebook,Video,Community Campaign,Brand,22,96872,141996,120167,9831,378,1060,620,11889,9.893731224046535,124.04719630027252
POST04229,2026-06-13 12:00:00,Youtube,Image,Brand Awareness,Entertainment,14,375418,355101,282644,13021,747,716,2522,17006,6.016756060627503,75.28781251831292
POST04230,2026-06-13 15:00:00,Instagram,Carousel,Product Launch,Event,13,492239,680960,575834,27743,716,4717,2122,35298,6.12989160070437,116.98260397896144
POST04231,2026-06-13 18:00:00,Facebook,Image,Educational Series,Community,2,322283,119360,71526,1907,26,756,565,3254,4.549394625730504,22.193537977491832
POST04232,2026-06-13 21:00:00,Youtube,Reel,Product Launch,Community,20,466353,1133163,699645,29622,1494,4710,16080,51906,7.418905301974572,150.0247666467247
POST04233,2026-06-14 00:00:00,Instagram,Text,Special Campaign,Community,19,316181,369754,248901,12689,739,1245,4257,18930,7.60543348560271,78.72104901939079
POST04234,2026-06-14 03:00:00,Linkedin,Image,Special Campaign,Education,3,98434,56341,45244,876,30,566,452,1924,4.252497568738396,45.96379299835422
POST04235,2026-06-14 06:00:00,Instagram,Carousel,Festival Campaign,Event,6,168750,162145,108910,6581,254,345,1246,8426,7.736663299972454,64.53925925925927
POST04236,2026-06-14 09:00:00,Instagram,Image,Product Launch,Entertainment,0,456267,611517,431245,22934,837,2502,6432,32705,7.583856044707765,94.51593036533433
POST04237,2026-06-14 12:00:00,Instagram,Reel,Community Campaign,Education,22,38141,59773,40239,2362,124,298,346,3130,7.7785233231442135,105.50064235337302
POST04238,2026-06-14 15:00:00,Facebook,Reel,Community Campaign,Community,23,488908,446484,263925,11061,462,4296,1440,17259,6.539357772094345,53.98254886399896
POST04239,2026-06-14 18:00:00,Instagram,Image,Festival Campaign,Event,18,306304,363598,207632,6640,205,2376,1154,10375,4.9968212992217005,67.78625156707062
POST04240,2026-06-14 21:00:00,Instagram,Carousel,Event Promotion,Event,2,426051,679258,412616,29522,714,4229,1354,35819,8.680952750256896,96.84662164858197
POST04241,2026-06-15 00:00:00,Facebook,Reel,Community Campaign,Education,19,29383,52404,37343,2310,99,247,320,2976,7.969365075114479,127.09049450362456
POST04242,2026-06-15 03:00:00,Instagram,Carousel,Festival Campaign,Community,14,124882,153431,102721,5964,250,1567,1912,9693,9.436239911994626,82.25444819909995
POST04243,2026-06-15 06:00:00,Facebook,Carousel,Community Campaign,Education,12,175636,246546,197412,13823,334,1970,2559,18686,9.465483354608637,112.39836935480199
POST04244,2026-06-15 09:00:00,Youtube,Carousel,Educational Series,Promotional,21,389693,305646,259879,6631,272,3398,2536,12837,4.93960650918312,66.68813655877833
POST04245,2026-06-15 12:00:00,Youtube,Image,Community Campaign,Community,13,235833,261329,165380,7031,373,648,3398,11450,6.92344902648446,70.12589417087516
POST04246,2026-06-15 15:00:00,Linkedin,Text,Brand Awareness,Education,6,451700,134425,77420,2638,103,623,1537,4901,6.3304055799535,17.139694487491695
POST04247,2026-06-15 18:00:00,Instagram,Image,Festival Campaign,Entertainment,0,71556,113915,95114,7396,308,836,754,9294,9.771432176125492,132.92246632008496
POST04248,2026-06-15 21:00:00,Instagram,Image,Seasonal Campaign,Community,12,498698,366852,324253,13547,655,1766,6728,22696,6.999472634023432,65.01991185045858
POST04249,2026-06-16 00:00:00,Youtube,Reel,Special Campaign,Brand,3,441496,345368,295796,23255,1176,5402,6039,35872,12.127276907057567,66.9985685034519
POST04250,2026-06-16 03:00:00,Linkedin,Reel,Product Launch,Community,11,193854,380818,288522,13666,415,4633,1326,20040,6.945744172021544,148.8346900244514
POST04251,2026-06-16 06:00:00,Instagram,Reel,Festival Campaign,Promotional,6,463639,850598,631539,57457,2853,4600,6576,71486,11.319332614454531,136.21351957018283
POST04252,2026-06-16 09:00:00,Instagram,Carousel,Event Promotion,Education,1,177367,226857,172773,7239,293,1524,988,10044,5.813408345053914,97.40989022760716
POST04253,2026-06-16 12:00:00,Instagram,Reel,Community Campaign,Brand,16,339740,258638,146952,10243,137,1154,2777,14311,9.738554085687843,43.254253252487196
POST04254,2026-06-16 15:00:00,Youtube,Reel,Festival Campaign,Promotional,0,118236,140732,86156,3007,102,501,566,4176,4.847021681600817,72.86782367468453
POST04255,2026-06-16 18:00:00,Instagram,Video,Educational Series,Entertainment,13,395568,1041075,671005,59677,3167,8863,10750,82457,12.288582052294693,169.63075880758808
POST04256,2026-06-16 21:00:00,Facebook,Reel,Festival Campaign,Community,21,252144,474774,322148,26314,470,852,5235,32871,10.203695195996872,127.7635002220953
POST04257,2026-06-17 00:00:00,Linkedin,Reel,Educational Series,Brand,20,380289,608532,537522,32662,914,10310,1615,45501,8.464955852969739,141.34566080007573
POST04258,2026-06-17 03:00:00,Youtube,Reel,Special Campaign,Education,0,265117,442778,307653,20120,683,2109,1942,24854,8.078582038855464,116.04423707268867
POST04259,2026-06-17 06:00:00,Instagram,Video,Special Campaign,Education,2,357431,486732,275353,9534,414,1601,2335,13884,5.042254851045748,77.03668680108888
POST04260,2026-06-17 09:00:00,Youtube,Reel,Community Campaign,Entertainment,10,470169,722160,555982,23644,1019,10242,9379,44284,7.96500606134731,118.25152232495124
POST04261,2026-06-17 12:00:00,Instagram,Image,Product Launch,Promotional,6,487680,482956,329564,8786,261,1959,5618,16624,5.044240268961415,67.57791994750656
POST04262,2026-06-17 15:00:00,Linkedin,Image,Community Campaign,Brand,8,353822,137528,94350,3543,168,637,1125,5473,5.800741918388977,26.66595067576352
POST04263,2026-06-17 18:00:00,Youtube,Carousel,Event Promotion,Entertainment,21,328099,556907,340740,20763,692,4999,1207,27661,8.11791982156483,103.8528005266703
POST04264,2026-06-17 21:00:00,Instagram,Carousel,Brand Awareness,Promotional,2,333224,467986,297618,19648,1157,1853,7129,29787,10.00846722980465,89.31469522003216
POST04265,2026-06-18 00:00:00,Facebook,Video,Product Launch,Event,0,363937,380584,317342,13321,686,4863,4404,23274,7.334043397974425,87.19695991339161
POST04266,2026-06-18 03:00:00,Youtube,Reel,Product Launch,Event,18,216002,690357,594005,25156,801,6799,6348,39104,6.583109569784766,274.99976852066186
POST04267,2026-06-18 06:00:00,Facebook,Reel,Special Campaign,Promotional,1,435866,592433,374009,10986,331,6091,1467,18875,5.046669999919788,85.80825299518659
POST04268,2026-06-18 09:00:00,Instagram,Reel,Brand Awareness,Education,20,385861,1018471,778736,62919,3219,14779,11490,92407,11.866280742125701,201.81775302505307
POST04269,2026-06-18 12:00:00,Facebook,Reel,Festival Campaign,Education,23,436428,726841,505234,20622,594,4773,11847,37836,7.488807166580239,115.7657162235237
POST04270,2026-06-18 15:00:00,Linkedin,Reel,Community Campaign,Event,4,349870,380280,266280,7923,280,4460,1785,14448,5.425867507886435,76.10826878554892
POST04271,2026-06-18 18:00:00,Facebook,Reel,Festival Campaign,Education,16,217610,343268,213298,16845,740,3018,3427,24030,11.265928419394463,98.01847341574376
POST04272,2026-06-18 21:00:00,Linkedin,Image,Festival Campaign,Education,18,62882,74079,66064,2178,60,238,1050,3526,5.337248728505691,105.06027161985942
POST04273,2026-06-19 00:00:00,Instagram,Carousel,Community Campaign,Promotional,4,43038,53959,39296,2650,139,449,776,4014,10.214780130293159,91.30535805567173
POST04274,2026-06-19 03:00:00,Youtube,Image,Event Promotion,Community,22,355774,457766,347123,23030,421,815,3042,27308,7.866952060220729,97.56840016414915
POST04275,2026-06-19 06:00:00,Facebook,Carousel,Product Launch,Promotional,20,304595,531418,346616,26635,310,4707,4057,35709,10.302178779975534,113.79569592409592
POST04276,2026-06-19 09:00:00,Youtube,Reel,Educational Series,Education,13,220360,270105,242667,6853,280,2523,1436,11092,4.570872842207634,110.12298057723724
POST04277,2026-06-19 12:00:00,Youtube,Reel,Brand Awareness,Promotional,9,75352,107626,96429,6904,237,518,356,8015,8.31181491045225,127.97138762076654
POST04278,2026-06-19 15:00:00,Instagram,Image,Product Launch,Brand,20,40521,50040,43953,1705,75,97,212,2089,4.752804131686119,108.46968238691048
POST04279,2026-06-19 18:00:00,Instagram,Reel,Festival Campaign,Event,6,346452,398887,318951,25157,983,3815,1329,31284,9.808403171647056,92.06210384122477
POST04280,2026-06-19 21:00:00,Instagram,Reel,Brand Awareness,Community,7,466070,677342,489064,42376,1081,9419,2525,55401,11.327965256081002,104.93359366618749
POST04281,2026-06-20 00:00:00,Instagram,Image,Educational Series,Brand,7,244376,315907,179612,3332,198,2343,4301,10174,5.664432220564327,73.4982158640783
POST04282,2026-06-20 03:00:00,Facebook,Text,Product Launch,Brand,6,140631,118026,85361,3203,186,796,1723,5908,6.921193519288668,60.69856575008355
POST04283,2026-06-20 06:00:00,Instagram,Carousel,Product Launch,Education,12,319350,275537,228229,11233,138,2617,2340,16328,7.15421791271048,71.46672929387819
POST04284,2026-06-20 09:00:00,Instagram,Reel,Event Promotion,Education,13,352107,812844,599156,31040,1353,1632,13508,47533,7.933326212205169,170.1630470283181
POST04285,2026-06-20 12:00:00,Youtube,Video,Product Launch,Brand,18,146407,399457,350471,29204,473,4022,1937,35636,10.16803102111159,239.38131373499903
POST04286,2026-06-20 15:00:00,Youtube,Carousel,Product Launch,Brand,10,418772,794769,612051,24075,1416,8569,12374,46434,7.586622683403833,146.1537543102213
POST04287,2026-06-20 18:00:00,Linkedin,Carousel,Educational Series,Entertainment,1,388980,342931,270190,11114,173,2448,3697,17432,6.451756171582961,69.46115481515758
POST04288,2026-06-20 21:00:00,Youtube,Video,Educational Series,Entertainment,16,300916,264947,220899,7353,123,3599,3898,14973,6.778210856545298,73.40885828603331
POST04289,2026-06-21 00:00:00,Instagram,Image,Brand Awareness,Event,5,179135,135507,100148,5355,170,1105,1743,8373,8.360626273115788,55.90643927763976
POST04290,2026-06-21 03:00:00,Facebook,Reel,Festival Campaign,Brand,8,387440,499800,312872,10978,217,2073,4906,18174,5.808765245851339,80.75366508362585
POST04291,2026-06-21 06:00:00,Youtube,Image,Educational Series,Promotional,18,42709,29194,22468,1077,25,195,123,1420,6.320099697347338,52.60717881476972
POST04292,2026-06-21 09:00:00,Instagram,Image,Brand Awareness,Community,4,201924,107093,69651,4705,228,753,1057,6743,9.681124463396076,34.49367088607595
POST04293,2026-06-21 12:00:00,Youtube,Image,Product Launch,Entertainment,8,494071,909191,780029,47456,708,9092,14826,72082,9.240938477928385,157.87791633186322
POST04294,2026-06-21 15:00:00,Linkedin,Image,Special Campaign,Education,6,418599,347110,303263,14324,661,2177,4723,21885,7.216508443166493,72.44713914748961
POST04295,2026-06-21 18:00:00,Instagram,Text,Brand Awareness,Brand,3,283377,148257,97528,2156,120,402,355,3033,3.1098761381346893,34.416342893036486
POST04296,2026-06-21 21:00:00,Instagram,Text,Special Campaign,Promotional,17,309290,243753,136212,5200,201,848,570,6819,5.00616685754559,44.040221151669954
POST04297,2026-06-22 00:00:00,Instagram,Video,Brand Awareness,Community,17,149205,184703,107929,5391,102,1676,959,8128,7.53087678010544,72.33604771958045
POST04298,2026-06-22 03:00:00,Instagram,Video,Brand Awareness,Promotional,19,148443,154886,113922,5181,102,1134,718,7135,6.263057179473675,76.74460904185445
POST04299,2026-06-22 06:00:00,Youtube,Text,Special Campaign,Promotional,16,333594,360956,213139,8016,185,1210,2929,12340,5.789649008393583,63.891736661930366
POST04300,2026-06-22 09:00:00,Youtube,Reel,Community Campaign,Education,3,175785,127283,72063,6426,229,1139,258,8052,11.17355647142084,40.99496544073726
POST04301,2026-06-22 12:00:00,Instagram,Reel,Brand Awareness,Entertainment,21,194830,571206,511000,20530,1220,7167,3821,32738,6.406653620352251,262.2799363547708
POST04302,2026-06-22 15:00:00,Linkedin,Image,Special Campaign,Promotional,15,362469,371754,302459,6740,375,1649,5222,13986,4.6240978116042175,83.44410142660476
POST04303,2026-06-22 18:00:00,Facebook,Video,Educational Series,Community,21,219538,332329,239288,10692,447,717,4248,16104,6.72996556450804,108.99616467308621
POST04304,2026-06-22 21:00:00,Youtube,Image,Seasonal Campaign,Entertainment,22,490864,719776,645671,19766,758,4454,7898,32876,5.0917572571789655,131.53765605137065
POST04305,2026-06-23 00:00:00,Facebook,Carousel,Seasonal Campaign,Event,4,294518,166602,93216,4258,234,530,783,5805,6.227471678681772,31.650357533325636
POST04306,2026-06-23 03:00:00,Instagram,Reel,Seasonal Campaign,Education,8,70985,110018,84226,4868,103,507,845,6323,7.5071830551136225,118.65323659928153
POST04307,2026-06-23 06:00:00,Youtube,Reel,Seasonal Campaign,Entertainment,1,313156,512230,449007,24944,820,6310,7478,39552,8.80877135545771,143.3812540714532
POST04308,2026-06-23 09:00:00,Facebook,Carousel,Community Campaign,Entertainment,1,104059,107939,61780,4996,160,438,734,6328,10.242797021689867,59.370165002546635
POST04309,2026-06-23 12:00:00,Facebook,Reel,Festival Campaign,Promotional,3,306927,200750,173752,14152,526,3240,2813,20731,11.931373451816382,56.61020372922552
POST04310,2026-06-23 15:00:00,Facebook,Image,Special Campaign,Community,19,428779,425677,339230,7212,245,2592,2881,12930,3.8115732688736257,79.11534846622618
POST04311,2026-06-23 18:00:00,Instagram,Reel,Brand Awareness,Promotional,19,325337,527596,409685,16616,896,4648,5411,27571,6.729804605977763,125.92634714157936
POST04312,2026-06-23 21:00:00,Linkedin,Reel,Event Promotion,Community,16,281204,335367,291110,30093,1631,4205,3730,39659,13.623372608292398,103.52270949204137
POST04313,2026-06-24 00:00:00,Instagram,Carousel,Seasonal Campaign,Education,19,292186,573495,349627,19032,245,2698,5347,27322,7.814613859913565,119.65905279513736
POST04314,2026-06-24 03:00:00,Linkedin,Image,Product Launch,Entertainment,20,79031,105268,87338,3599,154,531,397,4681,5.359637271290847,110.51106527818197
POST04315,2026-06-24 06:00:00,Linkedin,Image,Seasonal Campaign,Brand,18,63163,73957,58836,2825,141,425,1013,4404,7.485213134815419,93.14947041780789
POST04316,2026-06-24 09:00:00,Instagram,Reel,Seasonal Campaign,Community,2,370500,302847,258091,13496,310,850,6421,21077,8.16649941299774,69.66018893387314
POST04317,2026-06-24 12:00:00,Facebook,Video,Product Launch,Community,4,378932,548206,376408,18169,821,2552,3203,24745,6.573983549765148,99.33391743109581
POST04318,2026-06-24 15:00:00,Instagram,Image,Community Campaign,Promotional,9,415424,528140,473792,18147,1007,4635,10877,34666,7.316712819127382,114.05022338622707
POST04319,2026-06-24 18:00:00,Youtube,Carousel,Product Launch,Promotional,5,256929,150731,90748,2536,104,1059,824,4523,4.9841318816943625,35.3202635747619
POST04320,2026-06-24 21:00:00,Youtube,Carousel,Product Launch,Event,2,33796,44177,25866,1782,25,360,521,2688,10.392020412897239,76.53568469641378
POST04321,2026-06-25 00:00:00,Youtube,Reel,Community Campaign,Community,16,110962,164753,141270,13576,518,402,3344,17840,12.628300417639979,127.31385519366991
POST04322,2026-06-25 03:00:00,Linkedin,Video,Product Launch,Education,9,435886,353949,271236,18995,1010,2681,1752,24438,9.009865946998186,62.226361938672035
POST04323,2026-06-25 06:00:00,Facebook,Carousel,Brand Awareness,Entertainment,23,306464,395483,272746,21430,1149,1392,5742,29713,10.894018610722064,88.99772893390414
POST04324,2026-06-25 09:00:00,Youtube,Image,Seasonal Campaign,Entertainment,11,302218,572552,340459,10908,619,2945,5057,19529,5.736079821652534,112.65344883494697
POST04325,2026-06-25 12:00:00,Facebook,Reel,Festival Campaign,Entertainment,0,47931,47749,28628,2836,64,233,326,3459,12.082576498532905,59.727524983830925
POST04326,2026-06-25 15:00:00,Linkedin,Text,Community Campaign,Community,17,301137,183281,108901,2268,93,462,2166,4989,4.581225149447663,36.16327452289158
POST04327,2026-06-25 18:00:00,Instagram,Video,Event Promotion,Promotional,18,75330,94443,75905,6866,386,678,1669,9599,12.646070746327645,100.76330811097836
POST04328,2026-06-25 21:00:00,Linkedin,Reel,Community Campaign,Education,21,446207,794216,449295,29604,1547,7094,2272,40517,9.01790583024516,100.69205548097632
POST04329,2026-06-26 00:00:00,Instagram,Reel,Educational Series,Entertainment,19,297147,519227,293618,20974,213,3336,5609,30132,10.262313618374895,98.81237232750121
POST04330,2026-06-26 03:00:00,Facebook,Video,Event Promotion,Community,3,198568,132757,88782,4100,233,707,1838,6878,7.747065846680634,44.711131702993434
POST04331,2026-06-26 06:00:00,Instagram,Carousel,Educational Series,Brand,14,34743,43944,35405,1732,31,80,152,1995,5.634797345007767,101.9054197967936
POST04332,2026-06-26 09:00:00,Instagram,Video,Special Campaign,Event,8,466142,404351,268114,8115,261,789,5165,14330,5.344741415964851,57.51766629052949
POST04333,2026-06-26 12:00:00,Youtube,Image,Special Campaign,Event,5,144291,99367,87219,5674,232,924,1256,8086,9.270915740836285,60.446597500883634
POST04334,2026-06-26 15:00:00,Facebook,Carousel,Community Campaign,Entertainment,11,361687,251801,164331,10116,175,1231,2118,13640,8.30032069420864,45.434588470141314
POST04335,2026-06-26 18:00:00,Instagram,Image,Educational Series,Promotional,17,44300,26945,19826,1004,32,40,335,1411,7.116917179461312,44.753950338600454
POST04336,2026-06-26 21:00:00,Instagram,Reel,Event Promotion,Event,22,130888,136117,76844,2361,29,1471,1606,5467,7.11441361719848,58.7097365686694
POST04337,2026-06-27 00:00:00,Youtube,Carousel,Brand Awareness,Event,14,126818,238816,192443,7466,431,764,3816,12477,6.483478224721086,151.74738601775772
POST04338,2026-06-27 03:00:00,Linkedin,Text,Community Campaign,Event,18,232783,276906,169858,8641,243,1853,2403,13140,7.7358734943305585,72.96838686673856
POST04339,2026-06-27 06:00:00,Instagram,Reel,Community Campaign,Event,8,91509,144611,80323,5578,188,1116,1948,8830,10.99311529698841,87.77606574216745
POST04340,2026-06-27 09:00:00,Instagram,Image,Product Launch,Entertainment,21,29703,62660,38960,1750,57,252,214,2273,5.834188911704312,131.16520216813117
POST04341,2026-06-27 12:00:00,Youtube,Carousel,Community Campaign,Community,23,235078,331393,225165,13763,278,785,5415,20241,8.989407767637065,95.78310177898399
POST04342,2026-06-27 15:00:00,Instagram,Image,Seasonal Campaign,Education,12,216086,230489,153720,7697,342,1818,1067,10924,7.106427270361697,71.13834306711216
POST04343,2026-06-27 18:00:00,Facebook,Video,Special Campaign,Education,15,239888,215893,152043,9317,390,2326,1505,13538,8.904060035647811,63.380827719602486
POST04344,2026-06-27 21:00:00,Facebook,Video,Seasonal Campaign,Promotional,12,371547,577726,330476,25009,1133,5527,2054,33723,10.20437187571866,88.94594761900917
POST04345,2026-06-28 00:00:00,Youtube,Reel,Community Campaign,Community,0,453647,483711,351611,12884,628,2744,6430,22686,6.45201657513559,77.50762156478496
POST04346,2026-06-28 03:00:00,Instagram,Text,Special Campaign,Brand,17,76436,74959,54705,1958,110,284,713,3065,5.602778539438808,71.5696792087498
POST04347,2026-06-28 06:00:00,Facebook,Video,Special Campaign,Education,21,303989,425552,365255,9350,205,1158,2411,13124,3.5931061860891704,120.15401873094092
POST04348,2026-06-28 09:00:00,Youtube,Video,Brand Awareness,Brand,2,101777,103223,89149,4190,169,1501,1544,7404,8.305196917520107,87.59248160193364
POST04349,2026-06-28 12:00:00,Facebook,Carousel,Product Launch,Education,16,55055,70960,47674,2478,98,597,217,3390,7.110794143558334,86.5934065934066
POST04350,2026-06-28 15:00:00,Facebook,Video,Festival Campaign,Education,21,422094,719585,491753,23068,1348,3581,11246,39243,7.9802258450888965,116.5031959705658
POST04351,2026-06-28 18:00:00,Facebook,Reel,Educational Series,Promotional,4,30209,38623,34720,1435,57,594,701,2787,8.027073732718893,114.9326359694131
POST04352,2026-06-28 21:00:00,Youtube,Reel,Event Promotion,Event,5,78812,132035,93545,9518,383,357,2248,12506,13.36896680741889,118.6938537278587
POST04353,2026-06-29 00:00:00,Youtube,Video,Festival Campaign,Promotional,20,114035,140854,105797,10152,557,1545,843,13097,12.379368035010446,92.77590213530932
POST04354,2026-06-29 03:00:00,Linkedin,Reel,Product Launch,Education,16,385283,509155,351854,20707,738,5885,5486,32816,9.326595690257891,91.32352063288543
POST04355,2026-06-29 06:00:00,Youtube,Reel,Seasonal Campaign,Community,16,274948,481109,394215,42312,2292,6362,5398,56364,14.297781667364257,143.37802057116255
POST04356,2026-06-29 09:00:00,Facebook,Video,Seasonal Campaign,Event,0,382982,422358,294836,19427,1108,3964,4858,29357,9.957060874520073,76.98429691212641
POST04357,2026-06-29 12:00:00,Instagram,Video,Seasonal Campaign,Community,6,162076,240284,173726,14043,386,2112,1097,17638,10.152769303385792,107.18798588316591
POST04358,2026-06-29 15:00:00,Facebook,Reel,Brand Awareness,Community,21,271290,231376,141340,13484,159,1021,1261,15925,11.267157209565587,52.09922960669394
POST04359,2026-06-29 18:00:00,Youtube,Video,Special Campaign,Community,15,378267,788985,654092,25623,407,10769,10582,47381,7.243782220238132,172.9180710979282
POST04360,2026-06-29 21:00:00,Instagram,Carousel,Seasonal Campaign,Event,4,446606,677836,593566,19867,1067,5818,9429,36181,6.095531078262569,132.90596185452054
POST04361,2026-06-30 00:00:00,Instagram,Image,Event Promotion,Community,15,48400,55151,36322,888,28,81,527,1524,4.195804195804196,75.04545454545455
POST04362,2026-06-30 03:00:00,Facebook,Video,Educational Series,Event,3,358655,199933,152855,14982,456,2230,2492,20160,13.188969938830919,42.618951359942
POST04363,2026-06-30 06:00:00,Facebook,Image,Community Campaign,Brand,10,98121,113845,95390,4748,191,697,2143,7779,8.154942866128525,97.21670182733564
POST04364,2026-06-30 09:00:00,Youtube,Reel,Community Campaign,Education,13,135763,194647,118526,5874,283,625,1357,8139,6.866847780233873,87.30360996736961
POST04365,2026-06-30 12:00:00,Instagram,Reel,Festival Campaign,Entertainment,12,157948,326878,250759,26325,594,2430,1311,30660,12.226879194764695,158.76047813204346
POST04366,2026-06-30 15:00:00,Facebook,Image,Educational Series,Community,23,461320,402110,271534,12570,730,1674,3445,18419,6.783312587005678,58.86022717419579
POST04367,2026-06-30 18:00:00,Instagram,Image,Product Launch,Promotional,7,405327,624821,443103,14003,189,3960,3692,21844,4.9297793063915165,109.31988246526878
POST04368,2026-06-30 21:00:00,Youtube,Video,Educational Series,Brand,20,492351,417002,358805,32373,1798,1633,3551,39355,10.968353283817116,72.87585482714567
POST04369,2026-07-01 00:00:00,Instagram,Video,Brand Awareness,Promotional,19,372919,857659,595584,49103,1163,6275,9370,65911,11.066616967547818,159.7086766831403
POST04370,2026-07-01 03:00:00,Instagram,Image,Festival Campaign,Entertainment,14,326050,647596,376899,8904,195,1772,5853,16724,4.437263033332537,115.5954608188928
POST04371,2026-07-01 06:00:00,Instagram,Video,Festival Campaign,Event,17,139925,249863,175666,16795,878,571,3448,21692,12.348433959901175,125.54296944791852
POST04372,2026-07-01 09:00:00,Instagram,Reel,Brand Awareness,Entertainment,6,40378,57035,46779,4668,231,537,442,5878,12.565467410590223,115.85269206003268
POST04373,2026-07-01 12:00:00,Instagram,Reel,Educational Series,Promotional,20,46568,57809,50776,4839,89,462,721,6111,12.035213486686622,109.03624806734238
POST04374,2026-07-01 15:00:00,Instagram,Video,Seasonal Campaign,Entertainment,18,277447,374451,316491,18317,597,1588,6679,27181,8.588237896180303,114.07259764928077
POST04375,2026-07-01 18:00:00,Youtube,Reel,Brand Awareness,Education,8,379190,232356,163439,13882,756,1204,2981,18823,11.516835027135507,43.102138769482316
POST04376,2026-07-01 21:00:00,Youtube,Reel,Seasonal Campaign,Entertainment,10,237296,320004,194967,6850,226,2210,1214,10500,5.385526781455323,82.16194120423438
POST04377,2026-07-02 00:00:00,Instagram,Carousel,Event Promotion,Community,9,268958,377908,257009,21505,862,1874,1031,25272,9.833118684559684,95.55729890912336
POST04378,2026-07-02 03:00:00,Facebook,Image,Brand Awareness,Education,13,107332,66331,49287,923,42,594,1068,2627,5.3300058839044775,45.920135653859056
POST04379,2026-07-02 06:00:00,Instagram,Video,Seasonal Campaign,Community,15,127014,155324,93460,6922,74,305,1443,8744,9.355874170768242,73.58243973105327
POST04380,2026-07-02 09:00:00,Youtube,Reel,Educational Series,Entertainment,7,50796,66361,37911,1458,71,187,681,2397,6.322703173221493,74.6338294353886
POST04381,2026-07-02 12:00:00,Instagram,Reel,Seasonal Campaign,Education,0,499569,484708,388547,38149,737,3824,4560,47270,12.1658383670444,77.77644329411953
POST04382,2026-07-02 15:00:00,Instagram,Reel,Brand Awareness,Education,11,215422,402695,261661,15908,680,2933,1130,20651,7.8922728262905055,121.46438153948993
POST04383,2026-07-02 18:00:00,Youtube,Image,Product Launch,Entertainment,2,75061,79590,61743,2014,101,787,1351,4253,6.888230244724099,82.25709756065068
POST04384,2026-07-02 21:00:00,Youtube,Image,Community Campaign,Brand,1,95597,38704,25404,1598,54,184,607,2443,9.616595811683199,26.574055671203073
POST04385,2026-07-03 00:00:00,Linkedin,Image,Brand Awareness,Event,15,44401,22997,15700,1060,33,203,368,1664,10.598726114649681,35.359563973784375
POST04386,2026-07-03 03:00:00,Youtube,Video,Community Campaign,Event,3,154882,214229,135490,9718,438,1943,1973,14072,10.386006347331907,87.47950052297878
POST04387,2026-07-03 06:00:00,Linkedin,Text,Brand Awareness,Event,1,381360,151193,123675,3736,165,1362,1538,6801,5.499090357792602,32.429987413467586
POST04388,2026-07-03 09:00:00,Instagram,Reel,Educational Series,Education,11,371506,765079,604090,31750,668,6564,11340,50322,8.330215696336639,162.60571834640623
POST04389,2026-07-03 12:00:00,Instagram,Image,Event Promotion,Event,23,24902,35515,30996,1320,63,288,619,2290,7.388050070976901,124.47192996546461
POST04390,2026-07-03 15:00:00,Instagram,Image,Event Promotion,Education,16,275267,220863,159532,8273,100,1076,3004,12453,7.805957425469498,57.95536697097727
POST04391,2026-07-03 18:00:00,Instagram,Text,Community Campaign,Brand,19,213806,246434,197240,10222,103,338,617,11280,5.718921111336442,92.25185448490689
POST04392,2026-07-03 21:00:00,Youtube,Text,Special Campaign,Entertainment,20,281566,437294,241398,10533,287,1249,4218,16287,6.746949021947158,85.73407300597373
POST04393,2026-07-04 00:00:00,Facebook,Reel,Special Campaign,Entertainment,9,367292,412473,310248,34095,1747,1141,1686,38669,12.463899847863646,84.4690328131296
POST04394,2026-07-04 03:00:00,Instagram,Carousel,Educational Series,Education,19,331867,337917,293363,15538,467,2129,1293,19427,6.622171166779724,88.39776175395565
POST04395,2026-07-04 06:00:00,Linkedin,Image,Seasonal Campaign,Education,7,342743,229494,190568,8661,477,2079,4146,15363,8.061689265773897,55.600843780908725
POST04396,2026-07-04 09:00:00,Facebook,Reel,Educational Series,Brand,17,227271,323950,185593,16250,866,2101,3474,22691,12.226215428383613,81.66154062770877
POST04397,2026-07-04 12:00:00,Instagram,Reel,Special Campaign,Event,17,296111,432294,312990,24405,601,1823,7205,34034,10.873829834819004,105.700227279635
POST04398,2026-07-04 15:00:00,Instagram,Image,Educational Series,Brand,17,395456,329425,247862,15747,308,2543,5656,24254,9.785283746600932,62.67751658844474
POST04399,2026-07-04 18:00:00,Instagram,Image,Product Launch,Entertainment,1,191608,154347,115912,7313,249,936,1336,9834,8.484022361791704,60.49434261617469
POST04400,2026-07-04 21:00:00,Instagram,Reel,Festival Campaign,Entertainment,11,156207,378655,272483,25263,562,3208,4170,33203,12.185347342770008,174.43712509682666
POST04401,2026-07-05 00:00:00,Instagram,Carousel,Special Campaign,Community,9,344509,670693,429442,26314,416,6334,1367,34431,8.017613554333296,124.6533472275035
POST04402,2026-07-05 03:00:00,Youtube,Reel,Special Campaign,Event,7,99608,148561,120568,6093,287,1511,795,8686,7.204233295733528,121.04248654726528
POST04403,2026-07-05 06:00:00,Instagram,Image,Brand Awareness,Entertainment,18,368097,715723,482758,14475,504,2003,2156,19138,3.964305096963696,131.1496697881265
POST04404,2026-07-05 09:00:00,Instagram,Reel,Educational Series,Community,9,398471,527238,344834,9866,225,6451,7834,24376,7.06890851830156,86.5392964607211
POST04405,2026-07-05 12:00:00,Linkedin,Reel,Educational Series,Education,10,354123,413211,269827,22010,1144,4472,1440,29066,10.772087300381356,76.19584155787679
POST04406,2026-07-05 15:00:00,Facebook,Image,Educational Series,Entertainment,13,123146,93131,71008,3044,142,688,410,4284,6.033123028391167,57.66163740600588
POST04407,2026-07-05 18:00:00,Linkedin,Reel,Event Promotion,Promotional,14,435141,722934,529348,25777,605,6597,11763,44742,8.452284697401332,121.64976409945282
POST04408,2026-07-05 21:00:00,Instagram,Image,Educational Series,Event,23,246610,333314,239266,8174,206,528,4699,13607,5.686976001604909,97.02201857183407
POST04409,2026-07-06 00:00:00,Instagram,Reel,Special Campaign,Community,22,122331,269603,171278,14916,439,2197,4045,21597,12.609325190625768,140.01193483254448
POST04410,2026-07-06 03:00:00,Youtube,Image,Brand Awareness,Event,9,50993,40922,30196,1632,17,118,462,2229,7.3817724201881045,59.215970819524244
POST04411,2026-07-06 06:00:00,Instagram,Reel,Seasonal Campaign,Event,3,216868,359991,230254,23849,783,1493,4289,30414,13.208891050752648,106.17241824519985
POST04412,2026-07-06 09:00:00,Instagram,Carousel,Seasonal Campaign,Promotional,6,148238,197973,112570,4082,146,936,898,6062,5.385093719463445,75.93869318258476
POST04413,2026-07-06 12:00:00,Facebook,Video,Educational Series,Brand,10,356807,560334,496519,15126,189,3584,10511,29410,5.923237580032184,139.15618247399854
POST04414,2026-07-06 15:00:00,Facebook,Reel,Brand Awareness,Education,23,267557,230601,137888,7240,321,856,2089,10506,7.619227198886053,51.53593439902525
POST04415,2026-07-06 18:00:00,Youtube,Image,Product Launch,Event,21,69483,138516,102780,4056,206,670,2401,7333,7.1346565479665305,147.9210742195933
POST04416,2026-07-06 21:00:00,Youtube,Reel,Seasonal Campaign,Entertainment,21,253586,490687,342129,20262,942,2433,4466,28103,8.214153141066674,134.91635973594757
POST04417,2026-07-07 00:00:00,Youtube,Image,Special Campaign,Education,2,175915,124641,106206,3961,99,1307,1252,6619,6.232227934391654,60.37347582639343
POST04418,2026-07-07 03:00:00,Instagram,Reel,Festival Campaign,Entertainment,4,136747,134901,118347,13596,285,1061,754,15696,13.262693604400619,86.54449457757757
POST04419,2026-07-07 06:00:00,Instagram,Image,Event Promotion,Education,1,57879,36236,27295,1342,37,306,227,1912,7.004945960798681,47.15872769052679
POST04420,2026-07-07 09:00:00,Instagram,Image,Brand Awareness,Education,11,481673,338237,239144,8209,376,2863,1363,12811,5.357023383400796,49.64862053716941
POST04421,2026-07-07 12:00:00,Instagram,Text,Seasonal Campaign,Community,20,260021,215921,171770,9127,464,1340,3208,14139,8.231355882866625,66.06004899604262
POST04422,2026-07-07 15:00:00,Linkedin,Image,Seasonal Campaign,Entertainment,4,286032,101892,66117,4139,223,867,661,5890,8.90845017166538,23.11524584661856
POST04423,2026-07-07 18:00:00,Youtube,Image,Community Campaign,Entertainment,6,347857,505253,429208,18040,239,785,5098,24162,5.629438407485415,123.38633403956223
POST04424,2026-07-07 21:00:00,Facebook,Image,Product Launch,Education,3,464367,311284,188145,5443,150,910,4156,10659,5.6653113290281425,40.51644496701962
POST04425,2026-07-08 00:00:00,Instagram,Text,Festival Campaign,Event,10,405969,620863,533771,19283,473,2204,4856,26816,5.02387728070652,131.48072882412202
POST04426,2026-07-08 03:00:00,Instagram,Video,Festival Campaign,Entertainment,21,289570,768238,610093,56512,1329,1648,2531,62020,10.165663267731313,210.68929792450874
POST04427,2026-07-08 06:00:00,Instagram,Reel,Festival Campaign,Promotional,8,90031,203204,161022,10101,423,2757,1207,14488,8.997528288060016,178.851728848952
POST04428,2026-07-08 09:00:00,Instagram,Video,Special Campaign,Promotional,3,249645,318262,252751,22148,1291,3762,1724,28925,11.444069459665837,101.24416671673777
POST04429,2026-07-08 12:00:00,Instagram,Image,Brand Awareness,Education,21,292191,213703,147625,5472,77,1305,3369,10223,6.924978831498729,50.52345897033105
POST04430,2026-07-08 15:00:00,Facebook,Video,Product Launch,Brand,8,169111,220282,122625,5229,142,922,913,7206,5.876452599388379,72.51154567118638
POST04431,2026-07-08 18:00:00,Facebook,Video,Educational Series,Education,11,212168,250868,190760,7517,446,2188,3610,13761,7.213776473055147,89.90988273443686
POST04432,2026-07-08 21:00:00,Youtube,Reel,Community Campaign,Education,15,448517,648638,409984,16402,554,3325,2951,23232,5.666562597564783,91.4087983287144
POST04433,2026-07-09 00:00:00,Youtube,Carousel,Product Launch,Event,0,461923,687347,474217,34656,1487,2872,11067,50082,10.560987902162934,102.66148254146255
POST04434,2026-07-09 03:00:00,Linkedin,Reel,Product Launch,Event,7,458330,697367,582469,43323,2048,7626,8066,61063,10.483476373849939,127.0850697095979
POST04435,2026-07-09 06:00:00,Instagram,Reel,Seasonal Campaign,Community,0,303510,386292,330098,34735,1112,1977,4846,42670,12.926464262128217,108.76017264670028
POST04436,2026-07-09 09:00:00,Instagram,Reel,Product Launch,Brand,19,433961,1285927,730573,58135,2900,5718,13680,80433,11.00957741389293,168.3499208454216
POST04437,2026-07-09 12:00:00,Instagram,Carousel,Brand Awareness,Brand,18,456298,822240,641753,27483,1012,3769,13874,46138,7.189370365233977,140.643395324985
POST04438,2026-07-09 15:00:00,Facebook,Reel,Community Campaign,Brand,3,206342,117943,87710,9077,431,339,1983,11830,13.487629688747008,42.507099863333686
POST04439,2026-07-09 18:00:00,Linkedin,Reel,Brand Awareness,Brand,13,162425,189709,139419,13071,717,1934,1923,17645,12.656094219582698,85.83592427274127
POST04440,2026-07-09 21:00:00,Instagram,Carousel,Community Campaign,Brand,22,307224,449419,276232,8355,475,3463,5479,17772,6.433722378290713,89.91224643908028
POST04441,2026-07-10 00:00:00,Linkedin,Reel,Community Campaign,Education,13,38788,45773,33117,1388,64,149,611,2212,6.679348974846755,85.3794988140662
POST04442,2026-07-10 03:00:00,Facebook,Reel,Seasonal Campaign,Education,8,448185,701632,625153,30537,311,6096,12621,49565,7.928459113209087,139.4854803262046
POST04443,2026-07-10 06:00:00,Instagram,Reel,Brand Awareness,Community,8,468387,427193,354085,38458,406,6650,3797,49311,13.92631712724346,75.59667539876213
POST04444,2026-07-10 09:00:00,Instagram,Image,Community Campaign,Promotional,16,342777,448995,260429,11218,644,815,3318,15995,6.141789124867046,75.97621777423807
POST04445,2026-07-10 12:00:00,Youtube,Image,Product Launch,Promotional,14,409605,730853,640336,33564,350,5122,6628,45664,7.131256090552459,156.33012292330415
POST04446,2026-07-10 15:00:00,Linkedin,Reel,Brand Awareness,Community,9,156731,218065,127649,13897,594,2186,3040,19717,15.446262798768498,81.44464081770677
POST04447,2026-07-10 18:00:00,Instagram,Text,Community Campaign,Community,16,316065,257101,214236,5673,81,1208,3971,10933,5.1032506208106945,67.78225997816905
POST04448,2026-07-10 21:00:00,Facebook,Carousel,Special Campaign,Entertainment,8,155233,157120,103454,8856,280,1318,1633,12087,11.683453515572138,66.64433464533958
POST04449,2026-07-11 00:00:00,Instagram,Reel,Festival Campaign,Education,3,166575,231352,169116,9538,96,2155,1799,13588,8.034721729463799,101.5254389914453
POST04450,2026-07-11 03:00:00,Facebook,Reel,Brand Awareness,Brand,13,243611,276150,154137,15608,400,2951,968,19927,12.928109409161978,63.271773442085944
POST04451,2026-07-11 06:00:00,Youtube,Image,Seasonal Campaign,Entertainment,2,307126,408787,353089,21053,767,1066,4096,26982,7.64169940156731,114.96551903778905
POST04452,2026-07-11 09:00:00,Youtube,Carousel,Special Campaign,Event,20,351158,365726,274930,23364,1045,2572,2465,29446,10.71036263776234,78.29239259820365
POST04453,2026-07-11 12:00:00,Facebook,Reel,Special Campaign,Education,11,206982,302329,184300,12037,319,2229,2083,16668,9.043950081389038,89.04155916939638
POST04454,2026-07-11 15:00:00,Facebook,Reel,Event Promotion,Community,21,72632,76819,42384,3025,158,326,752,4261,10.05332200830502,58.3544443220619
POST04455,2026-07-11 18:00:00,Linkedin,Video,Brand Awareness,Promotional,0,178244,140163,110175,5083,88,1463,601,7235,6.566825504878603,61.81133726801463
POST04456,2026-07-11 21:00:00,Instagram,Reel,Special Campaign,Education,0,140056,211940,158476,8979,390,838,2211,12418,7.8358868219793525,113.15188210430114
POST04457,2026-07-12 00:00:00,Facebook,Image,Brand Awareness,Community,12,357840,224996,183587,13772,780,1278,1650,17480,9.521371338929226,51.304214173932486
POST04458,2026-07-12 03:00:00,Instagram,Video,Brand Awareness,Education,13,208876,371565,270101,8007,225,893,2423,11548,4.275437706635666,129.31164901664144
POST04459,2026-07-12 06:00:00,Youtube,Carousel,Community Campaign,Education,15,120750,80128,67779,3438,143,574,1042,5197,7.667566650437452,56.13167701863354
POST04460,2026-07-12 09:00:00,Youtube,Reel,Brand Awareness,Education,6,490683,672257,482447,25242,1253,4912,2094,33501,6.943975193130022,98.32152326451089
POST04461,2026-07-12 12:00:00,Youtube,Carousel,Event Promotion,Event,9,247778,358650,261731,13246,726,3515,3526,21013,8.028471980774153,105.63125055493224
POST04462,2026-07-12 15:00:00,Youtube,Reel,Educational Series,Promotional,14,476323,585622,520004,54778,2914,9623,3256,70571,13.57124175967877,109.17045786157713
POST04463,2026-07-12 18:00:00,Linkedin,Carousel,Brand Awareness,Education,7,341070,149801,134680,3299,132,1249,3288,7968,5.9162459162459164,39.48749523558214
POST04464,2026-07-12 21:00:00,Instagram,Image,Festival Campaign,Community,10,93137,159027,118394,7553,292,1361,1190,10396,8.780850380931467,127.11811632326572
POST04465,2026-07-13 00:00:00,Facebook,Video,Event Promotion,Event,23,89053,92357,67661,4531,251,923,1402,7107,10.503835296551928,75.97834997136536
POST04466,2026-07-13 03:00:00,Instagram,Text,Educational Series,Entertainment,13,352482,229085,187609,5572,86,2048,2794,10500,5.596746424745082,53.22512922645696
POST04467,2026-07-13 06:00:00,Instagram,Text,Community Campaign,Education,12,392838,484785,356897,13791,429,1148,6674,22042,6.176011566362283,90.85093600924554
POST04468,2026-07-13 09:00:00,Instagram,Text,Brand Awareness,Event,22,366439,239287,152210,5128,148,900,3561,9737,6.397082977465344,41.53760926102298
POST04469,2026-07-13 12:00:00,Linkedin,Image,Educational Series,Brand,12,486602,444458,363250,8765,137,4084,7271,20257,5.576600137646249,74.6503302493619
POST04470,2026-07-13 15:00:00,Linkedin,Image,Festival Campaign,Entertainment,8,157816,150283,109349,3281,70,1411,2501,7263,6.642036049712388,69.2889187408121
POST04471,2026-07-13 18:00:00,Linkedin,Image,Event Promotion,Promotional,16,108309,56300,38739,1461,16,490,906,2873,7.416298820310281,35.767110766418305
POST04472,2026-07-13 21:00:00,Linkedin,Carousel,Event Promotion,Education,17,395865,180265,101512,5607,241,1540,1164,8552,8.424619749389235,25.64308539527364
POST04473,2026-07-14 00:00:00,Instagram,Video,Community Campaign,Education,18,485000,913939,816660,58210,1774,12627,5306,77917,9.540935028041044,168.38350515463918
POST04474,2026-07-14 03:00:00,Instagram,Reel,Community Campaign,Event,12,473299,483726,369537,18313,352,1140,2918,22723,6.149045968333347,78.0768605046704
POST04475,2026-07-14 06:00:00,Facebook,Text,Community Campaign,Promotional,11,70123,30393,18944,1175,12,44,299,1530,8.07643581081081,27.015387248121158
POST04476,2026-07-14 09:00:00,Youtube,Video,Educational Series,Brand,20,395876,716178,509247,12802,662,8591,10558,32613,6.404161438358989,128.6380078610474
POST04477,2026-07-14 12:00:00,Youtube,Text,Brand Awareness,Entertainment,19,92672,114373,72403,4385,216,312,1417,6330,8.742731654765686,78.1282372237569
POST04478,2026-07-14 15:00:00,Instagram,Video,Product Launch,Community,19,455501,842893,738059,47428,1718,5749,15878,70773,9.589070792443422,162.03235558209533
POST04479,2026-07-14 18:00:00,Youtube,Reel,Special Campaign,Promotional,7,208568,328053,275053,13118,381,1178,5036,19713,7.166982363399053,131.8768938667485
POST04480,2026-07-14 21:00:00,Youtube,Reel,Event Promotion,Education,23,228408,335342,289253,20495,1217,4176,4065,29953,10.355294499970615,126.6387341949494
POST04481,2026-07-15 00:00:00,Instagram,Reel,Product Launch,Event,10,269720,609417,339181,24991,824,5517,7180,38512,11.354409592518449,125.75300311434079
POST04482,2026-07-15 03:00:00,Youtube,Reel,Seasonal Campaign,Brand,6,277058,439996,295960,8113,103,3905,4353,16474,5.566292742262468,106.8223981982112
POST04483,2026-07-15 06:00:00,Youtube,Carousel,Event Promotion,Event,0,475612,718010,516932,16433,582,6720,5457,29192,5.6471644239474434,108.68775388341759
POST04484,2026-07-15 09:00:00,Youtube,Video,Special Campaign,Entertainment,9,72238,117318,66144,2809,53,182,399,3443,5.205309627479439,91.56399678839392
POST04485,2026-07-15 12:00:00,Instagram,Video,Community Campaign,Promotional,14,295561,406000,345213,8819,116,3938,5380,18253,5.287460205728058,116.79923941250708
POST04486,2026-07-15 15:00:00,Facebook,Carousel,Special Campaign,Event,3,372985,175358,136951,4612,228,1487,2420,8747,6.386955918540208,36.71756236845985
POST04487,2026-07-15 18:00:00,Instagram,Reel,Brand Awareness,Community,0,458345,374761,291444,25312,649,3916,6580,36457,12.509092655879003,63.5861632612988
POST04488,2026-07-15 21:00:00,Instagram,Reel,Brand Awareness,Community,10,319863,336512,213041,13298,438,2734,5251,21721,10.195690031496285,66.60382726354722
POST04489,2026-07-16 00:00:00,Facebook,Reel,Event Promotion,Event,4,24002,21290,14382,865,31,231,342,1469,10.214156584619664,59.920006666111156
POST04490,2026-07-16 03:00:00,Youtube,Image,Educational Series,Education,18,153404,182565,125743,4516,96,293,1003,5908,4.698472280763144,81.96852754817345
POST04491,2026-07-16 06:00:00,Instagram,Image,Seasonal Campaign,Event,18,308293,259323,206060,11697,545,2742,4673,19657,9.539454527807436,66.83901353582469
POST04492,2026-07-16 09:00:00,Facebook,Reel,Special Campaign,Brand,3,260836,314711,210418,10307,596,660,2820,14383,6.835441834824017,80.67061295219985
POST04493,2026-07-16 12:00:00,Youtube,Reel,Community Campaign,Promotional,1,220983,234495,133879,13899,388,728,1275,16290,12.167703672719396,60.58339329269672
POST04494,2026-07-16 15:00:00,Facebook,Reel,Brand Awareness,Entertainment,6,377138,697434,596321,20770,1044,11454,13872,47140,7.905138339920949,158.11745302780415
POST04495,2026-07-16 18:00:00,Facebook,Carousel,Seasonal Campaign,Community,12,381133,484737,295281,24027,1187,1753,5150,32117,10.876758071125469,77.47452988851661
POST04496,2026-07-16 21:00:00,Facebook,Image,Seasonal Campaign,Event,19,105808,155334,98119,5257,114,735,2201,8307,8.466250165615222,92.73306366248299
POST04497,2026-07-17 00:00:00,Youtube,Image,Brand Awareness,Brand,20,341067,551533,325230,18239,260,2437,3754,24690,7.591550594963564,95.35663080860945
POST04498,2026-07-17 03:00:00,Instagram,Image,Festival Campaign,Community,11,37352,71671,49428,2345,62,496,615,3518,7.117423322812981,132.33026343970872
POST04499,2026-07-17 06:00:00,Instagram,Text,Special Campaign,Community,1,81081,67423,37395,1326,26,150,626,2128,5.690600347640059,46.120546120546116
POST04500,2026-07-17 09:00:00,Youtube,Reel,Seasonal Campaign,Entertainment,21,273080,544601,323009,14962,826,4912,4551,25251,7.81742923571789,118.28365314193643
POST04501,2026-07-17 12:00:00,Youtube,Image,Brand Awareness,Community,8,476994,486777,287066,21499,1082,802,2054,25437,8.861028474288144,60.182308372851644
POST04502,2026-07-17 15:00:00,Youtube,Carousel,Festival Campaign,Brand,15,218641,235772,180320,12910,669,1513,2837,17929,9.9428793256433,82.47309516513371
POST04503,2026-07-17 18:00:00,Instagram,Image,Brand Awareness,Community,7,41645,32381,24211,1438,43,174,338,1993,8.23179546487134,58.136631048145034
POST04504,2026-07-17 21:00:00,Instagram,Text,Brand Awareness,Community,23,45343,32681,18193,577,31,66,210,884,4.859011707799703,40.1230619941336
POST04505,2026-07-18 00:00:00,Youtube,Image,Seasonal Campaign,Event,17,282789,219343,152897,7719,204,1519,1343,10785,7.053768223052121,54.06752030665973
POST04506,2026-07-18 03:00:00,Instagram,Image,Educational Series,Event,3,313919,204452,124379,4033,190,843,2351,7417,5.963225303306828,39.62136729538511
POST04507,2026-07-18 06:00:00,Facebook,Reel,Educational Series,Promotional,23,24121,15039,11566,1248,19,185,127,1579,13.652083693584643,47.94991915758053
POST04508,2026-07-18 09:00:00,Instagram,Carousel,Community Campaign,Education,10,279982,335798,256144,12806,454,2477,5021,20758,8.104035230183023,91.48588123522227
POST04509,2026-07-18 12:00:00,Youtube,Reel,Special Campaign,Brand,16,345886,366592,256185,17120,953,3943,2553,24569,9.590335109393603,74.06631086542966
POST04510,2026-07-18 15:00:00,Linkedin,Reel,Brand Awareness,Education,7,486864,410565,259668,25623,1434,4491,4219,35767,13.774126962120862,53.334812185743864
POST04511,2026-07-18 18:00:00,Instagram,Image,Special Campaign,Education,18,279806,498577,313404,16036,596,3441,7554,27627,8.815139564268485,112.0076052693652
POST04512,2026-07-18 21:00:00,Youtube,Image,Community Campaign,Community,7,291415,279223,166152,10086,221,1741,1803,13851,8.336342626029177,57.01559631453426
POST04513,2026-07-19 00:00:00,Instagram,Reel,Community Campaign,Entertainment,5,452420,970163,739837,76894,1541,9639,8616,96690,13.069094949292884,163.528800671942
POST04514,2026-07-19 03:00:00,Facebook,Carousel,Community Campaign,Entertainment,22,176284,122383,88096,6157,93,700,2179,9129,10.362559026516527,49.9739057430056
POST04515,2026-07-19 06:00:00,Youtube,Carousel,Community Campaign,Community,1,392965,521228,387473,12538,671,1687,5112,20008,5.163714633019591,98.60242006285547
POST04516,2026-07-19 09:00:00,Youtube,Reel,Event Promotion,Brand,14,357972,455043,345811,20012,528,1517,6051,28108,8.128139359361038,96.60280692344652
POST04517,2026-07-19 12:00:00,Youtube,Image,Seasonal Campaign,Education,0,436697,477037,369831,20134,864,3550,8198,32746,8.854314538262072,84.6882392139172
POST04518,2026-07-19 15:00:00,Linkedin,Carousel,Seasonal Campaign,Promotional,5,115011,59746,52226,2719,117,212,639,3687,7.059702064106001,45.40956951943727
POST04519,2026-07-19 18:00:00,Instagram,Image,Event Promotion,Education,18,479620,809974,495409,19378,697,2287,3544,25906,5.229214648906257,103.29198115174513
POST04520,2026-07-19 21:00:00,Instagram,Image,Brand Awareness,Entertainment,3,58682,32062,24532,1245,21,233,87,1586,6.465025273112669,41.80498278858934
POST04521,2026-07-20 00:00:00,Linkedin,Reel,Event Promotion,Education,12,474657,629447,352912,23400,616,3287,3369,30672,8.691118465793172,74.35095237192331
POST04522,2026-07-20 03:00:00,Youtube,Carousel,Brand Awareness,Event,14,93749,92447,52141,2691,111,498,1151,4451,8.536468422162981,55.61765992170583
POST04523,2026-07-20 06:00:00,Linkedin,Text,Educational Series,Event,8,473185,312456,266959,16274,322,2025,5713,24334,9.115257399076263,56.41746885467629
POST04524,2026-07-20 09:00:00,Instagram,Carousel,Seasonal Campaign,Promotional,2,239347,267052,183777,5109,114,2403,3197,10823,5.8892026749810915,76.78266282844572
POST04525,2026-07-20 12:00:00,Facebook,Reel,Product Launch,Brand,1,346891,520041,299365,21114,501,1536,7425,30576,10.213618826516125,86.29944276444186
POST04526,2026-07-20 15:00:00,Youtube,Image,Festival Campaign,Education,15,21903,24020,14053,885,50,63,86,1084,7.713655447235465,64.16016070857873
POST04527,2026-07-20 18:00:00,Facebook,Video,Seasonal Campaign,Event,17,186416,195510,146132,10784,431,1232,2242,14689,10.051870911230942,78.39026692987726
POST04528,2026-07-20 21:00:00,Linkedin,Reel,Event Promotion,Brand,17,122413,87414,50477,2217,83,202,907,3409,6.753570933296353,41.23499955070131
POST04529,2026-07-21 00:00:00,Youtube,Text,Event Promotion,Event,5,368678,319484,227909,10300,430,881,2833,14444,6.3376172068676535,61.81790071552954
POST04530,2026-07-21 03:00:00,Instagram,Text,Educational Series,Brand,17,142702,67682,43461,1385,68,196,974,2623,6.0352960125169695,30.455774971619178
POST04531,2026-07-21 06:00:00,Instagram,Reel,Event Promotion,Brand,10,269053,631769,386628,31176,431,3291,8225,43123,11.153615361536154,143.6995684865064
POST04532,2026-07-21 09:00:00,Instagram,Text,Brand Awareness,Event,6,300463,200070,116343,6547,289,341,877,8054,6.922633935862063,38.7212402192616
POST04533,2026-07-21 12:00:00,Instagram,Image,Brand Awareness,Community,22,381063,409688,307279,13465,536,3717,1580,19298,6.280285994161658,80.63732243749722
POST04534,2026-07-21 15:00:00,Instagram,Video,Product Launch,Entertainment,22,172513,352839,250382,11267,131,1286,4050,16734,6.683387783466863,145.1380475674297
POST04535,2026-07-21 18:00:00,Youtube,Image,Product Launch,Brand,13,358322,396521,276588,11380,480,2660,6907,21427,7.746901528627418,77.18979018871295
POST04536,2026-07-21 21:00:00,Youtube,Image,Seasonal Campaign,Community,17,490528,593327,455705,29225,1222,2568,3088,36103,7.92244983048244,92.90091493248092
POST04537,2026-07-22 00:00:00,Youtube,Carousel,Product Launch,Education,6,175934,156409,135940,4252,125,1781,1008,7166,5.271443283801677,77.26761171803062
POST04538,2026-07-22 03:00:00,Facebook,Video,Brand Awareness,Community,9,444319,285382,184079,14563,437,2711,3104,20815,11.307645087163664,41.42946846747495
POST04539,2026-07-22 06:00:00,Instagram,Reel,Special Campaign,Event,7,162582,410379,313550,23990,442,1652,5949,32033,10.21623345558922,192.85652778290338
POST04540,2026-07-22 09:00:00,Instagram,Image,Community Campaign,Community,23,185763,167909,111142,3013,144,402,1028,4587,4.127152651562866,59.82999843887104
POST04541,2026-07-22 12:00:00,Instagram,Reel,Community Campaign,Entertainment,13,492154,1267786,1062754,110937,5952,6532,5444,128865,12.125571863291034,215.93931980640204
POST04542,2026-07-22 15:00:00,Youtube,Reel,Product Launch,Event,17,354135,606150,415030,25964,513,5562,8805,40844,9.84121629761704,117.19541982577266
POST04543,2026-07-22 18:00:00,Instagram,Reel,Product Launch,Promotional,4,191444,329922,197329,13988,729,2731,2258,19706,9.98636794389066,103.07400597563779
POST04544,2026-07-22 21:00:00,Instagram,Image,Brand Awareness,Education,13,257528,174336,155058,5910,71,1149,997,8127,5.241264559068219,60.21015190581218
POST04545,2026-07-23 00:00:00,Youtube,Reel,Educational Series,Promotional,21,88309,154008,133959,5233,241,1928,442,7844,5.855522958517159,151.69348537521657
POST04546,2026-07-23 03:00:00,Facebook,Reel,Seasonal Campaign,Community,21,194122,283635,172588,10176,201,2793,1351,14521,8.413678818921362,88.9069760253861
POST04547,2026-07-23 06:00:00,Instagram,Reel,Event Promotion,Brand,21,270953,531080,418516,42643,1209,1803,7921,53576,12.801422167850212,154.46073673293893
POST04548,2026-07-23 09:00:00,Facebook,Reel,Seasonal Campaign,Community,9,47377,97640,73667,4925,137,902,1291,7255,9.848371726824766,155.4910610633852
POST04549,2026-07-23 12:00:00,Facebook,Image,Festival Campaign,Brand,14,340480,217947,140152,9632,293,889,2640,13454,9.59957760146127,41.163063909774436
POST04550,2026-07-23 15:00:00,Facebook,Text,Community Campaign,Promotional,5,357456,250325,222969,13588,297,2268,2714,18867,8.461714408729465,62.37662817241842
POST04551,2026-07-23 18:00:00,Linkedin,Reel,Special Campaign,Promotional,8,267663,244640,218432,8945,183,3041,4476,16645,7.620220480515676,81.60709548947744
POST04552,2026-07-23 21:00:00,Instagram,Text,Community Campaign,Brand,9,471435,362672,205061,12075,644,537,3875,17131,8.35409951185257,43.49719473522331
POST04553,2026-07-24 00:00:00,Instagram,Carousel,Brand Awareness,Entertainment,22,377085,395514,247197,7983,284,2148,1319,11734,4.746821361100661,65.55471578026174
POST04554,2026-07-24 03:00:00,Linkedin,Carousel,Seasonal Campaign,Education,16,341373,224746,159987,11418,157,2496,3278,17349,10.844006075493635,46.86574509407598
POST04555,2026-07-24 06:00:00,Youtube,Carousel,Special Campaign,Event,0,85679,78372,67764,2349,122,393,836,3700,5.460126320760286,79.09055894676642
POST04556,2026-07-24 09:00:00,Youtube,Video,Brand Awareness,Promotional,13,469864,542089,397470,13473,638,3041,8331,25483,6.4113014818728455,84.59256295438679
POST04557,2026-07-24 12:00:00,Facebook,Reel,Festival Campaign,Education,3,307842,344548,200554,15012,562,3073,4904,23551,11.742971967649611,65.14835532513432
POST04558,2026-07-24 15:00:00,Facebook,Image,Special Campaign,Event,1,430299,176395,146947,8156,276,1622,1749,11803,8.032147645069312,34.1499747849751
POST04559,2026-07-24 18:00:00,Linkedin,Carousel,Seasonal Campaign,Community,2,65169,39856,30882,1112,17,280,276,1685,5.456252833365715,47.38756157068545
POST04560,2026-07-24 21:00:00,Linkedin,Image,Special Campaign,Event,6,435918,271518,222304,8690,385,2556,2033,13664,6.146538073988772,50.996747094637065
POST04561,2026-07-25 00:00:00,Facebook,Video,Festival Campaign,Promotional,22,380718,559189,493875,37841,1050,3340,4985,47216,9.560313844596305,129.72199895986006
POST04562,2026-07-25 03:00:00,Instagram,Reel,Product Launch,Entertainment,13,323166,506878,369035,30906,468,1514,4014,36902,9.999593534488598,114.19363423132384
POST04563,2026-07-25 06:00:00,Linkedin,Carousel,Seasonal Campaign,Entertainment,11,86543,139804,93551,4311,215,473,669,5668,6.058727325202296,108.09770865350173
POST04564,2026-07-25 09:00:00,Instagram,Image,Festival Campaign,Education,18,375099,356108,222576,6754,85,867,2256,9962,4.475774566889513,59.3379347852167
POST04565,2026-07-25 12:00:00,Instagram,Image,Event Promotion,Community,17,128768,129366,107332,3559,145,349,621,4674,4.354712480900384,83.3530069582505
POST04566,2026-07-25 15:00:00,Linkedin,Reel,Event Promotion,Education,14,226782,186248,121889,7801,378,1887,918,10984,9.01147765590004,53.747210977943574
POST04567,2026-07-25 18:00:00,Instagram,Carousel,Community Campaign,Brand,0,378560,295503,230974,12411,399,552,1253,14615,6.327552018841947,61.01384192730347
POST04568,2026-07-25 21:00:00,Instagram,Video,Event Promotion,Entertainment,2,420419,755793,590845,21283,548,3950,7606,33387,5.650720578155015,140.53717838632411
POST04569,2026-07-26 00:00:00,Instagram,Image,Seasonal Campaign,Education,14,210844,246368,161792,7842,395,1155,2959,12351,7.63387559335443,76.73540627193564
POST04570,2026-07-26 03:00:00,Linkedin,Video,Event Promotion,Brand,3,318636,167206,145317,11157,472,1960,527,14116,9.713935740484596,45.6059578955297
POST04571,2026-07-26 06:00:00,Youtube,Image,Event Promotion,Community,14,376669,261536,204763,7284,355,785,1034,9458,4.618998549542642,54.361521654290634
POST04572,2026-07-26 09:00:00,Facebook,Reel,Special Campaign,Event,9,243939,264354,220632,6414,131,3243,2869,12657,5.736701838355271,90.44556221022468
POST04573,2026-07-26 12:00:00,Instagram,Reel,Product Launch,Education,5,130230,251101,189336,13505,174,1269,2686,17634,9.313601216884269,145.38585579359597
POST04574,2026-07-26 15:00:00,Facebook,Reel,Community Campaign,Brand,12,370663,661610,482659,23140,565,8906,2379,34990,7.24942454196441,130.21504709129317
POST04575,2026-07-26 18:00:00,Facebook,Image,Brand Awareness,Entertainment,6,340780,280278,180734,4451,46,1860,559,6916,3.826618123872653,53.03538940078643
POST04576,2026-07-26 21:00:00,Instagram,Reel,Community Campaign,Event,21,75639,160598,102542,8910,180,1044,941,11075,10.800452497513215,135.56763045518846
POST04577,2026-07-27 00:00:00,Youtube,Carousel,Community Campaign,Education,0,60685,73378,61211,3847,199,406,1357,5809,9.490124324059401,100.86677103073247
POST04578,2026-07-27 03:00:00,Instagram,Carousel,Community Campaign,Entertainment,21,237501,493798,382146,35052,597,2010,3072,40731,10.658491780628346,160.90290146146754
POST04579,2026-07-27 06:00:00,Linkedin,Reel,Festival Campaign,Event,10,297883,557348,358239,14981,357,2725,8544,26607,7.427164546573656,120.26164635108417
POST04580,2026-07-27 09:00:00,Facebook,Reel,Brand Awareness,Promotional,13,443133,583141,394623,23009,956,1742,4340,30047,7.614102573848965,89.0529479862705
POST04581,2026-07-27 12:00:00,Linkedin,Reel,Festival Campaign,Entertainment,5,40704,30673,23245,1575,41,387,183,2186,9.404172940417293,57.107409591194966
POST04582,2026-07-27 15:00:00,Instagram,Image,Product Launch,Promotional,4,377832,472735,360047,12953,381,961,7435,21730,6.035323166142198,95.29288149230347
POST04583,2026-07-27 18:00:00,Facebook,Reel,Product Launch,Community,18,471737,881019,653496,66009,955,9306,14879,91149,13.947904807374488,138.52973160892617
POST04584,2026-07-27 21:00:00,Facebook,Reel,Educational Series,Education,18,329527,487877,317548,24330,648,4251,5677,34906,10.992353911849548,96.36478953166205
POST04585,2026-07-28 00:00:00,Facebook,Text,Educational Series,Brand,12,223814,101871,91196,5138,209,492,1900,7739,8.486117812184744,40.74633400949002
POST04586,2026-07-28 03:00:00,Linkedin,Video,Special Campaign,Education,6,239864,253052,221004,7956,204,1516,5191,14867,6.727027565111944,92.13721108628222
POST04587,2026-07-28 06:00:00,Instagram,Reel,Product Launch,Entertainment,7,44307,79030,49007,3395,192,386,983,4956,10.112841022711041,110.60780463583633
POST04588,2026-07-28 09:00:00,Instagram,Image,Product Launch,Promotional,13,286860,350759,224115,13045,337,813,3874,18069,8.062378689512082,78.12696088684376
POST04589,2026-07-28 12:00:00,Facebook,Image,Festival Campaign,Promotional,18,469486,645519,557667,41983,2394,6972,6043,57392,10.291446329081692,118.78245570687945
POST04590,2026-07-28 15:00:00,Facebook,Video,Special Campaign,Event,18,120924,210884,163316,14855,789,1961,2717,20322,12.443361336305077,135.05672984684597
POST04591,2026-07-28 18:00:00,Youtube,Image,Product Launch,Education,22,432136,504385,297186,6366,115,1893,1744,10118,3.4046018318494147,68.77140529833201
POST04592,2026-07-28 21:00:00,Instagram,Reel,Seasonal Campaign,Education,11,451087,1089696,826137,50438,2635,9765,2982,65820,7.967201565841984,183.14360644398974
POST04593,2026-07-29 00:00:00,Youtube,Carousel,Brand Awareness,Entertainment,22,62928,94289,76939,5978,172,1060,1086,8296,10.782568008422256,122.26512840071193
POST04594,2026-07-29 03:00:00,Instagram,Image,Festival Campaign,Promotional,8,295731,396001,339724,16342,466,1419,6217,24444,7.195252616830132,114.87601908491163
POST04595,2026-07-29 06:00:00,Youtube,Reel,Product Launch,Entertainment,13,283339,701679,617317,55337,2838,3285,5174,66634,10.794130082275394,217.87223079067832
POST04596,2026-07-29 09:00:00,Facebook,Image,Festival Campaign,Entertainment,5,407855,307292,241565,5267,83,833,5638,11821,4.8935069236023425,59.22815706562381
POST04597,2026-07-29 12:00:00,Facebook,Image,Festival Campaign,Community,14,438299,637738,533214,25418,1197,3708,1865,32188,6.0366006894042545,121.65530836255616
POST04598,2026-07-29 15:00:00,Instagram,Reel,Event Promotion,Promotional,12,266164,456272,340123,13441,235,3266,3021,19963,5.869347265548052,127.78700350160052
POST04599,2026-07-29 18:00:00,Youtube,Reel,Special Campaign,Entertainment,6,398126,826546,482014,33048,1961,1924,10582,47515,9.85759749716813,121.0707163058931
POST04600,2026-07-29 21:00:00,Instagram,Image,Educational Series,Promotional,10,173510,152703,99057,2543,67,297,1686,4593,4.636724310245617,57.09008126332776
POST04601,2026-07-30 00:00:00,Instagram,Reel,Special Campaign,Entertainment,9,40009,55966,33409,3725,158,413,378,4674,13.990242150318776,83.5037116648754
POST04602,2026-07-30 03:00:00,Facebook,Video,Festival Campaign,Brand,0,126172,74015,63911,3795,165,865,809,5634,8.815383893226517,50.65386932124402
POST04603,2026-07-30 06:00:00,Linkedin,Reel,Special Campaign,Entertainment,6,383267,547019,376070,30909,1568,2927,8742,44146,11.738772037120748,98.1221967975328
POST04604,2026-07-30 09:00:00,Instagram,Reel,Community Campaign,Entertainment,17,499895,732188,458384,37739,1599,2601,4065,46004,10.03612691542462,91.69605617179609
POST04605,2026-07-30 12:00:00,Facebook,Carousel,Seasonal Campaign,Brand,22,280226,199496,122087,5146,209,538,1181,7074,5.794228705759008,43.56733493680101
POST04606,2026-07-30 15:00:00,Linkedin,Video,Seasonal Campaign,Education,2,271505,219029,146927,12915,258,1325,1626,16124,10.974157234545046,54.115762140660394
POST04607,2026-07-30 18:00:00,Facebook,Video,Festival Campaign,Promotional,8,295840,182525,110104,9391,318,708,705,11122,10.101358715396353,37.217414818820984
POST04608,2026-07-30 21:00:00,Instagram,Image,Community Campaign,Event,4,410877,286845,184798,11172,206,1583,1363,14324,7.751166138161667,44.97647714522838
POST04609,2026-07-31 00:00:00,Linkedin,Reel,Seasonal Campaign,Brand,22,27564,23420,14766,1246,67,44,192,1549,10.490315589868617,53.569873748367435
POST04610,2026-07-31 03:00:00,Instagram,Carousel,Event Promotion,Education,23,23637,33846,19636,1231,68,228,174,1701,8.662660419637401,83.07314803062994
POST04611,2026-07-31 06:00:00,Instagram,Carousel,Product Launch,Entertainment,12,251249,514489,384937,38599,839,4772,9285,53495,13.897079262320847,153.2093660074269
POST04612,2026-07-31 09:00:00,Instagram,Reel,Festival Campaign,Community,15,475975,1125456,741374,35929,896,7953,18514,63292,8.537121614731566,155.75902095698305
POST04613,2026-07-31 12:00:00,Youtube,Text,Event Promotion,Education,15,168862,109338,78603,3010,171,441,1114,4736,6.025215322570386,46.54866103682297
POST04614,2026-07-31 15:00:00,Instagram,Reel,Special Campaign,Brand,11,113695,162957,92733,4828,214,1398,1151,7591,8.185866951354965,81.56295351598575
POST04615,2026-07-31 18:00:00,Instagram,Text,Brand Awareness,Community,17,222122,103606,83212,1769,49,240,769,2827,3.3973465365572277,37.462295495268364
POST04616,2026-07-31 21:00:00,Instagram,Video,Special Campaign,Entertainment,10,250953,726228,619803,49031,2321,5322,12024,68698,11.083844382811957,246.97971333277545
POST04617,2026-08-01 00:00:00,Facebook,Carousel,Event Promotion,Education,16,207996,185136,140724,7878,408,2205,3428,13919,9.890992296978483,67.65707032827555
POST04618,2026-08-01 03:00:00,Linkedin,Text,Educational Series,Event,6,238371,134851,76822,4099,79,591,820,5589,7.2752596912342815,32.22791363043323
POST04619,2026-08-01 06:00:00,Instagram,Carousel,Educational Series,Promotional,14,294712,569432,507933,35661,1615,3850,5275,46401,9.135259965389137,172.3489372675697
POST04620,2026-08-01 09:00:00,Linkedin,Reel,Product Launch,Promotional,5,113539,88142,54760,2134,118,311,602,3165,5.7797662527392255,48.230123569874664
POST04621,2026-08-01 12:00:00,Linkedin,Image,Special Campaign,Brand,5,280515,141171,84851,6026,346,703,789,7864,9.268010983960117,30.248293317647896
POST04622,2026-08-01 15:00:00,Facebook,Reel,Community Campaign,Entertainment,17,352991,541564,467277,36570,545,5584,4133,46832,10.022320807572383,132.37646285599348
POST04623,2026-08-01 18:00:00,Instagram,Image,Product Launch,Entertainment,18,61596,147733,119534,7436,81,1051,567,9135,7.642177121153813,194.06130268199234
POST04624,2026-08-01 21:00:00,Facebook,Carousel,Seasonal Campaign,Promotional,19,320459,494230,369273,24184,799,1581,7053,33617,9.103562946654643,115.23252584574001
POST04625,2026-08-02 00:00:00,Linkedin,Image,Community Campaign,Education,18,37191,41306,35195,1944,78,420,479,2921,8.299474357153004,94.63311016106047
POST04626,2026-08-02 03:00:00,Facebook,Reel,Community Campaign,Entertainment,1,137083,162949,99775,4752,266,1706,2451,9175,9.19569030318216,72.78437151214958
POST04627,2026-08-02 06:00:00,Instagram,Image,Community Campaign,Event,2,303052,386387,251632,8360,358,1333,3224,13275,5.275561136898328,83.03261486477568
POST04628,2026-08-02 09:00:00,Youtube,Video,Community Campaign,Event,13,152487,263660,185253,18000,702,1990,2420,23112,12.47591132127415,121.48773338055048
POST04629,2026-08-02 12:00:00,Facebook,Reel,Educational Series,Entertainment,21,60276,70363,56059,6648,194,388,678,7908,14.106566296223622,93.00384896144402
POST04630,2026-08-02 15:00:00,Youtube,Image,Special Campaign,Entertainment,3,67650,70324,52154,3208,43,95,641,3987,7.644667714844498,77.09386548410939
POST04631,2026-08-02 18:00:00,Instagram,Reel,Seasonal Campaign,Promotional,21,84427,217390,143939,15098,288,679,1491,17556,12.196833380807147,170.4892984471792
POST04632,2026-08-02 21:00:00,Instagram,Carousel,Educational Series,Brand,16,104369,129703,79598,6440,367,336,1235,8378,10.525390085178019,76.26594103613142
POST04633,2026-08-03 00:00:00,Facebook,Reel,Festival Campaign,Promotional,5,166478,131065,115556,9190,148,1319,2151,12808,11.083803523832602,69.4121745816264
POST04634,2026-08-03 03:00:00,Linkedin,Carousel,Seasonal Campaign,Brand,18,442552,260680,191337,5634,320,1058,1397,8409,4.394863513068565,43.23491928632116
POST04635,2026-08-03 06:00:00,Instagram,Reel,Educational Series,Event,8,114957,126914,85786,4556,160,1062,1445,7223,8.419788776723475,74.62442478491957
POST04636,2026-08-03 09:00:00,Linkedin,Reel,Product Launch,Brand,3,252872,351254,254032,19760,289,4854,5044,29947,11.788672293254393,100.45873010851341
POST04637,2026-08-03 12:00:00,Instagram,Text,Educational Series,Promotional,6,359460,198792,141934,3673,46,372,2157,6248,4.402046021390223,39.485339119790794
POST04638,2026-08-03 15:00:00,Facebook,Reel,Seasonal Campaign,Entertainment,3,59871,65661,51195,2367,110,362,1154,3993,7.7995898036917675,85.50884401463146
POST04639,2026-08-03 18:00:00,Facebook,Image,Seasonal Campaign,Brand,10,294365,301929,260532,17322,176,2271,2748,22517,8.642700320881888,88.50644607884769
POST04640,2026-08-03 21:00:00,Facebook,Reel,Product Launch,Promotional,21,41116,100336,67221,5061,198,1204,1105,7568,11.258386516118476,163.4910983558712
POST04641,2026-08-04 00:00:00,Linkedin,Image,Brand Awareness,Event,22,453006,406940,236919,18040,356,2900,5869,27165,11.46594405682955,52.29930729394313
POST04642,2026-08-04 03:00:00,Instagram,Image,Special Campaign,Community,1,256871,354599,196671,8116,317,1684,2376,12493,6.352232916901832,76.564111947242
POST04643,2026-08-04 06:00:00,Linkedin,Reel,Seasonal Campaign,Brand,9,493174,630106,448730,18200,634,4333,3785,26952,6.006284402647472,90.98817050371673
POST04644,2026-08-04 09:00:00,Instagram,Reel,Educational Series,Event,5,61474,102618,87873,5233,293,1257,1032,7815,8.893516779898263,142.94335816768066
POST04645,2026-08-04 12:00:00,Facebook,Image,Product Launch,Event,7,238091,175003,153214,10419,567,905,3366,15257,9.957967287584687,64.35102544825297
POST04646,2026-08-04 15:00:00,Facebook,Carousel,Community Campaign,Education,14,60100,56935,42676,3133,114,329,958,4534,10.624238447839534,71.00831946755409
POST04647,2026-08-04 18:00:00,Facebook,Video,Special Campaign,Community,12,137982,261598,161978,12485,634,2418,1583,17120,10.569336576572127,117.39067414590309
POST04648,2026-08-04 21:00:00,Instagram,Image,Seasonal Campaign,Brand,21,268668,310451,267856,11131,259,2117,6154,19661,7.3401379845887345,99.69776824928908
POST04649,2026-08-05 00:00:00,Linkedin,Image,Special Campaign,Promotional,1,287560,250401,224039,13285,767,2559,720,17331,7.735706729631894,77.91034914452636
POST04650,2026-08-05 03:00:00,Instagram,Reel,Special Campaign,Brand,19,35251,63791,56540,1636,69,811,901,3417,6.043509020162716,160.39261297551843
POST04651,2026-08-05 06:00:00,Instagram,Reel,Event Promotion,Brand,0,440290,489244,421696,20373,1041,3706,3960,29080,6.895962968584003,95.77687433282608
POST04652,2026-08-05 09:00:00,Facebook,Reel,Special Campaign,Community,14,478663,591898,382646,18900,1041,1902,9144,30987,8.098085436669924,79.94058450308464
POST04653,2026-08-05 12:00:00,Youtube,Reel,Community Campaign,Event,6,470900,732844,403238,44566,1997,5385,10014,61962,15.366111328793416,85.63134423444468
POST04654,2026-08-05 15:00:00,Facebook,Reel,Festival Campaign,Event,23,263148,220503,130555,6337,271,1691,3170,11469,8.784803339588679,49.61276543998054
POST04655,2026-08-05 18:00:00,Instagram,Image,Special Campaign,Event,17,279463,179577,116056,7191,87,1318,1844,10440,8.995657268904667,41.528216615437465
POST04656,2026-08-05 21:00:00,Instagram,Image,Seasonal Campaign,Event,9,228772,422478,255411,19466,422,913,4615,25416,9.951020120511647,111.64434458762436
POST04657,2026-08-06 00:00:00,Facebook,Text,Product Launch,Community,14,336966,454915,323309,14376,642,3055,1577,19650,6.077776987340284,95.94706884374091
POST04658,2026-08-06 03:00:00,Youtube,Reel,Community Campaign,Promotional,4,219076,149251,109059,3514,109,461,781,4865,4.460888143115194,49.781354415819166
POST04659,2026-08-06 06:00:00,Instagram,Carousel,Educational Series,Entertainment,23,464796,630730,412643,23466,446,3821,7147,34880,8.452827262306643,88.77937848002134
POST04660,2026-08-06 09:00:00,Facebook,Video,Educational Series,Education,10,206372,215406,140642,12236,503,359,436,13534,9.623014462251675,68.14974899695694
POST04661,2026-08-06 12:00:00,Youtube,Image,Seasonal Campaign,Event,7,63655,58783,38999,3080,86,139,857,4162,10.672068514577298,61.266200612677714
POST04662,2026-08-06 15:00:00,Facebook,Reel,Brand Awareness,Event,20,415243,685489,413788,24155,434,4432,5947,34968,8.450704225352112,99.64960276271965
POST04663,2026-08-06 18:00:00,Youtube,Reel,Event Promotion,Education,7,109091,140572,107837,3752,115,726,971,5564,5.159639084915196,98.85050095791587
POST04664,2026-08-06 21:00:00,Facebook,Reel,Seasonal Campaign,Event,5,163016,168177,110834,4433,150,698,411,5692,5.1356082068679285,67.98964518820239
POST04665,2026-08-07 00:00:00,Facebook,Reel,Product Launch,Entertainment,14,282459,645188,369640,41031,1212,1309,8822,52374,14.168921112433718,130.8650104970987
POST04666,2026-08-07 03:00:00,Facebook,Carousel,Community Campaign,Brand,14,230741,253687,151992,6593,377,1069,2946,10985,7.227354071266909,65.87125825059266
POST04667,2026-08-07 06:00:00,Instagram,Reel,Event Promotion,Education,4,187829,189151,146832,5515,153,2802,2898,11368,7.742181540808543,78.17323203552166
POST04668,2026-08-07 09:00:00,Facebook,Reel,Brand Awareness,Promotional,12,275053,394660,345500,16119,180,5059,7391,28749,8.320984081041969,125.61215474835758
POST04669,2026-08-07 12:00:00,Facebook,Carousel,Seasonal Campaign,Education,13,118834,141949,82790,4399,220,184,559,5362,6.476627612030439,69.66861335981285
POST04670,2026-08-07 15:00:00,Facebook,Video,Festival Campaign,Entertainment,10,437484,780593,639290,65934,2016,5806,12139,85895,13.435999311736458,146.12877270940194
POST04671,2026-08-07 18:00:00,Instagram,Image,Event Promotion,Community,19,128898,221935,190178,13349,491,1761,1122,16723,8.793340975296827,147.5414668963056
POST04672,2026-08-07 21:00:00,Linkedin,Carousel,Brand Awareness,Promotional,20,333155,410651,335045,23174,577,4801,5879,34431,10.276530018355743,100.56730350737644
POST04673,2026-08-08 00:00:00,Facebook,Image,Seasonal Campaign,Brand,11,477760,348730,215614,15519,240,2889,2267,20915,9.700204995965011,45.13019089082385
POST04674,2026-08-08 03:00:00,Instagram,Reel,Special Campaign,Event,19,483509,1055051,600388,58762,2105,4407,13862,79136,13.180809743032839,124.17307640602347
POST04675,2026-08-08 06:00:00,Youtube,Image,Seasonal Campaign,Education,0,60640,53988,30489,1488,49,349,280,2166,7.104201515300599,50.27869393139842
POST04676,2026-08-08 09:00:00,Linkedin,Image,Product Launch,Promotional,2,395946,337928,252090,6934,209,1312,847,9302,3.689952001269388,63.66777287811974
POST04677,2026-08-08 12:00:00,Instagram,Text,Seasonal Campaign,Education,7,181039,140546,84124,3999,169,247,644,5059,6.01374161951405,46.46733576743133
POST04678,2026-08-08 15:00:00,Linkedin,Reel,Festival Campaign,Brand,22,111331,103697,86604,3904,193,705,562,5364,6.193709297492032,77.78965427419138
POST04679,2026-08-08 18:00:00,Facebook,Image,Seasonal Campaign,Education,11,48798,50787,43138,1466,52,453,140,2111,4.893597292410404,88.40116398213041
POST04680,2026-08-08 21:00:00,Facebook,Reel,Educational Series,Promotional,14,475004,432375,326184,19890,970,5453,7814,34127,10.46249969342457,68.66973751799985
POST04681,2026-08-09 00:00:00,Instagram,Image,Brand Awareness,Entertainment,22,128262,76222,49556,1507,89,253,518,2367,4.776414561304383,38.6365408304876
POST04682,2026-08-09 03:00:00,Instagram,Reel,Special Campaign,Community,2,381515,524363,399143,38857,1808,2895,1542,45102,11.299709627877728,104.62052606057428
POST04683,2026-08-09 06:00:00,Linkedin,Reel,Educational Series,Promotional,21,313605,262885,197704,10050,597,3019,4671,18337,9.274976732893618,63.042362207235215
POST04684,2026-08-09 09:00:00,Instagram,Video,Seasonal Campaign,Education,7,381175,445154,303908,27172,1122,4763,2416,35473,11.67228240125301,79.72925821473076
POST04685,2026-08-09 12:00:00,Facebook,Image,Festival Campaign,Brand,23,364307,241655,162251,8014,444,655,2729,11842,7.29856826768402,44.53688784459261
POST04686,2026-08-09 15:00:00,Instagram,Image,Brand Awareness,Event,18,345640,629362,490768,31707,395,1477,7250,40829,8.319409578456623,141.98819581067005
POST04687,2026-08-09 18:00:00,Instagram,Reel,Brand Awareness,Event,19,111897,191571,161754,11652,659,1787,1772,15870,9.811194777254348,144.55615432049115
POST04688,2026-08-09 21:00:00,Instagram,Reel,Seasonal Campaign,Brand,5,86247,124312,89790,8401,331,497,368,9597,10.68827263615102,104.10796897283383
POST04689,2026-08-10 00:00:00,Youtube,Image,Festival Campaign,Education,17,162157,185297,160187,4255,223,1980,3156,9614,6.001735471667489,98.78512799324112
POST04690,2026-08-10 03:00:00,Linkedin,Video,Product Launch,Community,10,113262,138822,118515,10570,545,2046,1375,14536,12.265114120575454,104.63791916088361
POST04691,2026-08-10 06:00:00,Instagram,Text,Special Campaign,Brand,11,486676,293610,211436,4229,101,1653,4261,10244,4.844964906638415,43.44492023440647
POST04692,2026-08-10 09:00:00,Instagram,Image,Brand Awareness,Education,22,101085,112044,83794,2022,77,194,1582,3875,4.624436117144426,82.894593658802
POST04693,2026-08-10 12:00:00,Instagram,Image,Special Campaign,Promotional,1,147061,80571,66238,4732,216,153,784,5885,8.884628159062775,45.04117339063382
POST04694,2026-08-10 15:00:00,Youtube,Video,Festival Campaign,Community,4,340996,251238,185805,18566,743,2350,2689,24348,13.104060708807621,54.48890896080892
POST04695,2026-08-10 18:00:00,Youtube,Image,Event Promotion,Entertainment,3,225070,153530,107713,5541,55,201,1506,7303,6.780054403832407,47.857555427200424
POST04696,2026-08-10 21:00:00,Linkedin,Image,Educational Series,Education,8,128293,58550,43116,1306,68,396,600,2370,5.496799332034512,33.60744545688385
POST04697,2026-08-11 00:00:00,Youtube,Reel,Brand Awareness,Event,12,284704,651233,556543,52031,1398,7448,6161,67038,12.045430451914767,195.48127177700349
POST04698,2026-08-11 03:00:00,Youtube,Carousel,Event Promotion,Event,12,238131,422295,282015,19771,293,990,6997,28051,9.946634044288425,118.42851203749196
POST04699,2026-08-11 06:00:00,Instagram,Image,Brand Awareness,Community,14,39944,44641,36754,1360,38,392,361,2151,5.852424225934592,92.01381934708593
POST04700,2026-08-11 09:00:00,Linkedin,Video,Product Launch,Entertainment,1,349857,536344,392422,20333,859,2915,2238,26345,6.713436045889375,112.16639941461797
POST04701,2026-08-11 12:00:00,Instagram,Video,Seasonal Campaign,Education,22,266597,263601,232001,17397,988,1460,2740,22585,9.734871832448997,87.02310978743196
POST04702,2026-08-11 15:00:00,Instagram,Reel,Festival Campaign,Entertainment,12,473377,1221475,1032453,85306,3670,11986,19018,119980,11.620867971713967,218.10375240030675
POST04703,2026-08-11 18:00:00,Facebook,Carousel,Brand Awareness,Promotional,6,40098,48241,34910,960,48,266,530,1804,5.1675737610999715,87.06169883784727
POST04704,2026-08-11 21:00:00,Youtube,Video,Festival Campaign,Entertainment,22,252454,538885,347955,22463,640,3106,7046,33255,9.557270336681468,137.829069850349
POST04705,2026-08-12 00:00:00,Youtube,Reel,Community Campaign,Promotional,16,47475,39764,26608,2553,93,109,281,3036,11.410102224894768,56.0463401790416
POST04706,2026-08-12 03:00:00,Youtube,Reel,Brand Awareness,Event,7,455952,772829,443976,32270,1726,5423,8758,48177,10.851262230390832,97.37340772712916
POST04707,2026-08-12 06:00:00,Facebook,Reel,Product Launch,Promotional,17,172488,173439,139981,8670,206,1796,3304,13976,9.984212143076562,81.15405129632207
POST04708,2026-08-12 09:00:00,Instagram,Image,Product Launch,Education,14,279381,317897,189598,7243,190,758,588,8779,4.6303231046741,67.86359845515622
POST04709,2026-08-12 12:00:00,Facebook,Image,Seasonal Campaign,Community,14,230728,232835,183994,13239,236,2361,2672,18508,10.059023663815124,79.74498110329046
POST04710,2026-08-12 15:00:00,Facebook,Image,Seasonal Campaign,Community,4,398482,364454,273486,6630,193,3005,3620,13448,4.91725353400174,68.63195828167898
POST04711,2026-08-12 18:00:00,Youtube,Reel,Event Promotion,Education,1,22948,17133,9700,662,16,44,128,850,8.762886597938143,42.26947882168381
POST04712,2026-08-12 21:00:00,Youtube,Video,Product Launch,Education,15,153592,126586,108033,4754,92,1240,2140,8226,7.614340062758601,70.33764779415594
POST04713,2026-08-13 00:00:00,Instagram,Reel,Festival Campaign,Education,4,223877,186992,155683,10253,120,2931,2539,15843,10.176448295574984,69.53952393501788
POST04714,2026-08-13 03:00:00,Facebook,Reel,Community Campaign,Brand,22,409438,325135,262931,18803,253,1145,4061,24262,9.22751596426439,64.2175372095409
POST04715,2026-08-13 06:00:00,Youtube,Image,Special Campaign,Promotional,5,82976,40536,27204,528,13,251,174,966,3.5509483899426555,32.78538372541458
POST04716,2026-08-13 09:00:00,Instagram,Image,Product Launch,Education,11,164408,297382,200147,4040,118,2077,1372,7607,3.8007064807366584,121.7379932849983
POST04717,2026-08-13 12:00:00,Youtube,Reel,Brand Awareness,Community,4,211184,200359,176048,13903,568,1796,3306,19573,11.117990548032356,83.36237593757103
POST04718,2026-08-13 15:00:00,Linkedin,Reel,Special Campaign,Entertainment,19,261806,297279,227863,9395,232,2705,5088,17420,7.644944550014701,87.0350564922118
POST04719,2026-08-13 18:00:00,Youtube,Reel,Special Campaign,Entertainment,7,296164,582892,441590,28185,734,7765,8850,45534,10.311374804683076,149.10319957861185
POST04720,2026-08-13 21:00:00,Linkedin,Carousel,Product Launch,Brand,10,112816,150745,124738,2686,51,613,2681,6031,4.834934021709503,110.56764997872641
POST04721,2026-08-14 00:00:00,Instagram,Video,Community Campaign,Promotional,13,346710,745011,557296,46053,1452,1676,11835,61016,10.948580287674773,160.73836924230625
POST04722,2026-08-14 03:00:00,Instagram,Image,Festival Campaign,Promotional,23,391158,559505,397110,24091,987,3497,6760,35335,8.898038326911939,101.52163575844033
POST04723,2026-08-14 06:00:00,Instagram,Carousel,Brand Awareness,Promotional,16,167818,110006,91290,3048,106,1174,309,4637,5.079417241757038,54.398217116161554
POST04724,2026-08-14 09:00:00,Youtube,Carousel,Event Promotion,Community,9,274601,497599,428109,23604,591,6522,1614,32331,7.552048660504685,155.90219991915544
POST04725,2026-08-14 12:00:00,Instagram,Reel,Event Promotion,Community,1,349936,487310,289803,10892,612,1214,926,13644,4.708025796834401,82.81600064011705
POST04726,2026-08-14 15:00:00,Instagram,Text,Event Promotion,Brand,2,387800,330869,215620,3965,183,751,5343,10242,4.750023188943512,55.600825167612165
POST04727,2026-08-14 18:00:00,Linkedin,Video,Seasonal Campaign,Promotional,12,375392,642806,516052,17635,261,5931,8039,31866,6.174959112647563,137.47016452135367
POST04728,2026-08-14 21:00:00,Facebook,Reel,Brand Awareness,Promotional,16,98372,142555,113388,7693,460,701,912,9766,8.612904363777472,115.26450616028951
POST04729,2026-08-15 00:00:00,Facebook,Reel,Special Campaign,Education,2,176783,218758,150046,5058,196,2921,2916,11091,7.39173320181811,84.87580819422682
POST04730,2026-08-15 03:00:00,Instagram,Reel,Event Promotion,Promotional,9,286502,362340,285792,19962,1069,5013,1320,27364,9.574795655581681,99.75218323083259
POST04731,2026-08-15 06:00:00,Instagram,Reel,Seasonal Campaign,Community,7,162411,259695,227510,7962,216,739,3634,12551,5.516680585468771,140.082876159866
POST04732,2026-08-15 09:00:00,Instagram,Carousel,Product Launch,Education,3,52039,81251,51987,1040,35,745,657,2477,4.7646527016369475,99.90007494379216
POST04733,2026-08-15 12:00:00,Facebook,Image,Special Campaign,Education,12,402129,405245,336047,13281,782,790,1358,16211,4.824027591378587,83.56696482969396
POST04734,2026-08-15 15:00:00,Linkedin,Video,Brand Awareness,Promotional,6,303389,165852,131697,5272,258,838,767,7135,5.417739204385825,43.40862720797392
POST04735,2026-08-15 18:00:00,Youtube,Carousel,Brand Awareness,Entertainment,6,149024,228985,162434,8748,413,348,3921,13430,8.267973453833557,108.99855056903587
POST04736,2026-08-15 21:00:00,Instagram,Carousel,Brand Awareness,Event,15,263859,178696,102597,5841,167,716,456,7180,6.998255309609442,38.88326719952702
POST04737,2026-08-16 00:00:00,Youtube,Carousel,Educational Series,Community,4,299403,330576,242912,8026,230,3041,4884,16181,6.661260044789882,81.13211958464011
POST04738,2026-08-16 03:00:00,Instagram,Reel,Seasonal Campaign,Entertainment,16,81086,203575,179601,16447,302,2347,4416,23512,13.091241140082738,221.49446266926472
POST04739,2026-08-16 06:00:00,Instagram,Reel,Special Campaign,Promotional,9,206179,360472,242530,21328,956,3693,1578,27555,11.361481053890241,117.63079654086982
POST04740,2026-08-16 09:00:00,Facebook,Carousel,Festival Campaign,Promotional,3,223737,174935,114991,7238,361,306,2454,10359,9.008531102434103,51.39561181208294
POST04741,2026-08-16 12:00:00,Facebook,Reel,Educational Series,Entertainment,22,204075,197011,130967,10999,476,1762,464,13701,10.461413943970618,64.1759157172608
POST04742,2026-08-16 15:00:00,Instagram,Reel,Educational Series,Promotional,13,199861,462491,390873,41635,1519,2948,8287,54389,13.914749803644662,195.57242283386952
POST04743,2026-08-16 18:00:00,Instagram,Video,Educational Series,Community,4,258720,300381,196799,15474,267,3001,3725,22467,11.41621654581578,76.06640383426098
POST04744,2026-08-16 21:00:00,Linkedin,Carousel,Festival Campaign,Education,1,453789,337086,187139,13942,214,2357,2083,18596,9.936998701499956,41.239210293770896
POST04745,2026-08-17 00:00:00,Instagram,Reel,Educational Series,Brand,13,469024,872094,692758,26106,323,10442,4436,41307,5.962688269208007,147.7020365695572
POST04746,2026-08-17 03:00:00,Instagram,Carousel,Event Promotion,Promotional,23,192660,201930,124457,10403,192,771,1966,13332,10.712133507958573,64.59929409322122
POST04747,2026-08-17 06:00:00,Instagram,Video,Brand Awareness,Promotional,17,358891,455552,324015,18284,996,4549,1628,25457,7.856735027699335,90.28228626518914
POST04748,2026-08-17 09:00:00,Instagram,Reel,Special Campaign,Entertainment,23,246805,578233,494108,22124,234,6628,5527,34513,6.984910181579735,200.20177873219745
POST04749,2026-08-17 12:00:00,Instagram,Reel,Special Campaign,Education,10,150196,381443,309381,15287,527,2984,2980,21778,7.039217017205322,205.98484646728275
POST04750,2026-08-17 15:00:00,Facebook,Text,Brand Awareness,Entertainment,15,101164,39403,29470,1012,42,206,230,1490,5.05598914149983,29.13091613617492
POST04751,2026-08-17 18:00:00,Instagram,Reel,Seasonal Campaign,Community,17,439516,390577,337428,11266,186,4968,5134,21554,6.387733086762212,76.77263171306619
POST04752,2026-08-17 21:00:00,Youtube,Reel,Product Launch,Entertainment,15,198164,340840,256049,26714,470,2583,4035,33802,13.201379423469724,129.21065380190146
POST04753,2026-08-18 00:00:00,Facebook,Image,Community Campaign,Promotional,20,365192,453818,271838,19081,445,702,4846,25074,9.223875984961632,74.43700847773226
POST04754,2026-08-18 03:00:00,Youtube,Video,Event Promotion,Education,3,499697,458216,395397,13451,138,1778,8200,23567,5.960338596398051,79.12735117481193
POST04755,2026-08-18 06:00:00,Linkedin,Reel,Festival Campaign,Community,0,250395,363771,304506,16055,887,3850,6554,27346,8.980447019106357,121.61025579584258
POST04756,2026-08-18 09:00:00,Linkedin,Reel,Community Campaign,Promotional,13,461624,397496,346694,10482,276,3345,1264,15367,4.43243898077267,75.1031142228307
POST04757,2026-08-18 12:00:00,Instagram,Reel,Brand Awareness,Community,11,404406,356453,255570,26226,925,2463,3496,33110,12.955354697343195,63.196391744929606
POST04758,2026-08-18 15:00:00,Facebook,Text,Educational Series,Promotional,23,236919,99080,89154,1592,50,905,1624,4171,4.678421607555466,37.63058260418118
POST04759,2026-08-18 18:00:00,Youtube,Reel,Special Campaign,Promotional,9,85124,204483,127100,4614,217,2102,442,7375,5.80251770259638,149.31159250035242
POST04760,2026-08-18 21:00:00,Linkedin,Image,Seasonal Campaign,Promotional,18,317753,200851,162555,4572,99,889,599,6159,3.788871458890837,51.157660195183055
POST04761,2026-08-19 00:00:00,Youtube,Text,Seasonal Campaign,Brand,3,424355,277612,163195,8931,399,329,3019,12678,7.768620362143448,38.45718796762145
POST04762,2026-08-19 03:00:00,Linkedin,Reel,Product Launch,Event,19,189317,286696,160756,5348,75,1342,1172,7937,4.9372962751001515,84.9136633265898
POST04763,2026-08-19 06:00:00,Facebook,Text,Product Launch,Education,20,258242,277978,213827,11349,486,537,2552,14924,6.979474060806165,82.80101610117642
POST04764,2026-08-19 09:00:00,Instagram,Text,Brand Awareness,Brand,2,463376,173465,154418,7917,220,1286,2343,11766,7.619578028468184,33.32455716308139
POST04765,2026-08-19 12:00:00,Youtube,Video,Event Promotion,Event,3,234218,325110,208260,20999,485,1964,1965,25413,12.202535292422933,88.91716264334936
POST04766,2026-08-19 15:00:00,Instagram,Reel,Seasonal Campaign,Community,14,201859,226042,135471,8184,133,1222,2491,12030,8.880129326571739,67.11169677844437
POST04767,2026-08-19 18:00:00,Linkedin,Carousel,Community Campaign,Event,10,180024,256542,143845,10381,281,1717,510,12889,8.960339254058187,79.90323512420566
POST04768,2026-08-19 21:00:00,Instagram,Video,Product Launch,Event,15,84403,194765,148859,4720,266,1310,2399,8695,5.841097951753001,176.3669537812637
POST04769,2026-08-20 00:00:00,Facebook,Text,Special Campaign,Brand,3,492320,251092,160731,9448,307,626,2046,12427,7.731551474202239,32.64766818329542
POST04770,2026-08-20 03:00:00,Instagram,Reel,Special Campaign,Education,5,273021,507401,368288,25290,841,2969,5283,34383,9.33590016508819,134.8936528691932
POST04771,2026-08-20 06:00:00,Instagram,Video,Brand Awareness,Entertainment,7,241507,207304,157122,14908,299,1703,947,17857,11.36505390715495,65.05898379757107
POST04772,2026-08-20 09:00:00,Youtube,Reel,Event Promotion,Event,12,97538,234880,154587,13395,710,1890,3391,19386,12.54051116846824,158.488999159302
POST04773,2026-08-20 12:00:00,Instagram,Reel,Brand Awareness,Entertainment,22,420745,661968,456480,21054,928,1526,6624,30132,6.600946372239748,108.49326789385493
POST04774,2026-08-20 15:00:00,Facebook,Image,Brand Awareness,Entertainment,19,234677,255470,177747,12296,275,1119,1396,15086,8.487344371494315,75.74112503568735
POST04775,2026-08-20 18:00:00,Instagram,Video,Event Promotion,Promotional,3,330622,276374,196163,18893,1105,1076,1104,22178,11.305903763706713,59.3315024408539
POST04776,2026-08-20 21:00:00,Facebook,Image,Event Promotion,Entertainment,4,82525,67160,52180,1479,43,109,1252,2883,5.525105404369491,63.22932444713724
POST04777,2026-08-21 00:00:00,Instagram,Image,Event Promotion,Community,9,89248,68963,46124,3273,188,156,1127,4744,10.285317838869137,51.68070993187522
POST04778,2026-08-21 03:00:00,Instagram,Text,Special Campaign,Community,4,149210,136029,87973,1732,95,333,946,3106,3.5306287156286587,58.959185041217076
POST04779,2026-08-21 06:00:00,Instagram,Image,Special Campaign,Promotional,11,478307,464021,309007,13099,256,1922,5425,20702,6.699524606238693,64.60432316482928
POST04780,2026-08-21 09:00:00,Instagram,Carousel,Brand Awareness,Education,0,321970,354043,240146,14895,636,1120,2650,19301,8.037194040292157,74.58645215392738
POST04781,2026-08-21 12:00:00,Instagram,Image,Product Launch,Education,23,471101,578061,432950,26284,386,1173,6869,34712,8.017553990068137,91.9017365702896
POST04782,2026-08-21 15:00:00,Instagram,Image,Festival Campaign,Community,9,301472,519144,347823,14437,555,3860,2086,20938,6.019728425089773,115.3748938541556
POST04783,2026-08-21 18:00:00,Youtube,Carousel,Festival Campaign,Promotional,4,103247,134967,100509,6008,260,1143,1697,9108,9.061875055965137,97.34810696678838
POST04784,2026-08-21 21:00:00,Instagram,Text,Brand Awareness,Education,18,288050,205904,117521,5568,315,926,1171,7980,6.7902757804988045,40.79881964936643
POST04785,2026-08-22 00:00:00,Youtube,Image,Brand Awareness,Event,18,274590,179658,121148,3336,81,1033,2978,7428,6.1313434807012905,44.119596489311334
POST04786,2026-08-22 03:00:00,Instagram,Video,Product Launch,Education,19,311251,530831,292973,9838,241,2899,3495,16473,5.6227024333300335,94.12756906805119
POST04787,2026-08-22 06:00:00,Linkedin,Reel,Event Promotion,Promotional,11,333556,585631,381818,36925,785,1560,4317,43587,11.415648293165855,114.46893475158595
POST04788,2026-08-22 09:00:00,Linkedin,Reel,Brand Awareness,Community,22,103349,112611,73676,7788,360,687,1673,10508,14.26244638688311,71.28854657519666
POST04789,2026-08-22 12:00:00,Youtube,Image,Seasonal Campaign,Event,15,276817,359673,221651,10941,212,1937,2446,15536,7.009217192794077,80.07131064927371
POST04790,2026-08-22 15:00:00,Instagram,Reel,Special Campaign,Entertainment,4,422369,916263,525226,42427,726,5101,7994,56248,10.709294665534456,124.35240275683111
POST04791,2026-08-22 18:00:00,Instagram,Reel,Educational Series,Entertainment,16,328357,738960,504584,41857,1356,1646,9529,54388,10.778780143643079,153.66932941889468
POST04792,2026-08-22 21:00:00,Linkedin,Image,Event Promotion,Entertainment,13,182751,193024,118351,9175,458,1337,472,11442,9.667852405133882,64.76079474257322
POST04793,2026-08-23 00:00:00,Instagram,Reel,Seasonal Campaign,Community,11,395776,772120,613020,20623,1202,10774,5403,38002,6.199145215490522,154.8906452134541
POST04794,2026-08-23 03:00:00,Instagram,Reel,Special Campaign,Promotional,12,104388,279409,191244,7713,188,1307,1547,10755,5.623705841751899,183.2049660880561
POST04795,2026-08-23 06:00:00,Instagram,Image,Brand Awareness,Entertainment,20,395102,803400,475882,27802,1137,4286,10047,43272,9.093010452170915,120.44535335179269
POST04796,2026-08-23 09:00:00,Instagram,Image,Educational Series,Education,13,432828,546232,482281,10267,169,1942,9548,21926,4.54631221217506,111.42555472381639
POST04797,2026-08-23 12:00:00,Instagram,Text,Seasonal Campaign,Entertainment,4,50907,49185,42071,950,21,441,141,1553,3.6913788595469565,82.642858545976
POST04798,2026-08-23 15:00:00,Facebook,Carousel,Community Campaign,Brand,21,115707,153920,113585,7287,412,657,1154,9510,8.372584408152486,98.16605736904422
POST04799,2026-08-23 18:00:00,Instagram,Image,Product Launch,Community,22,411329,447121,274527,7215,352,3379,2365,13311,4.848703406222339,66.74146486146127
POST04800,2026-08-23 21:00:00,Facebook,Text,Special Campaign,Brand,4,335695,255228,214107,6569,217,1112,969,8867,4.141387250300084,63.7802171614114
POST04801,2026-08-24 00:00:00,Instagram,Video,Educational Series,Entertainment,17,494200,816147,523557,56048,1171,2196,2550,61965,11.835387550925686,105.94030756778632
POST04802,2026-08-24 03:00:00,Instagram,Reel,Brand Awareness,Entertainment,13,155038,226788,161525,18157,656,846,1297,20956,12.973843058350102,104.18413550226396
POST04803,2026-08-24 06:00:00,Linkedin,Reel,Festival Campaign,Brand,17,127412,101466,73879,7517,138,462,436,8553,11.577038129915133,57.984334285624584
POST04804,2026-08-24 09:00:00,Instagram,Carousel,Seasonal Campaign,Community,19,205505,493482,421367,18712,784,4324,7701,31521,7.480652258007865,205.03978005401328
POST04805,2026-08-24 12:00:00,Facebook,Image,Brand Awareness,Community,0,172473,127383,88664,1888,24,1080,521,3513,3.9621492375710545,51.40746667594348
POST04806,2026-08-24 15:00:00,Youtube,Video,Festival Campaign,Entertainment,6,172611,254319,228290,21246,1051,2836,2186,27319,11.966796618336327,132.2569245297229
POST04807,2026-08-24 18:00:00,Instagram,Carousel,Product Launch,Community,16,316162,319262,246239,18575,366,1592,1159,21692,8.809327523259922,77.88380640304653
POST04808,2026-08-24 21:00:00,Linkedin,Carousel,Product Launch,Event,2,341686,315463,234253,20312,454,2127,3469,26362,11.253644563783602,68.55797428047974
POST04809,2026-08-25 00:00:00,Instagram,Text,Event Promotion,Community,9,483440,364326,294898,6124,203,1666,2247,10240,3.472387062645389,60.99991725963925
POST04810,2026-08-25 03:00:00,Linkedin,Image,Seasonal Campaign,Brand,6,83534,56716,43624,1512,18,91,543,2164,4.960572162112598,52.22304690305744
POST04811,2026-08-25 06:00:00,Instagram,Reel,Event Promotion,Promotional,11,237065,518054,394089,42488,983,3759,1200,48430,12.289102207876901,166.23668614093182
POST04812,2026-08-25 09:00:00,Linkedin,Video,Festival Campaign,Brand,21,56555,79824,57108,2425,83,425,1154,4087,7.15661553547664,100.97780921227124
POST04813,2026-08-25 12:00:00,Instagram,Reel,Festival Campaign,Education,14,116915,306034,237518,7889,160,2168,1834,12051,5.0737207285342585,203.15442843091134
POST04814,2026-08-25 15:00:00,Youtube,Video,Product Launch,Event,22,292614,247658,184675,7208,128,2968,908,11212,6.071206173006633,63.11215457907004
POST04815,2026-08-25 18:00:00,Facebook,Text,Educational Series,Promotional,20,320570,201975,134570,4821,76,852,2427,8176,6.075648361447573,41.97835106217051
POST04816,2026-08-25 21:00:00,Linkedin,Carousel,Festival Campaign,Entertainment,15,225801,131234,92623,2850,38,833,1164,4885,5.274067996070091,41.01974747676051
POST04817,2026-08-26 00:00:00,Linkedin,Image,Festival Campaign,Education,7,335068,164765,96951,1766,26,656,616,3064,3.1603593567884807,28.93472369787625
POST04818,2026-08-26 03:00:00,Facebook,Image,Seasonal Campaign,Education,5,251588,97848,61111,2626,67,600,899,4192,6.859648835725156,24.29010922619521
POST04819,2026-08-26 06:00:00,Linkedin,Image,Educational Series,Event,3,387411,269479,179967,8779,251,1992,667,11689,6.495079653492029,46.453766155323414
POST04820,2026-08-26 09:00:00,Instagram,Image,Event Promotion,Promotional,10,341098,381003,296437,13529,252,3337,996,18114,6.110573241531927,86.90669543650212
POST04821,2026-08-26 12:00:00,Instagram,Carousel,Event Promotion,Education,16,406651,686719,387059,19230,343,1059,2338,22970,5.934495774546,95.18210947470928
POST04822,2026-08-26 15:00:00,Instagram,Video,Festival Campaign,Promotional,1,187831,128201,105740,9961,345,1063,1490,12859,12.160960847361453,56.295286720509395
POST04823,2026-08-26 18:00:00,Instagram,Carousel,Seasonal Campaign,Promotional,5,488047,602985,406209,24795,903,5838,1238,32774,8.068260427513914,83.23153302858127
POST04824,2026-08-26 21:00:00,Instagram,Reel,Event Promotion,Community,3,296879,606820,363343,14734,322,4011,5749,24816,6.829910029916634,122.38757204113459
POST04825,2026-08-27 00:00:00,Youtube,Image,Event Promotion,Education,2,67011,35139,28821,1218,61,314,436,2029,7.040005551507582,43.00935667278507
POST04826,2026-08-27 03:00:00,Instagram,Video,Community Campaign,Promotional,6,392865,529026,462820,43493,2156,3832,7141,56622,12.234129899312908,117.80637114530437
POST04827,2026-08-27 06:00:00,Facebook,Image,Seasonal Campaign,Event,6,481784,501487,373046,17261,912,1134,2581,21888,5.867372924518692,77.43013466615744
POST04828,2026-08-27 09:00:00,Instagram,Image,Event Promotion,Education,15,260381,299691,239273,5986,324,1351,2094,9755,4.07693304300945,91.89341772249128
POST04829,2026-08-27 12:00:00,Instagram,Video,Product Launch,Event,1,407517,619314,387329,17779,612,5258,2403,26052,6.726064921552479,95.04609623647603
POST04830,2026-08-27 15:00:00,Youtube,Carousel,Brand Awareness,Event,7,318815,301392,268690,22340,449,1369,2424,26582,9.893185455357475,84.27771591675423
POST04831,2026-08-27 18:00:00,Facebook,Image,Festival Campaign,Promotional,14,405052,525502,382260,24503,592,5107,5889,36091,9.44147962120023,94.37306814927466
POST04832,2026-08-27 21:00:00,Facebook,Video,Special Campaign,Promotional,15,246505,324955,289835,20906,470,4978,2672,29026,10.014663515448445,117.57773675990344
POST04833,2026-08-28 00:00:00,Facebook,Reel,Festival Campaign,Community,0,439052,317151,176989,9724,267,3417,648,14056,7.9417364920983795,40.31162595774532
POST04834,2026-08-28 03:00:00,Instagram,Text,Product Launch,Community,9,384118,675642,377218,17839,738,3683,6180,28440,7.539406921196762,98.20367699509005
POST04835,2026-08-28 06:00:00,Youtube,Reel,Special Campaign,Education,6,271487,392462,217702,13594,322,2824,4306,21046,9.667343432765891,80.18873831896187
POST04836,2026-08-28 09:00:00,Instagram,Reel,Brand Awareness,Community,15,368958,573702,379546,18363,915,3658,3697,26633,7.017067759902621,102.86970332666591
POST04837,2026-08-28 12:00:00,Instagram,Video,Brand Awareness,Entertainment,9,148338,355958,278315,26491,1529,1185,4996,34201,12.288593859475775,187.62218716714528
POST04838,2026-08-28 15:00:00,Youtube,Reel,Product Launch,Education,11,238510,456716,406713,35417,1659,5584,6370,49030,12.055183876591109,170.52240996184648
POST04839,2026-08-28 18:00:00,Instagram,Carousel,Educational Series,Event,16,80854,55042,30834,827,39,369,427,1662,5.390153726405916,38.13540455636085
POST04840,2026-08-28 21:00:00,Instagram,Video,Educational Series,Community,12,333632,535861,417377,18777,641,7268,6692,33378,7.997086566820884,125.10100949549204
POST04841,2026-08-29 00:00:00,Linkedin,Video,Brand Awareness,Community,11,56091,76706,60732,5242,106,942,1228,7518,12.378976486860305,108.27405466117558
POST04842,2026-08-29 03:00:00,Linkedin,Text,Educational Series,Community,14,158192,126205,99252,4090,63,358,343,4854,4.8905815499939544,62.74147870941641
POST04843,2026-08-29 06:00:00,Instagram,Reel,Educational Series,Promotional,13,27859,68859,50068,1754,47,914,278,2993,5.97787009666853,179.71930076456442
POST04844,2026-08-29 09:00:00,Instagram,Carousel,Educational Series,Event,18,249475,206911,133054,6625,232,1094,1182,9133,6.864130353089723,53.33360056117847
POST04845,2026-08-29 12:00:00,Instagram,Reel,Brand Awareness,Community,18,443827,683050,456341,46853,2577,4736,2506,56672,12.418783322120957,102.81956708357085
POST04846,2026-08-29 15:00:00,Instagram,Image,Special Campaign,Brand,13,196549,269386,237525,5491,70,988,3400,9949,4.18861172508157,120.84772753867992
POST04847,2026-08-29 18:00:00,Linkedin,Video,Educational Series,Brand,17,157858,145051,92218,5427,74,1421,743,7665,8.311826324578716,58.4183253303602
POST04848,2026-08-29 21:00:00,Instagram,Image,Special Campaign,Event,4,381141,294524,203232,13108,753,1594,1014,16469,8.103546685561328,53.32199894527222
POST04849,2026-08-30 00:00:00,Facebook,Image,Festival Campaign,Community,19,303329,485855,329694,11657,442,4032,2703,18834,5.712569837485669,108.69188241150698
POST04850,2026-08-30 03:00:00,Instagram,Image,Community Campaign,Entertainment,5,116726,79143,48364,1214,29,401,598,2242,4.635679430981722,41.43378510357589
POST04851,2026-08-30 06:00:00,Linkedin,Carousel,Brand Awareness,Entertainment,17,89245,40549,32412,2904,119,467,639,4129,12.739108971985685,36.31800100845986
POST04852,2026-08-30 09:00:00,Instagram,Text,Product Launch,Education,13,497906,801311,634700,25078,969,3872,14137,44056,6.941232078147157,127.4738605278908
POST04853,2026-08-30 12:00:00,Facebook,Reel,Educational Series,Education,3,135718,95825,77561,7556,441,938,1694,10629,13.704052294323176,57.14864645809694
POST04854,2026-08-30 15:00:00,Instagram,Image,Event Promotion,Community,22,83906,141214,102136,6849,216,528,1242,8835,8.65023106446307,121.72669415774794
POST04855,2026-08-30 18:00:00,Facebook,Video,Brand Awareness,Education,0,368539,220613,185549,7130,142,1887,4292,13451,7.249298029092046,50.347181709398455
POST04856,2026-08-30 21:00:00,Instagram,Image,Seasonal Campaign,Promotional,12,89745,66884,38908,1877,42,205,334,2458,6.31746684486481,43.35394729511393
POST04857,2026-08-31 00:00:00,Instagram,Reel,Product Launch,Entertainment,10,108915,320682,191791,9943,502,3692,4693,18830,9.81797894583166,176.09236560620667
POST04858,2026-08-31 03:00:00,Linkedin,Image,Community Campaign,Event,2,493598,411240,272853,18748,432,1614,2959,23753,8.70542013465126,55.27838443429673
POST04859,2026-08-31 06:00:00,Linkedin,Reel,Festival Campaign,Community,16,431219,497329,314864,26423,1395,3195,4269,35282,11.205472839067026,73.01719080096193
POST04860,2026-08-31 09:00:00,Linkedin,Reel,Special Campaign,Community,17,259464,168574,104120,3092,134,434,1892,5552,5.3323088743757205,40.12888107791447
POST04861,2026-08-31 12:00:00,Facebook,Video,Special Campaign,Brand,9,111087,159734,88751,3143,47,382,2145,5717,6.441617559238769,79.89323683239263
POST04862,2026-08-31 15:00:00,Facebook,Image,Seasonal Campaign,Entertainment,15,366580,236251,154036,9392,308,971,3288,13959,9.062167285569608,42.019750122756285
POST04863,2026-08-31 18:00:00,Instagram,Text,Product Launch,Entertainment,20,360060,755606,617671,42363,1024,1138,12152,56677,9.175920514319111,171.54668666333387
POST04864,2026-08-31 21:00:00,Instagram,Video,Educational Series,Entertainment,12,29707,40766,35960,2041,96,402,714,3253,9.046162402669633,121.04891103107012
POST04865,2026-09-01 00:00:00,Instagram,Carousel,Event Promotion,Education,19,175451,373610,297334,13915,692,1489,1557,17653,5.937094311447732,169.4683985842201
POST04866,2026-09-01 03:00:00,Facebook,Reel,Educational Series,Promotional,11,70277,78305,44200,4786,194,403,1019,6402,14.484162895927602,62.893976692232165
POST04867,2026-09-01 06:00:00,Instagram,Image,Product Launch,Event,3,372748,436995,347354,7860,272,3582,3090,14804,4.261934510614532,93.187354459313
POST04868,2026-09-01 09:00:00,Instagram,Reel,Brand Awareness,Education,7,223514,384448,297024,26659,1234,1396,6615,35904,12.087912087912088,132.88832019470814
POST04869,2026-09-01 12:00:00,Youtube,Text,Seasonal Campaign,Promotional,11,363575,189340,151680,5931,106,751,1006,7794,5.138449367088608,41.71904008801485
POST04870,2026-09-01 15:00:00,Facebook,Reel,Event Promotion,Entertainment,18,336900,824894,729372,63109,1364,2840,13130,80443,11.029077069040214,216.49510240427426
POST04871,2026-09-01 18:00:00,Instagram,Reel,Special Campaign,Promotional,14,236028,298661,177773,8628,263,3373,3450,15714,8.839362557868743,75.31860626705306
POST04872,2026-09-01 21:00:00,Instagram,Image,Seasonal Campaign,Education,15,100748,86247,66869,1988,84,246,674,2992,4.4744201348906065,66.37253344979554
POST04873,2026-09-02 00:00:00,Instagram,Reel,Seasonal Campaign,Entertainment,11,99859,202286,119487,6607,360,314,1982,9263,7.752307782436583,119.65571455752611
POST04874,2026-09-02 03:00:00,Instagram,Reel,Event Promotion,Education,19,380614,1038995,857887,36810,1407,11636,11329,61182,7.131708488413975,225.3955450929288
POST04875,2026-09-02 06:00:00,Instagram,Image,Special Campaign,Event,17,343723,215040,192636,5420,156,1441,4570,11587,6.014971241097198,56.04396563511897
POST04876,2026-09-02 09:00:00,Facebook,Reel,Special Campaign,Entertainment,21,401021,801516,540827,65375,1401,6384,4961,78121,14.444730015328378,134.86251343445855
POST04877,2026-09-02 12:00:00,Facebook,Reel,Product Launch,Promotional,11,92884,161137,144339,6379,309,1507,2588,10783,7.470607389548216,155.39705439042245
POST04878,2026-09-02 15:00:00,Facebook,Image,Community Campaign,Education,15,217183,128962,105912,5772,103,492,1658,8025,7.5770450940403355,48.76624781865984
POST04879,2026-09-02 18:00:00,Instagram,Carousel,Community Campaign,Brand,19,191011,239713,173902,12872,574,1548,1204,16198,9.314441467033156,91.04292422949463
POST04880,2026-09-02 21:00:00,Facebook,Image,Educational Series,Promotional,10,274557,226311,131146,4065,218,1732,2172,8187,6.242660851265002,47.76640187647738
POST04881,2026-09-03 00:00:00,Instagram,Image,Product Launch,Promotional,21,428964,481299,326716,6695,69,4263,5022,16049,4.912217338606006,76.16396713943361
POST04882,2026-09-03 03:00:00,Youtube,Image,Event Promotion,Entertainment,19,88879,134931,97559,5600,305,811,2270,8986,9.21083651943952,109.76608647712058
POST04883,2026-09-03 06:00:00,Facebook,Image,Product Launch,Community,13,136506,195777,148148,10232,406,985,3670,15293,10.322785322785323,108.52856284705435
POST04884,2026-09-03 09:00:00,Instagram,Text,Event Promotion,Promotional,1,62115,65152,37208,960,14,152,882,2008,5.396688884110944,59.901795057554544
POST04885,2026-09-03 12:00:00,Instagram,Reel,Seasonal Campaign,Education,12,344167,526607,319618,17398,868,1261,6872,26399,8.259547334630716,92.86712555242077
POST04886,2026-09-03 15:00:00,Linkedin,Carousel,Educational Series,Brand,13,107943,103942,73168,2505,112,510,1744,4871,6.657281871856549,67.78392299639626
POST04887,2026-09-03 18:00:00,Instagram,Video,Brand Awareness,Event,5,473200,281091,249434,14289,624,2028,1528,18469,7.404363478916267,52.71217244294167
POST04888,2026-09-03 21:00:00,Facebook,Video,Seasonal Campaign,Brand,11,324639,409656,264777,8155,98,2834,3594,14681,5.544665888653471,81.56044098213708
POST04889,2026-09-04 00:00:00,Instagram,Reel,Special Campaign,Education,6,391373,862503,525893,35853,1549,8158,11043,56603,10.76321609148629,134.3713030791598
POST04890,2026-09-04 03:00:00,Facebook,Reel,Brand Awareness,Entertainment,3,453963,388280,306482,25787,564,859,7199,34409,11.227086745714267,67.51255058231618
POST04891,2026-09-04 06:00:00,Instagram,Carousel,Product Launch,Education,6,487906,690524,572182,23832,809,5058,6813,36512,6.381186405724053,117.27299930724362
POST04892,2026-09-04 09:00:00,Instagram,Reel,Event Promotion,Community,12,473594,1196541,911072,94062,4063,13345,8677,120147,13.187431948298267,192.37405879297458
POST04893,2026-09-04 12:00:00,Facebook,Video,Brand Awareness,Community,10,172627,229984,133246,7875,243,2386,2980,13484,10.119628356573555,77.18723027104683
POST04894,2026-09-04 15:00:00,Instagram,Carousel,Seasonal Campaign,Community,7,439839,534359,436144,15283,285,1906,7038,24512,5.620162148281302,99.1599198797742
POST04895,2026-09-04 18:00:00,Instagram,Carousel,Event Promotion,Promotional,18,188381,214684,148629,10008,288,1406,2003,13705,9.220946114149998,78.89808420169763
POST04896,2026-09-04 21:00:00,Instagram,Reel,Educational Series,Entertainment,1,272140,349804,203337,9269,94,2264,3821,15448,7.597240049769595,74.71779231278019
POST04897,2026-09-05 00:00:00,Instagram,Carousel,Seasonal Campaign,Community,20,236852,331990,224028,11424,163,1011,4187,16785,7.4923670255503785,94.58564842179926
POST04898,2026-09-05 03:00:00,Instagram,Carousel,Special Campaign,Event,17,463882,775056,621792,23235,514,9678,14126,47553,7.6477342905666195,134.04098456072882
POST04899,2026-09-05 06:00:00,Instagram,Video,Product Launch,Event,20,244535,525374,460164,43884,2444,1247,6871,54446,11.831868638137708,188.17919725192712
POST04900,2026-09-05 09:00:00,Linkedin,Reel,Event Promotion,Education,9,414283,626006,499978,46236,2561,3125,4988,56910,11.382500830036522,120.68513552330171
POST04901,2026-09-05 12:00:00,Instagram,Reel,Product Launch,Community,5,37265,39176,30154,2433,140,238,364,3175,10.529283013862175,80.91775124111096
POST04902,2026-09-05 15:00:00,Youtube,Image,Event Promotion,Promotional,23,92445,87307,66229,2352,69,740,1399,4560,6.885201346842019,71.64151657742441
POST04903,2026-09-05 18:00:00,Instagram,Reel,Seasonal Campaign,Event,21,172488,405660,312446,32143,1735,1353,6111,41342,13.231726442329233,181.14071703538798
POST04904,2026-09-05 21:00:00,Instagram,Image,Community Campaign,Brand,3,361916,192692,139701,3113,88,524,2066,5791,4.145281708792349,38.6003934614662
POST04905,2026-09-06 00:00:00,Linkedin,Text,Community Campaign,Entertainment,18,379045,374099,250403,17987,239,548,3017,21791,8.702371776695966,66.06154942025353
POST04906,2026-09-06 03:00:00,Instagram,Image,Event Promotion,Brand,13,203863,206875,151966,8511,496,1405,536,10948,7.204243054367425,74.5431981281547
POST04907,2026-09-06 06:00:00,Linkedin,Video,Educational Series,Event,13,177197,140059,121881,7163,297,1816,1988,11264,9.241801429262969,68.78276720260502
POST04908,2026-09-06 09:00:00,Instagram,Reel,Product Launch,Event,17,227537,270686,179828,5345,63,1480,1718,8606,4.785684098138221,79.03242110074406
POST04909,2026-09-06 12:00:00,Facebook,Reel,Special Campaign,Education,16,335853,319799,199107,5034,109,2081,4939,12163,6.108775683426499,59.28397245223357
POST04910,2026-09-06 15:00:00,Youtube,Reel,Festival Campaign,Education,17,323204,649386,407215,36665,1457,7340,3271,48733,11.967388234716305,125.99318077746562
POST04911,2026-09-06 18:00:00,Linkedin,Reel,Event Promotion,Community,17,51411,30355,20555,1893,22,314,253,2482,12.074920943809293,39.98171597518041
POST04912,2026-09-06 21:00:00,Youtube,Text,Event Promotion,Entertainment,4,494071,545638,440671,27152,826,4111,6211,38300,8.691291235411452,89.19183680078369
POST04913,2026-09-07 00:00:00,Youtube,Reel,Community Campaign,Community,8,72684,95191,77233,2496,136,1070,1275,4977,6.444136573744384,106.25859886632547
POST04914,2026-09-07 03:00:00,Instagram,Carousel,Brand Awareness,Education,0,186656,177892,110022,6600,73,294,938,7905,7.18492665103343,58.943725355734614
POST04915,2026-09-07 06:00:00,Instagram,Image,Seasonal Campaign,Promotional,3,354091,329413,246964,5868,179,2024,1730,9801,3.9685946129800294,69.74591277383497
POST04916,2026-09-07 09:00:00,Linkedin,Text,Community Campaign,Entertainment,6,182674,177206,111194,4814,216,1052,446,6528,5.870820368005468,60.870184043706274
POST04917,2026-09-07 12:00:00,Instagram,Reel,Product Launch,Promotional,10,396169,1018732,903287,54219,2711,11061,11645,79636,8.816245556506404,228.00547241202617
POST04918,2026-09-07 15:00:00,Instagram,Reel,Community Campaign,Community,13,92740,263088,182438,20094,1080,3444,981,25599,14.03161622030498,196.71986197972828
POST04919,2026-09-07 18:00:00,Facebook,Reel,Festival Campaign,Education,9,38899,66291,41203,3971,212,634,185,5002,12.139892726257797,105.92303144039693
POST04920,2026-09-07 21:00:00,Instagram,Image,Educational Series,Entertainment,18,241125,283533,218803,10926,472,1030,4614,17042,7.78874147063797,90.74256091238983
POST04921,2026-09-08 00:00:00,Linkedin,Reel,Seasonal Campaign,Community,7,220660,352415,245101,16312,718,2610,999,20639,8.42061027902783,111.07631650503036
POST04922,2026-09-08 03:00:00,Facebook,Video,Festival Campaign,Event,2,462626,703253,559914,42946,1070,8271,13694,65981,11.784131134424216,121.02951412155825
POST04923,2026-09-08 06:00:00,Youtube,Carousel,Educational Series,Community,7,77852,51736,34213,826,32,104,137,1099,3.212229269575892,43.946205620921745
POST04924,2026-09-08 09:00:00,Linkedin,Carousel,Festival Campaign,Brand,17,451770,550285,447124,19994,1018,1966,1598,24576,5.49646183161718,98.97160059322222
POST04925,2026-09-08 12:00:00,Instagram,Image,Special Campaign,Event,4,163085,189468,141377,3971,134,1289,3447,8841,6.253492435120281,86.68914982984333
POST04926,2026-09-08 15:00:00,Instagram,Reel,Seasonal Campaign,Promotional,19,458580,1384303,790096,29108,1289,12990,16652,60039,7.598950001012534,172.29185747306903
POST04927,2026-09-08 18:00:00,Youtube,Image,Community Campaign,Event,10,150320,250641,146535,6290,271,1326,1320,9207,6.283140546627086,97.4820383182544
POST04928,2026-09-08 21:00:00,Instagram,Text,Festival Campaign,Community,8,385168,539138,331287,18565,995,2708,5087,27355,8.257190894903815,86.01103933867819
POST04929,2026-09-09 00:00:00,Facebook,Video,Community Campaign,Event,18,460429,954740,797835,83964,3869,3113,9870,100816,12.636196707339236,173.28078813454408
POST04930,2026-09-09 03:00:00,Linkedin,Video,Seasonal Campaign,Brand,11,449710,296622,213730,5852,281,2643,1947,10723,5.017077621297899,47.52618354050388
POST04931,2026-09-09 06:00:00,Youtube,Video,Community Campaign,Community,4,20678,14938,11723,1127,55,46,172,1400,11.942335579629788,56.693103781797085
POST04932,2026-09-09 09:00:00,Instagram,Reel,Product Launch,Brand,15,181424,188831,157338,7158,130,1870,1632,10790,6.857847436728572,86.7239174530382
POST04933,2026-09-09 12:00:00,Linkedin,Reel,Community Campaign,Event,12,327941,251444,140997,4310,218,2597,1194,8319,5.900125534585842,42.99462403298154
POST04934,2026-09-09 15:00:00,Youtube,Reel,Brand Awareness,Brand,5,160170,146579,95672,6167,312,1263,1579,9321,9.74266242996906,59.73153524380346
POST04935,2026-09-09 18:00:00,Youtube,Reel,Festival Campaign,Event,15,159531,307503,171134,14349,186,2088,4254,20877,12.19921231315811,107.27319455152917
POST04936,2026-09-09 21:00:00,Instagram,Reel,Seasonal Campaign,Entertainment,17,321038,499272,433419,46529,1687,7269,5877,61362,14.157662677455304,135.005513366019
POST04937,2026-09-10 00:00:00,Linkedin,Image,Event Promotion,Event,16,380346,363919,221558,14163,632,1371,1501,17667,7.973984238890042,58.251697138920875
POST04938,2026-09-10 03:00:00,Youtube,Carousel,Event Promotion,Education,11,360907,592375,459198,18861,666,2938,7744,30209,6.57864363520747,127.23443989725884
POST04939,2026-09-10 06:00:00,Facebook,Video,Event Promotion,Brand,0,90442,93977,64587,2165,125,1151,1130,4571,7.077275612739406,71.41261803144556
POST04940,2026-09-10 09:00:00,Facebook,Carousel,Seasonal Campaign,Brand,6,27898,24730,13793,982,41,118,74,1215,8.808816066120496,49.4408201304753
POST04941,2026-09-10 12:00:00,Instagram,Text,Brand Awareness,Promotional,13,332496,269954,225318,8677,517,1416,1705,12315,5.465608606502809,67.76562725566623
POST04942,2026-09-10 15:00:00,Youtube,Reel,Community Campaign,Promotional,17,329351,291796,174144,10261,208,2746,1907,15122,8.683618155090041,52.87489638713713
POST04943,2026-09-10 18:00:00,Facebook,Reel,Festival Campaign,Education,22,447100,511079,286623,12661,371,973,3945,17950,6.26258185839936,64.1071348691568
POST04944,2026-09-10 21:00:00,Instagram,Carousel,Educational Series,Brand,0,354024,387618,296062,11975,329,3635,1511,17450,5.894035708736683,83.62766366122071
POST04945,2026-09-11 00:00:00,Facebook,Reel,Educational Series,Brand,19,402762,563120,317665,19927,709,5424,6669,32729,10.302992145813986,78.87164131670814
POST04946,2026-09-11 03:00:00,Linkedin,Reel,Seasonal Campaign,Promotional,9,389538,577990,421361,24435,1302,1873,10066,37676,8.941501467862475,108.16942121179449
POST04947,2026-09-11 06:00:00,Facebook,Reel,Product Launch,Promotional,14,178438,237282,186153,18230,419,3149,2365,24163,12.980182967773821,104.32363061679688
POST04948,2026-09-11 09:00:00,Facebook,Reel,Brand Awareness,Event,10,262588,197294,109595,11564,673,1672,1920,15829,14.443177152242349,41.73648453090012
POST04949,2026-09-11 12:00:00,Facebook,Image,Festival Campaign,Community,3,394526,378374,279871,10669,294,1641,1637,14241,5.0884157343919165,70.93854397428814
POST04950,2026-09-11 15:00:00,Facebook,Image,Community Campaign,Brand,14,161908,107035,80833,3943,148,608,1300,5999,7.421473902985166,49.92526620055834
POST04951,2026-09-11 18:00:00,Instagram,Image,Event Promotion,Brand,20,37442,59583,44663,1918,81,195,526,2720,6.0900521684615905,119.2858287484643
POST04952,2026-09-11 21:00:00,Instagram,Carousel,Brand Awareness,Event,15,338580,550860,407009,17048,680,4541,6444,28713,7.054635155487962,120.21058538602398
POST04953,2026-09-12 00:00:00,Youtube,Image,Brand Awareness,Brand,14,266447,182072,114438,7848,284,1465,1078,10675,9.328195179922753,42.94962975751275
POST04954,2026-09-12 03:00:00,Facebook,Reel,Festival Campaign,Education,16,148934,188208,149767,7734,453,2606,3139,13932,9.302449805364333,100.55930814991876
POST04955,2026-09-12 06:00:00,Youtube,Reel,Seasonal Campaign,Promotional,22,454136,788307,563766,36037,1974,8426,8349,54786,9.717861666010366,124.14034562333751
POST04956,2026-09-12 09:00:00,Facebook,Reel,Community Campaign,Promotional,10,141751,234763,190518,19473,1073,3294,3317,27157,14.254296181988055,134.40328463291266
POST04957,2026-09-12 12:00:00,Instagram,Carousel,Special Campaign,Community,17,32686,29037,20754,575,5,288,423,1291,6.220487616844945,63.49507434375574
POST04958,2026-09-12 15:00:00,Facebook,Video,Special Campaign,Promotional,15,63604,96340,69951,6466,239,337,716,7758,11.090620577261227,109.97893214263254
POST04959,2026-09-12 18:00:00,Instagram,Carousel,Seasonal Campaign,Entertainment,14,423572,443834,299192,7609,182,1086,3424,12301,4.111406722104869,70.63545276836052
POST04960,2026-09-12 21:00:00,Facebook,Reel,Seasonal Campaign,Education,10,278409,350974,244510,6183,108,1473,2713,10477,4.284896323258763,87.82402867723385
POST04961,2026-09-13 00:00:00,Youtube,Image,Product Launch,Education,12,61163,70331,62686,3313,59,113,1168,4653,7.422710014995373,102.49006752448375
POST04962,2026-09-13 03:00:00,Instagram,Image,Seasonal Campaign,Event,17,441009,367557,318933,14187,251,3651,4471,22560,7.073585988279669,72.31893226668844
POST04963,2026-09-13 06:00:00,Instagram,Image,Community Campaign,Entertainment,7,22491,22089,18466,629,23,152,253,1057,5.724033358605004,82.10395269218799
POST04964,2026-09-13 09:00:00,Facebook,Image,Product Launch,Brand,8,368886,214413,176733,9269,286,691,2184,12430,7.0332082859454665,47.90992339096631
POST04965,2026-09-13 12:00:00,Youtube,Image,Special Campaign,Community,21,79382,105599,63532,3556,164,463,1429,5612,8.833343826732985,80.03325690962687
POST04966,2026-09-13 15:00:00,Instagram,Image,Product Launch,Education,10,361608,245567,204062,6025,268,1116,2061,9470,4.64074643980751,56.43182672949714
POST04967,2026-09-13 18:00:00,Linkedin,Carousel,Event Promotion,Entertainment,16,321916,446183,275940,16165,277,1719,5206,23367,8.468145248967167,85.71801339479865
POST04968,2026-09-13 21:00:00,Facebook,Reel,Event Promotion,Entertainment,0,97096,74619,60538,4222,112,880,515,5729,9.463477485215897,62.348603444014174
POST04969,2026-09-14 00:00:00,Linkedin,Carousel,Special Campaign,Education,10,27011,34463,24712,585,21,206,322,1134,4.588863709938491,91.48865277109326
POST04970,2026-09-14 03:00:00,Youtube,Reel,Festival Campaign,Event,6,457734,1016159,863236,61686,1204,16478,14746,94114,10.902464679415594,188.58900584182078
POST04971,2026-09-14 06:00:00,Youtube,Reel,Special Campaign,Entertainment,7,441849,727345,649569,68020,2436,8839,7082,86377,13.297586553545504,147.01153561510833
POST04972,2026-09-14 09:00:00,Linkedin,Text,Community Campaign,Promotional,18,155934,123498,90932,3840,123,585,1451,5999,6.597237496150971,58.314415073043726
POST04973,2026-09-14 12:00:00,Youtube,Text,Seasonal Campaign,Entertainment,3,320262,205945,114485,3576,177,176,878,4807,4.198803336681661,35.74729440270779
POST04974,2026-09-14 15:00:00,Facebook,Reel,Product Launch,Brand,3,275178,433737,276051,8289,150,4867,2255,15561,5.637001858352261,100.31724919870048
POST04975,2026-09-14 18:00:00,Instagram,Image,Festival Campaign,Education,18,345993,573542,319452,15351,289,3263,7722,26625,8.334585477630442,92.32903555852286
POST04976,2026-09-14 21:00:00,Youtube,Reel,Product Launch,Brand,23,491434,1101879,768276,23439,1380,3176,7849,35844,4.665510832044734,156.3335056182519
POST04977,2026-09-15 00:00:00,Instagram,Image,Brand Awareness,Event,8,196375,192073,140729,10737,175,398,678,11988,8.518500095929054,71.66339910884787
POST04978,2026-09-15 03:00:00,Instagram,Video,Educational Series,Community,16,424919,781421,647239,60981,2841,9538,11722,85082,13.14537597394471,152.32055991847858
POST04979,2026-09-15 06:00:00,Instagram,Text,Educational Series,Promotional,17,143793,110166,92966,2497,123,549,1346,4515,4.856614246068455,64.65266042157825
POST04980,2026-09-15 09:00:00,Instagram,Carousel,Product Launch,Education,0,390059,574355,450717,22131,1201,3006,5187,31525,6.994411127159615,115.55098074906616
POST04981,2026-09-15 12:00:00,Linkedin,Image,Festival Campaign,Entertainment,13,35096,23759,15805,1052,52,169,108,1381,8.737741221132552,45.03362206519262
POST04982,2026-09-15 15:00:00,Instagram,Carousel,Special Campaign,Promotional,3,342191,432326,312041,16773,867,2540,1097,21277,6.818655240817713,91.18913121619214
POST04983,2026-09-15 18:00:00,Facebook,Reel,Event Promotion,Entertainment,9,230714,432588,265191,22868,322,965,1834,25989,9.8001063384504,114.94360983728772
POST04984,2026-09-15 21:00:00,Facebook,Text,Community Campaign,Event,22,348035,282339,157252,8076,97,460,1686,10319,6.5620787017017275,45.182812073498354
POST04985,2026-09-16 00:00:00,Youtube,Video,Product Launch,Community,13,138160,241738,180460,8269,269,2480,1597,12615,6.990468801950571,130.61667631731325
POST04986,2026-09-16 03:00:00,Instagram,Image,Product Launch,Education,6,28432,37298,22624,1222,65,173,98,1558,6.886492220650636,79.57231288688801
POST04987,2026-09-16 06:00:00,Facebook,Reel,Community Campaign,Event,11,428916,441462,261876,20110,1171,3746,5868,30895,11.797568314774932,61.05531152953026
POST04988,2026-09-16 09:00:00,Facebook,Reel,Special Campaign,Event,21,144790,274451,157160,4706,173,1385,2341,8605,5.4753117841689996,108.54340769390151
POST04989,2026-09-16 12:00:00,Facebook,Reel,Seasonal Campaign,Community,15,339006,438955,380025,21664,908,4921,8847,36340,9.56252878100125,112.09978584449833
POST04990,2026-09-16 15:00:00,Facebook,Video,Event Promotion,Event,4,438412,351629,308451,32571,1721,4448,3244,41984,13.611238089680372,70.35642272565532
POST04991,2026-09-16 18:00:00,Linkedin,Image,Product Launch,Event,10,117186,146703,117773,7315,233,1133,694,9375,7.96022857531013,100.50091307835407
POST04992,2026-09-16 21:00:00,Youtube,Reel,Brand Awareness,Entertainment,3,328762,245776,171439,9887,530,2085,3919,16421,9.578333984682597,52.14684178828454
POST04993,2026-09-17 00:00:00,Instagram,Image,Event Promotion,Brand,12,102774,88538,57374,3655,63,177,685,4580,7.982709938299578,55.82540331212174
POST04994,2026-09-17 03:00:00,Facebook,Video,Brand Awareness,Entertainment,7,392383,444470,365026,22304,769,968,1264,25305,6.932382898752418,93.02798541221205
POST04995,2026-09-17 06:00:00,Instagram,Reel,Educational Series,Community,6,280624,562595,437495,28182,1592,7248,4133,41155,9.406964651024582,155.9007782655796
POST04996,2026-09-17 09:00:00,Linkedin,Video,Community Campaign,Promotional,10,79658,93365,51567,3961,148,343,804,5256,10.192565012508,64.73549423786689
POST04997,2026-09-17 12:00:00,Instagram,Video,Event Promotion,Community,10,113312,267957,225249,7284,209,3163,4451,15107,6.706800030188813,198.78653628918386
POST04998,2026-09-17 15:00:00,Instagram,Text,Seasonal Campaign,Community,16,403195,387624,307247,16169,776,2367,6727,26039,8.474940357432294,76.20307791515272
POST04999,2026-09-17 18:00:00,Facebook,Image,Event Promotion,Community,21,148081,219804,132683,9037,472,985,1852,12346,9.304884574512183,89.60163694194394
POST05000,2026-09-17 21:00:00,Youtube,Reel,Festival Campaign,Community,13,419920,665152,400156,20751,502,7430,1263,29946,7.483581403252732,95.29338921699372
